startup_id,actual,predicted,score
/organization/us-dry-cleaning-services,0,1,0.5444444444444444
/organization/tweetflow,0,0,0.13636363636363635
/organization/ntelagent,1,0,0.4782608695652174
/organization/solace-pharmaceuticals,0,0,0.09615384615384616
/organization/charitweet,0,0,0.06666666666666667
/organization/revit-technology-corporation,0,1,0.64
/organization/on2,1,1,0.7878787878787878
/organization/retalika,0,0,0.09259259259259259
/organization/sharecruit,0,0,0.06666666666666667
/organization/metafor-software,1,0,0.4909090909090909
/organization/alnara-pharmaceuticals,1,1,0.6461538461538462
/organization/iemo,1,0,0.4909090909090909
/organization/torbit,1,0,0.3387096774193548
/organization/popjam,0,0,0.39655172413793105
/organization/stumbleupon,1,1,0.9295774647887324
/organization/seeo,1,1,0.8795180722891566
/organization/game-trading-technologies-inc,0,1,0.6136363636363636
/organization/zlango,0,0,0.09615384615384616
/organization/calcimedica,0,1,0.8795180722891566
/organization/outspark,1,1,0.8653846153846154
/organization/engana-pty,0,1,0.6666666666666666
/organization/team-my-mobile,0,0,0.25
/organization/open-environment-corporation,0,1,0.8888888888888888
/organization/castiron-systems,1,1,0.9032258064516129
/organization/packethop,0,1,0.6666666666666666
/organization/datalogix,1,1,0.6307692307692307
/organization/trinity-biosystems,0,1,0.6666666666666666
/organization/sitestar,0,1,0.7631578947368421
/organization/weezic,1,0,0.19298245614035087
/organization/mathsoft-engineering-education,1,1,0.9423076923076923
/organization/lamina,0,0,0.09615384615384616
/organization/freedom2,0,0,0.3548387096774194
/organization/lorus-therapeutics,0,0,0.2641509433962264
/organization/xenome,0,1,0.5050505050505051
/organization/avidia,1,1,0.8421052631578947
/organization/nanox,0,0,0.48
/organization/adaytum,1,0,0.38596491228070173
/organization/firefly-bioworks,1,1,0.6237623762376238
/organization/sigma-networks-2,0,1,0.5119047619047619
/organization/invivo-therapeutics,0,1,0.6470588235294118
/organization/landis-gyr,1,1,0.5612244897959183
/organization/epresence,1,0,0.2641509433962264
/organization/mojo-labs-co,0,0,0.26
/organization/the-locker-room,0,0,0.09090909090909091
/organization/sense-networks,1,1,0.7017543859649122
/organization/workwell-systems,1,0,0.37
/organization/spogo-inc,1,0,0.36363636363636365
/organization/v-secure-technologies,1,1,0.5647058823529412
/organization/cyberdefender,0,1,0.5444444444444444
/organization/secure-data-in-motion,1,1,0.8695652173913043
/organization/oni-systems,1,1,0.9295774647887324
/organization/ibaax,0,0,0.06666666666666667
/organization/coreexpress,1,1,0.5119047619047619
/organization/storify,1,1,0.7213114754098361
/organization/truanttoday,0,1,0.6153846153846154
/organization/wild-east-group,1,0,0.013157894736842105
/organization/people-over-pixels,0,0,0.0136986301369863
/organization/technimark,0,0,0.013157894736842105
/organization/wysiwyg,1,0,0.19540229885057472
/organization/finaho,0,0,0.2641509433962264
/organization/trepic-inc,0,0,0.0
/organization/identyx,1,0,0.05063291139240506
/organization/livekick,0,0,0.3695652173913043
/organization/goco-op,0,1,0.5119047619047619
/organization/tranz-send,0,0,0.1774193548387097
/organization/tissueinformatics,1,0,0.46
/organization/healthcaremagic,1,1,0.5632183908045977
/organization/site9,0,1,0.9423076923076923
/organization/onstate,1,1,0.6470588235294118
/organization/maps-indeed,0,0,0.36363636363636365
/organization/pressquote,0,0,0.3387096774193548
/organization/revealr-software-limited,1,0,0.34523809523809523
/organization/udex,1,1,0.7464788732394366
/organization/wepress-app,0,0,0.08333333333333333
/organization/super-heat-games,0,1,0.5121951219512195
/organization/ablation-frontiers,1,1,0.5540540540540541
/organization/prepayme,0,0,0.05063291139240506
/organization/beeline-technologies,1,1,0.64
/organization/launchrock,1,1,0.5121951219512195
/organization/notifo,0,1,0.6153846153846154
/organization/hyperquest,1,0,0.3684210526315789
/organization/hive-media,0,0,0.45652173913043476
/organization/360commerce,1,1,0.8469387755102041
/organization/solomio,1,1,0.7105263157894737
/organization/hycrete-2,1,1,0.5113636363636364
/organization/squla-2,0,0,0.13636363636363635
/organization/morta-security,1,0,0.3684210526315789
/organization/appssavvy,0,1,0.76
/organization/ecourier,1,1,0.8780487804878049
/organization/chlorogen,0,1,0.6666666666666666
/organization/ground-zero-group-corporation,0,0,0.2
/organization/n2-broadband-2,1,0,0.35185185185185186
/organization/power-com,0,1,0.5113636363636364
/organization/himily,0,0,0.06666666666666667
/organization/made-in-w-inc,0,0,0.09433962264150944
/organization/sonitus-medical,0,1,0.8795180722891566
/organization/ccs-environmental,0,0,0.45652173913043476
/organization/buysimple,0,1,0.5121951219512195
/organization/visumotion,1,0,0.32727272727272727
/organization/axonx,1,0,0.26
/organization/prediction-dynamics,0,0,0.37
/organization/saferent,1,1,0.5050505050505051
/organization/drc-computer,1,0,0.37
/organization/national-transcript-center,1,1,0.5647058823529412
/organization/lynx-design,1,0,0.4782608695652174
/organization/nile-guide,1,1,0.76
/organization/robodrom,0,0,0.013157894736842105
/organization/esali-ebusiness-agency,0,0,0.08333333333333333
/organization/lex-machina,1,1,0.9
/organization/music-nation,0,1,0.64
/organization/the-niche-project-inc,1,1,0.8222222222222222
/organization/fyreball,0,0,0.3548387096774194
/organization/tastynow-com,0,0,0.05063291139240506
/organization/one-source-networks,1,0,0.4225352112676056
/organization/springleaf-therapeutics,0,1,0.796875
/organization/boatflex,0,0,0.02
/organization/peakstream,1,1,0.9032258064516129
/organization/aires-pharmaceuticals,1,1,0.7575757575757576
/organization/escapia,1,1,0.9423076923076923
/organization/vivity-labs,1,0,0.19298245614035087
/organization/trapster,1,1,0.6136363636363636
/organization/arcplan-information-services-ag,1,1,0.54
/organization/tricipher,1,1,0.9411764705882353
/organization/prompt-associates,1,1,0.5714285714285714
/organization/comdominio,0,0,0.48
/organization/gridpotential,0,0,0.1643835616438356
/organization/trendslide,1,0,0.22
/organization/city-grade,0,0,0.4
/organization/onemove-technologies,1,1,0.5050505050505051
/organization/trak,0,0,0.4909090909090909
/organization/newsvine,1,1,0.6136363636363636
/organization/servo-software,1,1,0.5517241379310345
/organization/thinglabs,1,1,0.6237623762376238
/organization/sharegrove,1,0,0.3695652173913043
/organization/moverati,0,0,0.45652173913043476
/organization/alenty,1,0,0.37
/organization/imaste,1,0,0.19298245614035087
/organization/shopzilla,1,1,0.8888888888888888
/organization/spabooker,1,0,0.28
/organization/taglabs,0,0,0.1927710843373494
/organization/debt-market,1,0,0.4339622641509434
/organization/keyneurotek-pharmaceuticals,0,0,0.49206349206349204
/organization/myndnet,0,0,0.42857142857142855
/organization/orphidia-2,0,0,0.26
/organization/talima-therapeutics,0,1,0.796875
/organization/gbox,0,0,0.4782608695652174
/organization/commercetools,1,0,0.32727272727272727
/organization/aeristech-limited,0,0,0.014285714285714285
/organization/la-roquette,0,0,0.09259259259259259
/organization/constella-group,1,1,0.9122807017543859
/organization/langolab,0,0,0.13333333333333333
/organization/mooville,0,0,0.013157894736842105
/organization/pult,0,0,0.4909090909090909
/organization/kai-pharmaceuticals,1,1,0.8469387755102041
/organization/loopfuse,1,0,0.45652173913043476
/organization/narus,1,1,0.7746478873239436
/organization/tripscan,0,0,0.4909090909090909
/organization/sensible-lender,0,0,0.09615384615384616
/organization/avaki-now-sybase-sap,1,1,0.9411764705882353
/organization/viralheat,1,1,0.6237623762376238
/organization/gigi-hill,0,1,0.6237623762376238
/organization/moonlighting-3,0,0,0.06666666666666667
/organization/lefthand-networks,1,1,0.8469387755102041
/organization/privatecore,1,1,0.5121951219512195
/organization/sequoia-communications,0,1,0.8080808080808081
/organization/particle-code,1,1,0.5517241379310345
/organization/adjug,1,1,0.5612244897959183
/organization/playdom,1,1,0.6461538461538462
/organization/lincare,0,1,0.5714285714285714
/organization/babyboom-ru,0,0,0.32727272727272727
/organization/ceptaris-therapeutics,1,1,0.9074074074074074
/organization/cardiac-pathways-corp,1,1,0.5119047619047619
/organization/edutise,0,0,0.0
/organization/netretail-holding,1,1,0.5612244897959183
/organization/vaccsys,0,1,0.5540540540540541
/organization/entrigue-surgical,1,1,0.796875
/organization/facetags,0,0,0.32075471698113206
/organization/nodeable,1,1,0.5121951219512195
/organization/paver-downes-associates,0,1,0.7464788732394366
/organization/schoolwires,1,1,0.8795180722891566
/organization/monii,0,0,0.09433962264150944
/organization/nanonexus,0,1,0.7105263157894737
/organization/velio-communications,1,1,0.8469387755102041
/organization/perfect-audience,1,0,0.45652173913043476
/organization/aggregateknowledge,1,1,0.8080808080808081
/organization/adeptence,0,0,0.21739130434782608
/organization/linkua,0,0,0.4931506849315068
/organization/photosecure,1,1,0.5714285714285714
/organization/newworld-communications-2,0,1,0.5119047619047619
/organization/petvet-technologies-inc,0,0,0.013157894736842105
/organization/soliant-energy,1,1,0.7575757575757576
/organization/prenova,1,1,0.8795180722891566
/organization/hearsay-it,0,0,0.013157894736842105
/organization/atipica,0,0,0.0
/organization/goblack-2,0,0,0.0
/organization/accertify,1,1,0.7017543859649122
/organization/sensa-io,0,0,0.0
/organization/mixandmeet,0,0,0.37
/organization/amit-anand,0,0,0.014285714285714285
/organization/g-banker,0,0,0.21739130434782608
/organization/radiance,1,0,0.49206349206349204
/organization/broadbus,1,1,0.9122807017543859
/organization/casino-vr,0,0,0.013157894736842105
/organization/eco-films,0,0,0.013157894736842105
/organization/dara-biosciences,1,1,0.5294117647058824
/organization/adwings,0,0,0.08333333333333333
/organization/ham-it,0,0,0.28
/organization/fastconnect,1,0,0.4931506849315068
/organization/weshow,0,0,0.3695652173913043
/organization/retail-convergence,1,1,0.6461538461538462
/organization/eyeona,0,1,0.5121951219512195
/organization/vanatec,1,0,0.3
/organization/grabcad,1,1,0.84
/organization/fairshare,0,0,0.26
/organization/jetpac,1,0,0.45652173913043476
/organization/actsocial,1,0,0.42857142857142855
/organization/valuecrates,0,0,0.19607843137254902
/organization/rockola-media-group,0,1,0.5632183908045977
/organization/ezlike,1,0,0.0379746835443038
/organization/mobipocket-com,1,1,0.5714285714285714
/organization/cytodome-inc,0,0,0.1917808219178082
/organization/cellmax-2,0,0,0.1917808219178082
/organization/crowdhall,0,1,0.5189873417721519
/organization/oakleaf-waste-management,1,1,0.5119047619047619
/organization/pyxis-technology,1,1,0.5294117647058824
/organization/time-for-medicine-limited,0,0,0.0136986301369863
/organization/tbi-connect,0,0,0.37
/organization/infrastruct-security,0,1,0.7017543859649122
/organization/nuro-pharma,0,1,0.5189873417721519
/organization/epy-io,0,0,0.19607843137254902
/organization/jobscrush,0,0,0.0
/organization/galecto-biotech,1,0,0.4909090909090909
/organization/cloudscaling,1,1,0.5444444444444444
/organization/zeebo,0,1,0.8653846153846154
/organization/poll-me-ltd,0,0,0.0379746835443038
/organization/nanostim,0,1,0.8795180722891566
/organization/adjacent-applications,0,0,0.1927710843373494
/organization/neovision-hypersystems,1,1,0.9047619047619048
/organization/chromance,0,0,0.5
/organization/celequest-corp,1,1,0.6666666666666666
/organization/navman,1,1,0.6764705882352942
/organization/protego-networks,1,1,0.6666666666666666
/organization/meinprospekt,1,1,0.5915492957746479
/organization/intellione,1,1,0.5517241379310345
/organization/socialcast,1,1,0.5444444444444444
/organization/parametric-dining,0,0,0.1927710843373494
/organization/keepy-robot,0,0,0.02
/organization/dyyno,0,1,0.76
/organization/flagr,0,1,0.5647058823529412
/organization/quanlight,0,0,0.20618556701030927
/organization/yongopal,0,0,0.36363636363636365
/organization/magma-hq,1,0,0.19540229885057472
/organization/photon-fluid,0,0,0.4782608695652174
/organization/pcd-partners,0,1,0.6153846153846154
/organization/heureka-software-llc,0,0,0.09090909090909091
/organization/allpeers,0,0,0.4931506849315068
/organization/u-s-fiduciary,0,1,0.5113636363636364
/organization/parlance,0,0,0.0
/organization/pando-networks,1,1,0.7575757575757576
/organization/ask-com,1,1,0.7105263157894737
/organization/klosetshop,0,0,0.08333333333333333
/organization/sprig-toys,1,0,0.26
/organization/mvalent,1,0,0.38596491228070173
/organization/consortemedia,1,1,0.5113636363636364
/organization/multi-amp-engineering-sdn,0,1,0.7464788732394366
/organization/naurex,1,1,0.6461538461538462
/organization/conservus-international,0,0,0.25
/organization/distil-interactive,1,0,0.32727272727272727
/organization/signicast,0,1,0.5714285714285714
/organization/stupsr,0,0,0.0
/organization/shopss-com,0,0,0.14
/organization/cn-creative,1,0,0.34523809523809523
/organization/eden-rock-communications,1,0,0.4
/organization/headmix,0,0,0.37
/organization/doubloon,0,0,0.4
/organization/the-carrot-company,1,0,0.48
/organization/metasolv,1,1,0.9032258064516129
/organization/glidepath-power,0,0,0.06666666666666667
/organization/cookdinner,0,0,0.25
/organization/cambridgesoft,1,1,0.7746478873239436
/organization/feedmob,0,0,0.0
/organization/gosave,0,1,0.5189873417721519
/organization/complient,0,0,0.09615384615384616
/organization/optimenga777,0,0,0.19642857142857142
/organization/insight-communications,1,1,0.8148148148148148
/organization/nearbuy-systems,1,1,0.6237623762376238
/organization/softwriters-holdings,1,1,0.8148148148148148
/organization/interspiresubmit,0,0,0.1643835616438356
/organization/apture,1,1,0.6625
/organization/global-employment-solutions,1,1,0.5714285714285714
/organization/callaround,0,0,0.013157894736842105
/organization/land-systems-corp,0,1,0.6851851851851852
/organization/foldax,0,0,0.4387755102040816
/organization/app-in-the-air,0,0,0.1320754716981132
/organization/e-security-inc,1,1,0.8469387755102041
/organization/livio-radio,1,1,0.5444444444444444
/organization/tencho-technology,0,0,0.49206349206349204
/organization/podbridge,0,0,0.09615384615384616
/organization/messageone,1,1,0.8469387755102041
/organization/bzzagent,1,1,0.6666666666666666
/organization/alantos-pharmaceuticals,1,1,0.8469387755102041
/organization/prochon-biotech,1,1,0.5517241379310345
/organization/rontal-applications,1,0,0.4931506849315068
/organization/sun-catalytix,1,1,0.6461538461538462
/organization/lovely,1,1,0.6237623762376238
/organization/ridescout,1,1,0.8222222222222222
/organization/cascades-development,0,0,0.05063291139240506
/organization/messagingdirect,0,0,0.14
/organization/icondial,0,0,0.13333333333333333
/organization/navihealth,1,1,0.6237623762376238
/organization/the-vendare-group,0,0,0.1917808219178082
/organization/cognea,1,0,0.4642857142857143
/organization/reactivity,1,1,0.8253968253968254
/organization/eurobox,0,1,0.5632183908045977
/organization/selstor,1,1,0.5050505050505051
/organization/chirp,1,0,0.3695652173913043
/organization/positivefeedback,1,1,0.5444444444444444
/organization/simplyprose,0,0,0.26
/organization/moy-univer,0,0,0.08333333333333333
/organization/monis,1,0,0.1917808219178082
/organization/bioenvision,0,1,0.8253968253968254
/organization/alandia-communication-systems,0,0,0.37
/organization/tipcat-interactive-沙舟信息科技,0,0,0.4
/organization/world-reviewer,0,0,0.48
/organization/roomtag,1,0,0.1927710843373494
/organization/gamelayers,0,1,0.6625
/organization/velocix,1,1,0.7183098591549296
/organization/acquaintable,1,0,0.19607843137254902
/organization/fast-society,0,0,0.1927710843373494
/organization/lavastorm-analytics,1,1,0.9047619047619048
/organization/tg-publishing,1,1,0.5647058823529412
/organization/bytelight,1,1,0.6237623762376238
/organization/power-analog-microelectronics,0,1,0.5113636363636364
/organization/amerivault,1,0,0.20618556701030927
/organization/topsy-labs,1,1,0.8653846153846154
/organization/moxie-sports-inc,0,0,0.014285714285714285
/organization/moment-me,1,1,0.8222222222222222
/organization/wedeliver,1,1,0.6851851851851852
/organization/habiteo,0,0,0.34523809523809523
/organization/iviz-security,1,1,0.9295774647887324
/organization/tandem-labs,0,1,0.5660377358490566
/organization/black-is-pink,0,0,0.0
/organization/accenx-technologies,1,1,0.9423076923076923
/organization/corechange,1,1,0.7105263157894737
/organization/metamoorephosis-games,1,1,0.6237623762376238
/organization/isites,0,0,0.32075471698113206
/organization/rerecipe,0,0,0.10526315789473684
/organization/likebetter-com,0,0,0.20618556701030927
/organization/piczo,1,1,0.8253968253968254
/organization/icontact,1,1,0.6547619047619048
/organization/the-wet-seal,1,0,0.21739130434782608
/organization/upnext,1,0,0.37
/organization/done,0,1,0.5121951219512195
/organization/tinypay-me,0,1,0.5121951219512195
/organization/formative-labs,0,1,0.6237623762376238
/organization/slideshare,1,0,0.4782608695652174
/organization/ciphertrust,1,1,0.9122807017543859
/organization/fat-spaniel-technologies,1,1,0.6547619047619048
/organization/design-clinicals,1,0,0.37
/organization/lymphosign,1,1,0.64
/organization/unavailable-org-gmbh,0,0,0.013157894736842105
/organization/face8,0,0,0.0
/organization/cell-mining,0,0,0.0
/organization/letterme,0,0,0.013157894736842105
/organization/treatful,1,0,0.39655172413793105
/organization/price-interactive,1,1,0.5714285714285714
/organization/qubell,1,1,0.6851851851851852
/organization/adecn,1,1,0.6136363636363636
/organization/big-fish-games,1,1,0.7746478873239436
/organization/mediamap-inc,1,0,0.46
/organization/clickequations,1,1,0.5517241379310345
/organization/unruly,1,0,0.2641509433962264
/organization/kewego,1,1,0.7183098591549296
/organization/mbeat-media,0,0,0.3548387096774194
/organization/acme-packet,1,1,0.8469387755102041
/organization/cleverset,1,1,0.64
/organization/fastnet,0,0,0.20618556701030927
/organization/syft-2,0,0,0.014285714285714285
/organization/rewarding-return,0,0,0.13333333333333333
/organization/meggatel,0,1,0.5121951219512195
/organization/computication,0,0,0.4931506849315068
/organization/limo-taxi,0,0,0.19298245614035087
/organization/monument,0,0,0.0
/organization/libretto,0,0,0.1643835616438356
/organization/tidalwave-trader,0,0,0.36363636363636365
/organization/hunch,1,1,0.8653846153846154
/organization/auctionpay,1,1,0.8795180722891566
/organization/the-logic-group,1,1,0.7464788732394366
/organization/xpede,1,1,0.7105263157894737
/organization/cardiokine,1,1,0.5119047619047619
/organization/get-in,0,0,0.4339622641509434
/organization/gamee,0,0,0.014285714285714285
/organization/mogotix,0,0,0.10526315789473684
/organization/query-hunter,0,0,0.39655172413793105
/organization/superderivatives,1,1,0.5612244897959183
/organization/character-booster,0,0,0.13636363636363635
/organization/tube2tone,0,0,0.10526315789473684
/organization/food-on-the-table,1,0,0.45652173913043476
/organization/kosei,1,0,0.09090909090909091
/organization/hemoteq,1,1,0.7464788732394366
/organization/hands-on-mobile,1,1,0.6666666666666666
/organization/cuil,0,1,0.7575757575757576
/organization/jott,1,1,0.5113636363636364
/organization/brabeion-software,1,1,0.8695652173913043
/organization/coinzone,1,0,0.34523809523809523
/organization/neovasc,0,1,0.5612244897959183
/organization/voicendo,0,0,0.4225352112676056
/organization/omthera-pharmaceuticals,1,1,0.6274509803921569
/organization/taidii,0,0,0.014285714285714285
/organization/print-inc,1,1,0.9047619047619048
/organization/western-window-systems,0,0,0.0
/organization/classiphix,0,0,0.2
/organization/mikme,0,0,0.0136986301369863
/organization/unveil-technologies-2,0,1,0.8469387755102041
/organization/tripeese,1,0,0.19607843137254902
/organization/o2gen-solutions,0,0,0.13636363636363635
/organization/neoguide-systems,1,1,0.9122807017543859
/organization/doctor-driven-systems,1,0,0.1917808219178082
/organization/tradehill,0,0,0.19642857142857142
/organization/scion-cardio-vascular,0,0,0.39655172413793105
/organization/executive-channel,0,0,0.25
/organization/imindi,0,0,0.4387755102040816
/organization/genetic-anomalies,1,0,0.1774193548387097
/organization/lilluxe,0,1,0.5121951219512195
/organization/tehnologii-obratnyh-zadach,0,0,0.3
/organization/decisio-health,0,0,0.013157894736842105
/organization/shopigniter,1,1,0.84
/organization/clicvu,0,1,0.5647058823529412
/organization/docebo,1,1,0.7183098591549296
/organization/evolution-robotics,1,1,0.8795180722891566
/organization/immune-control,1,1,0.6666666666666666
/organization/proxeon,1,0,0.25
/organization/viewfinity,1,1,0.8795180722891566
/organization/ecora,0,0,0.35185185185185186
/organization/aladdin-media-holdings,0,0,0.49206349206349204
/organization/echo-automotive,0,0,0.39655172413793105
/organization/polo-motorrad,0,0,0.0
/organization/fliqz,1,1,0.76
/organization/cognection,0,0,0.05063291139240506
/organization/windensity,0,1,0.5113636363636364
/organization/buyrentkenya-com,0,0,0.4909090909090909
/organization/art-loft,0,0,0.06666666666666667
/organization/legra-systems-inc,1,1,0.6666666666666666
/organization/achievers,1,1,0.7746478873239436
/organization/photobox,1,1,0.7464788732394366
/organization/adtuition,1,0,0.45652173913043476
/organization/marketsnacks,0,0,0.13636363636363635
/organization/catalyst-international,0,1,0.5714285714285714
/organization/tizaro,1,0,0.34523809523809523
/organization/tale-me-stories,1,0,0.0
/organization/legaljump,0,0,0.19607843137254902
/organization/stamp-it,1,0,0.09433962264150944
/organization/lightera,1,1,0.7631578947368421
/organization/foodlo-com,0,0,0.0
/organization/celltrix,0,0,0.48
/organization/coherex-medical,1,1,0.7575757575757576
/organization/pivotlink-formerly-seatab,1,1,0.6307692307692307
/organization/cdt-systems,0,0,0.05063291139240506
/organization/voyence,1,1,0.7878787878787878
/organization/good-technology,1,1,0.8080808080808081
/organization/ecountrylifestyle,0,1,0.5647058823529412
/organization/pure-klimaschutz,0,0,0.25
/organization/primal-sensors-2,0,0,0.0
/organization/plink-search,1,0,0.13333333333333333
/organization/elobina,0,0,0.0
/organization/isis-biopolymer,0,1,0.5294117647058824
/organization/pickrset,0,0,0.10526315789473684
/organization/speechvantage,0,0,0.1917808219178082
/organization/vois,0,0,0.4
/organization/4front-security,0,0,0.09259259259259259
/organization/rf-it-solutions,1,0,0.4931506849315068
/organization/shopcliq,1,0,0.1320754716981132
/organization/compete,1,1,0.9295774647887324
/organization/endosphere,0,1,0.5294117647058824
/organization/mydatingtree,0,0,0.2
/organization/requisite-technology,1,1,0.9047619047619048
/organization/lascaux-co,1,1,0.5189873417721519
/organization/sandlinks,0,1,0.5647058823529412
/organization/bomgar,0,1,0.8421052631578947
/organization/designart-networks,1,0,0.32727272727272727
/organization/infraredx,1,1,0.6307692307692307
/organization/periscape,0,0,0.2
/organization/perspecsys,1,1,0.7183098591549296
/organization/farmol,0,0,0.21739130434782608
/organization/pittsburgh-center-for-kidney-research,0,0,0.21739130434782608
/organization/support-space,0,1,0.8780487804878049
/organization/smash-com,0,0,0.014285714285714285
/organization/firstdibz,0,1,0.6764705882352942
/organization/aeneid-corporation,0,0,0.14
/organization/glp-great-little-place,0,0,0.014285714285714285
/organization/wineta,0,0,0.0
/organization/behind-the-burner,0,0,0.25
/organization/therosteon,0,0,0.39655172413793105
/organization/metropcs-communications,1,1,0.5119047619047619
/organization/plan-a-drink,0,0,0.4642857142857143
/organization/sticki,0,0,0.013157894736842105
/organization/bleu-comme-gris,0,0,0.06666666666666667
/organization/kinaxo-biotechnologies,1,0,0.48
/organization/worksimple,0,0,0.4
/organization/operative-mind,0,0,0.1643835616438356
/organization/mozaico-2,0,0,0.26
/organization/metratech,1,1,0.9122807017543859
/organization/id-analytics,1,1,0.9411764705882353
/organization/alterpoint,1,1,0.9032258064516129
/organization/biovitrum,1,1,0.6764705882352942
/organization/minor-studios,0,0,0.42857142857142855
/organization/gfs-it,0,0,0.25
/organization/netrake,1,1,0.9032258064516129
/organization/netgen-2,0,0,0.05063291139240506
/organization/zystor,1,0,0.38596491228070173
/organization/a-power-energy-generation,0,0,0.2641509433962264
/organization/poland-com,0,0,0.1774193548387097
/organization/prometei,0,0,0.0
/organization/pinstant-karma,0,0,0.4642857142857143
/organization/sizz,0,0,0.13636363636363635
/organization/metaforic,1,1,0.7017543859649122
/organization/orga-zone-ag,0,0,0.0
/organization/gate-technology,0,0,0.4931506849315068
/organization/vhayu-technologies,1,1,0.9411764705882353
/organization/tipjoy,0,0,0.4
/organization/impact-2,0,0,0.09259259259259259
/organization/breeze-technology,0,0,0.4909090909090909
/organization/santarus,1,1,0.5119047619047619
/organization/myalert,1,1,0.5612244897959183
/organization/business-only-broadband,1,1,0.6136363636363636
/organization/hopscotch,0,1,0.8222222222222222
/organization/soshi-games-swm-projects-limited,0,0,0.014285714285714285
/organization/patientkeeper,1,1,0.8080808080808081
/organization/pancetera,1,0,0.42857142857142855
/organization/adlib-mediation-llc,0,0,0.02
/organization/mindwork-labs,1,0,0.42857142857142855
/organization/instantq,0,0,0.3695652173913043
/organization/whipcar,0,0,0.39655172413793105
/organization/bustos-media,0,1,0.5119047619047619
/organization/lynoe,0,0,0.0
/organization/kidpad,0,0,0.13636363636363635
/organization/artofbrands-sa,0,0,0.42857142857142855
/organization/merchantcircle,1,1,0.5113636363636364
/organization/correlix,1,1,0.9411764705882353
/organization/gotvoice,1,1,0.6136363636363636
/organization/mtm-laboratories,1,1,0.8080808080808081
/organization/intersperse-inc,1,1,0.8469387755102041
/organization/summify,1,1,0.5915492957746479
/organization/california-interactive-technologies,0,1,0.5517241379310345
/organization/pmdsoft,0,1,0.7631578947368421
/organization/avtozaper,0,0,0.1320754716981132
/organization/h2i-technologies,0,0,0.25
/organization/moow-life-all-interesting-nearby,0,0,0.0
/organization/gazzang,1,1,0.9
/organization/allclasses,1,1,0.6851851851851852
/organization/cartavi,1,0,0.45652173913043476
/organization/enterprise-data-safe-ltd,1,0,0.13333333333333333
/organization/kippt,1,0,0.5
/organization/pawisda-systems,1,0,0.1917808219178082
/organization/1daymakeover,0,0,0.05063291139240506
/organization/storm-media-innovations-inc,0,0,0.13333333333333333
/organization/vendly,0,0,0.09433962264150944
/organization/ucontrol,1,1,0.5444444444444444
/organization/cabforce,1,1,0.5632183908045977
/organization/aptiv-solutions,1,1,0.8253968253968254
/organization/seamicro,1,1,0.796875
/organization/orderup,1,1,0.9
/organization/lssi-data,0,0,0.35185185185185186
/organization/tonx,1,0,0.4642857142857143
/organization/semtek-innovative-technologies-corporation,1,1,0.8795180722891566
/organization/spoondate,0,1,0.6153846153846154
/organization/vendorsafe-technologies,1,0,0.4
/organization/shopnation,1,1,0.5121951219512195
/organization/zeus,1,1,0.8888888888888888
/organization/adchemy,1,1,0.8080808080808081
/organization/gleemaster,0,1,0.5121951219512195
/organization/thesweetlink,0,0,0.4225352112676056
/organization/insiteone,1,1,0.8695652173913043
/organization/spandex,0,0,0.013157894736842105
/organization/kurani-interactive,0,0,0.39655172413793105
/organization/furiex-pharmaceuticals,1,1,0.6307692307692307
/organization/gonway,0,0,0.1320754716981132
/organization/netscaler,1,1,0.9295774647887324
/organization/isend-llc,0,0,0.09259259259259259
/organization/ohloh,1,1,0.6136363636363636
/organization/jungo-software,1,1,0.64
/organization/likez,0,0,0.08333333333333333
/organization/setem-technologies,0,1,0.6237623762376238
/organization/calleoo,0,0,0.13333333333333333
/organization/design2launch,1,1,0.9423076923076923
/organization/opta-sportsdata,1,1,0.6764705882352942
/organization/bwareit,0,0,0.0
/organization/zentact,0,0,0.1927710843373494
/organization/cut-a-long-story,0,0,0.0
/organization/argyle,1,1,0.7213114754098361
/organization/apt-pharmaceuticals,0,1,0.6274509803921569
/organization/tensilica,1,1,0.8253968253968254
/organization/mandata-management-data-services,0,0,0.34523809523809523
/organization/getmerated,0,0,0.4
/organization/tapzen,1,1,0.9
/organization/darby-smart,0,1,0.5612244897959183
/organization/rollad,0,0,0.3
/organization/no-capital-llc,0,0,0.09090909090909091
/organization/giant-realm,1,1,0.5113636363636364
/organization/ikaria,1,1,0.8421052631578947
/organization/tgv-software,1,1,0.7631578947368421
/organization/tools4erp-aps,0,0,0.0
/organization/swarm-mobile,1,1,0.6237623762376238
/organization/dude-2,0,0,0.08333333333333333
/organization/multiwave-photonics,0,0,0.49206349206349204
/organization/itog-inc,0,0,0.28
/organization/spiral-gateway,0,0,0.20618556701030927
/organization/helpsquad-llc,0,0,0.19642857142857142
/organization/wakonda-technologies,0,1,0.6136363636363636
/organization/sweepery,0,1,0.7213114754098361
/organization/wellnessliving-systems-inc,0,0,0.4
/organization/deal-decor,0,1,0.5121951219512195
/organization/coldlight-solutions,1,1,0.5444444444444444
/organization/nexgen-energy,0,0,0.21739130434782608
/organization/tvdeck,0,0,0.1643835616438356
/organization/doconyou,0,0,0.3387096774193548
/organization/booktour,0,0,0.1927710843373494
/organization/klevosti,0,0,0.0
/organization/extreme-startups,0,1,0.5612244897959183
/organization/totsy,0,1,0.9538461538461539
/organization/chipsensors,1,1,0.5915492957746479
/organization/love-buddies,0,0,0.4909090909090909
/organization/bluesprig,1,1,0.9
/organization/desura,1,0,0.0379746835443038
/organization/prose,0,0,0.02
/organization/iscopia-software,0,1,0.5612244897959183
/organization/spawn-labs,1,1,0.6136363636363636
/organization/gozaik,1,0,0.19642857142857142
/organization/mavent,1,1,0.8795180722891566
/organization/audiomicro,1,1,0.5189873417721519
/organization/cortex-healthcare,0,0,0.10526315789473684
/organization/monster-juice,0,0,0.4
/organization/prodess,0,0,0.34523809523809523
/organization/d4p,0,0,0.0
/organization/tarari,1,1,0.6666666666666666
/organization/wanova,1,1,0.796875
/organization/invia-cz,0,1,0.5612244897959183
/organization/positive-networks,1,0,0.26
/organization/smartypants-vitamins,0,1,0.9538461538461539
/organization/vrt-insurance-services,0,0,0.42857142857142855
/organization/m2e-power,0,1,0.5540540540540541
/organization/ftapi-software,1,0,0.4909090909090909
/organization/sueeasy,1,0,0.28
/organization/balalikea,0,0,0.0379746835443038
/organization/intucell,1,1,0.5050505050505051
/organization/revodeals,0,0,0.05063291139240506
/organization/play140,1,0,0.37
/organization/headcase-humanufacturing,0,0,0.3548387096774194
/organization/moprise,0,1,0.8222222222222222
/organization/reveal,1,0,0.4
/organization/brion-technologies,1,1,0.6666666666666666
/organization/gladfly-2,0,0,0.06666666666666667
/organization/aperto-networks,1,1,0.8080808080808081
/organization/aster-data-systems,1,1,0.8080808080808081
/organization/fosdev,0,0,0.4
/organization/wijhoudenvanvers,0,0,0.34523809523809523
/organization/cortex-business-solutions,0,1,0.7464788732394366
/organization/summit-energy,1,1,0.7746478873239436
/organization/shantiniketan-incorporated,0,1,0.7213114754098361
/organization/prematics,1,1,0.6470588235294118
/organization/1bog,0,0,0.4225352112676056
/organization/vlingo,1,1,0.7575757575757576
/organization/newsle,1,1,0.6237623762376238
/organization/entrec,0,0,0.2641509433962264
/organization/classical-connection,0,0,0.42857142857142855
/organization/buuteeq,1,1,0.9538461538461539
/organization/battellepharma,0,1,0.8469387755102041
/organization/streetfire,1,1,0.5113636363636364
/organization/mastersaf,0,0,0.13636363636363635
/organization/lumenis,1,0,0.49206349206349204
/organization/blinq-media,0,1,0.5444444444444444
/organization/fusion-networks,0,0,0.14
/organization/tiberium,0,0,0.13333333333333333
/organization/fantrail,0,0,0.3387096774193548
/organization/gemfire,1,1,0.9122807017543859
/organization/search-and-share,0,0,0.0
/organization/glyco-vaxyn,1,1,0.5050505050505051
/organization/clipcall,0,0,0.09090909090909091
/organization/tra,1,1,0.796875
/organization/motorola-solutions,1,1,0.6307692307692307
/organization/foresee-results,1,1,0.8795180722891566
/organization/nucleator,0,0,0.0
/organization/brightstar,1,1,0.7746478873239436
/organization/rima,0,0,0.13636363636363635
/organization/sibeam,1,1,0.8080808080808081
/organization/cidco,0,1,0.5714285714285714
/organization/clearmatics,0,0,0.0
/organization/astadia,1,0,0.4782608695652174
/organization/mosaic-storage-systems,0,1,0.8222222222222222
/organization/scout-media,1,0,0.19607843137254902
/organization/hippflow,0,0,0.0
/organization/ubersense,1,1,0.5189873417721519
/organization/funky-panda-games,0,0,0.0136986301369863
/organization/mobui,1,0,0.4782608695652174
/organization/price-legacy-corp,1,1,0.7105263157894737
/organization/okeo,0,0,0.1643835616438356
/organization/pick-a-student,0,0,0.05063291139240506
/organization/aviir,0,1,0.8795180722891566
/organization/spool,1,0,0.3684210526315789
/organization/pureenergy-solutions,0,1,0.5444444444444444
/organization/programeter,0,0,0.19540229885057472
/organization/katalyst-media,0,1,0.8795180722891566
/organization/encarnate,0,0,0.3695652173913043
/organization/tunein-twitter-dashboard,0,0,0.1643835616438356
/organization/anystream,1,1,0.9032258064516129
/organization/rackup,0,1,0.6237623762376238
/organization/mspoke,1,0,0.45652173913043476
/organization/psychiatric-solutions,1,1,0.7105263157894737
/organization/navegg,1,1,0.5915492957746479
/organization/red-seraphim,0,0,0.05063291139240506
/organization/defywire,0,1,0.8421052631578947
/organization/castek,1,0,0.46
/organization/corona-labs,1,1,0.7213114754098361
/organization/triggit,1,1,0.8795180722891566
/organization/strakan-group,0,1,0.5119047619047619
/organization/instinctiv,1,0,0.4
/organization/repromedix,0,0,0.06666666666666667
/organization/careerimp,0,0,0.05063291139240506
/organization/health-impact-solutions,0,0,0.25
/organization/bubble-motion,1,1,0.8780487804878049
/organization/smartsignal,1,0,0.28
/organization/black-diamond-minerals,0,1,0.7575757575757576
/organization/mechanology,0,1,0.8253968253968254
/organization/gnowsis,0,0,0.13333333333333333
/organization/wonderhill,1,1,0.6470588235294118
/organization/avokia,0,1,0.64
/organization/cassia-networks,0,0,0.26
/organization/openreach-2,0,0,0.38596491228070173
/organization/stickybeak,0,0,0.19607843137254902
/organization/medley-health,0,1,0.796875
/organization/iweb-technologies,1,1,0.8780487804878049
/organization/free-clear,1,1,0.6470588235294118
/organization/ppt-reasearch,0,1,0.5517241379310345
/organization/bacchus-vascular,1,1,0.9122807017543859
/organization/packetexchange,1,1,0.5612244897959183
/organization/songza,1,1,0.5444444444444444
/organization/uprace,0,0,0.4225352112676056
/organization/tissue-regeneration,0,0,0.3548387096774194
/organization/groovideo,0,0,0.4909090909090909
/organization/ubizen,1,0,0.20618556701030927
/organization/mobile-accord,1,1,0.5444444444444444
/organization/five-star-technologies,0,1,0.9295774647887324
/organization/devcontact,0,0,0.0379746835443038
/organization/teextee,0,0,0.08333333333333333
/organization/aveksa,1,1,0.8795180722891566
/organization/mybandstock,0,0,0.4225352112676056
/organization/airdroids,0,1,0.6851851851851852
/organization/strangeloop-networks,1,1,0.5612244897959183
/organization/gulu-com,0,0,0.19540229885057472
/organization/cenzic,1,1,0.7878787878787878
/organization/remotemdx,0,1,0.796875
/organization/babbler,0,0,0.014285714285714285
/organization/peoplestring,1,0,0.39655172413793105
/organization/north-american-palladium,0,1,0.7464788732394366
/organization/babycenter,1,1,0.7631578947368421
/organization/daybreak-intellectual-capital-solutions,0,0,0.05063291139240506
/organization/commissiontrac,0,0,0.014285714285714285
/organization/nexus-energyhomes,0,0,0.45652173913043476
/organization/phu-nhuan-jewelry-joint-stock-company,0,1,0.54
/organization/forticom,0,1,0.7464788732394366
/organization/nap-app,0,0,0.0
/organization/netviewer,1,1,0.7183098591549296
/organization/alta-devices,1,1,0.8653846153846154
/organization/pitchbrite,1,0,0.36363636363636365
/organization/rentenna,1,0,0.39655172413793105
/organization/oxynade,0,0,0.32727272727272727
/organization/six-degrees-games,0,1,0.7575757575757576
/organization/sonya-labs,0,0,0.05063291139240506
/organization/zilliontv,0,1,0.796875
/organization/alphamosaic-ltd,1,0,0.35185185185185186
/organization/examhack-inc,0,0,0.013157894736842105
/organization/innovorder,0,0,0.014285714285714285
/organization/mercado-electrônico,0,0,0.21739130434782608
/organization/iphighway,0,0,0.14
/organization/trustedplaces,1,0,0.19298245614035087
/organization/sayswap,0,0,0.4387755102040816
/organization/kid-care-years,0,0,0.3695652173913043
/organization/intexys,1,0,0.4444444444444444
/organization/daylife,1,1,0.76
/organization/prizzm,0,0,0.39655172413793105
/organization/i-pop-networks,0,0,0.13636363636363635
/organization/bridgeco,1,1,0.5050505050505051
/organization/venmo,1,1,0.7213114754098361
/organization/ardext-technologies,0,0,0.20618556701030927
/organization/mailgun,1,1,0.5189873417721519
/organization/shopmagazine-solutions,0,0,0.0136986301369863
/organization/minimonos,0,0,0.4387755102040816
/organization/digital-fuel,1,1,0.8695652173913043
/organization/reviewspotter,0,0,0.10526315789473684
/organization/bizo,1,1,0.6461538461538462
/organization/clover,1,1,0.9
/organization/mezeo-software,1,1,0.5517241379310345
/organization/postdeck,0,0,0.3387096774193548
/organization/dotblu,0,1,0.6625
/organization/ignitad,0,1,0.5915492957746479
/organization/ipnetwork,0,0,0.1774193548387097
/organization/winecrasher-com,0,0,0.013157894736842105
/organization/aktino,1,1,0.8421052631578947
/organization/scl,0,0,0.35185185185185186
/organization/stipple,0,1,0.84
/organization/activaero,1,1,0.5612244897959183
/organization/my-top,0,0,0.1927710843373494
/organization/headplay,0,1,0.8253968253968254
/organization/reddwerks,1,0,0.4782608695652174
/organization/level-four-software,1,1,0.7464788732394366
/organization/abios-gaming,0,0,0.0
/organization/newspage,1,0,0.38596491228070173
/organization/toura,1,1,0.7241379310344828
/organization/alloptic,0,1,0.8080808080808081
/organization/fairfly,0,1,0.8222222222222222
/organization/ceyx,0,1,0.6764705882352942
/organization/one-season,0,1,0.6625
/organization/clash-media-advertising,0,1,0.7183098591549296
/organization/lost-property-heaven,0,0,0.25
/organization/iptune,1,0,0.25
/organization/i-just-shared,0,0,0.36363636363636365
/organization/sessionbox,1,0,0.5
/organization/ning,1,1,0.6547619047619048
/organization/saplo,1,0,0.42857142857142855
/organization/deltek,1,1,0.8148148148148148
/organization/pro-options-marketing,0,0,0.13333333333333333
/organization/twones,0,0,0.25
/organization/sinimanes,1,0,0.4387755102040816
/organization/kaos-solutions,0,0,0.19540229885057472
/organization/helpmerent-com,0,0,0.36363636363636365
/organization/iunika,0,0,0.49206349206349204
/organization/mformation-technologies,1,1,0.8080808080808081
/organization/ecobuddies-interactive,0,0,0.4931506849315068
/organization/jurny-the-core-values-matching-platform,0,0,0.0
/organization/dezineforce,0,0,0.4339622641509434
/organization/mercantila,1,1,0.796875
/organization/albeo-technologies,1,1,0.5294117647058824
/organization/asthmatx,1,1,0.7575757575757576
/organization/newvem,1,1,0.5915492957746479
/organization/salira-optical-network-systems,0,0,0.38596491228070173
/organization/skillsbite-com,0,0,0.0379746835443038
/organization/sparkbuy,1,1,0.5121951219512195
/organization/mithridion,0,0,0.4782608695652174
/organization/press-box,0,0,0.0
/organization/siri,1,1,0.8653846153846154
/organization/space-monkey,1,1,0.8222222222222222
/organization/loosehead-software,0,0,0.37
/organization/jumo,0,1,0.6237623762376238
/organization/altheos,0,1,0.796875
/organization/itsdapper,0,0,0.2
/organization/guaranteach,1,1,0.6237623762376238
/organization/aihit,1,1,0.5612244897959183
/organization/hotpathz-inc,0,0,0.02
/organization/metanotes,0,0,0.3695652173913043
/organization/acinion,1,1,0.7575757575757576
/organization/dotsyntax,1,0,0.37
/organization/3tier-environmental-forecast-group,1,1,0.8795180722891566
/organization/medmanage-systems,1,1,0.9295774647887324
/organization/netpro,1,0,0.20618556701030927
/organization/schemalogic,1,1,0.9411764705882353
/organization/cascada-mobile,0,1,0.5632183908045977
/organization/plixi,1,0,0.45652173913043476
/organization/boomi,1,1,0.9423076923076923
/organization/takkle,1,1,0.5050505050505051
/organization/aislebuyer,1,1,0.84
/organization/nanotecture,0,0,0.35185185185185186
/organization/schedit,0,0,0.1643835616438356
/organization/kappa-prime,0,0,0.39655172413793105
/organization/satiety,0,1,0.7746478873239436
/organization/fortiusone-2,0,0,0.09615384615384616
/organization/runivermag,0,0,0.25
/organization/twijector,0,0,0.0
/organization/waddapp-com,0,0,0.3387096774193548
/organization/netqos,1,1,0.7631578947368421
/organization/variation-biotechnologies,0,0,0.09615384615384616
/organization/h-art-wpp,1,0,0.13333333333333333
/organization/arterain-medical,0,0,0.09259259259259259
/organization/weetabix,1,1,0.7464788732394366
/organization/gecko-audio,0,1,0.5647058823529412
/organization/lucky-pai,1,1,0.5050505050505051
/organization/singlepipe-communications,1,1,0.5050505050505051
/organization/sierra-monolithics,1,1,0.7105263157894737
/organization/cloudon,1,1,0.9538461538461539
/organization/linux-networx,1,1,0.9032258064516129
/organization/seadragon-software,1,0,0.4339622641509434
/organization/booklr,1,0,0.3387096774193548
/organization/trony-solar,0,1,0.54
/organization/eclector,0,0,0.19540229885057472
/organization/art-of-defence,1,0,0.32727272727272727
/organization/lasso-2,0,0,0.0136986301369863
/organization/ugobe,0,1,0.796875
/organization/intellirisk-management,0,1,0.5119047619047619
/organization/pictela,1,1,0.6237623762376238
/organization/anomalous-networks,1,0,0.25
/organization/ncircle-network-security,1,1,0.8080808080808081
/organization/whitelight-systems,1,1,0.7105263157894737
/organization/innovectra,1,1,0.9423076923076923
/organization/onex-communications,1,0,0.35185185185185186
/organization/wiseri,0,0,0.1320754716981132
/organization/fits-me,1,1,0.7183098591549296
/organization/linkcloud,0,0,0.19540229885057472
/organization/broadcastr,0,1,0.5121951219512195
/organization/awesomeness-tv,1,1,0.6851851851851852
/organization/advanced-ophthalmic-pharma,0,1,0.5632183908045977
/organization/yesmail,1,1,0.7105263157894737
/organization/buzzdash,0,0,0.3548387096774194
/organization/alsbridge,0,0,0.4931506849315068
/organization/illume-software,0,1,0.7241379310344828
/organization/map2app,1,0,0.22
/organization/free-lance-ru,0,0,0.4931506849315068
/organization/glacier-bay,0,1,0.7746478873239436
/organization/toodalu,1,0,0.1927710843373494
/organization/ubmatrix,1,1,0.9032258064516129
/organization/landingi,0,0,0.09433962264150944
/organization/chirpme,1,1,0.6153846153846154
/organization/bigbad,0,0,0.39655172413793105
/organization/mskynet,1,1,0.5189873417721519
/organization/rivet-sway,0,1,0.8222222222222222
/organization/spotivate,1,0,0.3968253968253968
/organization/redsiren,1,1,0.5660377358490566
/organization/gaiacom-wireless-networks,0,0,0.37
/organization/newbrandanalytics,1,1,0.72
/organization/emed-co,1,1,0.5714285714285714
/organization/lifeserve-innovations,0,0,0.013157894736842105
/organization/aveso,0,1,0.5294117647058824
/organization/primaeva-medical,1,1,0.64
/organization/fuego-nation,0,0,0.3548387096774194
/organization/tapdog,1,0,0.08333333333333333
/organization/vendavo,1,1,0.9295774647887324
/organization/simplr-just-for-campus,0,0,0.0
/organization/motionmetrics,0,0,0.19540229885057472
/organization/virtensys,1,0,0.4444444444444444
/organization/liveops,1,1,0.8080808080808081
/organization/mako-surgical,1,1,0.7575757575757576
/organization/datebox,0,0,0.19607843137254902
/organization/biowizard,0,0,0.4
/organization/anacatum-design,1,0,0.34523809523809523
/organization/andigilog,0,1,0.9295774647887324
/organization/crono,0,0,0.05063291139240506
/organization/softway,0,0,0.1917808219178082
/organization/paisley,1,1,0.5660377358490566
/organization/ecnlive,1,0,0.1917808219178082
/organization/sally,0,0,0.19607843137254902
/organization/eruces,0,0,0.4782608695652174
/organization/mylabbox,0,0,0.02
/organization/mobspire,1,0,0.4225352112676056
/organization/meximerica-media,1,1,0.6136363636363636
/organization/gioia-systems,0,1,0.6136363636363636
/organization/join-the-company,0,1,0.5121951219512195
/organization/artifact-software,0,1,0.6307692307692307
/organization/shhmooze,0,0,0.26
/organization/netli,1,1,0.8795180722891566
/organization/itzbig,0,1,0.5517241379310345
/organization/joylux,0,0,0.0136986301369863
/organization/wolf-minerals,0,0,0.21739130434782608
/organization/sonoma,0,0,0.42857142857142855
/organization/starport-systems,0,0,0.3548387096774194
/organization/laveem,1,0,0.3968253968253968
/organization/hotswap,0,0,0.3548387096774194
/organization/apprema,0,0,0.3548387096774194
/organization/healthcare-partners,1,1,0.5714285714285714
/organization/dynamikode-software-ltd,0,0,0.0
/organization/mgmedia,0,0,0.39655172413793105
/organization/pipeline-biomedical-holdings,1,1,0.5294117647058824
/organization/deerpath-energy,1,1,0.5517241379310345
/organization/hyperic,1,1,0.5113636363636364
/organization/yebol,0,0,0.25
/organization/pump-engineering,1,0,0.3548387096774194
/organization/cardiooptics,0,1,0.8469387755102041
/organization/odeo,1,1,0.6136363636363636
/organization/exsafe,0,1,0.5632183908045977
/organization/phd-virtual-technologies,1,0,0.4782608695652174
/organization/chaparral-network-storage,1,1,0.64
/organization/psc-info-group,1,0,0.1917808219178082
/organization/comparedownload-com-2,0,0,0.13636363636363635
/organization/clear-story,1,0,0.3548387096774194
/organization/liquid-air-lab,1,1,0.8888888888888888
/organization/wi-chi,0,1,0.5113636363636364
/organization/tinkoff-credit-systems,0,1,0.5612244897959183
/organization/artspace,1,1,0.5294117647058824
/organization/biotrove,1,1,0.796875
/organization/ztail,0,0,0.4
/organization/marketshare,1,1,0.8795180722891566
/organization/emerging-threats-pro,1,0,0.4782608695652174
/organization/presence-networks,0,0,0.37
/organization/macellum,0,0,0.0
/organization/localbonus,0,1,0.5189873417721519
/organization/edventions,0,0,0.14
/organization/qloud,1,0,0.4387755102040816
/organization/enerscore-inc,0,0,0.0
/organization/truespan,0,1,0.5647058823529412
/organization/adir-technologies,0,1,0.5119047619047619
/organization/gnubio,1,1,0.9538461538461539
/organization/twentyfeet,1,1,0.5632183908045977
/organization/nebel-tv,0,0,0.19607843137254902
/organization/everlater,1,1,0.5189873417721519
/organization/adstack,1,1,0.6237623762376238
/organization/cashedge,1,1,0.9295774647887324
/organization/unity-4-humanity,0,0,0.28
/organization/kainoa,0,0,0.0136986301369863
/organization/arkli,0,0,0.26
/organization/zapitano,0,0,0.4
/organization/trillium-therapeutics,1,0,0.19298245614035087
/organization/shelby-tv,1,1,0.6237623762376238
/organization/zappchoice,0,0,0.1643835616438356
/organization/pickspal,1,1,0.64
/organization/investor-broadcast-network,0,0,0.35185185185185186
/organization/jazz-blues-television-2,0,0,0.0
/organization/elephant-is,0,0,0.10526315789473684
/organization/lancope,1,1,0.9295774647887324
/organization/stratavia,1,1,0.9295774647887324
/organization/kinduct,0,0,0.0
/organization/employinsight,1,1,0.6851851851851852
/organization/mashery,1,1,0.6547619047619048
/organization/niio,0,0,0.3
/organization/breconridge,1,1,0.5050505050505051
/organization/fuego,0,1,0.5647058823529412
/organization/lessonlab,1,1,0.7631578947368421
/organization/rockcart,0,0,0.06666666666666667
/organization/thirdlevel,0,0,0.0
/organization/imove,1,1,0.9295774647887324
/organization/newsbytes,0,0,0.0
/organization/youcastr,0,0,0.37
/organization/a-life-medical,1,1,0.5517241379310345
/organization/foodbynet,0,0,0.34523809523809523
/organization/blip,1,1,0.6547619047619048
/organization/quantivo,1,1,0.7017543859649122
/organization/sidetour,1,1,0.6237623762376238
/organization/luminetx,1,1,0.5660377358490566
/organization/hemosphere,1,1,0.6470588235294118
/organization/lala,1,1,0.796875
/organization/fx-aligned,0,1,0.5121951219512195
/organization/bigfix,1,1,0.9122807017543859
/organization/global-commerce-systems,0,1,0.7105263157894737
/organization/silicon-hive,0,1,0.5612244897959183
/organization/wikets,0,0,0.32075471698113206
/organization/flud,0,1,0.8222222222222222
/organization/sport-convo,0,0,0.09090909090909091
/organization/ubitexx,1,1,0.6764705882352942
/organization/unity-semiconductor,1,0,0.49206349206349204
/organization/ididwork,0,0,0.42857142857142855
/organization/hungry-promotions-ltd,1,0,0.0379746835443038
/organization/selenokhod,0,0,0.02
/organization/stylezen,0,0,0.2
/organization/babyoye,1,0,0.32727272727272727
/organization/livevol,1,1,0.6136363636363636
/organization/nbi-development,0,0,0.09615384615384616
/organization/eucodis-bioscience,0,1,0.5050505050505051
/organization/hoyos-corporation,0,1,0.7575757575757576
/organization/sentence-lab,0,0,0.22
/organization/goowy,1,1,0.6136363636363636
/organization/180solutions,0,1,0.5119047619047619
/organization/vtago,0,0,0.08333333333333333
/organization/cardiomind,0,1,0.7575757575757576
/organization/eeden,0,0,0.36363636363636365
/organization/zenph-sound-innovations,0,1,0.5294117647058824
/organization/inevention-technology-inc,1,0,0.5
/organization/mhelpdesk,1,0,0.19642857142857142
/organization/opentable,1,1,0.7105263157894737
/organization/jodel,0,0,0.06666666666666667
/organization/syncui,0,0,0.0
/organization/scout-com,1,1,0.6764705882352942
/organization/sape,0,0,0.21739130434782608
/organization/tipcity,0,0,0.1927710843373494
/organization/bluepulse,0,1,0.8253968253968254
/organization/blueprint-registry,0,0,0.013157894736842105
/organization/quantisense,1,0,0.10526315789473684
/organization/caliper-life-sciences,1,1,0.8253968253968254
/organization/peerme,0,1,0.6136363636363636
/organization/learnvest,1,1,0.8795180722891566
/organization/layar,1,1,0.5612244897959183
/organization/detectent,1,0,0.22
/organization/navx,0,1,0.5915492957746479
/organization/hitpost,1,1,0.7213114754098361
/organization/gaboom,0,0,0.013157894736842105
/organization/basis-science,1,1,0.72
/organization/just-dial,0,1,0.5612244897959183
/organization/nadamobile,0,0,0.09090909090909091
/organization/protection-one,1,1,0.6307692307692307
/organization/fusion-mobile,0,0,0.10526315789473684
/organization/tiaxa,0,0,0.4339622641509434
/organization/carepoint-partners,1,1,0.9074074074074074
/organization/eachnet,1,1,0.7464788732394366
/organization/compendium-blogware,1,1,0.6625
/organization/accelone,0,0,0.1927710843373494
/organization/scioderm,1,1,0.72
/organization/glycosan,1,0,0.4
/organization/muziwave-com,0,0,0.4387755102040816
/organization/bipar-sciences,1,1,0.8080808080808081
/organization/cibecs,1,0,0.42857142857142855
/organization/nr-energy,0,0,0.39655172413793105
/organization/arrowpoint-communications,1,1,0.8469387755102041
/organization/tumblr,1,1,0.8653846153846154
/organization/mobiledevhq,1,0,0.4387755102040816
/organization/loc-aid,1,1,0.9411764705882353
/organization/inktank,1,1,0.84
/organization/pivot-medical,1,1,0.796875
/organization/slipstream,0,0,0.2
/organization/helicomm,0,0,0.4230769230769231
/organization/phasebridge,0,0,0.1917808219178082
/organization/supercell,1,1,0.7183098591549296
/organization/sirigen,1,1,0.5050505050505051
/organization/pay-with-cover,1,1,0.5294117647058824
/organization/bocadio,0,0,0.014285714285714285
/organization/veeda,0,0,0.4931506849315068
/organization/culhanimal-productions,0,0,0.0
/organization/travelmenu,0,1,0.8780487804878049
/organization/my-apps,0,0,0.42857142857142855
/organization/vamp-communications,0,1,0.7213114754098361
/organization/oxford-semiconductor,1,1,0.8253968253968254
/organization/daptiv,1,1,0.9295774647887324
/organization/eliason-media,0,0,0.36363636363636365
/organization/admeta,1,1,0.6764705882352942
/organization/opstechnology,1,1,0.7631578947368421
/organization/last-mile-connections,0,1,0.5119047619047619
/organization/optier,1,1,0.8080808080808081
/organization/hubkick,0,0,0.10526315789473684
/organization/tadcast,0,0,0.3695652173913043
/organization/vivu,1,1,0.7213114754098361
/organization/atempo,1,1,0.9032258064516129
/organization/martingale-internet-technologies,0,0,0.19540229885057472
/organization/telisma,1,1,0.8888888888888888
/organization/cognovant,0,0,0.39655172413793105
/organization/milyoni,1,1,0.9538461538461539
/organization/sense-home,0,0,0.06666666666666667
/organization/nehp,1,0,0.42857142857142855
/organization/clean-harbors,0,1,0.7631578947368421
/organization/abeome-corporation,0,0,0.09259259259259259
/organization/waywire,1,1,0.6851851851851852
/organization/hotpotato,1,0,0.45652173913043476
/organization/bird-design-limited,0,0,0.02
/organization/arysta-lifesciences,1,1,0.54
/organization/bihu-com,0,0,0.49206349206349204
/organization/modernadvisor,0,1,0.5632183908045977
/organization/linkura,0,0,0.19642857142857142
/organization/foodcrave-inc,0,0,0.36363636363636365
/organization/bpl-global,1,1,0.6547619047619048
/organization/physicians-formula,1,1,0.7631578947368421
/organization/meteor-entertainment,0,1,0.9538461538461539
/organization/memorang,0,0,0.014285714285714285
/organization/healthcaresource,1,1,0.7746478873239436
/organization/arvirago,0,0,0.1774193548387097
/organization/cryptoseal,1,0,0.1927710843373494
/organization/beetv,0,1,0.5612244897959183
/organization/touchstone-health,0,1,0.6470588235294118
/organization/zoomsafer,1,1,0.6237623762376238
/organization/asset4,1,0,0.4931506849315068
/organization/eliyon-technologies,0,0,0.38596491228070173
/organization/red-blue-voice,0,0,0.05063291139240506
/organization/flickim,0,0,0.3548387096774194
/organization/nanogram,1,1,0.7746478873239436
/organization/consmr,1,0,0.3387096774193548
/organization/musclepharm,0,1,0.6461538461538462
/organization/fish-ball-technology,0,0,0.13636363636363635
/organization/fastlease,0,0,0.014285714285714285
/organization/verid,1,1,0.5660377358490566
/organization/assemblage,1,0,0.26
/organization/minerva-worldwide,0,1,0.5121951219512195
/organization/1010data,1,1,0.9074074074074074
/organization/think-big-analytics,1,1,0.6237623762376238
/organization/square-two-financial,1,1,0.5647058823529412
/organization/phanfare,0,1,0.6625
/organization/carzen,1,0,0.1927710843373494
/organization/signnow,1,1,0.8222222222222222
/organization/koala-databank,0,0,0.2
/organization/appiterate-com,1,0,0.19642857142857142
/organization/synerit,0,0,0.08333333333333333
/organization/irl,0,0,0.19540229885057472
/organization/geneweave-biosciences,1,1,0.9538461538461539
/organization/jooce,0,0,0.48
/organization/united-travel-technologies,0,1,0.5632183908045977
/organization/outside-in,1,1,0.76
/organization/celleration,1,1,0.6307692307692307
/organization/evolver,1,1,0.6136363636363636
/organization/impact-products,0,1,0.5714285714285714
/organization/pluq,0,0,0.1643835616438356
/organization/clean-runner,0,0,0.21739130434782608
/organization/blackaeon-international,0,0,0.4782608695652174
/organization/heritage-pharmaceuticals,0,1,0.5113636363636364
/organization/sumpto,0,0,0.4387755102040816
/organization/tak-asic,0,0,0.35185185185185186
/organization/clarityray,1,0,0.3387096774193548
/organization/stickybits,0,1,0.7213114754098361
/organization/tutum,1,1,0.8222222222222222
/organization/shopo,1,0,0.39655172413793105
/organization/itracs,1,1,0.5294117647058824
/organization/belair-networks,1,1,0.8780487804878049
/organization/hotalot,0,0,0.19540229885057472
/organization/troux-technologies,1,1,0.7183098591549296
/organization/spectrum-networks,1,0,0.4782608695652174
/organization/my-best-interest,0,0,0.28
/organization/roamz,0,0,0.39655172413793105
/organization/stonybrook-purification,0,1,0.5517241379310345
/organization/viki,1,1,0.9538461538461539
/organization/liversvp,0,0,0.4225352112676056
/organization/viewahead-technology,0,0,0.20618556701030927
/organization/million,1,0,0.49206349206349204
/organization/koda,0,1,0.6237623762376238
/organization/listo-financial,0,0,0.0136986301369863
/organization/yuntaa,0,1,0.5632183908045977
/organization/meta-smarter-search,0,0,0.013157894736842105
/organization/ayeah-games,0,0,0.4387755102040816
/organization/flickme,0,0,0.3968253968253968
/organization/venetica,1,0,0.38596491228070173
/organization/corkshare,0,0,0.4
/organization/syniverse-technologies,1,1,0.5612244897959183
/organization/iconclude,1,1,0.9411764705882353
/organization/bbn-technologies,1,1,0.7878787878787878
/organization/air-semiconductor,0,0,0.49206349206349204
/organization/free-discount-coupons-in-india,0,0,0.0
/organization/enikos,0,0,0.32727272727272727
/organization/the-foire-sas,0,0,0.4909090909090909
/organization/videonline-communications,0,1,0.5540540540540541
/organization/bonmignon,0,0,0.0
/organization/itmedia-kk,0,1,0.7464788732394366
/organization/datapop,1,1,0.5444444444444444
/organization/anodyne-health,1,1,0.5540540540540541
/organization/undertone,1,1,0.7746478873239436
/organization/compliance,1,1,0.76
/organization/vamo,0,1,0.6851851851851852
/organization/xmpie,1,1,0.8695652173913043
/organization/mob-ly,1,0,0.3548387096774194
/organization/revol-technologies,0,0,0.013157894736842105
/organization/secure-islands-technologies,1,1,0.5612244897959183
/organization/anagran-inc,0,1,0.8421052631578947
/organization/champion-medical-technologies,0,0,0.013157894736842105
/organization/expressor-software,1,1,0.8653846153846154
/organization/socialnature,0,0,0.06666666666666667
/organization/mapiliary,0,0,0.0379746835443038
/organization/eyesquad,1,0,0.4931506849315068
/organization/federated-media-publishing,0,1,0.6136363636363636
/organization/virgent-realty,0,0,0.013157894736842105
/organization/personalized-media,0,0,0.1927710843373494
/organization/wannafun,0,0,0.3387096774193548
/organization/iam-robotics,0,0,0.0
/organization/mill-group-residential-limited,0,0,0.06666666666666667
/organization/saperion,1,0,0.4339622641509434
/organization/pathbrite,1,1,0.84
/organization/inquira,1,1,0.6666666666666666
/organization/arieso,1,1,0.7183098591549296
/organization/coreoptics,1,1,0.8780487804878049
/organization/four-k-entertainment,0,0,0.4642857142857143
/organization/biosocia,0,0,0.3548387096774194
/organization/zapgocharger-ltd,0,0,0.014285714285714285
/organization/razor-insights,1,0,0.1927710843373494
/organization/redeemr-inc,0,0,0.1927710843373494
/organization/geodelic-systems,0,1,0.76
/organization/pulsant,1,0,0.21739130434782608
/organization/redbus-in,1,1,0.7183098591549296
/organization/via-optronics,0,0,0.49206349206349204
/organization/maui-imaging,0,1,0.5444444444444444
/organization/logical-choice-technologies,0,1,0.8148148148148148
/organization/photobucket,1,1,0.9295774647887324
/organization/eprise,0,0,0.14
/organization/appiny,0,0,0.09433962264150944
/organization/ceros,1,1,0.5612244897959183
/organization/revistronic,0,0,0.48
/organization/bubblegab,0,0,0.19298245614035087
/organization/encelle,0,0,0.1917808219178082
/organization/leadhit,0,0,0.0
/organization/symcircle,0,0,0.2
/organization/aragon-pharmaceuticals,1,1,0.72
/organization/pawaa-software,1,0,0.37
/organization/spatial-photonics,1,1,0.7575757575757576
/organization/consert,1,1,0.6461538461538462
/organization/axiom-microdevices,1,1,0.9074074074074074
/organization/topicmarks,1,0,0.36363636363636365
/organization/lensx-lasers,1,1,0.6470588235294118
/organization/celona-technologies,0,1,0.7183098591549296
/organization/fry-multimedia,1,1,0.7631578947368421
/organization/creekpath-system,1,1,0.5050505050505051
/organization/spaceclaim,1,1,0.9032258064516129
/organization/world-wide-packets,1,1,0.8080808080808081
/organization/heroku,1,1,0.76
/organization/vestiage,0,0,0.21739130434782608
/organization/artifact-uprising,1,0,0.19607843137254902
/organization/medivantix-technologies,0,0,0.10526315789473684
/organization/biggerboat,0,1,0.5050505050505051
/organization/repka-com,0,0,0.1320754716981132
/organization/savvion,1,1,0.9047619047619048
/organization/eps,1,1,0.5540540540540541
/organization/upside,1,1,0.5189873417721519
/organization/blendspace,1,0,0.5
/organization/gear-energy,0,0,0.21739130434782608
/organization/gifi,0,1,0.5121951219512195
/organization/cognitens,1,1,0.64
/organization/zipcodemailer-com,0,0,0.2
/organization/soompi,1,0,0.39655172413793105
/organization/brilliency,0,0,0.09090909090909091
/organization/spree-3,0,0,0.0
/organization/kayak,1,1,0.8080808080808081
/organization/pollex-mobile-holdings,0,0,0.09259259259259259
/organization/viva-vision,0,1,0.8795180722891566
/organization/klinche-inc,0,1,0.6851851851851852
/organization/kitlocate,1,0,0.42857142857142855
/organization/mixamo,1,1,0.5444444444444444
/organization/rockford-foresters-baseball-team,0,0,0.3695652173913043
/organization/carmenta-bioscience,1,1,0.6851851851851852
/organization/offeriq,1,1,0.6153846153846154
/organization/correctnet,1,1,0.7878787878787878
/organization/okcupid,1,1,0.5113636363636364
/organization/user1st,0,0,0.19298245614035087
/organization/trend-ly,0,0,0.32075471698113206
/organization/visiogen,1,1,0.7746478873239436
/organization/from-scratch,0,0,0.0136986301369863
/organization/jacent-technologies,0,1,0.8695652173913043
/organization/umeng,1,1,0.5612244897959183
/organization/ironcurtain-entertainment,0,0,0.22
/organization/berggi,0,1,0.5113636363636364
/organization/salient-surgical-technologies,1,1,0.9122807017543859
/organization/primesense,1,1,0.7183098591549296
/organization/taggle-4,0,0,0.014285714285714285
/organization/continuous-computing,1,1,0.8469387755102041
/organization/traffix-systems,1,1,0.5050505050505051
/organization/balance-financial,1,0,0.4
/organization/clickshift,1,1,0.5113636363636364
/organization/tessella,1,0,0.21739130434782608
/organization/plug-dj,0,1,0.6851851851851852
/organization/a-bit-lucky,0,1,0.84
/organization/trutap,0,1,0.8888888888888888
/organization/pin-or-peg,0,0,0.013157894736842105
/organization/the-football-social-club,0,0,0.32727272727272727
/organization/pokemall,0,0,0.013157894736842105
/organization/radar-networks,1,1,0.796875
/organization/futubra,0,0,0.3387096774193548
/organization/ascenergy,0,0,0.06666666666666667
/organization/tenaxis-medical,1,1,0.8795180722891566
/organization/community-bound,0,0,0.19607843137254902
/organization/iquum,1,0,0.3684210526315789
/organization/moppi-com,0,0,0.09433962264150944
/organization/iz3d,0,0,0.3695652173913043
/organization/guardent,1,1,0.5119047619047619
/organization/carbon-black,1,0,0.3968253968253968
/organization/zeer,0,0,0.3548387096774194
/organization/go007-com,0,0,0.1917808219178082
/organization/samy-salon,0,0,0.20618556701030927
/organization/siterra,1,1,0.8695652173913043
/organization/cloudary,1,0,0.2641509433962264
/organization/buddie,0,0,0.0
/organization/california-linear-devices,1,0,0.46
/organization/autovirt,0,1,0.8653846153846154
/organization/starboard-storage-systems,0,1,0.84
/organization/peopleeasy-com-2,0,0,0.0
/organization/spotcast-communications,1,1,0.7105263157894737
/organization/motion-pt-holdings,0,0,0.2641509433962264
/organization/koukoi-games,0,0,0.0136986301369863
/organization/ivendor-2,0,1,0.7105263157894737
/organization/spectra-analysis-instruments,1,1,0.7017543859649122
/organization/visible-world,1,1,0.9122807017543859
/organization/novioponics,0,0,0.0
/organization/groupme,1,1,0.84
/organization/makara,1,0,0.42857142857142855
/organization/moglue,0,1,0.5189873417721519
/organization/p-cube,1,1,0.7631578947368421
/organization/global-locate,1,1,0.9122807017543859
/organization/textic,1,0,0.37
/organization/intellitactics,1,1,0.9411764705882353
/organization/royaltyshare,0,1,0.5113636363636364
/organization/branchout,1,1,0.72
/organization/creativemarket,1,1,0.8222222222222222
/organization/kolis-scientific,0,0,0.09615384615384616
/organization/antcor,1,0,0.48
/organization/kindermint,1,0,0.36363636363636365
/organization/clairmail,1,1,0.8421052631578947
/organization/nxvision,0,0,0.32727272727272727
/organization/enigma-software-productions,0,0,0.4230769230769231
/organization/bottle-rocket,0,0,0.05063291139240506
/organization/yobeeda,0,0,0.09433962264150944
/organization/askmygift,0,0,0.0
/organization/socializr,0,1,0.6625
/organization/accordent-technologies,1,1,0.5647058823529412
/organization/let-it-wave,1,1,0.64
/organization/lkc,0,0,0.06666666666666667
/organization/engrade,1,1,0.5444444444444444
/organization/tacit-software,1,1,0.7105263157894737
/organization/volantis,1,1,0.8888888888888888
/organization/trigo-technologies,1,1,0.9047619047619048
/organization/limerick-biopharma,0,1,0.6547619047619048
/organization/aperio-technologies,1,1,0.8080808080808081
/organization/healthyout,1,0,0.5
/organization/ringcube-technologies,1,1,0.6547619047619048
/organization/incentone,1,1,0.8148148148148148
/organization/curatedby,0,0,0.4225352112676056
/organization/my-perfect-gig,0,1,0.5517241379310345
/organization/charitic,0,0,0.06666666666666667
/organization/schematic-labs,1,1,0.7241379310344828
/organization/nettle,0,0,0.3387096774193548
/organization/illuminate-labs,0,0,0.19298245614035087
/organization/maya-medical,1,1,0.7241379310344828
/organization/kulina,0,0,0.09090909090909091
/organization/ivera-medical,1,0,0.4782608695652174
/organization/hiptype,0,0,0.4642857142857143
/organization/crossweave,1,0,0.38596491228070173
/organization/inlet-technologies,1,1,0.8421052631578947
/organization/odinotvet,0,0,0.1643835616438356
/organization/dot-legend,0,0,0.06666666666666667
/organization/marport-deep-sea-technologies,1,0,0.34523809523809523
/organization/daksh-infosoft,1,0,0.38596491228070173
/organization/itarget-com,0,0,0.1774193548387097
/organization/dark-cubed,0,0,0.014285714285714285
/organization/jobzle,0,0,0.26
/organization/minerp,0,0,0.13636363636363635
/organization/silicon-navigator-corporation,0,1,0.6625
/organization/istreamplanet,1,1,0.6307692307692307
/organization/1000-markets,1,0,0.25
/organization/netscreen-technologies,1,1,0.7105263157894737
/organization/cooptions-technologies,0,1,0.64
/organization/cisimple,1,0,0.5
/organization/clacendix,1,1,0.8253968253968254
/organization/videscreen-networks,0,0,0.013157894736842105
/organization/infoflow,0,0,0.4387755102040816
/organization/werkadoo,0,0,0.36363636363636365
/organization/academy123,1,1,0.6136363636363636
/organization/consul-risk-management-international,1,1,0.7183098591549296
/organization/cellix-limited,0,0,0.19298245614035087
/organization/tryad-games,0,0,0.02
/organization/lmki,0,0,0.1917808219178082
/organization/neterion,1,1,0.8080808080808081
/organization/cellerix,0,1,0.7183098591549296
/organization/astute,0,0,0.1774193548387097
/organization/metamatrix-red-hat,1,0,0.38596491228070173
/organization/goko,0,0,0.21739130434782608
/organization/insectigen,0,0,0.20618556701030927
/organization/tapioca-mobile,0,1,0.6237623762376238
/organization/pinkdingo,0,0,0.45652173913043476
/organization/i-am-smart-technology,0,1,0.5189873417721519
/organization/venuzle-com,0,0,0.09433962264150944
/organization/ocelus,0,0,0.3
/organization/bilna-pte,0,0,0.0
/organization/applimation,1,1,0.9423076923076923
/organization/omrix-biopharmaceuticals,1,1,0.7464788732394366
/organization/talkbin,0,0,0.4225352112676056
/organization/recargax,0,0,0.13636363636363635
/organization/system-detection,0,0,0.20618556701030927
/organization/luminate,1,1,0.6461538461538462
/organization/wireless-fitness,0,0,0.0379746835443038
/organization/modulus,1,0,0.1927710843373494
/organization/mixwit,0,0,0.20618556701030927
/organization/impactmedia,0,0,0.25
/organization/russian-logistic-service,0,0,0.49206349206349204
/organization/justspotted,1,0,0.32727272727272727
/organization/snipi,0,0,0.4782608695652174
/organization/zeifie,0,0,0.0
/organization/raser-technologies,0,1,0.7575757575757576
/organization/akimbo,0,1,0.8469387755102041
/organization/wappa,0,0,0.09259259259259259
/organization/mfoundry,1,1,0.6547619047619048
/organization/aventa-technologies,0,1,0.6851851851851852
/organization/xkoto,0,1,0.8695652173913043
/organization/scansafe,1,1,0.5612244897959183
/organization/smartdocs-teknowmics,0,0,0.19540229885057472
/organization/way-systems,1,1,0.9295774647887324
/organization/membr-inc,0,0,0.0
/organization/showme-tv,0,0,0.4
/organization/gtess-corp,1,1,0.7878787878787878
/organization/tech-urself,0,0,0.26
/organization/blowtorch,0,1,0.5540540540540541
/organization/snaptell,1,1,0.5517241379310345
/organization/magnifinance,0,0,0.09433962264150944
/organization/r3dway,0,0,0.0
/organization/whereoscope,0,1,0.6153846153846154
/organization/kanisa-inc,1,1,0.5119047619047619
/organization/popcap-games,1,1,0.9074074074074074
/organization/aplica-tecnologas-de-nueva-generacin,1,0,0.19298245614035087
/organization/zume-life,0,1,0.6625
/organization/netcom-systems,1,1,0.5714285714285714
/organization/duqi-com,0,0,0.0379746835443038
/organization/veraz-networks,1,1,0.5540540540540541
/organization/microsulis,0,1,0.5119047619047619
/organization/eiger-biopharmaceuticals,1,1,0.6461538461538462
/organization/brijot-imaging-systems,1,1,0.8795180722891566
/organization/adpeps,0,0,0.1320754716981132
/organization/spumetech,0,0,0.0
/organization/ivideosongs,1,0,0.20618556701030927
/organization/prairielaw-com,0,0,0.1774193548387097
/organization/crocodoc,1,0,0.4225352112676056
/organization/lecere,0,0,0.4
/organization/gini,1,0,0.42857142857142855
/organization/travelline,0,0,0.09433962264150944
/organization/shortlist,0,0,0.1927710843373494
/organization/boxee,1,1,0.7183098591549296
/organization/alloy-digital,1,1,0.9538461538461539
/organization/needish,1,0,0.37
/organization/the-point,0,1,0.64
/organization/baobab-planet,0,0,0.32727272727272727
/organization/genieo,1,0,0.39655172413793105
/organization/youtube,1,1,0.8421052631578947
/organization/bmeye,1,1,0.5915492957746479
/organization/toona,0,0,0.0
/organization/thecomplete-me,0,1,0.8222222222222222
/organization/voxel-dot-net,1,1,0.8795180722891566
/organization/infoactive,1,0,0.013157894736842105
/organization/ecoast-sales-solutions,0,1,0.8148148148148148
/organization/vertical-wind-energy,0,0,0.25
/organization/csg-solar,0,0,0.4444444444444444
/organization/enforta,0,1,0.7183098591549296
/organization/intelligent-bio-systems,1,0,0.28
/organization/merge-labs,0,0,0.0
/organization/litchfield-financial-corporation,0,1,0.5714285714285714
/organization/vá-de-táxi,0,0,0.19642857142857142
/organization/zakazaka,0,0,0.32075471698113206
/organization/athigo,0,0,0.36363636363636365
/organization/adxpose,1,1,0.7575757575757576
/organization/netezza,1,1,0.7105263157894737
/organization/aldexa-therapeutics,0,1,0.6136363636363636
/organization/blingo,0,0,0.1774193548387097
/organization/sprocket-inc,0,0,0.0136986301369863
/organization/d-lisi-food-systems,0,1,0.5647058823529412
/organization/yadata,1,1,0.5915492957746479
/organization/luxticket-sg,0,0,0.34523809523809523
/organization/solarc,1,1,0.9032258064516129
/organization/mtem-limited,1,0,0.35185185185185186
/organization/hitwise,1,1,0.5050505050505051
/organization/mspot,1,1,0.6136363636363636
/organization/zadby,0,1,0.6764705882352942
/organization/global-axcess,0,0,0.4230769230769231
/organization/pixim,1,1,0.8469387755102041
/organization/senior-home-care,1,1,0.7631578947368421
/organization/quewey,0,0,0.39655172413793105
/organization/zensoon,1,0,0.19642857142857142
/organization/povo,0,0,0.3695652173913043
/organization/tripconnect,0,1,0.6136363636363636
/organization/indextank,1,0,0.45652173913043476
/organization/sharetivity,0,0,0.26
/organization/fluxome,1,1,0.5050505050505051
/organization/ezway,0,0,0.0
/organization/npulse-software,0,0,0.20618556701030927
/organization/placevine,1,0,0.37
/organization/oceana-therapeutics,1,1,0.5517241379310345
/organization/scramblermail,0,0,0.42857142857142855
/organization/backupify,1,1,0.6461538461538462
/organization/peoplefilter,1,1,0.9423076923076923
/organization/sorrento-therapeutics,0,1,0.8795180722891566
/organization/silico-corp,0,0,0.1927710843373494
/organization/swivel,0,1,0.6625
/organization/andersonbrecon,1,1,0.8795180722891566
/organization/agility-communications,1,1,0.8080808080808081
/organization/25eight,0,0,0.05063291139240506
/organization/union-spring-pharmaceuticals,0,0,0.42857142857142855
/organization/wifi-online,0,0,0.1643835616438356
/organization/mcafee,1,1,0.7631578947368421
/organization/medius,0,0,0.20618556701030927
/organization/arcwave,0,1,0.7878787878787878
/organization/s-a-c,0,0,0.013157894736842105
/organization/agnion-energy,1,0,0.4225352112676056
/organization/gingersoft-media,0,0,0.48
/organization/medecoach,0,0,0.28
/organization/liveramp,1,1,0.9538461538461539
/organization/fmi-international,0,1,0.5119047619047619
/organization/nexus-biosystems,1,0,0.42857142857142855
/organization/admob,1,1,0.6547619047619048
/organization/mailana,0,0,0.13333333333333333
/organization/localbacon,0,0,0.3684210526315789
/organization/apposphere,0,0,0.26
/organization/begun,0,0,0.2641509433962264
/organization/kleer,1,1,0.6274509803921569
/organization/scalent-systems,1,1,0.7575757575757576
/organization/sportfort,0,0,0.013157894736842105
/organization/ilumin-software,1,1,0.7878787878787878
/organization/protoexchange,0,0,0.36363636363636365
/organization/bookkeepity,0,0,0.0
/organization/memamp,0,0,0.20618556701030927
/organization/public-post,0,0,0.09259259259259259
/organization/lemonquest,0,1,0.5632183908045977
/organization/gecad-technologies,1,1,0.6764705882352942
/organization/omniture,1,1,0.8080808080808081
/organization/linguagen,0,1,0.6764705882352942
/organization/launchgram,1,0,0.22
/organization/cloud-com,1,1,0.5444444444444444
/organization/precise-software,1,1,0.5294117647058824
/organization/mixertech,0,0,0.1774193548387097
/organization/zkey-com,0,0,0.14
/organization/athenix,1,1,0.8080808080808081
/organization/rees46,0,0,0.0
/organization/booshaka,1,1,0.8222222222222222
/organization/add-life-medical-institute,0,0,0.49206349206349204
/organization/sensory-networks,1,1,0.8780487804878049
/organization/gamecrush,0,1,0.5189873417721519
/organization/advanced-leds,0,0,0.1643835616438356
/organization/loyalize,0,1,0.5517241379310345
/organization/slideslive,0,0,0.0
/organization/nuventix,1,1,0.8080808080808081
/organization/buzzient,0,0,0.4782608695652174
/organization/clearswift,1,0,0.48
/organization/santaris-pharma,1,1,0.5612244897959183
/organization/adeyoh,0,0,0.2
/organization/insightrx,0,0,0.09090909090909091
/organization/blue-ocean-software,1,1,0.5714285714285714
/organization/azingo,0,1,0.7575757575757576
/organization/ivivity,1,1,0.8469387755102041
/organization/tagrule,0,0,0.013157894736842105
/organization/sprint-nextel,1,1,0.8148148148148148
/organization/salesforce-japan,1,1,0.7464788732394366
/organization/beach-solutions,1,1,0.7464788732394366
/organization/ny-slice,0,0,0.014285714285714285
/organization/memento,1,1,0.9411764705882353
/organization/plehn-analytics,0,0,0.1643835616438356
/organization/storeage-networking-technologies,0,0,0.14
/organization/broadhop,1,1,0.5444444444444444
/organization/xbyme,0,0,0.02
/organization/alike,1,0,0.05063291139240506
/organization/geni,1,1,0.76
/organization/il-bisonte,0,1,0.7464788732394366
/organization/thefanleague,1,0,0.08333333333333333
/organization/novusedge,0,1,0.5540540540540541
/organization/payvment,1,1,0.9
/organization/valley-proteins,0,0,0.35185185185185186
/organization/vibrow,0,0,0.19540229885057472
/organization/tracelytics,1,1,0.7241379310344828
/organization/transpera,1,1,0.8653846153846154
/organization/fangdd-2,0,0,0.4
/organization/crowd-sourced-story,0,0,0.013157894736842105
/organization/travelmob,1,0,0.19298245614035087
/organization/buildforge,1,1,0.8695652173913043
/organization/youtego,0,1,0.6237623762376238
/organization/foldrx-pharmaceuticals,1,1,0.7575757575757576
/organization/american-apperal,0,1,0.6307692307692307
/organization/posterbee,0,0,0.1643835616438356
/organization/spockly,0,0,0.08333333333333333
/organization/capcom-groupe,0,0,0.21739130434782608
/organization/dot-hill-systems,1,1,0.6470588235294118
/organization/shenzhenware,0,0,0.0
/organization/lugiron-software,0,0,0.3695652173913043
/organization/orange-line-media,0,0,0.1643835616438356
/organization/senit,0,0,0.0136986301369863
/organization/fraud-protection-network,0,0,0.19607843137254902
/organization/vyant-technologies,0,0,0.20618556701030927
/organization/subtledata,0,0,0.3387096774193548
/organization/cya-technologies,1,1,0.9423076923076923
/organization/recobell,1,0,0.4909090909090909
/organization/nextpoint-networks,1,1,0.9122807017543859
/organization/antarex-group,0,0,0.013157894736842105
/organization/foglaljorvost,0,0,0.0
/organization/fineex,0,0,0.09615384615384616
/organization/yomoni,0,0,0.09090909090909091
/organization/spot-tech,0,0,0.0
/organization/openfinance,1,0,0.37
/organization/altoweb,0,1,0.9032258064516129
/organization/viralytics,0,0,0.21739130434782608
/organization/revalesio,0,1,0.6307692307692307
/organization/yobongo,1,1,0.5121951219512195
/organization/mozy,1,1,0.6136363636363636
/organization/renaissance-learning,1,1,0.6307692307692307
/organization/walldress,0,0,0.1320754716981132
/organization/wolverine-advanced-materials,1,0,0.1917808219178082
/organization/bookitnow,1,0,0.1643835616438356
/organization/invarium,1,1,0.5113636363636364
/organization/nalace-corporation,0,0,0.2
/organization/comply7,0,0,0.45652173913043476
/organization/openpeople,0,0,0.19540229885057472
/organization/onsite-access,1,1,0.9047619047619048
/organization/midawi-holdings,0,1,0.7241379310344828
/organization/insightfulinc,0,0,0.39655172413793105
/organization/impressive-creative,0,0,0.09615384615384616
/organization/hubgets,0,1,0.7183098591549296
/organization/brightware-2,0,0,0.14
/organization/logentries,1,1,0.84
/organization/viamericas,0,1,0.6307692307692307
/organization/backup,0,0,0.14
/organization/incline-therapeutics,1,1,0.72
/organization/profitpoint,1,0,0.45652173913043476
/organization/etre-gourmand,0,0,0.014285714285714285
/organization/aviary,1,1,0.8795180722891566
/organization/netcordia,1,1,0.7878787878787878
/organization/outsmart,1,1,0.54
/organization/saber-software-corporation,0,1,0.5714285714285714
/organization/neomend,1,1,0.7746478873239436
/organization/aeroscout,1,1,0.7746478873239436
/organization/kingmaker,1,0,0.32075471698113206
/organization/tellwiki,0,0,0.42857142857142855
/organization/autoquake,1,1,0.8780487804878049
/organization/secondmarket,1,1,0.6547619047619048
/organization/canatu,0,1,0.5612244897959183
/organization/insightera,1,1,0.7241379310344828
/organization/ikano-communications,1,1,0.9047619047619048
/organization/multifonds,1,1,0.7464788732394366
/organization/yakify,0,0,0.10526315789473684
/organization/onesmile-holdco,0,0,0.09090909090909091
/organization/liquavista,1,1,0.7183098591549296
/organization/gonogging,0,0,0.1643835616438356
/organization/wellocities,0,0,0.19298245614035087
/organization/surepeak,0,0,0.42857142857142855
/organization/bundle-it,0,0,0.4387755102040816
/organization/balconytv,1,0,0.42857142857142855
/organization/istafind-ltd,0,0,0.09090909090909091
/organization/jolie-2,0,0,0.0
/organization/soluto,1,1,0.7183098591549296
/organization/for-arts-sake-media,0,0,0.13333333333333333
/organization/oliver-co-designs-inc,0,0,0.13636363636363635
/organization/knome,1,1,0.8795180722891566
/organization/cloudvertical,1,0,0.4909090909090909
/organization/talenz,0,0,0.13333333333333333
/organization/assuramed,1,1,0.5444444444444444
/organization/commsignia,0,0,0.06666666666666667
/organization/salestools-io,0,0,0.0
/organization/seewhy,1,1,0.9295774647887324
/organization/smartturn,0,1,0.6136363636363636
/organization/adquota,1,0,0.34523809523809523
/organization/daixe,0,0,0.13333333333333333
/organization/nukona,1,0,0.39655172413793105
/organization/prolexic,1,1,0.8795180722891566
/organization/cytheris,0,1,0.5612244897959183
/organization/earthmine,1,0,0.3695652173913043
/organization/sparkroom,1,1,0.5517241379310345
/organization/berkeley-design-automation,1,1,0.6666666666666666
/organization/signal-point-holdings,0,1,0.84
/organization/centrafuse,0,0,0.3684210526315789
/organization/mooscool,0,0,0.0379746835443038
/organization/navajo-systems,0,0,0.39655172413793105
/organization/goods-platform,0,0,0.4
/organization/prosight,1,1,0.5647058823529412
/organization/pole-star,0,0,0.3548387096774194
/organization/ksr,1,1,0.6307692307692307
/organization/pageonce,1,1,0.8795180722891566
/organization/kismet,0,1,0.5189873417721519
/organization/second-brain,0,1,0.5632183908045977
/organization/june-blackbox,0,1,0.5517241379310345
/organization/roxro-pharma,0,1,0.7746478873239436
/organization/adexact-corp,0,0,0.35185185185185186
/organization/rad-power-bikes,0,0,0.39655172413793105
/organization/new-media-gateway,1,1,0.9423076923076923
/organization/freebike-project,0,0,0.26
/organization/clarus-systems,1,1,0.8695652173913043
/organization/witsbits,1,0,0.28
/organization/vidable,0,0,0.3684210526315789
/organization/dolphinsearch,0,0,0.35185185185185186
/organization/savage-beast-technologies,0,1,0.7878787878787878
/organization/hyper-games,0,0,0.0
/organization/level-5-networks,1,1,0.6666666666666666
/organization/mir-vracha,0,1,0.5632183908045977
/organization/flocations,1,0,0.4387755102040816
/organization/lightside-labs,1,0,0.36363636363636365
/organization/adsage,1,1,0.8653846153846154
/organization/asian-food-channel,1,0,0.1917808219178082
/organization/colibria,1,1,0.54
/organization/entertainment-cruises,0,1,0.5714285714285714
/organization/somatix,0,0,0.09090909090909091
/organization/jobs-made-easy,0,0,0.19607843137254902
/organization/sha-sha,1,0,0.34523809523809523
/organization/oasys-mobile,0,1,0.7878787878787878
/organization/groupoff,0,0,0.4
/organization/profind,1,1,0.64
/organization/sdh-group,0,0,0.3548387096774194
/organization/suso,1,0,0.49206349206349204
/organization/trulia,1,1,0.8080808080808081
/organization/glam-2,0,1,0.6764705882352942
/organization/medd,0,0,0.09433962264150944
/organization/datria-systems,1,1,0.8469387755102041
/organization/wehostels,1,1,0.8222222222222222
/organization/penistone-road,0,0,0.013157894736842105
/organization/profibrix,1,1,0.7183098591549296
/organization/etelos,0,1,0.9423076923076923
/organization/logiclibrary,1,1,0.7631578947368421
/organization/elixir-pharmaceuticals,0,1,0.7746478873239436
/organization/mytoons,0,1,0.6625
/organization/sierra-logic,1,1,0.6666666666666666
/organization/integralreach,1,0,0.05063291139240506
/organization/dabble,0,0,0.28
/organization/trestletree,1,1,0.6764705882352942
/organization/mitu-2,0,0,0.0
/organization/gt-nexus,1,1,0.8253968253968254
/organization/mybenefitsource,0,1,0.5647058823529412
/organization/care-current,0,0,0.0
/organization/dailydeal,1,0,0.4444444444444444
/organization/zirtual,1,1,0.7241379310344828
/organization/ippies,0,0,0.013157894736842105
/organization/intruvert,1,1,0.9047619047619048
/organization/stockcastr,0,0,0.05063291139240506
/organization/swoodoo,1,0,0.25
/organization/markettools,1,1,0.7746478873239436
/organization/refer-ly,0,1,0.8222222222222222
/organization/newmarket-international,1,1,0.7631578947368421
/organization/reelation,0,0,0.013157894736842105
/organization/lawpath,0,0,0.42857142857142855
/organization/sochat,0,0,0.0136986301369863
/organization/drivemecrazy,0,0,0.1927710843373494
/organization/fanappz,0,0,0.19607843137254902
/organization/novasys,0,1,0.5540540540540541
/organization/redvax,1,0,0.13636363636363635
/organization/realine-technology,0,0,0.19642857142857142
/organization/crossing-automation,1,1,0.76
/organization/legolas-media,1,1,0.7241379310344828
/organization/collaborate-com,1,1,0.8222222222222222
/organization/diversified-natural-products,0,1,0.5647058823529412
/organization/gliatech,0,1,0.7631578947368421
/organization/n-able-technologies,1,1,0.7464788732394366
/organization/ludi-labs,0,0,0.20618556701030927
/organization/m-factor,1,1,0.7575757575757576
/organization/tradecard,1,1,0.9411764705882353
/organization/weiboagent,0,0,0.13636363636363635
/organization/adnexus,1,1,0.6666666666666666
/organization/zeroplus-com,0,0,0.20618556701030927
/organization/quik-io,1,1,0.8222222222222222
/organization/dansk-bredband,0,0,0.35185185185185186
/organization/packetmotion-inc,1,1,0.9074074074074074
/organization/spree-commerce,1,1,0.7241379310344828
/organization/polyvore,1,1,0.8653846153846154
/organization/jotvine-com,0,0,0.013157894736842105
/organization/wily-technology,1,1,0.8695652173913043
/organization/savored,1,1,0.6237623762376238
/organization/xyst,0,0,0.0
/organization/fablistic,0,0,0.42857142857142855
/organization/wavetec-vision,1,1,0.6307692307692307
/organization/dick-or-bro,0,0,0.39655172413793105
/organization/maintenancenet,1,1,0.5444444444444444
/organization/aductions,1,0,0.10526315789473684
/organization/play-with-pictures,0,0,0.0379746835443038
/organization/mavenir-systems,1,1,0.8795180722891566
/organization/corimmun,1,1,0.5050505050505051
/organization/adap-tv,1,1,0.6547619047619048
/organization/amitive,1,1,0.5113636363636364
/organization/bread-labs,1,1,0.6237623762376238
/organization/virtuoso-branding,0,0,0.0136986301369863
/organization/rehab-management-services,1,1,0.7631578947368421
/organization/viridity-software,1,1,0.76
/organization/spotie,1,0,0.013157894736842105
/organization/bahu,0,1,0.5632183908045977
/organization/rpo,0,1,0.7575757575757576
/organization/stix,0,0,0.4909090909090909
/organization/d-labs-2,0,0,0.32727272727272727
/organization/ultraprise-loan-technologies,0,0,0.38596491228070173
/organization/all-web-leads-inc,1,0,0.4339622641509434
/organization/bemba,0,0,0.4339622641509434
/organization/xtime,1,1,0.9122807017543859
/organization/autoweb-inc,1,1,0.6851851851851852
/organization/crowdberry,0,0,0.02
/organization/znode,1,0,0.26
/organization/aeromot,0,0,0.19540229885057472
/organization/trustedsafe,0,0,0.4
/organization/xpeerient,1,0,0.25
/organization/streamlyzer-inc,0,0,0.5
/organization/melodeo,1,1,0.5540540540540541
/organization/shashi-kumar,0,1,0.5612244897959183
/organization/cometa,0,0,0.013157894736842105
/organization/spectralinear,1,1,0.6547619047619048
/organization/synarc-2,1,1,0.7878787878787878
/organization/myla,1,1,0.7464788732394366
/organization/the-home-salon,0,0,0.34523809523809523
/organization/aep-networks,1,1,0.7631578947368421
/organization/real-time-content,1,0,0.3695652173913043
/organization/sothree,1,0,0.4
/organization/mentorwave-technologies,1,1,0.6764705882352942
/organization/signav-pty-ltd,0,0,0.48
/organization/brands4friends,1,0,0.3695652173913043
/organization/strongmail,1,1,0.9295774647887324
/organization/highview,0,0,0.06666666666666667
/organization/babble,1,1,0.5444444444444444
/organization/open-xchange,0,1,0.7183098591549296
/organization/am-beo,0,0,0.35185185185185186
/organization/the-lions,0,0,0.1927710843373494
/organization/reliant-technologies,1,1,0.8795180722891566
/organization/noza,1,1,0.6625
/organization/blueroads,1,1,0.6666666666666666
/organization/kaboodle,1,1,0.6625
/organization/wavesat,1,1,0.7183098591549296
/organization/saynow,1,1,0.7017543859649122
/organization/union-bay-networks,1,1,0.6851851851851852
/organization/podcast-llc,0,0,0.09259259259259259
/organization/bayshore-networks,0,0,0.0
/organization/braintech,0,1,0.5517241379310345
/organization/sepspensor,0,1,0.6625
/organization/zoot-2,0,0,0.26
/organization/divx,1,1,0.9032258064516129
/organization/canesta,1,1,0.9122807017543859
/organization/pintex-pharmaceuticals,1,1,0.9047619047619048
/organization/link-medicine,0,1,0.7575757575757576
/organization/qingdao-diancang-technology-infomation-co-ltd,0,0,0.013157894736842105
/organization/dovebid,1,1,0.9047619047619048
/organization/knova-software,1,1,0.5647058823529412
/organization/ruckus,1,1,0.5050505050505051
/organization/skypilot-networks,1,1,0.8080808080808081
/organization/inboxfever,0,0,0.4
/organization/netgamix-inc,0,0,0.36363636363636365
/organization/acuity-pharmaceuticals,1,1,0.5660377358490566
/organization/impedans,0,0,0.34523809523809523
/organization/digital-sports,1,1,0.5517241379310345
/organization/kaskado,0,0,0.39655172413793105
/organization/saffron-technology,1,1,0.6307692307692307
/organization/serious-business,1,1,0.5517241379310345
/organization/universitylyfe,0,0,0.25
/organization/reble,0,0,0.42857142857142855
/organization/trustradius,0,0,0.5
/organization/bufferbox,1,0,0.19298245614035087
/organization/liquidtalk,1,0,0.26
/organization/spot-influence,1,0,0.1927710843373494
/organization/littlefeet-inc,0,0,0.20618556701030927
/organization/centerpost-communications,1,0,0.46
/organization/lendix,0,1,0.5612244897959183
/organization/showthere,0,0,0.0
/organization/cloudkick,1,1,0.7213114754098361
/organization/appoxee,1,0,0.42857142857142855
/organization/sonda41,0,0,0.4642857142857143
/organization/freewheel,1,1,0.8653846153846154
/organization/vessix,0,1,0.5189873417721519
/organization/yadio,1,0,0.20618556701030927
/organization/x2impact,0,0,0.4782608695652174
/organization/vjive,0,0,0.09615384615384616
/organization/altitun,1,0,0.1774193548387097
/organization/screenhero,1,1,0.6851851851851852
/organization/vidient,0,1,0.8421052631578947
/organization/intelliworks,1,1,0.9295774647887324
/organization/flashline,1,1,0.5050505050505051
/organization/snapfinger,1,1,0.6237623762376238
/organization/sychip,1,1,0.8469387755102041
/organization/ziplist,1,1,0.6237623762376238
/organization/kulabyte,1,0,0.05063291139240506
/organization/chasqui-bus,0,0,0.013157894736842105
/organization/seniorsource,0,0,0.0379746835443038
/organization/step-labs,0,1,0.5540540540540541
/organization/celestial-semiconductor,1,1,0.6136363636363636
/organization/uncover-2,1,0,0.34523809523809523
/organization/meetme,0,1,0.84
/organization/similarity-systems,1,1,0.64
/organization/smarttime-software,0,1,0.7631578947368421
/organization/olivetree,0,0,0.0136986301369863
/organization/tutopia-com,0,0,0.1774193548387097
/organization/embedded-internet-solutions,0,0,0.49206349206349204
/organization/paymentusa-2,0,1,0.5647058823529412
/organization/sipphone,0,1,0.5540540540540541
/organization/playfirst,1,1,0.9295774647887324
/organization/runa,1,1,0.84
/organization/cambridge-devices,0,0,0.1917808219178082
/organization/mobileaccess-networks,1,1,0.796875
/organization/el-paso-networks,0,0,0.09615384615384616
/organization/dealstreet,0,0,0.4
/organization/resonext-communications,0,1,0.5119047619047619
/organization/adaptivio,1,1,0.5444444444444444
/organization/vidschool,0,0,0.13333333333333333
/organization/log607,1,0,0.4387755102040816
/organization/imrsv,1,1,0.8222222222222222
/organization/universal-robots,1,0,0.4931506849315068
/organization/energywindow,1,0,0.1643835616438356
/organization/liquefied-natural-gas,0,1,0.5050505050505051
/organization/traversa-therapeutics,0,1,0.64
/organization/compellent-technologies,1,1,0.6666666666666666
/organization/zao-com,1,1,0.5121951219512195
/organization/talentspring,1,0,0.45652173913043476
/organization/client24,0,0,0.4
/organization/cantex-pharmaceuticals,0,1,0.6764705882352942
/organization/cambridge-technology-enterprises,0,1,0.54
/organization/tibco-software-inc,1,1,0.8148148148148148
/organization/packetfront,1,1,0.5612244897959183
/organization/apriso,1,1,0.8695652173913043
/organization/stop-chill,0,0,0.014285714285714285
/organization/glassmap,1,1,0.6153846153846154
/organization/gizmoz,1,1,0.7575757575757576
/organization/codexa-2,0,0,0.14
/organization/soundtracker,1,0,0.4782608695652174
/organization/mad-mimi,1,0,0.10526315789473684
/organization/fly-labs,1,0,0.3684210526315789
/organization/jetaport,0,1,0.6237623762376238
/organization/playdemic,1,1,0.5915492957746479
/organization/spock,1,1,0.5113636363636364
/organization/network-chemistry,0,1,0.8695652173913043
/organization/crowdpatent,0,0,0.34523809523809523
/organization/bigband-networks,1,1,0.9047619047619048
/organization/foliodynamix,1,1,0.8653846153846154
/organization/equaleyes,0,0,0.0379746835443038
/organization/horse-creek-entertainment,0,0,0.37
/organization/uvize,1,0,0.19642857142857142
/organization/meriton-networks,1,1,0.54
/organization/touristway,0,0,0.19540229885057472
/organization/made-it,0,0,0.19642857142857142
/organization/soteira,0,1,0.5444444444444444
/organization/troika-networks,1,1,0.9122807017543859
/organization/endaga,1,0,0.4642857142857143
/organization/zyken-nightcove,1,0,0.42857142857142855
/organization/ps-xo,1,0,0.4642857142857143
/organization/thrucomm,0,0,0.35185185185185186
/organization/streamago,0,0,0.0136986301369863
/organization/apiphany,1,1,0.8222222222222222
/organization/kylin-therapeutics,0,0,0.4782608695652174
/organization/information-security-corporation,0,0,0.1774193548387097
/organization/peek-co,0,1,0.7017543859649122
/organization/oculus360,0,1,0.6851851851851852
/organization/krikle,0,0,0.2
/organization/digitalpersona,1,1,0.9047619047619048
/organization/bop-fm,0,1,0.8222222222222222
/organization/worldstor,0,1,0.5119047619047619
/organization/unsocial,0,1,0.5189873417721519
/organization/coresonic,1,1,0.5632183908045977
/organization/shopwell,1,1,0.5444444444444444
/organization/sulfercell,0,0,0.09615384615384616
/organization/ivita,0,0,0.46
/organization/semplice-energy,0,0,0.48
/organization/apsmart,1,0,0.39655172413793105
/organization/content-calendr,0,0,0.02
/organization/wer-liefert-was,1,1,0.7464788732394366
/organization/cdc-software-corporation,1,1,0.7746478873239436
/organization/rtn-stealth-software,0,0,0.1643835616438356
/organization/stackblaze,0,0,0.0379746835443038
/organization/edealya,1,1,0.5189873417721519
/organization/socialmatica,0,1,0.7213114754098361
/organization/luminary-micro,1,1,0.8421052631578947
/organization/tatara-systems,1,1,0.9295774647887324
/organization/avito-ru,1,1,0.8780487804878049
/organization/themarkets,1,1,0.9074074074074074
/organization/blekko,1,1,0.8795180722891566
/organization/luxji,0,0,0.013157894736842105
/organization/narrativewave-inc,0,0,0.09090909090909091
/organization/imagiin,0,0,0.4931506849315068
/organization/webevent,1,0,0.26
/organization/stream-4,0,0,0.06666666666666667
/organization/hipcricket,1,1,0.8795180722891566
/organization/positron-dynamics,0,0,0.39655172413793105
/organization/tablus,0,1,0.8795180722891566
/organization/ironport,1,1,0.9122807017543859
/organization/villij,1,0,0.1643835616438356
/organization/target-brazil,0,0,0.21739130434782608
/organization/alvesta,1,0,0.46
/organization/reverb-technologies,1,1,0.76
/organization/6th-sense-analytics,1,1,0.8695652173913043
/organization/browster,0,1,0.5113636363636364
/organization/pushbutton-labs,0,0,0.42857142857142855
/organization/jigsee,1,1,0.5915492957746479
/organization/bao-box,0,0,0.0
/organization/yibailin,0,0,0.0379746835443038
/organization/myminilife,1,0,0.4387755102040816
/organization/remotv,0,1,0.6625
/organization/vizify,1,1,0.8222222222222222
/organization/tastebud,1,1,0.8222222222222222
/organization/meevee,1,1,0.9295774647887324
/organization/dumbstruck,0,0,0.36363636363636365
/organization/broadcast-mobi,0,0,0.08333333333333333
/organization/videoiq,1,1,0.8795180722891566
/organization/trueflow,0,0,0.0136986301369863
/organization/onechip-photonics,0,1,0.5050505050505051
/organization/thoughtful-research-inc,0,0,0.13636363636363635
/organization/zengame-禅游科技,0,0,0.4
/organization/century-hospice,0,1,0.6470588235294118
/organization/nishan-systems,0,1,0.7105263157894737
/organization/gtronix,0,1,0.9295774647887324
/organization/qrgl,0,0,0.19298245614035087
/organization/objectworld-communications,1,1,0.64
/organization/gateway-edi,1,1,0.5517241379310345
/organization/enkia,1,1,0.7631578947368421
/organization/kombe-n-sepe-block,0,0,0.48
/organization/upviral,0,0,0.014285714285714285
/organization/synapticmash,1,1,0.5294117647058824
/organization/tweettv,1,1,0.5121951219512195
/organization/beamly,1,0,0.39655172413793105
/organization/cerion-technology,0,0,0.1917808219178082
/organization/carticipate,0,0,0.28
/organization/hara,1,1,0.6461538461538462
/organization/psicofxp-com,0,0,0.4230769230769231
/organization/elecar,0,0,0.013157894736842105
/organization/moonshoot,0,1,0.5444444444444444
/organization/chongqing-haifu-technology,0,1,0.5714285714285714
/organization/tubel-technologies,0,1,0.5647058823529412
/organization/crude-area,1,0,0.22
/organization/lysac-technologies,1,1,0.7464788732394366
/organization/mobile-roadie,1,0,0.4225352112676056
/organization/cognitive-security,1,0,0.34523809523809523
/organization/streamline,1,0,0.19642857142857142
/organization/vativ-technologies,1,1,0.6666666666666666
/organization/adviva,1,0,0.38596491228070173
/organization/vyre-limited,1,0,0.25
/organization/xelerated,1,1,0.8080808080808081
/organization/butcherbox,0,0,0.02
/organization/communify-health,0,0,0.13333333333333333
/organization/kidthing,0,1,0.6136363636363636
/organization/lightningcast,1,1,0.6625
/organization/greengoose,0,1,0.5189873417721519
/organization/lawpàdí,0,0,0.0
/organization/heyspace,0,0,0.4444444444444444
/organization/appthegame,1,1,0.8222222222222222
/organization/progress-financial-corporation,0,0,0.09259259259259259
/organization/bid-nerd,0,0,0.1927710843373494
/organization/alphaserv-com,0,0,0.1917808219178082
/organization/brightside-software,0,0,0.42857142857142855
/organization/nuvosun,1,1,0.6461538461538462
/organization/the-huffington-post-australia,0,0,0.0
/organization/kidzui,1,1,0.6547619047619048
/organization/twof,0,1,0.6136363636363636
/organization/trellis-technology,1,0,0.39655172413793105
/organization/pomogatel,0,0,0.3387096774193548
/organization/luminus-devices,1,1,0.6307692307692307
/organization/insiderpages,1,1,0.5540540540540541
/organization/inmoo,1,0,0.37
/organization/medipropharma,0,0,0.4387755102040816
/organization/rooms2night-llc,0,0,0.0
/organization/redfern-broadband-networks,1,1,0.5660377358490566
/organization/fasmatech-science-and-technology,0,0,0.1643835616438356
/organization/studiotweets,0,0,0.4
/organization/engage,0,1,0.5647058823529412
/organization/trust-mico,0,0,0.1320754716981132
/organization/dinglepharb,0,0,0.25
/organization/epiphany-digital,0,0,0.09090909090909091
/organization/solopower,1,1,0.6547619047619048
/organization/gentris,1,1,0.6764705882352942
/organization/sequoia-media-group,0,1,0.5540540540540541
/organization/centerbeam-inc,1,0,0.4230769230769231
/organization/nubot,0,0,0.13636363636363635
/organization/navimedix-2,0,1,0.5119047619047619
/organization/actional-garners,0,1,0.5119047619047619
/organization/autonavi,1,0,0.49206349206349204
/organization/tasted-menu,0,0,0.4225352112676056
/organization/pleg,0,0,0.26
/organization/stonestreet-one,1,1,0.8148148148148148
/organization/xanthus-pharmaceuticals,1,1,0.8469387755102041
/organization/spark-flow,1,0,0.0379746835443038
/organization/puentes-company,0,0,0.19607843137254902
/organization/banro-corporation,0,0,0.2641509433962264
/organization/complete-network-technology,1,1,0.64
/organization/embrella-cardiovascular,0,1,0.64
/organization/presidium-learning,1,1,0.64
/organization/pr2go-com,0,0,0.1643835616438356
/organization/chatham-therapeutics,1,0,0.36363636363636365
/organization/synovex,0,1,0.5517241379310345
/organization/canpages,1,1,0.5119047619047619
/organization/viigo,1,1,0.5612244897959183
/organization/koality,1,1,0.6851851851851852
/organization/syntaxin,1,1,0.5050505050505051
/organization/microinox,0,0,0.37
/organization/kickup,0,0,0.0
/organization/goby,1,0,0.45652173913043476
/organization/kublax,0,0,0.32727272727272727
/organization/openfeint,1,1,0.5517241379310345
/organization/cookstr,1,0,0.42857142857142855
/organization/membit-inc,0,0,0.0
/organization/aesica-pharmaceuticals,1,0,0.34523809523809523
/organization/navarro-discount-pharmacy,1,0,0.42857142857142855
/organization/nextg-networks,1,1,0.5540540540540541
/organization/village-laundry-service,0,1,0.5915492957746479
/organization/cylene-pharmaceuticals,0,1,0.6274509803921569
/organization/pi-corporation,1,1,0.5113636363636364
/organization/datadog-health,0,0,0.39655172413793105
/organization/berkna-wireless,1,1,0.9295774647887324
/organization/thought-network-s-a-s,0,0,0.013157894736842105
/organization/marvin,0,0,0.2
/organization/objective-logistics,1,1,0.9
/organization/sundrop-mobile,1,1,0.7213114754098361
/organization/gelato-io,1,0,0.06666666666666667
/organization/renegade-games,0,0,0.25
/organization/jinkosolar-holding,0,1,0.5612244897959183
/organization/innocutis,1,1,0.5444444444444444
/organization/whale-communications,1,1,0.9295774647887324
/organization/agilys,1,0,0.3
/organization/liligo-com,1,0,0.4931506849315068
/organization/brilliant-inc,0,0,0.13636363636363635
/organization/turbobotz,0,0,0.39655172413793105
/organization/kontera,1,1,0.8795180722891566
/organization/deploy-solution,1,1,0.8469387755102041
/organization/skyeng,0,0,0.08333333333333333
/organization/rainfinity,1,1,0.8695652173913043
/organization/socialbuy,0,0,0.25
/organization/xelerated-holdings,0,1,0.5660377358490566
/organization/knock-mart,0,0,0.0136986301369863
/organization/local-motion,1,1,0.7241379310344828
/organization/objectfx,1,1,0.8695652173913043
/organization/shoebuy,1,1,0.7878787878787878
/organization/service-metrics-inc,1,0,0.20618556701030927
/organization/nomermail-ru,0,0,0.013157894736842105
/organization/enable-holdings,1,1,0.8253968253968254
/organization/dealer-com,1,1,0.8148148148148148
/organization/orabrush,1,1,0.6237623762376238
/organization/transdimension,0,1,0.6625
/organization/quellan,1,1,0.9295774647887324
/organization/luphos-gmbh,1,0,0.09259259259259259
/organization/optimedica,1,1,0.8080808080808081
/organization/ansyn,0,0,0.19540229885057472
/organization/presidio-networked-solutions,1,1,0.6153846153846154
/organization/lonocloud,1,1,0.5121951219512195
/organization/communication-synergy-technologies,0,1,0.9423076923076923
/organization/fansnap,0,1,0.8653846153846154
/organization/appium-technologies,1,1,0.64
/organization/tempmine,0,0,0.2
/organization/replidyne,1,0,0.46
/organization/coppergate-communications,1,1,0.54
/organization/mobsmith,1,0,0.4387755102040816
/organization/treatfeed,0,1,0.6470588235294118
/organization/markafoni,1,0,0.4444444444444444
/organization/netspend,0,1,0.7878787878787878
/organization/crowdsavings,1,1,0.6237623762376238
/organization/decipher,1,0,0.1917808219178082
/organization/ameritv,0,0,0.49206349206349204
/organization/swaptree,0,1,0.5294117647058824
/organization/violife,0,1,0.6136363636363636
/organization/entrisphere,1,1,0.9122807017543859
/organization/tempo-ai-sri-spin-off-m,1,1,0.84
/organization/concur-technologies,1,1,0.7746478873239436
/organization/devilfish-poker-ltd,0,0,0.02
/organization/balanced,0,1,0.6237623762376238
/organization/outline-app,0,0,0.08333333333333333
/organization/altruik,1,1,0.9
/organization/sezmi,1,1,0.8653846153846154
/organization/orchestra-corporation,1,1,0.9032258064516129
/organization/ontela-2,1,1,0.6625
/organization/canfield-medical-supply,0,0,0.2
/organization/piramed,1,1,0.54
/organization/plugre-com,0,0,0.1927710843373494
/organization/icredit,0,0,0.39655172413793105
/organization/credant-technologies,1,1,0.6666666666666666
/organization/peerflix,1,1,0.64
/organization/bvfon-telecommunication,0,0,0.38596491228070173
/organization/software-com-2,0,0,0.06666666666666667
/organization/akimbi-systems,1,1,0.8695652173913043
/organization/plasmasi,0,1,0.7213114754098361
/organization/american-health,0,0,0.014285714285714285
/organization/essential-viewing,1,1,0.7464788732394366
/organization/enigmatic,0,1,0.7183098591549296
/organization/elemental-technologies,1,1,0.8795180722891566
/organization/certify-data-systems,1,1,0.7017543859649122
/organization/stellar-biotechnologies,0,1,0.6307692307692307
/organization/rempex-pharmaceuticals,1,1,0.6470588235294118
/organization/kreatech-diagnostics,1,1,0.5050505050505051
/organization/reddit,1,1,0.8421052631578947
/organization/battlepro,0,0,0.02
/organization/consera-software,1,1,0.8695652173913043
/organization/mysql,1,1,0.9295774647887324
/organization/medicard,0,0,0.09433962264150944
/organization/minekey,0,1,0.6625
/organization/zvents,1,1,0.8080808080808081
/organization/cover-lockscreen,1,0,0.4
/organization/snipd,0,0,0.2
/organization/ntag,1,1,0.64
/organization/adnavance-technologies,0,1,0.64
/organization/gazehawk,1,0,0.1917808219178082
/organization/perfect-market,1,1,0.8653846153846154
/organization/wireless-audio-ip-bv,1,0,0.49206349206349204
/organization/adtena-2,0,0,0.0
/organization/locasian,0,0,0.13333333333333333
/organization/paddle-mobile-payments,0,0,0.1320754716981132
/organization/sulmaq,0,0,0.25
/organization/bellwave-co,1,0,0.2641509433962264
/organization/psiloquest,0,0,0.35185185185185186
/organization/sleep-nation,0,1,0.7241379310344828
/organization/lensar,1,1,0.8795180722891566
/organization/freewebs,1,1,0.6666666666666666
/organization/visualnest,0,0,0.1643835616438356
/organization/fintech-asia,0,0,0.0
/organization/1bib,0,0,0.4931506849315068
/organization/zmags,1,1,0.8795180722891566
/organization/ls9,1,1,0.6547619047619048
/organization/veotag,1,1,0.6625
/organization/cleanapp,0,0,0.2
/organization/priceadvice,0,0,0.39655172413793105
/organization/socialpicks,1,0,0.37
/organization/juupstore,0,0,0.13636363636363635
/organization/eusa-pharma,1,1,0.8780487804878049
/organization/golden-gateway-financial-inc,0,1,0.5540540540540541
/organization/iceberg,1,0,0.42857142857142855
/organization/rhythm-newmedia,1,1,0.6547619047619048
/organization/kellogg-media-group,0,1,0.7575757575757576
/organization/randv,0,0,0.49206349206349204
/organization/covario,1,1,0.7575757575757576
/organization/infopia,0,1,0.9032258064516129
/organization/lionside,1,0,0.45652173913043476
/organization/verafin,0,1,0.5612244897959183
/organization/causes,1,1,0.8653846153846154
/organization/popset,0,0,0.5
/organization/onerecovery,1,1,0.8795180722891566
/organization/rocket-heater-gamera,0,0,0.0
/organization/kite,0,0,0.5
/organization/claros-diagnostics,1,1,0.64
/organization/staq,1,0,0.4642857142857143
/organization/zattoo,1,1,0.5113636363636364
/organization/comcam,0,0,0.4782608695652174
/organization/clean-mobile,1,1,0.5612244897959183
/organization/care-team-connect,1,1,0.5444444444444444
/organization/bizmore,0,0,0.42857142857142855
/organization/oneriot,1,1,0.7575757575757576
/organization/choomogo,0,0,0.2
/organization/activecloud,0,0,0.09433962264150944
/organization/phillips---temro-industries,1,1,0.5647058823529412
/organization/lexity,1,1,0.7241379310344828
/organization/mediameeting,0,0,0.20618556701030927
/organization/zeevo,1,1,0.5660377358490566
/organization/rapportive,1,1,0.5121951219512195
/organization/inhibitex,1,1,0.9122807017543859
/organization/izze-beverage,0,1,0.6666666666666666
/organization/advanced-mobile-solutions,1,1,0.9423076923076923
/organization/sunovia,0,1,0.5294117647058824
/organization/allpix-innovation,0,0,0.013157894736842105
/organization/enstratus,1,1,0.5517241379310345
/organization/annovation-biopharma,1,1,0.84
/organization/stitch,1,1,0.6851851851851852
/organization/st-barths-online,0,0,0.19540229885057472
/organization/posterous,1,1,0.7017543859649122
/organization/neolinear,1,0,0.20618556701030927
/organization/common-ground,0,0,0.32075471698113206
/organization/multispectral-imaging,1,0,0.38596491228070173
/organization/clear2pay,1,1,0.8780487804878049
/organization/panoptic-security,1,1,0.6153846153846154
/organization/i2we,0,0,0.3548387096774194
/organization/skydata-systems,0,1,0.5517241379310345
/organization/setjam,1,0,0.4387755102040816
/organization/awesometouch,1,0,0.26
/organization/iclinix,0,0,0.4444444444444444
/organization/bureau-of-trade,1,0,0.45652173913043476
/organization/micromuscle,0,0,0.4339622641509434
/organization/humanoid,1,1,0.5189873417721519
/organization/retrevo,1,1,0.5113636363636364
/organization/for-your-imagination,0,0,0.3548387096774194
/organization/eons,0,1,0.7575757575757576
/organization/sport-telegram,0,0,0.08333333333333333
/organization/open-range-communications,0,1,0.6470588235294118
/organization/ubidyne,0,1,0.8421052631578947
/organization/maplin-electronics,1,0,0.2641509433962264
/organization/dropcam,1,1,0.72
/organization/verse-2,0,0,0.0136986301369863
/organization/clipclock,0,0,0.42857142857142855
/organization/bestboy-keyboard,0,0,0.08333333333333333
/organization/atritech,1,1,0.6274509803921569
/organization/fashism,0,0,0.3684210526315789
/organization/selatra,1,1,0.6764705882352942
/organization/big-bear-entertainment,0,0,0.37
/organization/serverengines,1,1,0.6470588235294118
/organization/adea,1,1,0.9423076923076923
/organization/txt4,0,0,0.32727272727272727
/organization/3lm,1,0,0.4
/organization/znapshop,0,0,0.013157894736842105
/organization/pinpoint-networks,0,0,0.1774193548387097
/organization/nimbus-communications,0,0,0.09615384615384616
/organization/crowdsling,0,0,0.05063291139240506
/organization/emergent-views,0,0,0.39655172413793105
/organization/editgrid,0,0,0.32727272727272727
/organization/realitywave,1,0,0.4
/organization/sirific-wireless,1,1,0.9122807017543859
/organization/appthwack,1,0,0.4387755102040816
/organization/locox-com,0,0,0.3684210526315789
/organization/duel,0,0,0.08333333333333333
/organization/iwaboo-inc,0,0,0.014285714285714285
/organization/healthlok,0,1,0.6625
/organization/ludic-labs,1,0,0.20618556701030927
/organization/photop-technologies,1,0,0.4444444444444444
/organization/zelena-posta-2,0,0,0.13636363636363635
/organization/energy-51,0,0,0.35185185185185186
/organization/feedo,1,0,0.06666666666666667
/organization/gonevaca-2,0,0,0.0
/organization/archive-2,0,0,0.46
/organization/firepower-technology,0,0,0.19642857142857142
/organization/innoprise-software,0,1,0.5647058823529412
/organization/photorocket,0,1,0.7213114754098361
/organization/trust-digital,1,1,0.8421052631578947
/organization/biontis,0,1,0.5714285714285714
/organization/late-nite-labs,1,0,0.45652173913043476
/organization/ceon,1,1,0.9423076923076923
/organization/zyncro,1,1,0.5915492957746479
/organization/openera,1,0,0.1320754716981132
/organization/domzdrowia-pl,0,0,0.09259259259259259
/organization/vyance,0,0,0.09090909090909091
/organization/libox,0,0,0.32727272727272727
/organization/alamak-espana-trade,0,1,0.64
/organization/brigade-corporation,0,1,0.5119047619047619
/organization/socialsamba,0,0,0.26
/organization/mylifebrand,0,0,0.20618556701030927
/organization/ko-brite,0,0,0.35185185185185186
/organization/trademarknow,0,1,0.6851851851851852
/organization/medistream,1,0,0.4642857142857143
/organization/gammasite,0,0,0.20618556701030927
/organization/thrive-6,0,0,0.06666666666666667
/organization/grauna-aerospace,0,0,0.1917808219178082
/organization/imubit,0,0,0.0
/organization/grow-mobile,1,1,0.6851851851851852
/organization/satnav-technologies,0,0,0.4444444444444444
/organization/vjsual-yym-media-solutions-gmbh,0,0,0.014285714285714285
/organization/groundedpower,1,1,0.7213114754098361
/organization/inuk-networks,1,1,0.5050505050505051
/organization/producteev,1,1,0.7213114754098361
/organization/innovative-metabolics,0,0,0.09615384615384616
/organization/cleversafe,1,1,0.8795180722891566
/organization/navic-networks,1,1,0.7105263157894737
