startup_id,actual,predicted,score
/organization/us-dry-cleaning-services,0,1,0.6250643159633288
/organization/tweetflow,0,0,0.06717043174389706
/organization/ntelagent,1,1,0.5197439962400143
/organization/solace-pharmaceuticals,0,0,0.1028773707921765
/organization/charitweet,0,0,0.07034848455224613
/organization/revit-technology-corporation,0,1,0.5315355118724723
/organization/on2,1,1,0.7151871228062734
/organization/retalika,0,0,0.07379452248353588
/organization/sharecruit,0,0,0.25471395686089066
/organization/metafor-software,1,1,0.5012802300015458
/organization/alnara-pharmaceuticals,1,1,0.7494112648231213
/organization/iemo,1,0,0.406277407217249
/organization/torbit,1,0,0.3581773844305932
/organization/popjam,0,1,0.5239767450704577
/organization/stumbleupon,1,1,0.8751132629198081
/organization/seeo,1,1,0.6885002113791778
/organization/game-trading-technologies-inc,0,1,0.5725644919203294
/organization/zlango,0,0,0.09649427061819081
/organization/calcimedica,0,1,0.8825253879548971
/organization/outspark,1,1,0.7596108633376533
/organization/engana-pty,0,1,0.6709139463341586
/organization/team-my-mobile,0,0,0.45039700270113164
/organization/open-environment-corporation,0,1,0.9350712370456385
/organization/castiron-systems,1,1,0.9237864264409368
/organization/packethop,0,1,0.6999992241421485
/organization/datalogix,1,1,0.9170716009163868
/organization/trinity-biosystems,0,1,0.8433479673845229
/organization/sitestar,0,1,0.7980923578622758
/organization/weezic,1,0,0.23328618315962613
/organization/mathsoft-engineering-education,1,1,0.7828551610600243
/organization/lamina,0,0,0.08251585149508553
/organization/freedom2,0,0,0.4557223083500602
/organization/lorus-therapeutics,0,1,0.6924274038543576
/organization/xenome,0,1,0.6726504036848647
/organization/avidia,1,1,0.8063303682266181
/organization/nanox,0,0,0.47449037737520106
/organization/adaytum,1,0,0.26034264099561677
/organization/firefly-bioworks,1,1,0.5500799397899655
/organization/sigma-networks-2,0,1,0.7941828533534568
/organization/invivo-therapeutics,0,0,0.4863376336084938
/organization/landis-gyr,1,1,0.9762914644440216
/organization/epresence,1,1,0.6960068100280324
/organization/mojo-labs-co,0,0,0.20955160761384387
/organization/the-locker-room,0,0,0.39809971199350225
/organization/sense-networks,1,1,0.7701743062686045
/organization/workwell-systems,1,1,0.5539204108551348
/organization/spogo-inc,1,0,0.28218215502877964
/organization/v-secure-technologies,1,1,0.600896216309953
/organization/cyberdefender,0,1,0.8001726224838441
/organization/secure-data-in-motion,1,1,0.7737270184878066
/organization/oni-systems,1,1,0.9257816071419096
/organization/ibaax,0,0,0.041839389755190984
/organization/coreexpress,1,1,0.8170899317876666
/organization/storify,1,1,0.5995034192369936
/organization/truanttoday,0,0,0.475167433813431
/organization/wild-east-group,1,0,0.10451274499774028
/organization/people-over-pixels,0,0,0.08616780672082051
/organization/technimark,0,0,0.14692811699024902
/organization/wysiwyg,1,0,0.21002862607304065
/organization/finaho,0,0,0.3318074722542556
/organization/trepic-inc,0,0,0.0671110510242937
/organization/identyx,1,0,0.2140272770343805
/organization/livekick,0,1,0.6047743563478017
/organization/goco-op,0,1,0.7018922462993968
/organization/tranz-send,0,0,0.09329299474130827
/organization/tissueinformatics,1,1,0.6006638133595414
/organization/healthcaremagic,1,1,0.5272803356059179
/organization/site9,0,1,0.7621601781524857
/organization/onstate,1,1,0.5483507069652779
/organization/maps-indeed,0,0,0.3014261652985083
/organization/pressquote,0,0,0.3479172593787544
/organization/revealr-software-limited,1,0,0.3764888370151424
/organization/udex,1,1,0.749545373335846
/organization/wepress-app,0,0,0.054694552224800956
/organization/super-heat-games,0,0,0.4411335417670685
/organization/ablation-frontiers,1,1,0.6308133178587813
/organization/prepayme,0,0,0.16044230382104505
/organization/beeline-technologies,1,1,0.6806256133409049
/organization/launchrock,1,1,0.5656737205299126
/organization/notifo,0,1,0.5261598449248688
/organization/hyperquest,1,0,0.30713523827766204
/organization/hive-media,0,0,0.4497588858565503
/organization/360commerce,1,1,0.7014961645923982
/organization/solomio,1,1,0.7676394258960129
/organization/hycrete-2,1,1,0.7156811822506717
/organization/squla-2,0,0,0.08378297749817788
/organization/morta-security,1,0,0.3811980524802089
/organization/appssavvy,0,1,0.8161049185144318
/organization/ecourier,1,1,0.7648050652046523
/organization/chlorogen,0,1,0.7515238209279294
/organization/ground-zero-group-corporation,0,0,0.14310997077686263
/organization/n2-broadband-2,1,1,0.617052121626534
/organization/power-com,0,1,0.623005247521065
/organization/himily,0,0,0.05554865336858471
/organization/made-in-w-inc,0,0,0.27817194882292084
/organization/sonitus-medical,0,1,0.8638098589402146
/organization/ccs-environmental,0,0,0.3825269332561232
/organization/buysimple,0,0,0.4199113272756915
/organization/visumotion,1,0,0.34551011835910683
/organization/axonx,1,0,0.4688617978490993
/organization/prediction-dynamics,0,0,0.4934077752958506
/organization/saferent,1,0,0.4680023377330713
/organization/drc-computer,1,0,0.4579886952163527
/organization/national-transcript-center,1,1,0.6415437687723833
/organization/lynx-design,1,0,0.41545672444226284
/organization/nile-guide,1,1,0.7749841982924802
/organization/robodrom,0,0,0.04512752080432146
/organization/esali-ebusiness-agency,0,0,0.0821151732928008
/organization/lex-machina,1,1,0.690158166400926
/organization/music-nation,0,1,0.5103490758338046
/organization/the-niche-project-inc,1,0,0.4697639622329977
/organization/fyreball,0,0,0.411267331488372
/organization/tastynow-com,0,0,0.1675339513519787
/organization/one-source-networks,1,1,0.5679236174799547
/organization/springleaf-therapeutics,0,1,0.5871666953655695
/organization/boatflex,0,0,0.0930383856759248
/organization/peakstream,1,1,0.811334686825959
/organization/aires-pharmaceuticals,1,1,0.6356784689140766
/organization/escapia,1,1,0.7433420114684902
/organization/vivity-labs,1,0,0.41113696040482167
/organization/trapster,1,1,0.5444650144463423
/organization/arcplan-information-services-ag,1,1,0.7455107836162583
/organization/tricipher,1,1,0.9268438762061979
/organization/prompt-associates,1,1,0.574377189445068
/organization/comdominio,0,0,0.3011508431500771
/organization/gridpotential,0,0,0.1167772736988062
/organization/trendslide,1,0,0.2987612818215699
/organization/city-grade,0,0,0.16743172642963194
/organization/onemove-technologies,1,1,0.566695631629604
/organization/trak,0,0,0.3265218970303896
/organization/newsvine,1,1,0.6343334340823951
/organization/servo-software,1,1,0.5927755121995393
/organization/thinglabs,1,1,0.6516457402595834
/organization/sharegrove,1,1,0.5926206556171505
/organization/moverati,0,0,0.3882301633659751
/organization/alenty,1,0,0.41345774583930556
/organization/imaste,1,1,0.5253636537344679
/organization/shopzilla,1,1,0.9080872266372761
/organization/spabooker,1,0,0.3954787525748515
/organization/taglabs,0,0,0.371694258203804
/organization/debt-market,1,1,0.5625430403142994
/organization/keyneurotek-pharmaceuticals,0,0,0.4440568560963781
/organization/myndnet,0,1,0.5143729370302375
/organization/orphidia-2,0,0,0.11273214581172247
/organization/talima-therapeutics,0,1,0.6275668257130742
/organization/gbox,0,1,0.5234820391001789
/organization/commercetools,1,1,0.5892259568558129
/organization/aeristech-limited,0,0,0.13913669171714582
/organization/la-roquette,0,0,0.07379452248353588
/organization/constella-group,1,1,0.851161396475164
/organization/langolab,0,0,0.09543191151660887
/organization/mooville,0,0,0.11101234793617713
/organization/pult,0,0,0.41788205609728807
/organization/kai-pharmaceuticals,1,1,0.7228996299638618
/organization/loopfuse,1,1,0.5819260245577919
/organization/narus,1,1,0.8782944005305334
/organization/tripscan,0,0,0.393493597556083
/organization/sensible-lender,0,0,0.1169639382292314
/organization/avaki-now-sybase-sap,1,1,0.917421034689531
/organization/viralheat,1,1,0.7066565228283535
/organization/gigi-hill,0,0,0.4659809605689705
/organization/moonlighting-3,0,0,0.05554865336858471
/organization/lefthand-networks,1,1,0.8571334141598612
/organization/privatecore,1,0,0.4735133147940732
/organization/sequoia-communications,0,1,0.9143320569806678
/organization/particle-code,1,1,0.5763994720056839
/organization/adjug,1,1,0.6713104030714236
/organization/playdom,1,1,0.8157192063632515
/organization/lincare,0,1,0.5922231177821035
/organization/babyboom-ru,0,0,0.1883809377537832
/organization/ceptaris-therapeutics,1,1,0.6714066741310951
/organization/cardiac-pathways-corp,1,0,0.456475878552752
/organization/edutise,0,0,0.0671110510242937
/organization/netretail-holding,1,1,0.7514452001503981
/organization/vaccsys,0,0,0.48232598879609695
/organization/entrigue-surgical,1,1,0.6715839532185928
/organization/facetags,0,0,0.2361585919018664
/organization/nodeable,1,1,0.6853222377741739
/organization/paver-downes-associates,0,1,0.6489484780953573
/organization/schoolwires,1,1,0.7591832066541233
/organization/monii,0,0,0.04578183010048039
/organization/nanonexus,0,1,0.7681070797659953
/organization/velio-communications,1,1,0.8398716744301808
/organization/perfect-audience,1,0,0.41479021741839706
/organization/aggregateknowledge,1,1,0.9393672994259654
/organization/adeptence,0,0,0.428920795529009
/organization/linkua,0,1,0.5759953782602981
/organization/photosecure,1,0,0.3879633367651262
/organization/newworld-communications-2,0,1,0.5235929971798137
/organization/petvet-technologies-inc,0,0,0.17005462941963836
/organization/soliant-energy,1,1,0.5626226425994448
/organization/prenova,1,1,0.6545685257150778
/organization/hearsay-it,0,0,0.09411493146070367
/organization/atipica,0,0,0.009855115680036048
/organization/goblack-2,0,0,0.019009304353048883
/organization/accertify,1,1,0.6947943784544178
/organization/sensa-io,0,0,0.05309319047337935
/organization/mixandmeet,0,0,0.39046303961788664
/organization/amit-anand,0,0,0.030351198704859136
/organization/g-banker,0,0,0.32768817846490933
/organization/radiance,1,0,0.41712209088375046
/organization/broadbus,1,1,0.8728582713009138
/organization/casino-vr,0,0,0.1224412396143585
/organization/eco-films,0,0,0.0932486742769647
/organization/dara-biosciences,1,1,0.5317723108056903
/organization/adwings,0,0,0.17059044022638883
/organization/ham-it,0,0,0.3856600052399502
/organization/fastconnect,1,1,0.5902143836482558
/organization/weshow,0,1,0.6016429653877368
/organization/retail-convergence,1,1,0.7411298109525652
/organization/eyeona,0,0,0.476764397662589
/organization/vanatec,1,0,0.49987144945194184
/organization/grabcad,1,1,0.7508332186715313
/organization/fairshare,0,0,0.18941769840007994
/organization/jetpac,1,0,0.34961887609283765
/organization/actsocial,1,1,0.537430330260901
/organization/valuecrates,0,0,0.17440687863564033
/organization/rockola-media-group,0,0,0.48561380725957093
/organization/ezlike,1,0,0.1567431058886004
/organization/mobipocket-com,1,0,0.25771632386541576
/organization/cytodome-inc,0,0,0.325678719289987
/organization/cellmax-2,0,0,0.11816829605288076
/organization/crowdhall,0,0,0.4869485641660416
/organization/oakleaf-waste-management,1,1,0.6984357697022258
/organization/pyxis-technology,1,1,0.7593846376374846
/organization/time-for-medicine-limited,0,0,0.21562328794872723
/organization/tbi-connect,0,0,0.46091230433960506
/organization/infrastruct-security,0,1,0.7715691359634536
/organization/nuro-pharma,0,0,0.3454630410104819
/organization/epy-io,0,0,0.43160194982090644
/organization/jobscrush,0,0,0.10875193373955445
/organization/galecto-biotech,1,0,0.3367874931725624
/organization/cloudscaling,1,1,0.7589113209089543
/organization/zeebo,0,1,0.7118436476981355
/organization/poll-me-ltd,0,0,0.25066203217039057
/organization/nanostim,0,1,0.7359108755614651
/organization/adjacent-applications,0,0,0.3487246150362695
/organization/neovision-hypersystems,1,1,0.7783796785611294
/organization/chromance,0,1,0.710931890778913
/organization/celequest-corp,1,1,0.7298575325854658
/organization/navman,1,1,0.6639054912782989
/organization/protego-networks,1,1,0.706129546223199
/organization/meinprospekt,1,0,0.4283429874103309
/organization/intellione,1,1,0.505097722154655
/organization/socialcast,1,1,0.8202647840244934
/organization/parametric-dining,0,1,0.5595921433963189
/organization/keepy-robot,0,0,0.1041226533467242
/organization/dyyno,0,1,0.8189121553005279
/organization/flagr,0,1,0.5761749384442739
/organization/quanlight,0,0,0.27874881839781024
/organization/yongopal,0,0,0.43401505126563367
/organization/magma-hq,1,0,0.34427738369953126
/organization/photon-fluid,0,0,0.4565508981545418
/organization/pcd-partners,0,0,0.39346274894793787
/organization/heureka-software-llc,0,0,0.4651854177513556
/organization/allpeers,0,1,0.5550289811901361
/organization/u-s-fiduciary,0,1,0.6595419388934799
/organization/parlance,0,0,0.05295351213422005
/organization/pando-networks,1,1,0.789430652596977
/organization/ask-com,1,1,0.8513043953809156
/organization/klosetshop,0,0,0.07540943549982866
/organization/sprig-toys,1,0,0.2878433980459574
/organization/mvalent,1,1,0.6032349415116203
/organization/consortemedia,1,1,0.7849727449262768
/organization/multi-amp-engineering-sdn,0,1,0.514870248924075
/organization/naurex,1,1,0.8272121129679837
/organization/conservus-international,0,0,0.4551215333214763
/organization/distil-interactive,1,1,0.6563383701334544
/organization/signicast,0,1,0.5799890060882789
/organization/stupsr,0,0,0.015248870732762846
/organization/shopss-com,0,0,0.1682502277970366
/organization/cn-creative,1,0,0.2639301050030626
/organization/eden-rock-communications,1,1,0.5145027431804995
/organization/headmix,0,0,0.489775885789621
/organization/doubloon,0,0,0.3246386606594482
/organization/the-carrot-company,1,0,0.4346210240941421
/organization/metasolv,1,1,0.8446789355480048
/organization/glidepath-power,0,0,0.05554865336858471
/organization/cookdinner,0,0,0.3607787656821804
/organization/cambridgesoft,1,1,0.9167603995842322
/organization/feedmob,0,0,0.040183728427583866
/organization/gosave,0,0,0.4144157214543964
/organization/complient,0,0,0.10858715055676525
/organization/optimenga777,0,0,0.11141709396281807
/organization/insight-communications,1,1,0.769660959484915
/organization/nearbuy-systems,1,1,0.7621956519154444
/organization/softwriters-holdings,1,1,0.7131538580778247
/organization/interspiresubmit,0,0,0.230434525127023
/organization/apture,1,1,0.7274540688079955
/organization/global-employment-solutions,1,0,0.25674650196644555
/organization/callaround,0,0,0.03867287509285751
/organization/land-systems-corp,0,0,0.4121190618454755
/organization/foldax,0,0,0.25692327088372946
/organization/app-in-the-air,0,0,0.1138628180312782
/organization/e-security-inc,1,1,0.7665673414991832
/organization/livio-radio,1,1,0.7035130836286705
/organization/tencho-technology,0,1,0.5465668281967613
/organization/podbridge,0,0,0.21886406425013197
/organization/messageone,1,1,0.7387095511401031
/organization/bzzagent,1,1,0.8410465353823572
/organization/alantos-pharmaceuticals,1,1,0.7070704612515254
/organization/prochon-biotech,1,0,0.39306199583639956
/organization/rontal-applications,1,1,0.610360958395047
/organization/sun-catalytix,1,1,0.6329474064066161
/organization/lovely,1,1,0.6709615510968716
/organization/ridescout,1,1,0.5556008005021592
/organization/cascades-development,0,0,0.19978633102435714
/organization/messagingdirect,0,0,0.12555939286524337
/organization/icondial,0,0,0.1541300967774166
/organization/navihealth,1,1,0.5979346877431777
/organization/the-vendare-group,0,0,0.2221792663853607
/organization/cognea,1,0,0.43753340079870684
/organization/reactivity,1,1,0.8366078601699453
/organization/eurobox,0,0,0.3221675015476514
/organization/selstor,1,1,0.6913432782162724
/organization/chirp,1,1,0.7059371857959267
/organization/positivefeedback,1,1,0.7407536446563062
/organization/simplyprose,0,0,0.14751926010427832
/organization/moy-univer,0,0,0.04667879663942918
/organization/monis,1,0,0.27898976890387883
/organization/bioenvision,0,1,0.6613536536723581
/organization/alandia-communication-systems,0,0,0.27618363142210584
/organization/tipcat-interactive-沙舟信息科技,0,0,0.3246386606594482
/organization/world-reviewer,0,0,0.4222336532909034
/organization/roomtag,1,1,0.5213217750171292
/organization/gamelayers,0,1,0.5851890273349917
/organization/velocix,1,1,0.7980573968392418
/organization/acquaintable,1,0,0.1802555483670496
/organization/fast-society,0,0,0.37019945011020566
/organization/lavastorm-analytics,1,1,0.7957848470905502
/organization/tg-publishing,1,1,0.5726249876732563
/organization/bytelight,1,1,0.5924393381571703
/organization/power-analog-microelectronics,0,1,0.6277630343443473
/organization/amerivault,1,0,0.20348186799686213
/organization/topsy-labs,1,1,0.9260477671088273
/organization/moxie-sports-inc,0,0,0.11843728007849962
/organization/moment-me,1,1,0.5246444502873207
/organization/wedeliver,1,0,0.3804059935225923
/organization/habiteo,0,0,0.29280415890087397
/organization/iviz-security,1,1,0.7965293936582596
/organization/tandem-labs,0,1,0.8116903957218713
/organization/black-is-pink,0,0,0.10795161237535866
/organization/accenx-technologies,1,1,0.7540582053651416
/organization/corechange,1,1,0.8443776903436551
/organization/metamoorephosis-games,1,1,0.6299540575070586
/organization/isites,0,0,0.14132756183418532
/organization/rerecipe,0,0,0.26595886441933564
/organization/likebetter-com,0,0,0.2847720654015299
/organization/piczo,1,1,0.7513502292238243
/organization/icontact,1,1,0.8980771396267612
/organization/the-wet-seal,1,1,0.5876776347568727
/organization/upnext,1,0,0.4037889991723117
/organization/done,0,0,0.4099400871233155
/organization/tinypay-me,0,0,0.4547062450602633
/organization/formative-labs,0,0,0.4297539502985471
/organization/slideshare,1,1,0.5886223688996336
/organization/ciphertrust,1,1,0.8501221674172607
/organization/fat-spaniel-technologies,1,1,0.7250159805872745
/organization/design-clinicals,1,0,0.4561617747898171
/organization/lymphosign,1,1,0.6856861419861892
/organization/unavailable-org-gmbh,0,0,0.15836215525119743
/organization/face8,0,0,0.05295351213422005
/organization/cell-mining,0,0,0.05295351213422005
/organization/letterme,0,0,0.17005462941963836
/organization/treatful,1,0,0.22199293954714863
/organization/price-interactive,1,0,0.4506533349921992
/organization/qubell,1,0,0.471853695843678
/organization/adecn,1,1,0.699913246957222
/organization/big-fish-games,1,1,0.8549432731784798
/organization/mediamap-inc,1,1,0.6559284517334503
/organization/clickequations,1,1,0.6459815995028467
/organization/unruly,1,1,0.6702014493047128
/organization/kewego,1,1,0.6909681203021139
/organization/mbeat-media,0,1,0.5507834689901929
/organization/acme-packet,1,1,0.8130713446566497
/organization/cleverset,1,1,0.6703076319776525
/organization/fastnet,0,0,0.28500854885041155
/organization/syft-2,0,0,0.13069914811688882
/organization/rewarding-return,0,0,0.12172231877438319
/organization/meggatel,0,0,0.4983625600039768
/organization/computication,0,1,0.5447039945035815
/organization/limo-taxi,0,0,0.21281901928561384
/organization/monument,0,0,0.06745593990129363
/organization/libretto,0,0,0.09242942633701198
/organization/tidalwave-trader,0,0,0.41858998000855924
/organization/hunch,1,1,0.7668118194659413
/organization/auctionpay,1,1,0.6752845413379498
/organization/the-logic-group,1,1,0.6254985221884903
/organization/xpede,1,1,0.8284097720458846
/organization/cardiokine,1,1,0.641608460127499
/organization/get-in,0,1,0.596647630420062
/organization/gamee,0,0,0.15132544994820354
/organization/mogotix,0,0,0.28956843667215715
/organization/query-hunter,0,1,0.7108080920258736
/organization/superderivatives,1,1,0.8480678321014011
/organization/character-booster,0,0,0.06717043174389706
/organization/tube2tone,0,0,0.316158061380607
/organization/food-on-the-table,1,1,0.5633509957864585
/organization/kosei,1,1,0.500204408536187
/organization/hemoteq,1,1,0.7334697133908897
/organization/hands-on-mobile,1,1,0.7775137853784948
/organization/cuil,0,1,0.7177875889342928
/organization/jott,1,1,0.7071220068582866
/organization/brabeion-software,1,1,0.8357179753855447
/organization/coinzone,1,0,0.24670133628387833
/organization/neovasc,0,1,0.7066886162900458
/organization/voicendo,0,1,0.5503447350915757
/organization/omthera-pharmaceuticals,1,1,0.7114714994899375
/organization/taidii,0,0,0.02585097064119835
/organization/print-inc,1,1,0.7731051520705834
/organization/western-window-systems,0,0,0.05295351213422005
/organization/classiphix,0,0,0.16833659974148452
/organization/mikme,0,0,0.044650490068038645
/organization/unveil-technologies-2,0,1,0.6727494730275471
/organization/tripeese,1,0,0.19375610942723154
/organization/o2gen-solutions,0,0,0.058263152685040384
/organization/neoguide-systems,1,1,0.8187094072522119
/organization/doctor-driven-systems,1,0,0.2495067166275798
/organization/tradehill,0,0,0.35371824292521314
/organization/scion-cardio-vascular,0,0,0.46862188276523936
/organization/executive-channel,0,0,0.4646384702050737
/organization/imindi,0,0,0.356741048639133
/organization/genetic-anomalies,1,0,0.12203124528706613
/organization/lilluxe,0,0,0.4428313250173571
/organization/tehnologii-obratnyh-zadach,0,0,0.10235654243427088
/organization/decisio-health,0,0,0.17803090516499945
/organization/shopigniter,1,1,0.6918623320896099
/organization/clicvu,0,1,0.5726249876732563
/organization/docebo,1,1,0.6957219469483117
/organization/evolution-robotics,1,1,0.7590178432265241
/organization/immune-control,1,1,0.669677189881274
/organization/proxeon,1,0,0.2535236493779372
/organization/viewfinity,1,1,0.9077801025108649
/organization/ecora,0,1,0.6191722212958541
/organization/aladdin-media-holdings,0,0,0.38047589718892955
/organization/echo-automotive,0,0,0.1994663017548256
/organization/polo-motorrad,0,0,0.07483251586064185
/organization/fliqz,1,1,0.7683893715632806
/organization/cognection,0,0,0.20460277107218294
/organization/windensity,0,1,0.5300418795087207
/organization/buyrentkenya-com,0,0,0.4079494118414164
/organization/art-loft,0,0,0.227753307626461
/organization/legra-systems-inc,1,1,0.7951412838182688
/organization/achievers,1,1,0.8899033447208405
/organization/photobox,1,1,0.660723452367823
/organization/adtuition,1,1,0.5693770920339802
/organization/marketsnacks,0,0,0.07962024888301336
/organization/catalyst-international,0,1,0.6168093998316344
/organization/tizaro,1,0,0.38651791367565524
/organization/tale-me-stories,1,0,0.09861785692950105
/organization/legaljump,0,0,0.17314051434512043
/organization/stamp-it,1,0,0.208323776330661
/organization/lightera,1,1,0.821961381979401
/organization/foodlo-com,0,0,0.24013070578548276
/organization/celltrix,0,0,0.3153915223027055
/organization/coherex-medical,1,1,0.7946292152974963
/organization/pivotlink-formerly-seatab,1,1,0.9527507253528565
/organization/cdt-systems,0,0,0.15613410699810665
/organization/voyence,1,1,0.7095143503909104
/organization/good-technology,1,1,0.9800120830141005
/organization/ecountrylifestyle,0,1,0.5508538623694311
/organization/pure-klimaschutz,0,0,0.16248659483053643
/organization/primal-sensors-2,0,0,0.015721536810543016
/organization/plink-search,1,0,0.21282077520000325
/organization/elobina,0,0,0.014933685622988436
/organization/isis-biopolymer,0,0,0.456328744904059
/organization/pickrset,0,0,0.23487131994955252
/organization/speechvantage,0,0,0.24015430062592952
/organization/vois,0,1,0.5508048337815561
/organization/4front-security,0,0,0.0848622729886896
/organization/rf-it-solutions,1,1,0.5739205465990361
/organization/shopcliq,1,0,0.163565280148802
/organization/compete,1,1,0.9273301694130809
/organization/endosphere,0,1,0.5068646366787429
/organization/mydatingtree,0,0,0.16511648157780867
/organization/requisite-technology,1,1,0.8613222143715894
/organization/lascaux-co,1,0,0.378029758288892
/organization/sandlinks,0,1,0.5190197568136111
/organization/bomgar,0,1,0.8251174993934416
/organization/designart-networks,1,1,0.546816039864026
/organization/infraredx,1,1,0.8493497715518494
/organization/periscape,0,0,0.11013812707312666
/organization/perspecsys,1,1,0.6971413535883091
/organization/farmol,0,0,0.4640545421564424
/organization/pittsburgh-center-for-kidney-research,0,0,0.26877368456416434
/organization/support-space,0,1,0.8334076038796533
/organization/smash-com,0,0,0.11509859131546492
/organization/firstdibz,0,1,0.6626074758119797
/organization/aeneid-corporation,0,0,0.19851571948089836
/organization/glp-great-little-place,0,0,0.1511861277192457
/organization/wineta,0,0,0.0876079735905638
/organization/behind-the-burner,0,0,0.42556061736738143
/organization/therosteon,0,0,0.4634619220350007
/organization/metropcs-communications,1,1,0.8714444614133589
/organization/plan-a-drink,0,0,0.4625699211738848
/organization/sticki,0,0,0.09398598704979093
/organization/bleu-comme-gris,0,0,0.03157108117248625
/organization/kinaxo-biotechnologies,1,0,0.41717010949806477
/organization/worksimple,0,1,0.5680592105238975
/organization/operative-mind,0,0,0.19795821839924194
/organization/mozaico-2,0,0,0.08761242446787257
/organization/metratech,1,1,0.9103534587582894
/organization/id-analytics,1,1,0.9284650583316454
/organization/alterpoint,1,1,0.8803043293157498
/organization/biovitrum,1,1,0.5672502836669345
/organization/minor-studios,0,1,0.5486397675014357
/organization/gfs-it,0,0,0.24528495624613195
/organization/netrake,1,1,0.8793881583578369
/organization/netgen-2,0,0,0.14338998907630376
/organization/zystor,1,1,0.5283212620731915
/organization/a-power-energy-generation,0,0,0.31090051023150383
/organization/poland-com,0,0,0.11159894811612958
/organization/prometei,0,0,0.11346768497362891
/organization/pinstant-karma,0,0,0.4305197908902672
/organization/sizz,0,0,0.0873571169372193
/organization/metaforic,1,1,0.754263037130795
/organization/orga-zone-ag,0,0,0.06539460153542022
/organization/gate-technology,0,0,0.3925288500275832
/organization/vhayu-technologies,1,1,0.850891349210806
/organization/tipjoy,0,0,0.396389649117117
/organization/impact-2,0,0,0.08101512236453862
/organization/breeze-technology,0,0,0.18473657928245527
/organization/santarus,1,1,0.6765026863816196
/organization/myalert,1,1,0.5271078659479979
/organization/business-only-broadband,1,1,0.6759851282936921
/organization/hopscotch,0,1,0.5658277660111136
/organization/soshi-games-swm-projects-limited,0,0,0.13558912397413142
/organization/patientkeeper,1,1,0.9664537364385252
/organization/pancetera,1,1,0.6489518938630668
/organization/adlib-mediation-llc,0,0,0.14047623328923822
/organization/mindwork-labs,1,0,0.4674831262849804
/organization/instantq,0,1,0.6721098287534915
/organization/whipcar,0,0,0.4625350083896708
/organization/bustos-media,0,1,0.5270008773375612
/organization/lynoe,0,0,0.07732150830935976
/organization/kidpad,0,0,0.061101719771972936
/organization/artofbrands-sa,0,0,0.40195741732215595
/organization/merchantcircle,1,1,0.7459944004335699
/organization/correlix,1,1,0.8920833371677319
/organization/gotvoice,1,1,0.6455057949646711
/organization/mtm-laboratories,1,1,0.9242517687606566
/organization/intersperse-inc,1,1,0.7315407892921001
/organization/summify,1,1,0.658914438526701
/organization/california-interactive-technologies,0,1,0.5229233852550499
/organization/pmdsoft,0,1,0.698989800115658
/organization/avtozaper,0,0,0.15365921270698596
/organization/h2i-technologies,0,0,0.334858115147676
/organization/moow-life-all-interesting-nearby,0,0,0.0671110510242937
/organization/gazzang,1,1,0.8388705070010428
/organization/allclasses,1,0,0.39235425521870027
/organization/cartavi,1,0,0.4395236516169188
/organization/enterprise-data-safe-ltd,1,0,0.16156295560240183
/organization/kippt,1,1,0.5392912986181908
/organization/pawisda-systems,1,0,0.15848855917075522
/organization/1daymakeover,0,0,0.26228896041065836
/organization/storm-media-innovations-inc,0,0,0.32191015092405634
/organization/vendly,0,0,0.21256927033967712
/organization/ucontrol,1,1,0.6831533774413732
/organization/cabforce,1,0,0.34623947882392786
/organization/aptiv-solutions,1,1,0.6662357051254164
/organization/seamicro,1,1,0.7220472078633633
/organization/orderup,1,1,0.7006308260220194
/organization/lssi-data,0,0,0.3929327428994802
/organization/tonx,1,0,0.4760165306862194
/organization/semtek-innovative-technologies-corporation,1,1,0.7640294266205676
/organization/spoondate,0,0,0.4087367677690254
/organization/vendorsafe-technologies,1,0,0.45521287131049615
/organization/shopnation,1,0,0.4238934934600877
/organization/zeus,1,1,0.8080338223119096
/organization/adchemy,1,1,0.9413588118101418
/organization/gleemaster,0,1,0.5568488021643847
/organization/thesweetlink,0,1,0.5550578061898576
/organization/insiteone,1,1,0.8368023617685874
/organization/spandex,0,0,0.038988772558125016
/organization/kurani-interactive,0,0,0.40859119486643436
/organization/furiex-pharmaceuticals,1,1,0.6306827532266108
/organization/gonway,0,0,0.21977756973494078
/organization/netscaler,1,1,0.9228387500700714
/organization/isend-llc,0,0,0.11070259054438743
/organization/ohloh,1,1,0.6426711075194407
/organization/jungo-software,1,1,0.6610717330418824
/organization/likez,0,0,0.04346010191751317
/organization/setem-technologies,0,1,0.6308382063999811
/organization/calleoo,0,0,0.11500545456934848
/organization/design2launch,1,1,0.76884379570956
/organization/opta-sportsdata,1,1,0.5108957313845053
/organization/bwareit,0,0,0.033255415130479415
/organization/zentact,0,0,0.3726231346650004
/organization/cut-a-long-story,0,0,0.06450570752569915
/organization/argyle,1,1,0.7114131656244699
/organization/apt-pharmaceuticals,0,1,0.6625994065692756
/organization/tensilica,1,1,0.7439644235997207
/organization/mandata-management-data-services,0,0,0.3956237245069193
/organization/getmerated,0,0,0.3095029020387091
/organization/tapzen,1,1,0.5683370061152064
/organization/darby-smart,0,0,0.3355977338511671
/organization/rollad,0,0,0.1005942292287847
/organization/no-capital-llc,0,0,0.4948235328408034
/organization/giant-realm,1,1,0.7094899908997402
/organization/ikaria,1,1,0.8868267574314401
/organization/tgv-software,1,1,0.8444316343635551
/organization/tools4erp-aps,0,0,0.07767685277815922
/organization/swarm-mobile,1,1,0.7469339525690151
/organization/dude-2,0,0,0.08048577078824845
/organization/multiwave-photonics,0,0,0.3812908677145294
/organization/itog-inc,0,0,0.3493742954333912
/organization/spiral-gateway,0,0,0.18255182649940038
/organization/helpsquad-llc,0,0,0.29978116704695795
/organization/wakonda-technologies,0,0,0.42485347704368376
/organization/sweepery,0,1,0.6502799109113695
/organization/wellnessliving-systems-inc,0,0,0.24676303291757276
/organization/deal-decor,0,0,0.4497006176965927
/organization/coldlight-solutions,1,1,0.7217799656581301
/organization/nexgen-energy,0,0,0.28819892632546346
/organization/tvdeck,0,0,0.15197469504189598
/organization/doconyou,0,0,0.28241156909052384
/organization/booktour,0,0,0.4386914807603588
/organization/klevosti,0,0,0.05361774981476176
/organization/extreme-startups,0,1,0.6011723548609267
/organization/totsy,0,1,0.7846598571128692
/organization/chipsensors,1,1,0.6081322415947205
/organization/love-buddies,0,0,0.4108158488296534
/organization/bluesprig,1,1,0.6487460075809031
/organization/desura,1,0,0.1096012156984125
/organization/prose,0,0,0.09723734057899465
/organization/iscopia-software,0,1,0.7354814611187658
/organization/spawn-labs,1,1,0.6526649042727467
/organization/gozaik,1,0,0.2856637458467491
/organization/mavent,1,1,0.7684257095014979
/organization/audiomicro,1,1,0.5522076610733287
/organization/cortex-healthcare,0,0,0.38804563135816567
/organization/monster-juice,0,0,0.27191961588344193
/organization/prodess,0,0,0.3301296897716967
/organization/d4p,0,0,0.08067531534643368
/organization/tarari,1,1,0.8543087111205537
/organization/wanova,1,1,0.8424785781235282
/organization/invia-cz,0,1,0.6723700371853415
/organization/positive-networks,1,1,0.5228532466075974
/organization/smartypants-vitamins,0,1,0.8119312842201243
/organization/vrt-insurance-services,0,1,0.5165552537555439
/organization/m2e-power,0,1,0.5538143935071915
/organization/ftapi-software,1,1,0.5888949303086197
/organization/sueeasy,1,0,0.38135167282818916
/organization/balalikea,0,0,0.06723493159201083
/organization/intucell,1,1,0.508530424764348
/organization/revodeals,0,0,0.18889587167122956
/organization/play140,1,0,0.28499831245033064
/organization/headcase-humanufacturing,0,1,0.5590967490085668
/organization/moprise,0,1,0.6675009272027136
/organization/reveal,1,0,0.37999525148505614
/organization/brion-technologies,1,1,0.7654705225013612
/organization/gladfly-2,0,0,0.07034848455224613
/organization/aperto-networks,1,1,0.9818473100988311
/organization/aster-data-systems,1,1,0.9403744576256213
/organization/fosdev,0,0,0.35035920481410204
/organization/wijhoudenvanvers,0,0,0.36222323735417006
/organization/cortex-business-solutions,0,1,0.8029377728262522
/organization/summit-energy,1,1,0.764273300728977
/organization/shantiniketan-incorporated,0,1,0.6025087087752447
/organization/prematics,1,0,0.4841080745540531
/organization/1bog,0,0,0.41556617795963574
/organization/vlingo,1,1,0.7904512373082618
/organization/newsle,1,1,0.5824110976044948
/organization/entrec,0,1,0.8201985336737291
/organization/classical-connection,0,1,0.5004414274716982
/organization/buuteeq,1,1,0.801056352241996
/organization/battellepharma,0,1,0.7434810437504409
/organization/streetfire,1,1,0.7037730101787708
/organization/mastersaf,0,0,0.12619411191002392
/organization/lumenis,1,1,0.629350171854767
/organization/blinq-media,0,1,0.7591744436803782
/organization/fusion-networks,0,0,0.1274374970584123
/organization/tiberium,0,0,0.2929884352394391
/organization/fantrail,0,0,0.4624500317121879
/organization/gemfire,1,1,0.8827252842304185
/organization/search-and-share,0,0,0.05295351213422005
/organization/glyco-vaxyn,1,1,0.5589270414393177
/organization/clipcall,0,1,0.569361514422834
/organization/tra,1,1,0.7316326774320537
/organization/motorola-solutions,1,1,0.9818191011500114
/organization/foresee-results,1,1,0.8799853987881504
/organization/nucleator,0,0,0.05295351213422005
/organization/brightstar,1,1,0.8886207376436565
/organization/rima,0,0,0.058263152685040384
/organization/sibeam,1,1,0.9284386821484962
/organization/cidco,0,1,0.5755760180845713
/organization/clearmatics,0,0,0.23358354657769695
/organization/astadia,1,1,0.5995412880706879
/organization/mosaic-storage-systems,0,1,0.5820488030415114
/organization/scout-media,1,0,0.28856924079261387
/organization/hippflow,0,0,0.0497534637838816
/organization/ubersense,1,0,0.48282596043043513
/organization/funky-panda-games,0,0,0.169506905540223
/organization/mobui,1,1,0.616756913126514
/organization/price-legacy-corp,1,1,0.6511539852596032
/organization/okeo,0,0,0.15842119328686718
/organization/pick-a-student,0,0,0.15769302185390272
/organization/aviir,0,1,0.9254268892193
/organization/spool,1,0,0.37603337738020076
/organization/pureenergy-solutions,0,1,0.6164438845079576
/organization/programeter,0,0,0.3307012857664542
/organization/katalyst-media,0,1,0.6998397970186817
/organization/encarnate,0,1,0.5916227058003507
/organization/tunein-twitter-dashboard,0,0,0.12204234650994333
/organization/anystream,1,1,0.9342756735465103
/organization/rackup,0,1,0.6092583600242081
/organization/mspoke,1,1,0.5022748201322496
/organization/psychiatric-solutions,1,1,0.8056186583289466
/organization/navegg,1,0,0.404195277383484
/organization/red-seraphim,0,0,0.1673742529032097
/organization/defywire,0,1,0.8419729047491876
/organization/castek,1,1,0.7373569473763829
/organization/corona-labs,1,1,0.7051275254006931
/organization/triggit,1,1,0.8665169657980887
/organization/strakan-group,0,0,0.42839715068513556
/organization/instinctiv,1,1,0.5838943037665362
/organization/repromedix,0,0,0.05554865336858471
/organization/careerimp,0,0,0.19595587612200066
/organization/health-impact-solutions,0,0,0.48589047994143963
/organization/bubble-motion,1,1,0.7849666077118015
/organization/smartsignal,1,1,0.5184722520397557
/organization/black-diamond-minerals,0,0,0.42445239348542046
/organization/mechanology,0,1,0.5733622948349207
/organization/gnowsis,0,0,0.13436073218132752
/organization/wonderhill,1,0,0.49304712421708047
/organization/avokia,0,1,0.7822782766173263
/organization/cassia-networks,0,0,0.05771973187083631
/organization/openreach-2,0,1,0.557803812438527
/organization/stickybeak,0,0,0.17969352073264652
/organization/medley-health,0,1,0.7550754322725511
/organization/iweb-technologies,1,1,0.851377999684479
/organization/free-clear,1,1,0.6036548983131929
/organization/ppt-reasearch,0,0,0.3055157361926688
/organization/bacchus-vascular,1,1,0.8854712417568947
/organization/packetexchange,1,1,0.7922742814894903
/organization/songza,1,1,0.5732878519719549
/organization/uprace,0,1,0.5550578061898576
/organization/tissue-regeneration,0,0,0.41672067709684285
/organization/groovideo,0,0,0.45336955753833336
/organization/ubizen,1,0,0.31666397161351156
/organization/mobile-accord,1,1,0.6124285400281646
/organization/five-star-technologies,0,1,0.8643718785431272
/organization/devcontact,0,0,0.15743009931196783
/organization/teextee,0,0,0.06758023020535595
/organization/aveksa,1,1,0.9171014164607089
/organization/mybandstock,0,1,0.5601455052425968
/organization/airdroids,0,0,0.3371809637039474
/organization/strangeloop-networks,1,1,0.8469720540132204
/organization/gulu-com,0,0,0.21322231434174851
/organization/cenzic,1,1,0.8584678871239866
/organization/remotemdx,0,1,0.7419812349958428
/organization/babbler,0,0,0.1622118675794448
/organization/peoplestring,1,0,0.2869272551873992
/organization/north-american-palladium,0,1,0.5757514506227266
/organization/babycenter,1,1,0.7660102634408503
/organization/daybreak-intellectual-capital-solutions,0,0,0.4208142315017055
/organization/commissiontrac,0,0,0.021507330236191394
/organization/nexus-energyhomes,0,0,0.2325571355775784
/organization/phu-nhuan-jewelry-joint-stock-company,0,1,0.5586128061777764
/organization/forticom,0,1,0.5406506108343391
/organization/nap-app,0,0,0.03130664936677926
/organization/netviewer,1,1,0.8326074061656965
/organization/alta-devices,1,1,0.6719364661039313
/organization/pitchbrite,1,0,0.2947202739876264
/organization/rentenna,1,0,0.22036376302114072
/organization/oxynade,0,0,0.48836118906718523
/organization/six-degrees-games,0,1,0.7488063942441087
/organization/sonya-labs,0,0,0.22181987157717753
/organization/zilliontv,0,1,0.6566070455986199
/organization/alphamosaic-ltd,1,1,0.5327452473869495
/organization/examhack-inc,0,0,0.10451274499774028
/organization/innovorder,0,0,0.02424357822707145
/organization/mercado-electrônico,0,0,0.19521671854630426
/organization/iphighway,0,0,0.3131605250849835
/organization/trustedplaces,1,0,0.40384610957814693
/organization/sayswap,0,1,0.5219070296161122
/organization/kid-care-years,0,1,0.6047743563478017
/organization/intexys,1,1,0.6179781868697639
/organization/daylife,1,1,0.7215954421011066
/organization/prizzm,0,0,0.4370516300660884
/organization/i-pop-networks,0,0,0.07041051359253529
/organization/bridgeco,1,1,0.8104540880407639
/organization/venmo,1,1,0.5060653196954806
/organization/ardext-technologies,0,0,0.3599910776935348
/organization/mailgun,1,1,0.5233173491770866
/organization/shopmagazine-solutions,0,0,0.1834862852753556
/organization/minimonos,0,0,0.30845924445340017
/organization/digital-fuel,1,1,0.8575595708872114
/organization/reviewspotter,0,0,0.34746590309710607
/organization/bizo,1,1,0.8556085882325681
/organization/clover,1,1,0.6647304509478945
/organization/mezeo-software,1,1,0.6923308845504783
/organization/postdeck,0,0,0.4603294308420909
/organization/dotblu,0,1,0.6616661192090337
/organization/ignitad,0,0,0.49137324621516304
/organization/ipnetwork,0,0,0.11159894811612958
/organization/winecrasher-com,0,0,0.17005462941963836
/organization/aktino,1,1,0.8473564672556136
/organization/scl,0,0,0.4429992319978194
/organization/stipple,0,1,0.7797123533937421
/organization/activaero,1,1,0.6700792508307195
/organization/my-top,0,0,0.34417315784006003
/organization/headplay,0,1,0.7285080118813432
/organization/reddwerks,1,1,0.6564095177489224
/organization/level-four-software,1,1,0.7039358299181907
/organization/abios-gaming,0,0,0.05295351213422005
/organization/newspage,1,1,0.5323880011456241
/organization/toura,1,1,0.7273016797204953
/organization/alloptic,0,1,0.928815407169691
/organization/fairfly,0,0,0.4319458293579363
/organization/ceyx,0,1,0.7190900761876388
/organization/one-season,0,1,0.6436777492529897
/organization/clash-media-advertising,0,1,0.7052628752213962
/organization/lost-property-heaven,0,0,0.2718181915677002
/organization/iptune,1,0,0.3777895964277495
/organization/i-just-shared,0,0,0.2934834058879011
/organization/sessionbox,1,1,0.7212163608169889
/organization/ning,1,1,0.8855003818007056
/organization/saplo,1,1,0.6238220573425783
/organization/deltek,1,1,0.8075956516578184
/organization/pro-options-marketing,0,0,0.20723913851429956
/organization/twones,0,0,0.2845075047433521
/organization/sinimanes,1,0,0.30758704917682667
/organization/kaos-solutions,0,0,0.31235808947854665
/organization/helpmerent-com,0,0,0.2926156708466234
/organization/iunika,0,1,0.5889540738427592
/organization/mformation-technologies,1,1,0.9143220487597139
/organization/ecobuddies-interactive,0,1,0.5845080003829739
/organization/jurny-the-core-values-matching-platform,0,0,0.1394454584448898
/organization/dezineforce,0,0,0.2861257025508392
/organization/mercantila,1,1,0.7414410272704615
/organization/albeo-technologies,1,1,0.5146440522465848
/organization/asthmatx,1,1,0.735793317991977
/organization/newvem,1,1,0.5058518809984918
/organization/salira-optical-network-systems,0,1,0.5825940614934768
/organization/skillsbite-com,0,0,0.24689470435522617
/organization/sparkbuy,1,0,0.4301835474670664
/organization/mithridion,0,0,0.4509434214804359
/organization/press-box,0,0,0.039079419351607005
/organization/siri,1,1,0.7295849328191314
/organization/space-monkey,1,1,0.6109918873049447
/organization/loosehead-software,0,1,0.5037871545630533
/organization/jumo,0,1,0.6165333035311249
/organization/altheos,0,1,0.6006286213669294
/organization/itsdapper,0,0,0.2556796998302014
/organization/guaranteach,1,1,0.6621639034653855
/organization/aihit,1,1,0.7958928095136996
/organization/hotpathz-inc,0,0,0.09057444601400334
/organization/metanotes,0,1,0.6113869214639982
/organization/acinion,1,1,0.7866298037905091
/organization/dotsyntax,1,0,0.3707191493909611
/organization/3tier-environmental-forecast-group,1,1,0.6693272851325367
/organization/medmanage-systems,1,1,0.848948127937115
/organization/netpro,1,0,0.32868728334280994
/organization/schemalogic,1,1,0.9036016128574484
/organization/cascada-mobile,0,1,0.5643825952432364
/organization/plixi,1,1,0.5128188436449935
/organization/boomi,1,1,0.8349507800817907
/organization/takkle,1,0,0.32595060986951674
/organization/aislebuyer,1,1,0.6915139708668493
/organization/nanotecture,0,0,0.462530195621719
/organization/schedit,0,0,0.13970526576941258
/organization/kappa-prime,0,1,0.5753511554236823
/organization/satiety,0,1,0.8065401513089142
/organization/fortiusone-2,0,0,0.07667218914023052
/organization/runivermag,0,0,0.2119321563017824
/organization/twijector,0,0,0.05841597265732332
/organization/waddapp-com,0,0,0.2712785707865743
/organization/netqos,1,1,0.6992589679880992
/organization/variation-biotechnologies,0,0,0.13133563165242992
/organization/h-art-wpp,1,0,0.23122421037268823
/organization/arterain-medical,0,0,0.07379452248353588
/organization/weetabix,1,1,0.8592348520260765
/organization/gecko-audio,0,1,0.6505265768068005
/organization/lucky-pai,1,1,0.5706838702790554
/organization/singlepipe-communications,1,0,0.27835537283845635
/organization/sierra-monolithics,1,1,0.8904016552197536
/organization/cloudon,1,1,0.8126056683154008
/organization/linux-networx,1,1,0.9252123641425591
/organization/seadragon-software,1,0,0.38970984575414136
/organization/booklr,1,1,0.5900328247569462
/organization/trony-solar,0,0,0.4620745391009103
/organization/eclector,0,0,0.3956061974890866
/organization/art-of-defence,1,1,0.5634474030123094
/organization/lasso-2,0,0,0.10211441023016439
/organization/ugobe,0,1,0.6733047149550719
/organization/intellirisk-management,0,1,0.5977021139517885
/organization/pictela,1,1,0.7053149128064584
/organization/anomalous-networks,1,0,0.48418625949013044
/organization/ncircle-network-security,1,1,0.9431832395082153
/organization/whitelight-systems,1,1,0.705779822407951
/organization/innovectra,1,1,0.6932657848937449
/organization/onex-communications,1,1,0.703152244404612
/organization/wiseri,0,0,0.2109234683744509
/organization/fits-me,1,1,0.6548949961588828
/organization/linkcloud,0,0,0.3280929570056927
/organization/broadcastr,0,1,0.5796720226055082
/organization/awesomeness-tv,1,0,0.4767461909861521
/organization/advanced-ophthalmic-pharma,0,0,0.37003150806571417
/organization/yesmail,1,1,0.7919338328636644
/organization/buzzdash,0,1,0.5225773919762519
/organization/alsbridge,0,1,0.5045140220517474
/organization/illume-software,0,1,0.7098580176113326
/organization/map2app,1,0,0.34391003219056127
/organization/free-lance-ru,0,0,0.2488708512408368
/organization/glacier-bay,0,1,0.7758755064965035
/organization/toodalu,1,0,0.37189542791468844
/organization/ubmatrix,1,1,0.8582572089387017
/organization/landingi,0,0,0.27898887297337216
/organization/chirpme,1,0,0.4638511955812745
/organization/bigbad,0,1,0.518292773064056
/organization/mskynet,1,1,0.5482818277339894
/organization/rivet-sway,0,1,0.5581359120269141
/organization/spotivate,1,1,0.5348935068230976
/organization/redsiren,1,1,0.7186124722271418
/organization/gaiacom-wireless-networks,0,1,0.5825205721390119
/organization/newbrandanalytics,1,1,0.8821881882545255
/organization/emed-co,1,1,0.7418297943749602
/organization/lifeserve-innovations,0,0,0.2245678292142804
/organization/aveso,0,1,0.6578538943764705
/organization/primaeva-medical,1,1,0.601511394917816
/organization/fuego-nation,0,0,0.48707687871734606
/organization/tapdog,1,0,0.055315687680354
/organization/vendavo,1,1,0.9114039492486437
/organization/simplr-just-for-campus,0,0,0.06539460153542022
/organization/motionmetrics,0,0,0.24790429080298373
/organization/virtensys,1,1,0.5938600647787208
/organization/liveops,1,1,0.9546881717237338
/organization/mako-surgical,1,1,0.7964909740664274
/organization/datebox,0,0,0.17440687863564033
/organization/biowizard,0,1,0.5408002711318167
/organization/anacatum-design,1,0,0.2982100952504084
/organization/andigilog,0,1,0.8764780937795911
/organization/crono,0,0,0.2569881975663772
/organization/softway,0,0,0.08413823729543807
/organization/paisley,1,1,0.6530370296431208
/organization/ecnlive,1,0,0.17046060555008544
/organization/sally,0,0,0.12384518542669026
/organization/eruces,0,0,0.4799328991901786
/organization/mylabbox,0,0,0.08662785894757732
/organization/mobspire,1,1,0.6314003769900116
/organization/meximerica-media,1,1,0.6705665284505211
/organization/gioia-systems,0,1,0.5359421629184828
/organization/join-the-company,0,0,0.4219694122625388
/organization/artifact-software,0,1,0.758539890926096
/organization/shhmooze,0,0,0.19681810862231727
/organization/netli,1,1,0.7964481425189593
/organization/itzbig,0,1,0.628523438581491
/organization/joylux,0,0,0.15855316370934353
/organization/wolf-minerals,0,0,0.3913138209010095
/organization/sonoma,0,0,0.25308948876539367
/organization/starport-systems,0,0,0.40337883058315804
/organization/laveem,1,1,0.5089060019479704
/organization/hotswap,0,0,0.39010160549438494
/organization/apprema,0,1,0.5081943555891107
/organization/healthcare-partners,1,0,0.3914635340851451
/organization/dynamikode-software-ltd,0,0,0.05036365491566412
/organization/mgmedia,0,0,0.4589761671129003
/organization/pipeline-biomedical-holdings,1,0,0.48011539098754047
/organization/deerpath-energy,1,0,0.31604208792619376
/organization/hyperic,1,1,0.7286667708800975
/organization/yebol,0,0,0.20228068231129975
/organization/pump-engineering,1,0,0.3979951802801473
/organization/cardiooptics,0,1,0.6627650704246232
/organization/odeo,1,1,0.6593518057782595
/organization/exsafe,0,1,0.5399224354635994
/organization/phd-virtual-technologies,1,1,0.766989379319643
/organization/chaparral-network-storage,1,1,0.6142910142645599
/organization/psc-info-group,1,0,0.24015430062592952
/organization/comparedownload-com-2,0,0,0.05727767602461811
/organization/clear-story,1,0,0.46956032671244713
/organization/liquid-air-lab,1,1,0.7605571589573513
/organization/wi-chi,0,1,0.6321408901643267
/organization/tinkoff-credit-systems,0,0,0.4295881353022964
/organization/artspace,1,1,0.6737054732898302
/organization/biotrove,1,1,0.6809797796174832
/organization/ztail,0,1,0.5894953111264547
/organization/marketshare,1,1,0.9399761811700204
/organization/emerging-threats-pro,1,1,0.6570137295004318
/organization/presence-networks,0,0,0.2895731084319853
/organization/macellum,0,0,0.16924087147832967
/organization/localbonus,0,0,0.46107911491502174
/organization/edventions,0,0,0.12115241819793295
/organization/qloud,1,0,0.43341863753560395
/organization/enerscore-inc,0,0,0.0858989556861342
/organization/truespan,0,1,0.5884785738795435
/organization/adir-technologies,0,1,0.6100683536597981
/organization/gnubio,1,1,0.6975088402963754
/organization/twentyfeet,1,1,0.6321259942766914
/organization/nebel-tv,0,0,0.23062314355249944
/organization/everlater,1,0,0.46919925842682153
/organization/adstack,1,1,0.6648197762845377
/organization/cashedge,1,1,0.8556972711689312
/organization/unity-4-humanity,0,0,0.3250013850679448
/organization/kainoa,0,0,0.10516336711837174
/organization/arkli,0,0,0.22314531591436973
/organization/zapitano,0,0,0.2852130785580292
/organization/trillium-therapeutics,1,0,0.24399732423204815
/organization/shelby-tv,1,1,0.6348707021849571
/organization/zappchoice,0,0,0.08757231004956056
/organization/pickspal,1,1,0.6774393382420183
/organization/investor-broadcast-network,0,1,0.6836579202547138
/organization/jazz-blues-television-2,0,0,0.07440260362869587
/organization/elephant-is,0,0,0.2967336757674285
/organization/lancope,1,1,0.8958324207550887
/organization/stratavia,1,1,0.8008667090354936
/organization/kinduct,0,0,0.040183728427583866
/organization/employinsight,1,0,0.39227136555391107
/organization/mashery,1,1,0.9338947342716385
/organization/niio,0,0,0.29956782130035814
/organization/breconridge,1,1,0.727690351590656
/organization/fuego,0,1,0.5894283938669818
/organization/lessonlab,1,1,0.8160430265599781
/organization/rockcart,0,0,0.07034848455224613
/organization/thirdlevel,0,0,0.055743106329064956
/organization/imove,1,1,0.8372665009103767
/organization/newsbytes,0,0,0.07665113778516261
/organization/youcastr,0,0,0.4323572795475456
/organization/a-life-medical,1,0,0.38424223570403687
/organization/foodbynet,0,0,0.21510872826567914
/organization/blip,1,1,0.9027053557827096
/organization/quantivo,1,1,0.8473246370922752
/organization/sidetour,1,1,0.5927963619890106
/organization/luminetx,1,1,0.5213460085964189
/organization/hemosphere,1,0,0.444965572245628
/organization/lala,1,1,0.7220083967635046
/organization/fx-aligned,0,0,0.39101280166320845
/organization/bigfix,1,1,0.9026832028801144
/organization/global-commerce-systems,0,0,0.4622867595144554
/organization/silicon-hive,0,1,0.6787964941983265
/organization/wikets,0,0,0.18394720662431982
/organization/flud,0,1,0.6900559662756568
/organization/sport-convo,0,0,0.24026857980447988
/organization/ubitexx,1,1,0.7169476978566152
/organization/unity-semiconductor,1,0,0.3356585252710687
/organization/ididwork,0,1,0.5017296702066751
/organization/hungry-promotions-ltd,1,0,0.17093809596556675
/organization/selenokhod,0,0,0.08337127110216258
/organization/stylezen,0,0,0.1734685651393402
/organization/babyoye,1,0,0.46228108667354045
/organization/livevol,1,1,0.5921759823135753
/organization/nbi-development,0,0,0.20415902322838578
/organization/eucodis-bioscience,0,0,0.41974395080589066
/organization/hoyos-corporation,0,1,0.8492266005524343
/organization/sentence-lab,0,0,0.18681078550957858
/organization/goowy,1,1,0.6542028985175026
/organization/180solutions,0,1,0.7696323743154446
/organization/vtago,0,0,0.15421819418314758
/organization/cardiomind,0,1,0.7752097654275955
/organization/eeden,0,0,0.2996526137968858
/organization/zenph-sound-innovations,0,1,0.6210670282106926
/organization/inevention-technology-inc,1,1,0.6805431203810511
/organization/mhelpdesk,1,0,0.3472231389817864
/organization/opentable,1,1,0.8353765145998872
/organization/jodel,0,0,0.25471395686089066
/organization/syncui,0,0,0.0671110510242937
/organization/scout-com,1,1,0.674929396453127
/organization/sape,0,0,0.2623233999068431
/organization/tipcity,0,0,0.44586690016850666
/organization/bluepulse,0,1,0.7677879621831524
/organization/blueprint-registry,0,0,0.17803090516499945
/organization/quantisense,1,0,0.39861641847263346
/organization/caliper-life-sciences,1,1,0.6604428801815329
/organization/peerme,0,1,0.6449089805408268
/organization/learnvest,1,1,0.8395095360344865
/organization/layar,1,1,0.6059323967812549
/organization/detectent,1,0,0.49597516154367305
/organization/navx,0,1,0.5262845499939793
/organization/hitpost,1,1,0.6239137536475103
/organization/gaboom,0,0,0.12546934362489082
/organization/basis-science,1,1,0.7620863868659457
/organization/just-dial,0,1,0.7685658832581688
/organization/nadamobile,0,0,0.30118454507930914
/organization/protection-one,1,1,0.8954972610206322
/organization/fusion-mobile,0,0,0.24408408751561825
/organization/tiaxa,0,0,0.3058118248462259
/organization/carepoint-partners,1,1,0.68911371786581
/organization/eachnet,1,1,0.6705770986246178
/organization/compendium-blogware,1,1,0.7268457018624689
/organization/accelone,0,0,0.3092922057921314
/organization/scioderm,1,1,0.6536818153960892
/organization/glycosan,1,0,0.4401757517858518
/organization/muziwave-com,0,0,0.24841487945437657
/organization/bipar-sciences,1,1,0.8640060740336419
/organization/cibecs,1,0,0.3983940657566109
/organization/nr-energy,0,0,0.23697993041446472
/organization/arrowpoint-communications,1,1,0.7432144105968109
/organization/tumblr,1,1,0.9002454780069803
/organization/mobiledevhq,1,1,0.7049666670908037
/organization/loc-aid,1,1,0.9459627575148709
/organization/inktank,1,1,0.7092605214705385
/organization/pivot-medical,1,1,0.654796052186999
/organization/slipstream,0,0,0.1782365036205379
/organization/helicomm,0,1,0.5956136259596325
/organization/phasebridge,0,0,0.21355969929421625
/organization/supercell,1,1,0.7903611237341153
/organization/sirigen,1,1,0.5851940091596788
/organization/pay-with-cover,1,1,0.5245669809107809
/organization/bocadio,0,0,0.09342672836641172
/organization/veeda,0,1,0.5119028154885134
/organization/culhanimal-productions,0,0,0.01264379535267937
/organization/travelmenu,0,0,0.39644213546411616
/organization/my-apps,0,0,0.20611112099679524
/organization/vamp-communications,0,1,0.5883675051914539
/organization/oxford-semiconductor,1,1,0.7603436561244655
/organization/daptiv,1,1,0.8942827838242897
/organization/eliason-media,0,0,0.4333313460263744
/organization/admeta,1,1,0.6109011245220837
/organization/opstechnology,1,1,0.6931894926430777
/organization/last-mile-connections,0,1,0.6346433527345403
/organization/optier,1,1,0.9766541226058513
/organization/hubkick,0,0,0.2668679767818872
/organization/tadcast,0,1,0.6721098287534915
/organization/vivu,1,1,0.6515974918206935
/organization/atempo,1,1,0.9083634985972757
/organization/martingale-internet-technologies,0,0,0.33012418327145754
/organization/telisma,1,1,0.6444507065847898
/organization/cognovant,0,0,0.3004685449166196
/organization/milyoni,1,1,0.7352912691872951
/organization/sense-home,0,0,0.05554865336858471
/organization/nehp,1,1,0.5143072549326171
/organization/clean-harbors,0,1,0.837012295265773
/organization/abeome-corporation,0,0,0.08663387764708942
/organization/waywire,1,0,0.4391798554735706
/organization/hotpotato,1,0,0.4562963943825375
/organization/bird-design-limited,0,0,0.02077067740528042
/organization/arysta-lifesciences,1,1,0.8363475127261293
/organization/bihu-com,0,0,0.44807020725401986
/organization/modernadvisor,0,0,0.3709051711736659
/organization/linkura,0,0,0.04203866973434966
/organization/foodcrave-inc,0,0,0.2697246645758075
/organization/bpl-global,1,1,0.8685987161871326
/organization/physicians-formula,1,1,0.9366618149651401
/organization/meteor-entertainment,0,1,0.6779074892159479
/organization/memorang,0,0,0.13067117026030683
/organization/healthcaresource,1,1,0.8715258455170332
/organization/arvirago,0,0,0.09305701777658888
/organization/cryptoseal,1,0,0.30727487186217317
/organization/beetv,0,1,0.5847512860470133
/organization/touchstone-health,0,1,0.6777043878113275
/organization/zoomsafer,1,1,0.6347418408732828
/organization/asset4,1,1,0.5919559437453401
/organization/eliyon-technologies,0,0,0.4973543164594344
/organization/red-blue-voice,0,0,0.21472258105543549
/organization/flickim,0,1,0.589245138556966
/organization/nanogram,1,1,0.877854742576304
/organization/consmr,1,0,0.3666493236743829
/organization/musclepharm,0,1,0.7947391891530153
/organization/fish-ball-technology,0,0,0.07564726765724825
/organization/fastlease,0,0,0.029303065421319763
/organization/verid,1,0,0.4178611464017972
/organization/assemblage,1,0,0.22488404197143916
/organization/minerva-worldwide,0,0,0.45606849722138376
/organization/1010data,1,1,0.7971787264734496
/organization/think-big-analytics,1,1,0.7532134395321892
/organization/square-two-financial,1,1,0.6868824717551469
/organization/phanfare,0,1,0.6098028631605931
/organization/carzen,1,0,0.3682365123636849
/organization/signnow,1,1,0.5210432475747709
/organization/koala-databank,0,0,0.2191308372943917
/organization/appiterate-com,1,0,0.347603278679281
/organization/synerit,0,0,0.05362139731219236
/organization/irl,0,0,0.26654200042789183
/organization/geneweave-biosciences,1,1,0.7022494613691317
/organization/jooce,0,0,0.3921223560419807
/organization/united-travel-technologies,0,0,0.3350573553334695
/organization/outside-in,1,1,0.7822641712091633
/organization/celleration,1,1,0.807676294873771
/organization/evolver,1,0,0.48257668971618384
/organization/impact-products,0,1,0.5276122481805997
/organization/pluq,0,0,0.2017933969829943
/organization/clean-runner,0,0,0.39529370383872464
/organization/blackaeon-international,0,1,0.6052127941728099
/organization/heritage-pharmaceuticals,0,1,0.5998892286489034
/organization/sumpto,0,0,0.3678689357691953
/organization/tak-asic,0,1,0.6442360341474217
/organization/clarityray,1,0,0.3509300345419948
/organization/stickybits,0,1,0.5070563615674839
/organization/tutum,1,1,0.5402008353595092
/organization/shopo,1,1,0.5004596450531544
/organization/itracs,1,1,0.764958817167822
/organization/belair-networks,1,1,0.8718035356126242
/organization/hotalot,0,0,0.2639773574161687
/organization/troux-technologies,1,1,0.7882745638291682
/organization/spectrum-networks,1,1,0.5930205168121803
/organization/my-best-interest,0,0,0.46435994858175045
/organization/roamz,0,0,0.3676447574638484
/organization/stonybrook-purification,0,0,0.33827605044439707
/organization/viki,1,1,0.712040894043888
/organization/liversvp,0,1,0.7347825498395081
/organization/viewahead-technology,0,0,0.2268955675599929
/organization/million,1,0,0.47322670105426146
/organization/koda,0,1,0.6054668442258201
/organization/listo-financial,0,0,0.13874769952136945
/organization/yuntaa,0,0,0.44183599868266277
/organization/meta-smarter-search,0,0,0.200507232844824
/organization/ayeah-games,0,0,0.39784273982926455
/organization/flickme,0,1,0.5338653744803274
/organization/venetica,1,1,0.5854784465062594
/organization/corkshare,0,0,0.31475734671375627
/organization/syniverse-technologies,1,1,0.8196221789811279
/organization/iconclude,1,1,0.8595273000826279
/organization/bbn-technologies,1,1,0.9676820756477347
/organization/air-semiconductor,0,0,0.4803284685984158
/organization/free-discount-coupons-in-india,0,0,0.041478916681533154
/organization/enikos,0,0,0.4455494158015673
/organization/the-foire-sas,0,0,0.40477653445265965
/organization/videonline-communications,0,1,0.5744257693956162
/organization/bonmignon,0,0,0.06539460153542022
/organization/itmedia-kk,0,1,0.7477146251063655
/organization/datapop,1,1,0.7680955716917688
/organization/anodyne-health,1,1,0.690473545051653
/organization/undertone,1,1,0.8304534581681424
/organization/compliance,1,1,0.7637639805262002
/organization/vamo,0,0,0.37916692972309973
/organization/xmpie,1,1,0.8555862344984414
/organization/mob-ly,1,0,0.49478529481276595
/organization/revol-technologies,0,0,0.11739300324456374
/organization/secure-islands-technologies,1,1,0.7748277185609791
/organization/anagran-inc,0,1,0.8589475172077029
/organization/champion-medical-technologies,0,0,0.15338285486282527
/organization/expressor-software,1,1,0.8163238253771056
/organization/socialnature,0,0,0.05554865336858471
/organization/mapiliary,0,0,0.1288373954553879
/organization/eyesquad,1,1,0.5209432287246548
/organization/federated-media-publishing,0,1,0.6305029768692038
/organization/virgent-realty,0,0,0.14069986813916088
/organization/personalized-media,0,0,0.3987554940532614
/organization/wannafun,0,0,0.11518469676069987
/organization/iam-robotics,0,0,0.0706699873221478
/organization/mill-group-residential-limited,0,0,0.062463209951242375
/organization/saperion,1,0,0.461073742450697
/organization/pathbrite,1,1,0.6929104232195604
/organization/inquira,1,1,0.7407175345362708
/organization/arieso,1,1,0.6878869302371593
/organization/coreoptics,1,1,0.9167109544204238
/organization/four-k-entertainment,0,0,0.4630153255370976
/organization/biosocia,0,0,0.40897571718626036
/organization/zapgocharger-ltd,0,0,0.02636625122604781
/organization/razor-insights,1,0,0.41684955876734725
/organization/redeemr-inc,0,0,0.33514662640245274
/organization/geodelic-systems,0,1,0.7632938981110909
/organization/pulsant,1,0,0.45460484336359247
/organization/redbus-in,1,1,0.6253018498950987
/organization/via-optronics,0,0,0.41170065568559244
/organization/maui-imaging,0,1,0.6269467752753884
/organization/logical-choice-technologies,0,1,0.6386831839011283
/organization/photobucket,1,1,0.9290224123239997
/organization/eprise,0,0,0.37200269716611006
/organization/appiny,0,0,0.06397117066453871
/organization/ceros,1,0,0.42110290435610725
/organization/revistronic,0,0,0.32937001753817224
/organization/bubblegab,0,0,0.11711169074044672
/organization/encelle,0,0,0.22986262510949018
/organization/leadhit,0,0,0.07182523983722708
/organization/symcircle,0,0,0.2545693882026003
/organization/aragon-pharmaceuticals,1,1,0.8133404128471549
/organization/pawaa-software,1,0,0.40452507288840445
/organization/spatial-photonics,1,1,0.814056853800127
/organization/consert,1,1,0.6644152037482381
/organization/axiom-microdevices,1,1,0.7927332979898745
/organization/topicmarks,1,0,0.34592394720533487
/organization/lensx-lasers,1,1,0.5272850370490988
/organization/celona-technologies,0,1,0.7786537947211638
/organization/fry-multimedia,1,1,0.7185213903325725
/organization/creekpath-system,1,0,0.41064714289064574
/organization/spaceclaim,1,1,0.9025467174440588
/organization/world-wide-packets,1,1,0.9032815832942486
/organization/heroku,1,1,0.8407657870992403
/organization/vestiage,0,1,0.5543745748315901
/organization/artifact-uprising,1,0,0.21119609684357937
/organization/medivantix-technologies,0,0,0.2595855703525518
/organization/biggerboat,0,0,0.41229674993811594
/organization/repka-com,0,0,0.0958743182922869
/organization/savvion,1,1,0.8311960218131877
/organization/eps,1,0,0.45866250263406944
/organization/upside,1,0,0.39212738484165727
/organization/blendspace,1,1,0.6037342578339575
/organization/gear-energy,0,0,0.4111116304371381
/organization/gifi,0,0,0.431019096342052
/organization/cognitens,1,1,0.7151311755673938
/organization/zipcodemailer-com,0,0,0.13747427007746404
/organization/soompi,1,1,0.5043743522495807
/organization/brilliency,0,0,0.4058274174289748
/organization/spree-3,0,0,0.03632304401974877
/organization/kayak,1,1,0.9148659013796354
/organization/pollex-mobile-holdings,0,0,0.0848622729886896
/organization/viva-vision,0,1,0.7150558412152825
/organization/klinche-inc,0,0,0.37255677808429033
/organization/kitlocate,1,1,0.5402524129674398
/organization/mixamo,1,1,0.7886664144042402
/organization/rockford-foresters-baseball-team,0,1,0.6155812422157789
/organization/carmenta-bioscience,1,0,0.3785475009717911
/organization/offeriq,1,1,0.5686687045728113
/organization/correctnet,1,1,0.937839957777772
/organization/okcupid,1,1,0.6538836225047323
/organization/user1st,0,0,0.2820550253975652
/organization/trend-ly,0,0,0.15206031817517415
/organization/visiogen,1,1,0.7124658526767164
/organization/from-scratch,0,0,0.21942769636955314
/organization/jacent-technologies,0,1,0.8123752202489468
/organization/umeng,1,1,0.6733152905029594
/organization/ironcurtain-entertainment,0,0,0.1267691481349014
/organization/berggi,0,1,0.7690154385174748
/organization/salient-surgical-technologies,1,1,0.8466742518881702
/organization/primesense,1,1,0.776357280923278
/organization/taggle-4,0,0,0.13873189820775556
/organization/continuous-computing,1,1,0.7714667127593462
/organization/traffix-systems,1,1,0.6322734364651068
/organization/balance-financial,1,1,0.686250023049599
/organization/clickshift,1,1,0.7047655007678408
/organization/tessella,1,1,0.5005394016517856
/organization/plug-dj,0,0,0.3971822707787059
/organization/a-bit-lucky,0,1,0.6363653121566201
/organization/trutap,0,1,0.808007617815073
/organization/pin-or-peg,0,0,0.0921156634459778
/organization/the-football-social-club,0,0,0.37041629483530714
/organization/pokemall,0,0,0.10985247550233565
/organization/radar-networks,1,1,0.788102391808381
/organization/futubra,0,0,0.12011967505229547
/organization/ascenergy,0,0,0.2940006531435212
/organization/tenaxis-medical,1,1,0.8430620093638931
/organization/community-bound,0,0,0.11008857249458813
/organization/iquum,1,0,0.28434209950614303
/organization/moppi-com,0,0,0.25395379087649916
/organization/iz3d,0,1,0.5819230268137046
/organization/guardent,1,1,0.7593028763532202
/organization/carbon-black,1,1,0.5988319329819133
/organization/zeer,0,1,0.50372431362318
/organization/go007-com,0,0,0.09869212798983222
/organization/samy-salon,0,0,0.33632872804478664
/organization/siterra,1,1,0.746649187133767
/organization/cloudary,1,1,0.6837110685960521
/organization/buddie,0,0,0.012262469782663855
/organization/california-linear-devices,1,1,0.5894669038104239
/organization/autovirt,0,1,0.8400920128197844
/organization/starboard-storage-systems,0,1,0.7455089289235393
/organization/peopleeasy-com-2,0,0,0.06539460153542022
/organization/spotcast-communications,1,1,0.8279029453045377
/organization/motion-pt-holdings,0,0,0.48632253633484573
/organization/koukoi-games,0,0,0.038809285135222124
/organization/ivendor-2,0,0,0.4845821904727082
/organization/spectra-analysis-instruments,1,1,0.9051265472098436
/organization/visible-world,1,1,0.8953940084783646
/organization/novioponics,0,0,0.06976404510518569
/organization/groupme,1,1,0.6799541224978836
/organization/makara,1,1,0.5896044411393404
/organization/moglue,0,1,0.6171752698764073
/organization/p-cube,1,1,0.7357691073549762
/organization/global-locate,1,1,0.8198531589590952
/organization/textic,1,0,0.36372291484335817
/organization/intellitactics,1,1,0.8879971076624785
/organization/royaltyshare,0,1,0.7518397449983171
/organization/branchout,1,1,0.7772037221194581
/organization/creativemarket,1,1,0.5188228903218499
/organization/kolis-scientific,0,0,0.2516698941398489
/organization/antcor,1,0,0.34724097117032426
/organization/kindermint,1,0,0.2761971582305327
/organization/clairmail,1,1,0.8451488715413377
/organization/nxvision,0,1,0.6452348341144364
/organization/enigma-software-productions,0,0,0.46460046691943196
/organization/bottle-rocket,0,0,0.28939437268679574
/organization/yobeeda,0,0,0.09855158135532194
/organization/askmygift,0,0,0.06815515321503426
/organization/socializr,0,0,0.49650656435198837
/organization/accordent-technologies,1,1,0.5256031022730648
/organization/let-it-wave,1,1,0.5752513419818053
/organization/lkc,0,0,0.05554865336858471
/organization/engrade,1,1,0.6939197215614696
/organization/tacit-software,1,1,0.8269135807987308
/organization/volantis,1,1,0.7821206183136379
/organization/trigo-technologies,1,1,0.8463794823107187
/organization/limerick-biopharma,0,1,0.8093650679451632
/organization/aperio-technologies,1,1,0.888047078181783
/organization/healthyout,1,1,0.5967993224110966
/organization/ringcube-technologies,1,1,0.8827989126644321
/organization/incentone,1,1,0.7231462260556215
/organization/curatedby,0,1,0.5735802217721307
/organization/my-perfect-gig,0,1,0.5753712873273575
/organization/charitic,0,0,0.05554865336858471
/organization/schematic-labs,1,1,0.6431382832406608
/organization/nettle,0,0,0.4624500317121879
/organization/illuminate-labs,0,0,0.30962082048438105
/organization/maya-medical,1,1,0.606307026630535
/organization/kulina,0,0,0.3578915445372871
/organization/ivera-medical,1,0,0.42426330292853426
/organization/hiptype,0,1,0.5436991710660007
/organization/crossweave,1,1,0.6719458543323089
/organization/inlet-technologies,1,1,0.844972272231645
/organization/odinotvet,0,0,0.1652830109142207
/organization/dot-legend,0,0,0.18381979676718313
/organization/marport-deep-sea-technologies,1,0,0.392101692276525
/organization/daksh-infosoft,1,1,0.6021861347074418
/organization/itarget-com,0,0,0.11159894811612958
/organization/dark-cubed,0,0,0.1308230395262818
/organization/jobzle,0,0,0.2531562129020032
/organization/minerp,0,0,0.061101719771972936
/organization/silicon-navigator-corporation,0,1,0.6605095041026317
/organization/istreamplanet,1,1,0.7314536927221803
/organization/1000-markets,1,0,0.40653135635637555
/organization/netscreen-technologies,1,1,0.8733257567889886
/organization/cooptions-technologies,0,1,0.6702037597751503
/organization/cisimple,1,1,0.5647491732349309
/organization/clacendix,1,1,0.7848189183352544
/organization/videscreen-networks,0,0,0.15059419727472048
/organization/infoflow,0,0,0.42020283191174973
/organization/werkadoo,0,0,0.31783965626079275
/organization/academy123,1,1,0.6723653446840433
/organization/consul-risk-management-international,1,1,0.9101985919686231
/organization/cellix-limited,0,0,0.2910254815048588
/organization/tryad-games,0,0,0.10672609489830577
/organization/lmki,0,0,0.26177460457306323
/organization/neterion,1,1,0.8802478408009146
/organization/cellerix,0,1,0.7615847980181589
/organization/astute,0,0,0.08887444483350894
/organization/metamatrix-red-hat,1,0,0.2747215654198676
/organization/goko,0,0,0.4658018090008283
/organization/insectigen,0,0,0.16156692454175606
/organization/tapioca-mobile,0,1,0.6818008419316521
/organization/pinkdingo,0,0,0.4509908762062747
/organization/i-am-smart-technology,0,0,0.4791043000622742
/organization/venuzle-com,0,0,0.34673517563817186
/organization/ocelus,0,0,0.2872466814881141
/organization/bilna-pte,0,0,0.05295351213422005
/organization/applimation,1,1,0.8087021918101828
/organization/omrix-biopharmaceuticals,1,1,0.5831207767924272
/organization/talkbin,0,1,0.5992445926422607
/organization/recargax,0,0,0.061101719771972936
/organization/system-detection,0,0,0.23669125341868688
/organization/luminate,1,1,0.8259980209729716
/organization/wireless-fitness,0,0,0.09362831072660457
/organization/modulus,1,0,0.26551834628768606
/organization/mixwit,0,0,0.2558738850502606
/organization/impactmedia,0,0,0.3068535900375988
/organization/russian-logistic-service,0,0,0.38726770634663243
/organization/justspotted,1,0,0.281100549339204
/organization/snipi,0,1,0.6882342472383997
/organization/zeifie,0,0,0.07726381861370904
/organization/raser-technologies,0,1,0.6033834377345199
/organization/akimbo,0,1,0.8391897977606363
/organization/wappa,0,0,0.13281175510013937
/organization/mfoundry,1,1,0.8732739817502588
/organization/aventa-technologies,0,0,0.3024030790417739
/organization/xkoto,0,1,0.8109462480090639
/organization/scansafe,1,1,0.7228666051042497
/organization/smartdocs-teknowmics,0,0,0.2997966235279202
/organization/way-systems,1,1,0.8861588012919921
/organization/membr-inc,0,0,0.05295351213422005
/organization/showme-tv,0,0,0.2911073168459068
/organization/gtess-corp,1,1,0.8655936921930607
/organization/tech-urself,0,0,0.3000699906773366
/organization/blowtorch,0,1,0.6834769136968092
/organization/snaptell,1,1,0.6887582483283334
/organization/magnifinance,0,0,0.09234301983082846
/organization/r3dway,0,0,0.25972837869872406
/organization/whereoscope,0,0,0.45511267186044957
/organization/kanisa-inc,1,1,0.7119380075425558
/organization/popcap-games,1,1,0.7599031150459655
/organization/aplica-tecnologas-de-nueva-generacin,1,0,0.29078522729133344
/organization/zume-life,0,1,0.6468655270847224
/organization/netcom-systems,1,1,0.5186252805467485
/organization/duqi-com,0,0,0.14361441130999916
/organization/veraz-networks,1,1,0.619114822051097
/organization/microsulis,0,1,0.7147453666487259
/organization/eiger-biopharmaceuticals,1,1,0.7518876856318274
/organization/brijot-imaging-systems,1,1,0.7636667460917995
/organization/adpeps,0,0,0.10173370944094427
/organization/spumetech,0,0,0.06539460153542022
/organization/ivideosongs,1,0,0.18693876508644666
/organization/prairielaw-com,0,0,0.0704510991501663
/organization/crocodoc,1,1,0.624237304164361
/organization/lecere,0,1,0.6459896091178291
/organization/gini,1,1,0.5649411963598887
/organization/travelline,0,0,0.06549116426759927
/organization/shortlist,0,0,0.3245715290738076
/organization/boxee,1,1,0.7751747535785584
/organization/alloy-digital,1,1,0.7407650485683495
/organization/needish,1,0,0.3254889005839961
/organization/the-point,0,1,0.5659243385525508
/organization/baobab-planet,0,0,0.40305725491476496
/organization/genieo,1,0,0.4861048586400963
/organization/youtube,1,1,0.7365089647665186
/organization/bmeye,1,1,0.567782553841942
/organization/toona,0,0,0.09332880140326795
/organization/thecomplete-me,0,0,0.48302960281081614
/organization/voxel-dot-net,1,1,0.6370266795993701
/organization/infoactive,1,0,0.08302617654719492
/organization/ecoast-sales-solutions,0,1,0.6695892620400846
/organization/vertical-wind-energy,0,0,0.16671871201851815
/organization/csg-solar,0,1,0.7535501368043779
/organization/enforta,0,1,0.5118116566769948
/organization/intelligent-bio-systems,1,0,0.3539949354011424
/organization/merge-labs,0,0,0.06373008238988744
/organization/litchfield-financial-corporation,0,1,0.6294447578700719
/organization/vá-de-táxi,0,0,0.14462532064108147
/organization/zakazaka,0,0,0.14863355102059117
/organization/athigo,0,0,0.3354714652600969
/organization/adxpose,1,1,0.8478962087544917
/organization/netezza,1,1,0.9319954768135962
/organization/aldexa-therapeutics,0,1,0.5012403005193419
/organization/blingo,0,0,0.08887444483350894
/organization/sprocket-inc,0,0,0.15820463519170128
/organization/d-lisi-food-systems,0,1,0.5405168402773678
/organization/yadata,1,1,0.6665504874031967
/organization/luxticket-sg,0,0,0.38200749488013686
/organization/solarc,1,1,0.8659164272218752
/organization/mtem-limited,1,1,0.527921720799042
/organization/hitwise,1,1,0.5852243265259879
/organization/mspot,1,1,0.5435608026415493
/organization/zadby,0,1,0.6311517813357831
/organization/global-axcess,0,1,0.6094189497919796
/organization/pixim,1,1,0.8975199645762418
/organization/senior-home-care,1,1,0.801784638943986
/organization/quewey,0,0,0.24293369852815996
/organization/zensoon,1,0,0.25574535894425016
/organization/povo,0,1,0.7056636047468376
/organization/tripconnect,0,0,0.4832975371392995
/organization/indextank,1,0,0.4764203346640437
/organization/sharetivity,0,0,0.4450382466629417
/organization/fluxome,1,1,0.7099904566900328
/organization/ezway,0,0,0.054815714532817014
/organization/npulse-software,0,0,0.34683326803547204
/organization/placevine,1,1,0.5006039811761882
/organization/oceana-therapeutics,1,0,0.38424223570403687
/organization/scramblermail,0,1,0.5143729370302375
/organization/backupify,1,1,0.8716370923062402
/organization/peoplefilter,1,1,0.7144530739480386
/organization/sorrento-therapeutics,0,1,0.7930136824628984
/organization/silico-corp,0,0,0.3495903726774249
/organization/swivel,0,1,0.5225643040874118
/organization/andersonbrecon,1,1,0.695571916238699
/organization/agility-communications,1,1,0.9371351616703759
/organization/25eight,0,0,0.1449526150900494
/organization/union-spring-pharmaceuticals,0,0,0.42342817237779434
/organization/wifi-online,0,0,0.1856606325922277
/organization/mcafee,1,1,0.8983925312492149
/organization/medius,0,0,0.26648556629897463
/organization/arcwave,0,1,0.7579865833691366
/organization/s-a-c,0,0,0.0872250869223994
/organization/agnion-energy,1,0,0.4189354354443915
/organization/gingersoft-media,0,0,0.44047932542787765
/organization/medecoach,0,0,0.2747293554493171
/organization/liveramp,1,1,0.8333285196702183
/organization/fmi-international,0,1,0.7303272475023791
/organization/nexus-biosystems,1,0,0.42342817237779434
/organization/admob,1,1,0.8808412276800143
/organization/mailana,0,0,0.04979457198734126
/organization/localbacon,0,0,0.42655314399180505
/organization/apposphere,0,0,0.24177675013009295
/organization/begun,0,0,0.38339479178502994
/organization/kleer,1,1,0.6776149146392353
/organization/scalent-systems,1,1,0.8377544467502901
/organization/sportfort,0,0,0.04672548825097839
/organization/ilumin-software,1,1,0.7732568206054715
/organization/protoexchange,0,0,0.2671395380788396
/organization/bookkeepity,0,0,0.05213239125415736
/organization/memamp,0,0,0.3176229958964515
/organization/public-post,0,0,0.07379452248353588
/organization/lemonquest,0,0,0.47939118758832877
/organization/gecad-technologies,1,1,0.6871324832318243
/organization/omniture,1,1,0.9334587232234398
/organization/linguagen,0,1,0.5714191143902418
/organization/launchgram,1,0,0.3016320649943359
/organization/cloud-com,1,1,0.7097798159220089
/organization/precise-software,1,1,0.6917763900081562
/organization/mixertech,0,0,0.21153819300296708
/organization/zkey-com,0,0,0.13121977526751114
/organization/athenix,1,1,0.996939820396474
/organization/rees46,0,0,0.03979239880367426
/organization/booshaka,1,1,0.611538250723816
/organization/add-life-medical-institute,0,0,0.28287241955023107
/organization/sensory-networks,1,1,0.7714647559285577
/organization/gamecrush,0,0,0.4213819241742258
/organization/advanced-leds,0,0,0.10832784640681509
/organization/loyalize,0,0,0.48357611468279543
/organization/slideslive,0,0,0.12637252662466242
/organization/nuventix,1,1,0.9044742243971988
/organization/buzzient,0,1,0.7651774365214149
/organization/clearswift,1,1,0.5511420113684624
/organization/santaris-pharma,1,1,0.6901506534488381
/organization/adeyoh,0,0,0.1592997003637204
/organization/insightrx,0,0,0.39869964708071337
/organization/blue-ocean-software,1,0,0.44057988996557995
/organization/azingo,0,1,0.8112349304738762
/organization/ivivity,1,1,0.8629631761086254
/organization/tagrule,0,0,0.04646339196667102
/organization/sprint-nextel,1,1,0.6841565669771899
/organization/salesforce-japan,1,1,0.7398125209651893
/organization/beach-solutions,1,1,0.5298296034212963
/organization/ny-slice,0,0,0.11542361345762965
/organization/memento,1,1,0.9264944779762839
/organization/plehn-analytics,0,0,0.18126891380734114
/organization/storeage-networking-technologies,0,0,0.1545623189698692
/organization/broadhop,1,1,0.708720862136258
/organization/xbyme,0,0,0.08912060229273927
/organization/alike,1,0,0.12770957953659665
/organization/geni,1,1,0.7488716617508812
/organization/il-bisonte,0,1,0.5864756729449883
/organization/thefanleague,1,0,0.061732902891161574
/organization/novusedge,0,1,0.614539595165427
/organization/payvment,1,1,0.6673551141242493
/organization/valley-proteins,0,1,0.6080219599724248
/organization/vibrow,0,0,0.1151492915403679
/organization/tracelytics,1,1,0.7402637598099479
/organization/transpera,1,1,0.8133504186105748
/organization/fangdd-2,0,0,0.1568481869668176
/organization/crowd-sourced-story,0,0,0.11259525425456558
/organization/travelmob,1,0,0.29926553346993795
/organization/buildforge,1,1,0.7372401268421186
/organization/youtego,0,1,0.6890799947427166
/organization/foldrx-pharmaceuticals,1,1,0.6809979904838147
/organization/american-apperal,0,1,0.7045510218792125
/organization/posterbee,0,0,0.250228874035892
/organization/spockly,0,0,0.11582340504725276
/organization/capcom-groupe,0,0,0.23653975006288722
/organization/dot-hill-systems,1,1,0.57160854430774
/organization/shenzhenware,0,0,0.05295351213422005
/organization/lugiron-software,0,1,0.7796877620950228
/organization/orange-line-media,0,0,0.12473088451193137
/organization/senit,0,0,0.1542314067202193
/organization/fraud-protection-network,0,0,0.20509411146948706
/organization/vyant-technologies,0,0,0.3153342366957291
/organization/subtledata,0,0,0.3820154967724001
/organization/cya-technologies,1,1,0.7770749259101756
/organization/recobell,1,0,0.47543714721253993
/organization/nextpoint-networks,1,1,0.8588914594030138
/organization/antarex-group,0,0,0.05951952725363132
/organization/foglaljorvost,0,0,0.05295351213422005
/organization/fineex,0,0,0.11663214441887758
/organization/yomoni,0,0,0.34071705505246336
/organization/spot-tech,0,0,0.08446719571556091
/organization/openfinance,1,0,0.3599021194146894
/organization/altoweb,0,1,0.8843523675134263
/organization/viralytics,0,0,0.34259811087338005
/organization/revalesio,0,1,0.7011307050055775
/organization/yobongo,1,0,0.4412698203517899
/organization/mozy,1,1,0.5891986901317745
/organization/renaissance-learning,1,1,0.8485246362646068
/organization/walldress,0,0,0.19793540954161465
/organization/wolverine-advanced-materials,1,0,0.16698694228671154
/organization/bookitnow,1,0,0.18067928312772177
/organization/invarium,1,1,0.6651834856019564
/organization/nalace-corporation,0,0,0.17489162949687523
/organization/comply7,0,0,0.3223750094810675
/organization/openpeople,0,0,0.242176267745843
/organization/onsite-access,1,1,0.8821775305474098
/organization/midawi-holdings,0,1,0.6647435240968489
/organization/insightfulinc,0,0,0.23282923036535164
/organization/impressive-creative,0,0,0.11891026076291358
/organization/hubgets,0,1,0.5667588191673497
/organization/brightware-2,0,0,0.3319199106647498
/organization/logentries,1,1,0.6955333926054338
/organization/viamericas,0,1,0.6325191539157987
/organization/backup,0,0,0.16262352170544014
/organization/incline-therapeutics,1,1,0.7538590407492162
/organization/profitpoint,1,0,0.39581688553478145
/organization/etre-gourmand,0,0,0.02135777898142957
/organization/aviary,1,1,0.8268323120524622
/organization/netcordia,1,1,0.7685384364637174
/organization/outsmart,1,1,0.5620334030000431
/organization/saber-software-corporation,0,1,0.6187278995071623
/organization/neomend,1,1,0.8528271195376487
/organization/aeroscout,1,1,0.8794277076704662
/organization/kingmaker,1,0,0.23273379340964612
/organization/tellwiki,0,1,0.5017296702066751
/organization/autoquake,1,1,0.8147672757832568
/organization/secondmarket,1,1,0.839053594240878
/organization/canatu,0,1,0.7033383876967575
/organization/insightera,1,0,0.4867389101572383
/organization/ikano-communications,1,1,0.8922277088939615
/organization/multifonds,1,1,0.6048506558505081
/organization/yakify,0,0,0.24481502246661838
/organization/onesmile-holdco,0,0,0.4226963528034083
/organization/liquavista,1,1,0.7413962463058037
/organization/gonogging,0,0,0.16438475338440975
/organization/wellocities,0,0,0.3170758037670065
/organization/surepeak,0,1,0.5611338958015916
/organization/bundle-it,0,0,0.36886705557430866
/organization/balconytv,1,0,0.49725646644165206
/organization/istafind-ltd,0,0,0.4124952361020557
/organization/jolie-2,0,0,0.009855115680036048
/organization/soluto,1,1,0.7317388592629577
/organization/for-arts-sake-media,0,0,0.13472490151636468
/organization/oliver-co-designs-inc,0,0,0.061101719771972936
/organization/knome,1,1,0.7433265980604742
/organization/cloudvertical,1,1,0.7051641855241948
/organization/talenz,0,0,0.12634839070853826
/organization/assuramed,1,1,0.6425728499935154
/organization/commsignia,0,0,0.07406547321306044
/organization/salestools-io,0,0,0.13328401172120008
/organization/seewhy,1,1,0.9184827327960394
/organization/smartturn,0,1,0.704822673398043
/organization/adquota,1,0,0.3448423617408291
/organization/daixe,0,0,0.10375854153903777
/organization/nukona,1,0,0.437569066154608
/organization/prolexic,1,1,0.8873588281649211
/organization/cytheris,0,1,0.7281152137662215
/organization/earthmine,1,1,0.6403578953839327
/organization/sparkroom,1,1,0.779385495693995
/organization/berkeley-design-automation,1,1,0.85394745563307
/organization/signal-point-holdings,0,1,0.5651717473736334
/organization/centrafuse,0,0,0.3827478692000364
/organization/mooscool,0,0,0.06538501033863038
/organization/navajo-systems,0,1,0.5821447166770323
/organization/goods-platform,0,0,0.2698683170089414
/organization/prosight,1,1,0.7697595447604326
/organization/pole-star,0,0,0.43056991877736034
/organization/ksr,1,1,0.9289874044325082
/organization/pageonce,1,1,0.8575192348336557
/organization/kismet,0,0,0.4583886360554507
/organization/second-brain,0,0,0.37695595831208656
/organization/june-blackbox,0,0,0.3996761583872616
/organization/roxro-pharma,0,1,0.7584998257847277
/organization/adexact-corp,0,0,0.3375394389803692
/organization/rad-power-bikes,0,0,0.09312956754747893
/organization/new-media-gateway,1,1,0.7184552395728269
/organization/freebike-project,0,0,0.20868664834574005
/organization/clarus-systems,1,1,0.7790360877681751
/organization/witsbits,1,1,0.5509260582502645
/organization/vidable,0,0,0.419702215711155
/organization/dolphinsearch,0,1,0.6080219599724248
/organization/savage-beast-technologies,0,1,0.6720283110419726
/organization/hyper-games,0,0,0.026100699598188254
/organization/level-5-networks,1,1,0.7821001047345408
/organization/mir-vracha,0,0,0.13100899381588885
/organization/flocations,1,0,0.37867844264814754
/organization/lightside-labs,1,0,0.2996312499539595
/organization/adsage,1,1,0.7459918210364536
/organization/asian-food-channel,1,0,0.1691563232990256
/organization/colibria,1,1,0.6437783906995566
/organization/entertainment-cruises,0,0,0.3996736470085944
/organization/somatix,0,0,0.4564643293651767
/organization/jobs-made-easy,0,0,0.15496577115482854
/organization/sha-sha,1,0,0.4174342586485434
/organization/oasys-mobile,0,1,0.8256699090638184
/organization/groupoff,0,0,0.341706184611107
/organization/profind,1,1,0.6038857560681617
/organization/sdh-group,0,0,0.3235802023914706
/organization/suso,1,0,0.38527903131056784
/organization/trulia,1,1,0.9329572169469404
/organization/glam-2,0,0,0.4986992639050294
/organization/medd,0,0,0.1955537112049592
/organization/datria-systems,1,1,0.8303086405592752
/organization/wehostels,1,1,0.5165555486746518
/organization/penistone-road,0,0,0.09743603879763939
/organization/profibrix,1,1,0.7153140065197527
/organization/etelos,0,1,0.7464456322555173
/organization/logiclibrary,1,1,0.7666974902692213
/organization/elixir-pharmaceuticals,0,1,0.8190826463162235
/organization/mytoons,0,1,0.5564385317287346
/organization/sierra-logic,1,1,0.8389247095465452
/organization/integralreach,1,0,0.26459807326200724
/organization/dabble,0,0,0.3033991994630989
/organization/trestletree,1,1,0.6812622308302058
/organization/mitu-2,0,0,0.05295351213422005
/organization/gt-nexus,1,1,0.8164351512348899
/organization/mybenefitsource,0,0,0.43911634325465176
/organization/care-current,0,0,0.05325743100018942
/organization/dailydeal,1,1,0.5734938076125896
/organization/zirtual,1,1,0.6108079252716394
/organization/ippies,0,0,0.16720754724515238
/organization/intruvert,1,1,0.8412043066149927
/organization/stockcastr,0,0,0.13905254252694613
/organization/swoodoo,1,0,0.47222694757406036
/organization/markettools,1,1,0.8810952359390487
/organization/refer-ly,0,0,0.44266597092842225
/organization/newmarket-international,1,1,0.7849152027242076
/organization/reelation,0,0,0.07518645708378131
/organization/lawpath,0,0,0.4244965377648165
/organization/sochat,0,0,0.038688011676065795
/organization/drivemecrazy,0,0,0.33847167412714746
/organization/fanappz,0,0,0.19623829959288194
/organization/novasys,0,1,0.6160444790210974
/organization/redvax,1,0,0.07041051359253529
/organization/realine-technology,0,0,0.34086364252458035
/organization/crossing-automation,1,1,0.7325139059332134
/organization/legolas-media,1,1,0.7658995966608275
/organization/collaborate-com,1,1,0.6261866461325845
/organization/diversified-natural-products,0,0,0.46754306690209896
/organization/gliatech,0,1,0.7591952780522809
/organization/n-able-technologies,1,1,0.6286881209210478
/organization/ludi-labs,0,0,0.21321854067133247
/organization/m-factor,1,1,0.8112472276315088
/organization/tradecard,1,1,0.9556338835501206
/organization/weiboagent,0,0,0.061101719771972936
/organization/adnexus,1,1,0.8440134879401983
/organization/zeroplus-com,0,0,0.26957040991825115
/organization/quik-io,1,1,0.5204611162020363
/organization/dansk-bredband,0,1,0.6305754560140057
/organization/packetmotion-inc,1,1,0.9028624901872702
/organization/spree-commerce,1,1,0.6467544872103045
/organization/polyvore,1,1,0.7906606187433851
/organization/jotvine-com,0,0,0.052586132994320724
/organization/wily-technology,1,1,0.8187987245425
/organization/savored,1,1,0.5099342838416546
/organization/xyst,0,0,0.06539460153542022
/organization/fablistic,0,0,0.4890841910369421
/organization/wavetec-vision,1,1,0.9214371144894729
/organization/dick-or-bro,0,0,0.22199293954714863
/organization/maintenancenet,1,1,0.5140459221886782
/organization/aductions,1,0,0.399023771551889
/organization/play-with-pictures,0,0,0.15897238107276038
/organization/mavenir-systems,1,1,0.9090891904601617
/organization/corimmun,1,0,0.47631720418020523
/organization/adap-tv,1,1,0.889435155381348
/organization/amitive,1,1,0.7230275174218956
/organization/bread-labs,1,1,0.6365818222786194
/organization/virtuoso-branding,0,0,0.15159667596467613
/organization/rehab-management-services,1,1,0.8825084623437685
/organization/viridity-software,1,1,0.7221222461310659
/organization/spotie,1,0,0.06891378066364058
/organization/bahu,0,0,0.3770371256978918
/organization/rpo,0,1,0.8208230787362634
/organization/stix,0,0,0.43838651734999656
/organization/d-labs-2,0,0,0.37141419987350593
/organization/ultraprise-loan-technologies,0,0,0.4656855459370324
/organization/all-web-leads-inc,1,0,0.3887702614641309
/organization/bemba,0,0,0.36107304858761735
/organization/xtime,1,1,0.9590133249212571
/organization/autoweb-inc,1,1,0.5366111059861
/organization/crowdberry,0,0,0.07583622238524008
/organization/znode,1,0,0.44430364281822476
/organization/aeromot,0,1,0.7088280567985012
/organization/trustedsafe,0,0,0.23436034385327978
/organization/xpeerient,1,0,0.4584232431379723
/organization/streamlyzer-inc,0,1,0.7004256139593199
/organization/melodeo,1,0,0.4833371990344541
/organization/shashi-kumar,0,0,0.11978043728503242
/organization/cometa,0,0,0.10321985268963604
/organization/spectralinear,1,1,0.8606277426536727
/organization/synarc-2,1,1,0.7626627275200144
/organization/myla,1,1,0.5274795505741526
/organization/the-home-salon,0,0,0.37746997958005724
/organization/aep-networks,1,1,0.75259834759905
/organization/real-time-content,1,1,0.7113937112021864
/organization/sothree,1,0,0.18582706170196978
/organization/mentorwave-technologies,1,1,0.6628060111031826
/organization/signav-pty-ltd,0,0,0.33752442129977395
/organization/brands4friends,1,1,0.6217609181763174
/organization/strongmail,1,1,0.9164121809838008
/organization/highview,0,0,0.03564125207850265
/organization/babble,1,1,0.6223920108379856
/organization/open-xchange,0,1,0.8618926807098071
/organization/am-beo,0,1,0.6050978944280282
/organization/the-lions,0,0,0.3381769067513976
/organization/reliant-technologies,1,1,0.6803625608263566
/organization/noza,1,1,0.6577989745473561
/organization/blueroads,1,1,0.828245264023567
/organization/kaboodle,1,1,0.7352219649324451
/organization/wavesat,1,1,0.8860334373386535
/organization/saynow,1,1,0.7668486588780412
/organization/union-bay-networks,1,0,0.43179340578395026
/organization/podcast-llc,0,0,0.07379452248353588
/organization/bayshore-networks,0,0,0.0289986237593153
/organization/braintech,0,0,0.4989034055960586
/organization/sepspensor,0,1,0.7920247931417828
/organization/zoot-2,0,0,0.007181115412127602
/organization/divx,1,1,0.9143064587121105
/organization/canesta,1,1,0.8398084678226199
/organization/pintex-pharmaceuticals,1,1,0.7461364623971768
/organization/link-medicine,0,1,0.7850240031619615
/organization/qingdao-diancang-technology-infomation-co-ltd,0,0,0.0559454630515388
/organization/dovebid,1,1,0.950817183385991
/organization/knova-software,1,1,0.6242564836480117
/organization/ruckus,1,1,0.5905515086632396
/organization/skypilot-networks,1,1,0.9413481252570476
/organization/inboxfever,0,0,0.3398911909259832
/organization/netgamix-inc,0,0,0.32541182522698453
/organization/acuity-pharmaceuticals,1,1,0.5584589920134291
/organization/impedans,0,0,0.3807556438437603
/organization/digital-sports,1,0,0.4449642229568188
/organization/kaskado,0,0,0.45775835967478806
/organization/saffron-technology,1,1,0.7633942565217674
/organization/serious-business,1,1,0.5791939460775793
/organization/universitylyfe,0,0,0.42556061736738143
/organization/reble,0,0,0.456158736736386
/organization/trustradius,0,1,0.5175434902160779
/organization/bufferbox,1,0,0.3851198759349062
/organization/liquidtalk,1,1,0.7230296365863775
/organization/spot-influence,1,1,0.6131480303112894
/organization/littlefeet-inc,0,0,0.20531035281980864
/organization/centerpost-communications,1,0,0.3211701305435115
/organization/lendix,0,0,0.3387639794775081
/organization/showthere,0,0,0.06539460153542022
/organization/cloudkick,1,1,0.6454153147282063
/organization/appoxee,1,0,0.4403191852841031
/organization/sonda41,0,1,0.6729038906242262
/organization/freewheel,1,1,0.8706609403013826
/organization/vessix,0,1,0.5154499631376319
/organization/yadio,1,0,0.30691508150602687
/organization/x2impact,0,0,0.4074851416867929
/organization/vjive,0,0,0.11558009647771035
/organization/altitun,1,0,0.11159894811612958
/organization/screenhero,1,0,0.4915418999130857
/organization/vidient,0,1,0.8670485199682665
/organization/intelliworks,1,1,0.8504689449749422
/organization/flashline,1,0,0.38623782065047174
/organization/snapfinger,1,1,0.8003104877765895
/organization/sychip,1,1,0.7655235339280154
/organization/ziplist,1,1,0.6754796428050966
/organization/kulabyte,1,0,0.21573147634457668
/organization/chasqui-bus,0,0,0.10321985268963604
/organization/seniorsource,0,0,0.0913776088839386
/organization/step-labs,0,1,0.5726607946577303
/organization/celestial-semiconductor,1,1,0.55163753108395
/organization/uncover-2,1,0,0.2425264797038962
/organization/meetme,0,1,0.6587086346146873
/organization/similarity-systems,1,1,0.7101773934432695
/organization/smarttime-software,0,1,0.8141250996121849
/organization/olivetree,0,0,0.15608089171744424
/organization/tutopia-com,0,0,0.09864357520255024
/organization/embedded-internet-solutions,0,1,0.5057795562812308
/organization/paymentusa-2,0,0,0.49813752340351086
/organization/sipphone,0,1,0.5910659112906101
/organization/playfirst,1,1,0.8829709042604811
/organization/runa,1,1,0.7366004745707107
/organization/cambridge-devices,0,0,0.2530498548744328
/organization/mobileaccess-networks,1,1,0.8177784849754957
/organization/el-paso-networks,0,0,0.1049720322088473
/organization/dealstreet,0,0,0.3358270623960502
/organization/resonext-communications,0,0,0.42853687789675504
/organization/adaptivio,1,1,0.6509784664967143
/organization/vidschool,0,0,0.1806138046646921
/organization/log607,1,0,0.34729007510651494
/organization/imrsv,1,1,0.8093279666484846
/organization/universal-robots,1,1,0.5038919511567246
/organization/energywindow,1,0,0.1037906116708763
/organization/liquefied-natural-gas,0,0,0.25717052976892923
/organization/traversa-therapeutics,0,0,0.4932318560963023
/organization/compellent-technologies,1,1,0.8368329270626473
/organization/zao-com,1,0,0.39875081111720556
/organization/talentspring,1,1,0.5491284385260217
/organization/client24,0,0,0.21015994893493445
/organization/cantex-pharmaceuticals,0,1,0.540344464116975
/organization/cambridge-technology-enterprises,0,1,0.666363561756255
/organization/tibco-software-inc,1,1,0.674716823973877
/organization/packetfront,1,1,0.7676008764995009
/organization/apriso,1,1,0.8791490918223268
/organization/stop-chill,0,0,0.18069309102379952
/organization/glassmap,1,0,0.475167433813431
/organization/gizmoz,1,1,0.7826499513075084
/organization/codexa-2,0,0,0.28140462010712985
/organization/soundtracker,1,1,0.5121040103719693
/organization/mad-mimi,1,0,0.2321777440642071
/organization/fly-labs,1,0,0.280230886968074
/organization/jetaport,0,1,0.580968275437825
/organization/playdemic,1,0,0.43562341446669367
/organization/spock,1,1,0.5837550966260162
/organization/network-chemistry,0,1,0.7318297404823598
/organization/crowdpatent,0,0,0.3107105657023565
/organization/bigband-networks,1,1,0.8602603959603503
/organization/foliodynamix,1,1,0.7679931120295171
/organization/equaleyes,0,0,0.18116025056868829
/organization/horse-creek-entertainment,0,0,0.49082571234438055
/organization/uvize,1,0,0.32251085231322074
/organization/meriton-networks,1,1,0.8259559123838704
/organization/touristway,0,0,0.28285132394462237
/organization/made-it,0,0,0.2628772381460845
/organization/soteira,0,1,0.7177677709432221
/organization/troika-networks,1,1,0.8671596108270601
/organization/endaga,1,0,0.43753340079870684
/organization/zyken-nightcove,1,1,0.5897414370249355
/organization/ps-xo,1,0,0.44246540814277113
/organization/thrucomm,0,0,0.4123158606710477
/organization/streamago,0,0,0.17882546143186856
/organization/apiphany,1,1,0.5940832035991197
/organization/kylin-therapeutics,0,0,0.37406614079652034
/organization/information-security-corporation,0,0,0.292346608398288
/organization/peek-co,0,1,0.7117103181377614
/organization/oculus360,0,1,0.6359188802665559
/organization/krikle,0,0,0.17649297208172648
/organization/digitalpersona,1,1,0.7814439002801272
/organization/bop-fm,0,0,0.40019207418206154
/organization/worldstor,0,0,0.4868954142365228
/organization/unsocial,0,0,0.49761486126354754
/organization/coresonic,1,0,0.3804851557377528
/organization/shopwell,1,1,0.7626892579482294
/organization/sulfercell,0,0,0.17903834567066515
/organization/ivita,0,0,0.3701042014055029
/organization/semplice-energy,0,0,0.3105738466553458
/organization/apsmart,1,1,0.5323304111655517
/organization/content-calendr,0,0,0.02464846947036531
/organization/wer-liefert-was,1,1,0.9433469298904937
/organization/cdc-software-corporation,1,1,0.8938312716923311
/organization/rtn-stealth-software,0,0,0.12446058967874042
/organization/stackblaze,0,0,0.2066322881821351
/organization/edealya,1,1,0.5603154091733636
/organization/socialmatica,0,1,0.583561704740851
/organization/luminary-micro,1,1,0.8309133256271477
/organization/tatara-systems,1,1,0.9187853832905155
/organization/avito-ru,1,1,0.8124613053207779
/organization/themarkets,1,1,0.755534853873711
/organization/blekko,1,1,0.8632389168969368
/organization/luxji,0,0,0.07383184631061046
/organization/narrativewave-inc,0,1,0.6249982184551465
/organization/imagiin,0,1,0.5202415718701557
/organization/webevent,1,0,0.46569297553857386
/organization/stream-4,0,0,0.05554865336858471
/organization/hipcricket,1,1,0.8527295196323943
/organization/positron-dynamics,0,0,0.18571737790756004
/organization/tablus,0,1,0.7800659526799766
/organization/ironport,1,1,0.8999200021005229
/organization/villij,1,0,0.20766525956995205
/organization/target-brazil,0,0,0.2500336875324905
/organization/alvesta,1,1,0.6354955630656014
/organization/reverb-technologies,1,1,0.8372734369393531
/organization/6th-sense-analytics,1,1,0.7602815970284212
/organization/browster,0,1,0.7082776597804611
/organization/pushbutton-labs,0,0,0.48805171483881565
/organization/jigsee,1,1,0.6177735033955043
/organization/bao-box,0,0,0.05295351213422005
/organization/yibailin,0,0,0.16457334769726775
/organization/myminilife,1,0,0.4703883277951945
/organization/remotv,0,1,0.6263842022471746
/organization/vizify,1,1,0.5432397382759694
/organization/tastebud,1,1,0.5105453285710977
/organization/meevee,1,1,0.8242412811110478
/organization/dumbstruck,0,0,0.29053286477985996
/organization/broadcast-mobi,0,0,0.1229702777338083
/organization/videoiq,1,1,0.9381958844382645
/organization/trueflow,0,0,0.20977748239288796
/organization/onechip-photonics,0,1,0.710410290104566
/organization/thoughtful-research-inc,0,0,0.10890081067942488
/organization/zengame-禅游科技,0,0,0.2738118882459021
/organization/century-hospice,0,1,0.5057741202287727
/organization/nishan-systems,0,1,0.8874209371858476
/organization/gtronix,0,1,0.8627601443772943
/organization/qrgl,0,0,0.10721635074161857
/organization/objectworld-communications,1,1,0.7296743846565592
/organization/gateway-edi,1,0,0.39102502954499524
/organization/enkia,1,1,0.7380969168796524
/organization/kombe-n-sepe-block,0,0,0.4248517657084281
/organization/upviral,0,0,0.1341612858355774
/organization/synapticmash,1,1,0.6583622785288324
/organization/tweettv,1,0,0.35754359345033154
/organization/beamly,1,0,0.45494054711049475
/organization/cerion-technology,0,0,0.1899629595667807
/organization/carticipate,0,0,0.139205153159227
/organization/hara,1,1,0.8787878403139471
/organization/psicofxp-com,0,0,0.3636912871507647
/organization/elecar,0,0,0.03153726247942015
/organization/moonshoot,0,1,0.6415352418261762
/organization/chongqing-haifu-technology,0,0,0.18902630485221755
/organization/tubel-technologies,0,0,0.4923576507037668
/organization/crude-area,1,0,0.19875805492911977
/organization/lysac-technologies,1,1,0.6495988389256147
/organization/mobile-roadie,1,1,0.6514102849986759
/organization/cognitive-security,1,0,0.3136691218374789
/organization/streamline,1,0,0.4363660651171387
/organization/vativ-technologies,1,1,0.8283281345991719
/organization/adviva,1,1,0.6666575067074867
/organization/vyre-limited,1,0,0.33532674284763564
/organization/xelerated,1,1,0.9215462497517056
/organization/butcherbox,0,0,0.0706450645552251
/organization/communify-health,0,0,0.1770412036939133
/organization/kidthing,0,1,0.6127996527877683
/organization/lightningcast,1,1,0.6545749418606127
/organization/greengoose,0,0,0.42986682402334697
/organization/lawpàdí,0,0,0.04531329464948094
/organization/heyspace,0,1,0.5221960166157676
/organization/appthegame,1,1,0.5512440312103942
/organization/progress-financial-corporation,0,0,0.07197916008975272
/organization/bid-nerd,0,0,0.33284604500213616
/organization/alphaserv-com,0,0,0.26177460457306323
/organization/brightside-software,0,1,0.5613233377796403
/organization/nuvosun,1,1,0.5452381449349071
/organization/the-huffington-post-australia,0,0,0.05295351213422005
/organization/kidzui,1,1,0.8291562484078575
/organization/twof,0,0,0.4683174319516024
/organization/trellis-technology,1,0,0.22312621535400096
/organization/pomogatel,0,0,0.13090915780922888
/organization/luminus-devices,1,1,0.8664196450137645
/organization/insiderpages,1,0,0.4554922590425903
/organization/inmoo,1,0,0.30583906223583873
/organization/medipropharma,0,0,0.41001538128200066
/organization/rooms2night-llc,0,0,0.0671110510242937
/organization/redfern-broadband-networks,1,1,0.5684220506202725
/organization/fasmatech-science-and-technology,0,0,0.15728204565826415
/organization/studiotweets,0,0,0.3018258223681976
/organization/engage,0,1,0.529175348484169
/organization/trust-mico,0,0,0.20847714211602636
/organization/dinglepharb,0,0,0.2714954902833693
/organization/epiphany-digital,0,1,0.5684361409605516
/organization/solopower,1,1,0.9055951052638188
/organization/gentris,1,1,0.6239504742571238
/organization/sequoia-media-group,0,1,0.550092898682543
/organization/centerbeam-inc,1,1,0.5566957454114959
/organization/nubot,0,0,0.07564726765724825
/organization/navimedix-2,0,1,0.7672221409837491
/organization/actional-garners,0,0,0.3622780109421738
/organization/autonavi,1,1,0.5023621717579367
/organization/tasted-menu,0,1,0.5053854515687752
/organization/pleg,0,1,0.5599645251508768
/organization/stonestreet-one,1,1,0.6423401216639884
/organization/xanthus-pharmaceuticals,1,1,0.7781919657343543
/organization/spark-flow,1,0,0.154354319663349
/organization/puentes-company,0,0,0.22749950695947338
/organization/banro-corporation,0,1,0.5147296593026588
/organization/complete-network-technology,1,0,0.46030897297525214
/organization/embrella-cardiovascular,0,0,0.4506495178097879
/organization/presidium-learning,1,1,0.5851795283681812
/organization/pr2go-com,0,0,0.11888902955979096
/organization/chatham-therapeutics,1,0,0.2551031041466476
/organization/synovex,0,0,0.3602682874059163
/organization/canpages,1,1,0.7807956124226404
/organization/viigo,1,1,0.6514322311746231
/organization/koality,1,0,0.4364638144771899
/organization/syntaxin,1,1,0.6710217570474986
/organization/microinox,0,1,0.6262319669156353
/organization/kickup,0,0,0.08235857301689933
/organization/goby,1,0,0.43833758162556263
/organization/kublax,0,0,0.401251876536311
/organization/openfeint,1,1,0.5174771691393436
/organization/cookstr,1,1,0.5739341035152832
/organization/membit-inc,0,0,0.08415249931838394
/organization/aesica-pharmaceuticals,1,0,0.31222241034517256
/organization/navarro-discount-pharmacy,1,1,0.5257131655477227
/organization/nextg-networks,1,1,0.7113727683963584
/organization/village-laundry-service,0,1,0.5013136005314275
/organization/cylene-pharmaceuticals,0,1,0.8216197945713257
/organization/pi-corporation,1,1,0.8212271767252359
/organization/datadog-health,0,0,0.057253774432509945
/organization/berkna-wireless,1,1,0.8848401768418601
/organization/thought-network-s-a-s,0,0,0.06815047370838163
/organization/marvin,0,0,0.09808951364568345
/organization/objective-logistics,1,1,0.850088171537645
/organization/sundrop-mobile,1,1,0.5794780580488088
/organization/gelato-io,1,0,0.25471395686089066
/organization/renegade-games,0,0,0.37403494876274374
/organization/jinkosolar-holding,0,1,0.5887818770667618
/organization/innocutis,1,1,0.543756867773931
/organization/whale-communications,1,1,0.9269483346867529
/organization/agilys,1,0,0.2813169411169273
/organization/liligo-com,1,0,0.39046231785374164
/organization/brilliant-inc,0,0,0.058263152685040384
/organization/turbobotz,0,0,0.26560876287352675
/organization/kontera,1,1,0.9059817373550437
/organization/deploy-solution,1,1,0.8260710646678973
/organization/skyeng,0,0,0.05054516473103257
/organization/rainfinity,1,1,0.8469121974019989
/organization/socialbuy,0,0,0.46719352011103016
/organization/xelerated-holdings,0,1,0.6148401162845512
/organization/knock-mart,0,0,0.22369286696225874
/organization/local-motion,1,1,0.5707737465814717
/organization/objectfx,1,1,0.8831920429246635
/organization/shoebuy,1,1,0.7646241724518046
/organization/service-metrics-inc,1,0,0.37374096560795084
/organization/nomermail-ru,0,0,0.0642373380084782
/organization/enable-holdings,1,1,0.6983460194608306
/organization/dealer-com,1,1,0.7425859151755542
/organization/orabrush,1,1,0.6659026658437208
/organization/transdimension,0,0,0.49894554688805864
/organization/quellan,1,1,0.963606385825774
/organization/luphos-gmbh,1,0,0.07379452248353588
/organization/optimedica,1,1,0.8718560327822231
/organization/ansyn,0,0,0.3359589049761827
/organization/presidio-networked-solutions,1,1,0.5463251191551973
/organization/lonocloud,1,0,0.48199175770101227
/organization/communication-synergy-technologies,0,1,0.7052295412824534
/organization/fansnap,0,1,0.7364136699380953
/organization/appium-technologies,1,1,0.5827681715512499
/organization/tempmine,0,0,0.18488502101691215
/organization/replidyne,1,1,0.6569865726718893
/organization/coppergate-communications,1,1,0.6845524454311889
/organization/mobsmith,1,0,0.4191987227363011
/organization/treatfeed,0,0,0.4608281853098128
/organization/markafoni,1,1,0.5149467394460061
/organization/netspend,0,1,0.818513226355624
/organization/crowdsavings,1,1,0.6382690291299885
/organization/decipher,1,0,0.1970589834018758
/organization/ameritv,0,0,0.37220883913517777
/organization/swaptree,0,1,0.6623953376085172
/organization/violife,0,1,0.5703901605826507
/organization/entrisphere,1,1,0.9133546628071715
/organization/tempo-ai-sri-spin-off-m,1,1,0.684502519440222
/organization/concur-technologies,1,1,0.9020338738869145
/organization/devilfish-poker-ltd,0,0,0.07435087223958453
/organization/balanced,0,1,0.6441891360923784
/organization/outline-app,0,0,0.1391609011748478
/organization/altruik,1,1,0.6391952662625972
/organization/sezmi,1,1,0.8728182106930507
/organization/orchestra-corporation,1,1,0.9304689844721188
/organization/ontela-2,1,1,0.7167139926259845
/organization/canfield-medical-supply,0,0,0.10986835125807566
/organization/piramed,1,1,0.6225728876987533
/organization/plugre-com,0,0,0.07062983433968577
/organization/icredit,0,0,0.19688839068351952
/organization/credant-technologies,1,1,0.8944588906447993
/organization/peerflix,1,1,0.6879609796182398
/organization/bvfon-telecommunication,0,0,0.39801753278015856
/organization/software-com-2,0,0,0.07034848455224613
/organization/akimbi-systems,1,1,0.7733289686779476
/organization/plasmasi,0,0,0.4855516882827145
/organization/american-health,0,0,0.12755135877021326
/organization/essential-viewing,1,1,0.7322682627528512
/organization/enigmatic,0,1,0.8780175879828898
/organization/elemental-technologies,1,1,0.8833480466684537
/organization/certify-data-systems,1,1,0.8493314457084441
/organization/stellar-biotechnologies,0,1,0.7746484480861554
/organization/rempex-pharmaceuticals,1,1,0.6034620130041214
/organization/kreatech-diagnostics,1,0,0.3806881870033233
/organization/reddit,1,1,0.9025644601011653
/organization/battlepro,0,0,0.10055623367574759
/organization/consera-software,1,1,0.7713858038369665
/organization/mysql,1,1,0.9322955982209662
/organization/medicard,0,0,0.06836563693570698
/organization/minekey,0,1,0.6438608459431339
/organization/zvents,1,1,0.8750804267879637
/organization/cover-lockscreen,1,0,0.2651878726821145
/organization/snipd,0,0,0.1879502618909966
/organization/ntag,1,1,0.6778806205955935
/organization/adnavance-technologies,0,1,0.5607200118811185
/organization/gazehawk,1,0,0.23761278185840884
/organization/perfect-market,1,1,0.8401156612849567
/organization/wireless-audio-ip-bv,1,0,0.4235182463031582
/organization/adtena-2,0,0,0.016646813770557146
/organization/locasian,0,0,0.12687005092849207
/organization/paddle-mobile-payments,0,0,0.24669425313276822
/organization/sulmaq,0,0,0.2498105992056326
/organization/bellwave-co,1,0,0.49599628983034255
/organization/psiloquest,0,1,0.580612423857289
/organization/sleep-nation,0,0,0.4971978570939141
/organization/lensar,1,1,0.9117344040609775
/organization/freewebs,1,1,0.8605129530269852
/organization/visualnest,0,0,0.2177794243699903
/organization/fintech-asia,0,0,0.05295351213422005
/organization/1bib,0,0,0.4392919001361527
/organization/zmags,1,1,0.8668066273988393
/organization/ls9,1,1,0.8218468672083473
/organization/veotag,1,0,0.4728295456344684
/organization/cleanapp,0,0,0.1051490182232402
/organization/priceadvice,0,0,0.25378361274473543
/organization/socialpicks,1,0,0.44044908435029845
/organization/juupstore,0,0,0.061101719771972936
/organization/eusa-pharma,1,1,0.7379606783225852
/organization/golden-gateway-financial-inc,0,0,0.474126952592958
/organization/iceberg,1,1,0.5599143099726281
/organization/rhythm-newmedia,1,1,0.8355724868141603
/organization/kellogg-media-group,0,0,0.3708795113943304
/organization/randv,0,1,0.5031305589383922
/organization/covario,1,1,0.7957733235041061
/organization/infopia,0,1,0.9079306963982314
/organization/lionside,1,0,0.46052562940117664
/organization/verafin,0,1,0.8470567517067292
/organization/causes,1,1,0.757876937550382
/organization/popset,0,1,0.6003509488271518
/organization/onerecovery,1,1,0.7209126577022336
/organization/rocket-heater-gamera,0,0,0.010143415856380183
/organization/kite,0,1,0.6037342578339575
/organization/claros-diagnostics,1,1,0.5441973388889855
/organization/staq,1,1,0.622310543193716
/organization/zattoo,1,1,0.6657006672343496
/organization/comcam,0,0,0.43931145076940065
/organization/clean-mobile,1,1,0.5607579533529733
/organization/care-team-connect,1,1,0.6605834885886436
/organization/bizmore,0,1,0.5257131655477227
/organization/oneriot,1,1,0.8521584809927517
/organization/choomogo,0,0,0.2095380756097528
/organization/activecloud,0,0,0.09008080858102298
/organization/phillips---temro-industries,1,1,0.5186474147228787
/organization/lexity,1,1,0.7716328091446983
/organization/mediameeting,0,0,0.18847215717693164
/organization/zeevo,1,1,0.6603576775833554
/organization/rapportive,1,0,0.48479791777787995
/organization/inhibitex,1,1,0.8940598093070717
/organization/izze-beverage,0,1,0.6109088725610408
/organization/advanced-mobile-solutions,1,1,0.7452717699639035
/organization/sunovia,0,0,0.4641651618068062
/organization/allpix-innovation,0,0,0.12874434959485576
/organization/enstratus,1,1,0.610848655724692
/organization/annovation-biopharma,1,1,0.6021158655043114
/organization/stitch,1,1,0.5020200079821946
/organization/st-barths-online,0,0,0.25400117181070847
/organization/posterous,1,1,0.7761211906915102
/organization/neolinear,1,0,0.4109580893892967
/organization/common-ground,0,0,0.2810295359888985
/organization/multispectral-imaging,1,0,0.27424972156123323
/organization/clear2pay,1,1,0.9144000157212637
/organization/panoptic-security,1,1,0.5360840138144507
/organization/i2we,0,0,0.4322450758171361
/organization/skydata-systems,0,1,0.5244980153532999
/organization/setjam,1,0,0.47040758153985884
/organization/awesometouch,1,0,0.29805323309237597
/organization/iclinix,0,1,0.5276284535819065
/organization/bureau-of-trade,1,0,0.3688581477632047
/organization/micromuscle,0,0,0.36488176943991385
/organization/humanoid,1,0,0.4595638411392737
/organization/retrevo,1,1,0.7874110438438668
/organization/for-your-imagination,0,1,0.5004572804156706
/organization/eons,0,1,0.7915293285748213
/organization/sport-telegram,0,0,0.10842363322695331
/organization/open-range-communications,0,1,0.5110393658471393
/organization/ubidyne,0,1,0.8301080747038175
/organization/maplin-electronics,1,1,0.6837648865864985
/organization/dropcam,1,1,0.8166392888810828
/organization/verse-2,0,0,0.1687495213541422
/organization/clipclock,0,0,0.14242717557315812
/organization/bestboy-keyboard,0,0,0.018719274549294413
/organization/atritech,1,1,0.7010438889989904
/organization/fashism,0,0,0.4353488056777046
/organization/selatra,1,1,0.6725677942123582
/organization/big-bear-entertainment,0,0,0.33215583940897875
/organization/serverengines,1,1,0.6490867363335986
/organization/adea,1,1,0.7056820293186465
/organization/txt4,0,0,0.4652539596057748
/organization/3lm,1,0,0.304899726814182
/organization/znapshop,0,0,0.07081650114956212
/organization/pinpoint-networks,0,0,0.09741538375436738
/organization/nimbus-communications,0,0,0.31999714019980896
/organization/crowdsling,0,0,0.21440816223195033
/organization/emergent-views,0,0,0.34015872442093276
/organization/editgrid,0,1,0.5245476452375314
/organization/realitywave,1,0,0.4558535830562466
/organization/sirific-wireless,1,1,0.8399462049700047
/organization/appthwack,1,0,0.4836965531138906
/organization/locox-com,0,0,0.28789503244040315
/organization/duel,0,0,0.060481027235710055
/organization/iwaboo-inc,0,0,0.040616195581916086
/organization/healthlok,0,1,0.580333649125231
/organization/ludic-labs,1,0,0.2857804610326751
/organization/photop-technologies,1,1,0.5096387194073355
/organization/zelena-posta-2,0,0,0.07564726765724825
/organization/energy-51,0,1,0.5721099403535344
/organization/feedo,1,0,0.05554865336858471
/organization/gonevaca-2,0,0,0.047953892090910735
/organization/archive-2,0,1,0.7193880351487778
/organization/firepower-technology,0,0,0.22907424237367374
/organization/innoprise-software,0,1,0.584258178463676
/organization/photorocket,0,1,0.6035218555959849
/organization/trust-digital,1,1,0.8472019649871498
/organization/biontis,0,0,0.2623161422772591
/organization/late-nite-labs,1,1,0.5296352730877338
/organization/ceon,1,1,0.818063541543049
/organization/zyncro,1,1,0.5363245363121264
/organization/openera,1,0,0.33082305804480944
/organization/domzdrowia-pl,0,0,0.08101512236453862
/organization/vyance,0,0,0.3708770801385298
/organization/libox,0,0,0.4850812588863242
/organization/alamak-espana-trade,0,1,0.7638883520992703
/organization/brigade-corporation,0,0,0.38091965269048733
/organization/socialsamba,0,0,0.19150046129167006
/organization/mylifebrand,0,0,0.14896017869963152
/organization/ko-brite,0,0,0.3617990753397113
/organization/trademarknow,0,1,0.5248064353806843
/organization/medistream,1,0,0.43753340079870684
/organization/gammasite,0,0,0.2987694727701906
/organization/thrive-6,0,0,0.07034848455224613
/organization/grauna-aerospace,0,0,0.09659555119997877
/organization/imubit,0,0,0.20161803562764644
/organization/grow-mobile,1,0,0.40315443017382113
/organization/satnav-technologies,0,1,0.5778202270876598
/organization/vjsual-yym-media-solutions-gmbh,0,0,0.10767652556772658
/organization/groundedpower,1,0,0.3314826314298663
/organization/inuk-networks,1,1,0.5470842672657731
/organization/producteev,1,1,0.6234197355048136
/organization/innovative-metabolics,0,0,0.07687857105777177
/organization/cleversafe,1,1,0.9378090662851233
/organization/navic-networks,1,1,0.9059642864559099
