startup_id,funding_total_usd,funding_rounds,founded_at_year,first_funding_at_year,last_funding_at_year,country_code,first_category,target
/organization/1-mainstream,5000000.0,1.0,2012.0,2015.0,2015.0,USA,Apps,1
/organization/1000-markets,500000.0,1.0,2009.0,2009.0,2009.0,USA,Art,1
/organization/1000memories,2535000.0,2.0,2010.0,2010.0,2011.0,USA,Curated Web,1
/organization/100plus,1250000.0,2.0,2011.0,2011.0,2011.0,USA,Analytics,1
/organization/1010data,35000000.0,1.0,2000.0,2010.0,2010.0,USA,Software,1
/organization/10bestthings,50000.0,1.0,2009.0,2009.0,2009.0,USA,Curated Web,0
/organization/11i-solutions,1800000.0,1.0,,2011.0,2011.0,USA,Enterprise Software,0
/organization/123people,,1.0,2007.0,2008.0,2008.0,AUT,Local Search,1
/organization/12society,,1.0,2012.0,2012.0,2012.0,USA,E-Commerce,1
/organization/13th-lab,700000.0,1.0,2010.0,2012.0,2012.0,SWE,Augmented Reality,1
/organization/169-st,50000.0,1.0,2009.0,2009.0,2009.0,USA,Entertainment,0
/organization/170-systems,14000000.0,1.0,1990.0,2002.0,2002.0,USA,Software,1
/organization/180solutions,40000000.0,1.0,,2004.0,2004.0,USA,Advertising,0
/organization/1bib,,1.0,2006.0,2008.0,2008.0,CHN,Cars,0
/organization/1bog,5000000.0,1.0,2008.0,2010.0,2010.0,USA,Clean Technology,0
/organization/1c-company,200000000.0,1.0,1991.0,2011.0,2011.0,RUS,Games,0
/organization/1cast,,1.0,2006.0,2008.0,2008.0,USA,Content,0
/organization/1click,,1.0,2012.0,2014.0,2014.0,IND,Chat,1
/organization/1daylater,43811.0,2.0,2009.0,2009.0,2009.0,AUS,Curated Web,0
/organization/1daymakeover,50000.0,1.0,2008.0,2008.0,2008.0,USA,Cosmetics,0
/organization/1docway,1700000.0,2.0,2011.0,2011.0,2015.0,USA,Doctors,1
/organization/2100b-com-llc,50000.0,2.0,2011.0,2013.0,2013.0,USA,Advertising,0
/organization/22seeds,250000.0,1.0,2010.0,2013.0,2013.0,ISR,Android,0
/organization/24-7-card,3452941.0,3.0,,2010.0,2011.0,USA,Finance,0
/organization/24h00,,1.0,2006.0,2006.0,2006.0,FRA,Advertising,0
/organization/24med-sp,,1.0,,2008.0,2008.0,,,0
/organization/24pagebooks,50000.0,1.0,2010.0,2011.0,2011.0,USA,Software,0
/organization/25eight,25000.0,1.0,,2010.0,2010.0,USA,DIY,0
/organization/27-perry,118000.0,1.0,,2012.0,2012.0,USA,E-Commerce,0
/organization/280-north,250000.0,2.0,,2008.0,2008.0,USA,Presentations,1
/organization/29west,,1.0,,2007.0,2007.0,,,1
/organization/2lemetry,4000000.0,1.0,2011.0,2015.0,2015.0,USA,Internet of Things,1
/organization/2mee,100000.0,1.0,,2015.0,2015.0,,Content,0
/organization/2nd-screen-games,,1.0,,2012.0,2012.0,USA,,0
/organization/2nd-story-software-inc,85000000.0,1.0,1998.0,2005.0,2005.0,USA,Software,1
/organization/2pm-technologies,3167062.0,1.0,1999.0,2002.0,2002.0,IRL,SaaS,0
/organization/2web-technologies,,1.0,,2001.0,2001.0,,Software,1
/organization/2win-solutions,,1.0,,2008.0,2008.0,ISR,Collaboration,0
/organization/2wire,162000000.0,5.0,,1999.0,2003.0,USA,Curated Web,1
/organization/3-day-blinds,,1.0,1984.0,1998.0,1998.0,USA,Interior Design,1
/organization/3-kinds-of-ice,,1.0,2015.0,2015.0,2015.0,GBR,,0
/organization/30secondstofly-claire,,1.0,2015.0,2015.0,2015.0,,,0
/organization/360commerce,15000000.0,2.0,,2001.0,2003.0,USA,Information Technology,1
/organization/360t,,1.0,2000.0,2012.0,2012.0,DEU,Finance,1
/organization/3clickemr-corporation,500000.0,2.0,2010.0,2010.0,2011.0,USA,Consumer Electronics,0
/organization/3crowd-technologies,7289000.0,3.0,2010.0,2009.0,2012.0,USA,Enterprise Software,1
/organization/3d-future-vision-ii,503000.0,2.0,2011.0,2011.0,2013.0,USA,Games,0
/organization/3d-simo-2,,1.0,,2014.0,2014.0,,,0
/organization/3dc,,1.0,2009.0,2009.0,2009.0,BGR,Technology,1
/organization/3dduo,701760.0,1.0,,2009.0,2009.0,FRA,Business Services,0
/organization/3divaz-2,202250.031601567,1.0,2014.0,2015.0,2015.0,,,0
/organization/3dphy-com,204952.0,1.0,2013.0,2014.0,2014.0,,Creative,0
/organization/3gear-systems,2249999.0,2.0,2012.0,2012.0,2014.0,USA,Software,1
/organization/3i-systems,13708150.0,3.0,2006.0,2007.0,2010.0,CHN,Semiconductors,0
/organization/3leaf,65000000.0,3.0,2004.0,2005.0,2008.0,USA,Web Hosting,1
/organization/3lm,1500000.0,1.0,2010.0,2010.0,2010.0,,Android,1
/organization/3par,148000000.0,3.0,1999.0,2000.0,2004.0,USA,Cloud Data Services,1
/organization/3tier-environmental-forecast-group,15000000.0,3.0,1999.0,2007.0,2010.0,USA,Clean Technology,1
/organization/3touch,272000.0,1.0,2003.0,2007.0,2007.0,IRL,Software,0
/organization/3v-transaction-services,50958896.6114209,2.0,2004.0,2006.0,2013.0,IRL,Coupons,1
/organization/3ware,26000000.0,1.0,,2003.0,2003.0,USA,Databases,1
/organization/41st-parameter,38064570.0,4.0,2004.0,2006.0,2012.0,USA,Security,1
/organization/42networks,2258720.0,1.0,,2006.0,2006.0,SWE,Web Hosting,1
/organization/42race,500000.0,1.0,2015.0,2015.0,2015.0,,Online Travel,0
/organization/4blox,,1.0,2006.0,2007.0,2007.0,USA,Software,0
/organization/4dk-technologies,3378975.0,1.0,2005.0,2011.0,2011.0,USA,Mobile,1
/organization/4front-security,,1.0,,2005.0,2005.0,,,0
/organization/4home,9416354.0,6.0,2006.0,2006.0,2010.0,USA,Automotive,1
/organization/4med-centra-medyczne,,1.0,,2008.0,2008.0,,,0
/organization/4meee,500000.0,1.0,,2014.0,2014.0,JPN,E-Commerce,1
/organization/500friends,12900000.0,6.0,2010.0,2009.0,2013.0,USA,E-Commerce,1
/organization/51-auto,4500000.0,1.0,,2008.0,2008.0,,Automotive,0
/organization/51wofang-无忧我房,5000000.0,1.0,2014.0,2015.0,2015.0,,,0
/organization/56-com,30000000.0,2.0,2005.0,2007.0,2007.0,CHN,Photography,1
/organization/59sec-2,27428.6215837652,1.0,,2015.0,2015.0,,Advertising,0
/organization/5by,,1.0,2012.0,2013.0,2013.0,USA,Apps,1
/organization/5min,12800000.0,3.0,2007.0,2007.0,2009.0,USA,Education,1
/organization/5rocks,3987693.0,2.0,2013.0,2010.0,2013.0,KOR,Games,1
/organization/5th-finger,7000000.0,1.0,2008.0,2008.0,2008.0,USA,Mobile,1
/organization/5to1,17129760.0,4.0,2009.0,2009.0,2010.0,USA,Advertising,1
/organization/60frames-entertainment,3500000.0,1.0,,2007.0,2007.0,USA,,0
/organization/60mo,1300000.0,3.0,2009.0,2009.0,2011.0,GBR,Accounting,1
/organization/640-labs,3050000.0,3.0,2013.0,2014.0,2014.0,USA,Software,1
/organization/6n-silicon,5714285.71428571,1.0,2006.0,2007.0,2007.0,CAN,Concentrated Solar Power,1
/organization/6th-sense-analytics,6700000.0,2.0,2004.0,2005.0,2007.0,USA,Software,1
/organization/6wunderkinder,23857750.0,5.0,2010.0,2010.0,2013.0,DEU,Android,1
/organization/7-billion-people,6528902.0,3.0,2006.0,2009.0,2012.0,USA,Analytics,0
/organization/77-pieces,650000.0,1.0,2010.0,2011.0,2011.0,NZL,Curated Web,0
/organization/7digital,20068328.451591,4.0,2004.0,2005.0,2013.0,GBR,Content Creators,1
/organization/80-20-solutions,2100000.0,1.0,,2009.0,2009.0,CAN,Advertising,0
/organization/88-famibio,,1.0,,2012.0,2012.0,,,0
/organization/8aweek,,1.0,2008.0,2008.0,2008.0,,Curated Web,0
/organization/8dworld,12250000.0,2.0,,2008.0,2010.0,USA,Games,0
/organization/8hands,1500000.0,2.0,,2008.0,2008.0,ISR,Messaging,0
/organization/909c,1292301.0,1.0,2010.0,2013.0,2013.0,,Apps,0
/organization/91-wireless,30000000.0,1.0,2010.0,2011.0,2011.0,CHN,Mobile,1
/organization/99-fahrenheit,1380700.0,1.0,2011.0,2011.0,2011.0,ITA,Finance,0
/organization/99bill,83574271.0,5.0,2005.0,2005.0,2012.0,CHN,E-Commerce,1
/organization/99dresses,105651.0,2.0,2010.0,2012.0,2012.0,AUS,Fashion,0
/organization/99times-cn,,1.0,2005.0,2010.0,2010.0,CHN,E-Commerce,0
/organization/9car-technology-llc,80000.0,2.0,2009.0,2009.0,2010.0,CHN,Automotive,0
/organization/9cookies,,1.0,2012.0,2013.0,2013.0,DEU,Point of Sale,1
/organization/9facts,70000.0,1.0,2011.0,2011.0,2011.0,RUS,SEO,0
/organization/9slides,925000.0,2.0,2010.0,2013.0,2013.0,USA,Enterprises,1
/organization/9th-dimension-biotech,,1.0,,2015.0,2015.0,,,0
/organization/a-bit-lucky,10312103.0,2.0,2009.0,2010.0,2011.0,USA,Games,0
/organization/a-life-medical,3000000.0,1.0,,2009.0,2009.0,USA,Biotechnology,1
/organization/a-network,,1.0,1989.0,1994.0,1994.0,USA,,1
/organization/a-power-energy-generation,10200000.0,1.0,2003.0,2011.0,2011.0,CHN,Clean Technology,0
/organization/a-smarter-city,15000.0,1.0,2011.0,2011.0,2011.0,,Networking,0
/organization/a2b,500000.0,1.0,,2013.0,2013.0,RUS,Online Rental,0
/organization/a2t2,,1.0,,2014.0,2014.0,,,0
/organization/a4vision,,1.0,,2005.0,2005.0,USA,3D Technology,1
/organization/aarden-pharmaceuticals,500000.0,1.0,2008.0,2011.0,2011.0,USA,Biotechnology,0
/organization/aardvark,6000000.0,2.0,2007.0,2007.0,2008.0,USA,Search,1
/organization/aarohi-communication,14000000.0,3.0,,2001.0,2003.0,USA,Application Platforms,1
/organization/abacast-inc,500000.0,1.0,2000.0,2010.0,2010.0,USA,Analytics,1
/organization/abaltat,263400.0,1.0,,2007.0,2007.0,IRL,Music,0
/organization/abaxia,1770000.0,1.0,2001.0,2005.0,2005.0,FRA,Software,1
/organization/abazab,4400000.0,2.0,1997.0,2006.0,2009.0,USA,Curated Web,0
/organization/abbeypost,875000.0,5.0,2014.0,2013.0,2014.0,USA,E-Commerce,1
/organization/abc-live,25000.0,1.0,,2007.0,2007.0,IND,Advertising,0
/organization/abcellute,805908.0,1.0,2001.0,2007.0,2007.0,GBR,Biotechnology,0
/organization/abebooks,,1.0,1996.0,2003.0,2003.0,CAN,Curated Web,1
/organization/abeome-corporation,,2.0,,2007.0,2008.0,,,0
/organization/abidoc,1833333.0,2.0,,2012.0,2014.0,,Doctors,0
/organization/abios-gaming,,1.0,,2015.0,2015.0,,,0
/organization/ablation-frontiers,21800000.0,1.0,,2007.0,2007.0,USA,Innovation Engineering,1
/organization/abound-solar,510000000.0,2.0,2007.0,2010.0,2010.0,USA,Clean Technology,0
/organization/about-web-reservations-international-web-reservations-international,,1.0,,2004.0,2004.0,IRL,Curated Web,1
/organization/abreakplease,,1.0,,2013.0,2013.0,,,1
/organization/absolutely-training,451198.382904996,1.0,,2005.0,2005.0,,Education,0
/organization/abundant-closet,60000.0,1.0,2008.0,2010.0,2010.0,USA,E-Commerce,0
/organization/abzorba-games,396998.0,1.0,2012.0,2012.0,2012.0,,Apps,1
/organization/academic-earth,,1.0,2008.0,2008.0,2008.0,USA,EdTech,1
/organization/academy-events-services,27000000.0,1.0,,2002.0,2002.0,,Events,0
/organization/academy123,2000000.0,1.0,2004.0,2004.0,2004.0,USA,Education,1
/organization/acadient,,1.0,,2003.0,2003.0,,,0
/organization/accalio,,1.0,2015.0,2015.0,2015.0,,,0
/organization/accelecare,13500000.0,2.0,,2007.0,2007.0,USA,Health Care,1
/organization/accelerated-orthopedic-technologies,150000.0,1.0,,2012.0,2012.0,USA,Health Care,0
/organization/accelerated-technologies,32000000.0,1.0,,2004.0,2004.0,USA,Medical,0
/organization/accelgolf,457282.0,7.0,2008.0,2008.0,2009.0,USA,Apps,0
/organization/accelight-networks,60000000.0,1.0,1999.0,2001.0,2001.0,USA,Consumer Electronics,0
/organization/accelone,225000.0,1.0,2013.0,2014.0,2014.0,USA,Software,0
/organization/accent-optical-technologies,15900000.0,1.0,,2000.0,2000.0,,Semiconductors,0
/organization/accenx-technologies,4500000.0,2.0,1997.0,2007.0,2009.0,USA,Software,1
/organization/accept-software,25305000.0,4.0,2002.0,2005.0,2010.0,USA,Career Management,1
/organization/accertify,7131124.0,3.0,2007.0,2008.0,2010.0,USA,Credit Cards,1
/organization/access-closure,13793098.0,3.0,2002.0,2010.0,2012.0,USA,Health Care,1
/organization/access-northeast,1999998.0,1.0,1999.0,2009.0,2009.0,USA,Cloud Computing,1
/organization/access-pharmaceuticals,15581502.0,2.0,,2011.0,2012.0,USA,Biotechnology,0
/organization/access-scientific,21376001.0,6.0,2004.0,2009.0,2012.0,USA,Health Care,1
/organization/accessdna,1155000.0,2.0,2007.0,2008.0,2009.0,USA,Health and Wellness,1
/organization/acclaim-games,,1.0,1997.0,2007.0,2007.0,USA,Games,1
/organization/acclarent,35000000.0,1.0,2004.0,2007.0,2007.0,USA,Biotechnology,1
/organization/acclaris-holdings,5000000.0,1.0,,2004.0,2004.0,USA,Development Platforms,1
/organization/accord,,1.0,2013.0,2014.0,2014.0,USA,Real Estate,0
/organization/accordent-technologies,4000000.0,1.0,,2006.0,2006.0,USA,Consulting,1
/organization/accordion-health,150000.0,1.0,2014.0,2014.0,2014.0,USA,Big Data Analytics,0
/organization/accrue-search-concepts-dba-boounce,200000.0,1.0,2010.0,2010.0,2010.0,,Search,0
/organization/accumedia,2000000.0,1.0,,2002.0,2002.0,,Software,0
/organization/accumetrics,110640466.0,9.0,1996.0,2003.0,2013.0,USA,Biotechnology,1
/organization/accupost-corporation,,1.0,,2002.0,2002.0,USA,Software,1
/organization/accuvant,8198838.0,4.0,2002.0,2008.0,2014.0,USA,Security,1
/organization/ace-consensus,,1.0,,2013.0,2013.0,,,0
/organization/acendi-interactive,2090000.0,1.0,,2009.0,2009.0,USA,Security,0
/organization/aceris-3d-inspection,4880000.0,1.0,2000.0,2007.0,2007.0,CAN,Semiconductors,0
/organization/acerta-pharma,,1.0,,2013.0,2013.0,USA,Biotechnology,0
/organization/aceva-technologies,5280000.0,1.0,1999.0,2005.0,2005.0,USA,Enterprise Software,1
/organization/acheive-cca,5000000.0,1.0,,2009.0,2009.0,USA,Finance,0
/organization/achiever,120000.0,1.0,2013.0,2013.0,2013.0,,Self Development,0
/organization/achievers,52422326.0,5.0,1995.0,2007.0,2011.0,USA,Employer Benefits Programs,1
/organization/aciex-therapeutics,9599860.0,3.0,,2007.0,2014.0,USA,Biotechnology,1
/organization/acinion,28000000.0,3.0,2006.0,2006.0,2009.0,USA,Social Media,1
/organization/acirro,9500000.0,1.0,,2001.0,2001.0,USA,Software,1
/organization/acision,100000000.0,1.0,1992.0,2010.0,2010.0,IND,Mobile,1
/organization/acme-packet,38247779.0,2.0,,2001.0,2009.0,USA,Telecommunications,1
/organization/acompli-inc,7300000.0,1.0,2013.0,2013.0,2013.0,USA,Android,1
/organization/acopia-networks,75000000.0,3.0,2002.0,2003.0,2006.0,USA,Software,1
/organization/acoustic-technologies,7974296.0,1.0,1998.0,2013.0,2013.0,USA,Software,1
/organization/acquaintable,40000.0,1.0,2012.0,2013.0,2013.0,USA,Curated Web,1
/organization/acta-technology,25000000.0,1.0,,2001.0,2001.0,USA,Data Integration,1
/organization/actacell,9800000.0,3.0,,2008.0,2010.0,USA,Batteries,1
/organization/actcat,,3.0,2012.0,2012.0,2014.0,JPN,SaaS,0
/organization/acteavo,116987.0,3.0,2013.0,2013.0,2014.0,IRL,B2B,1
/organization/actimis-pharmaceuticals,15600000.0,2.0,,2005.0,2008.0,USA,Biotechnology,1
/organization/actimize,24000000.0,3.0,1999.0,2001.0,2004.0,,Software,1
/organization/action-pharma,12300000.0,2.0,2000.0,2006.0,2010.0,,Biotechnology,0
/organization/action-plan-manager-a-s,242563.0,1.0,,2015.0,2015.0,SVK,Application Platforms,0
/organization/action-square,,1.0,,2013.0,2013.0,,,0
/organization/actional-garners,26000000.0,1.0,,2002.0,2002.0,,Technology,0
/organization/actionengine,58200000.0,5.0,2000.0,2000.0,2007.0,USA,Mobile,1
/organization/activaero,22585000.0,2.0,2004.0,2009.0,2011.0,DEU,Biotechnology,1
/organization/active-circle,13360000.0,2.0,,2005.0,2008.0,FRA,Software,0
/organization/active-junky,1300000.0,1.0,2010.0,2014.0,2014.0,USA,Comparison Shopping,1
/organization/active-optical-mems,2000000.0,1.0,,2007.0,2007.0,USA,Electronics,0
/organization/active-storage,16400000.0,4.0,2008.0,2009.0,2012.0,USA,Enterprise Software,0
/organization/active-voice-corporation,,1.0,1983.0,1990.0,1990.0,USA,Social Media,1
/organization/activecloud,190000.0,2.0,,2013.0,2013.0,RUS,Cloud Computing,0
/organization/activegrid,3000000.0,1.0,,2004.0,2004.0,USA,Information Technology,0
/organization/activenetwork,214208700.0,10.0,1999.0,1999.0,2009.0,USA,Software,1
/organization/activeusa-com,15500000.0,1.0,,1999.0,1999.0,,,0
/organization/actividentity,5422959.0,1.0,1985.0,2009.0,2009.0,USA,Enterprise Software,1
/organization/activiews,10000000.0,2.0,2006.0,2007.0,2010.0,ISR,Health Care,1
/organization/activiomics,805000.0,1.0,,2011.0,2011.0,GBR,Biotechnology,1
/organization/actix,,1.0,1981.0,2005.0,2005.0,GBR,Mobile,1
/organization/actogenix,30204758.8708734,2.0,,2007.0,2007.0,BEL,Biotechnology,1
/organization/acton-pharmaceuticals,36700005.0,4.0,,2009.0,2013.0,USA,Biotechnology,1
/organization/actona-technologies,28000000.0,3.0,2000.0,2002.0,2004.0,USA,Business Services,1
/organization/actsocial,2574004.0,2.0,2009.0,2010.0,2013.0,SGP,Advertising,1
/organization/acucar-guarani,45400000.0,1.0,1976.0,2009.0,2009.0,BRA,Manufacturing,0
/organization/acuity-pharmaceuticals,15000000.0,1.0,,2004.0,2004.0,USA,Health Care,1
/organization/ad-infuse,17600000.0,3.0,2005.0,2005.0,2008.0,USA,Advertising,1
/organization/ad-iq,7706593.0,6.0,,2006.0,2010.0,GBR,Analytics,0
/organization/ad-knights,50000.0,1.0,2010.0,2010.0,2010.0,USA,Advertising,0
/organization/ad-network-adisn,1550000.0,2.0,,2008.0,2009.0,USA,Advertising,1
/organization/ad-pathlabs,8900000.0,1.0,,2003.0,2003.0,USA,Health Care,0
/organization/ad-summos,4549999.0,2.0,2010.0,2010.0,2011.0,USA,Advertising,0
/organization/ad2games,9000000.0,1.0,2007.0,2014.0,2014.0,DEU,Games,1
/organization/adaffix,,1.0,,2009.0,2009.0,AUT,Android,0
/organization/adallom,49500000.0,3.0,2012.0,2012.0,2015.0,USA,Cloud Computing,1
/organization/adam-aircraft,105000000.0,1.0,1998.0,2007.0,2007.0,USA,,0
/organization/adap-tv,48500000.0,5.0,2006.0,2007.0,2011.0,USA,Advertising,1
/organization/adapt-technologies,10000000.0,1.0,2001.0,2005.0,2005.0,USA,Advertising,1
/organization/adaptive-ozone-solutions,3750000.0,1.0,,2008.0,2008.0,USA,Clean Technology,0
/organization/adaptive-tcr,10350000.0,2.0,2009.0,2010.0,2011.0,USA,Biotechnology,0
/organization/adaptiveblue,24020000.0,4.0,2007.0,2007.0,2012.0,USA,Entertainment,1
/organization/adaptivio,10000000.0,1.0,2007.0,2013.0,2013.0,USA,Software,1
/organization/adaptivity,24845955.0,6.0,2007.0,2009.0,2013.0,USA,Enterprise Software,1
/organization/adaptix,6500000.0,2.0,,2009.0,2011.0,USA,Public Relations,1
/organization/adaytum,7400000.0,1.0,,2001.0,2001.0,,Business Services,1
/organization/adbidtise-2,150000.0,1.0,2014.0,2014.0,2014.0,USA,Advertising,0
/organization/adbrite,40400000.0,4.0,2003.0,2004.0,2012.0,USA,Advertising,1
/organization/adbuddy,100000.0,1.0,2012.0,2012.0,2012.0,USA,Advertising,0
/organization/adcamp,2000000.0,1.0,,2013.0,2013.0,RUS,Advertising,0
/organization/adcast,3500.0,1.0,2009.0,2009.0,2009.0,USA,Advertising,0
/organization/adcentricity,2940000.0,1.0,2007.0,2008.0,2008.0,CAN,Advertising,1
/organization/adchemy,119191000.0,7.0,2004.0,2005.0,2011.0,USA,Advertising,1
/organization/adchina,10000000.0,3.0,2007.0,2008.0,2011.0,CHN,Advertising,1
/organization/adcole-corporation,,1.0,,2014.0,2014.0,USA,Aerospace,1
/organization/adconion-media-group,114000000.0,3.0,2005.0,2007.0,2011.0,USA,Ad Targeting,1
/organization/add-life-medical-institute,15500000.0,1.0,,2006.0,2006.0,,Health Care,0
/organization/addfleet,4160600.0,2.0,2012.0,2012.0,2013.0,ESP,Mobile,0
/organization/adea,5000000.0,1.0,1996.0,2007.0,2007.0,USA,Consulting,1
/organization/adecn,3100000.0,1.0,2003.0,2006.0,2006.0,USA,Advertising,1
/organization/adenyo,29758289.0,2.0,,2010.0,2010.0,CAN,Mobile,1
/organization/adept-cloud,1015000.0,2.0,2011.0,2012.0,2012.0,USA,Enterprise Software,1
/organization/adeptence,5800000.0,1.0,,2014.0,2014.0,USA,Semiconductors,0
/organization/adexact-corp,5500000.0,1.0,,2001.0,2001.0,,Service Providers,0
/organization/adexlink,2000000.0,1.0,2010.0,2011.0,2011.0,USA,Advertising,0
/organization/adeyoh,12000.0,1.0,2009.0,2010.0,2010.0,USA,Curated Web,0
/organization/adflow-health-networks,2500190.0,1.0,,2011.0,2011.0,USA,Health and Wellness,0
/organization/adgrok,470000.0,2.0,2010.0,2010.0,2011.0,USA,Advertising,1
/organization/adhere2care,300000.0,1.0,2011.0,2012.0,2012.0,USA,Health and Wellness,0
/organization/adherence-compliance,60000.0,1.0,2014.0,2015.0,2015.0,USA,Financial Services,0
/organization/adheron-therapeutics,1500000.0,1.0,,2015.0,2015.0,USA,Biotechnology,1
/organization/adhysteria,10000.0,1.0,,2007.0,2007.0,IND,Classifieds,0
/organization/adi-engineering,,1.0,1990.0,2011.0,2011.0,USA,Networking,1
/organization/adiana,23000000.0,1.0,1997.0,2005.0,2005.0,USA,Biotechnology,1
/organization/adicate-timeads,2900000.0,3.0,2005.0,2005.0,2007.0,NOR,Advertising,0
/organization/adify,27000000.0,2.0,2006.0,2006.0,2007.0,USA,Advertising,1
/organization/adility,100000.0,2.0,2009.0,2011.0,2011.0,USA,Advertising,1
/organization/adir-technologies,25000000.0,1.0,,2001.0,2001.0,USA,Services,0
/organization/adjacent-applications,256000.0,2.0,2011.0,2011.0,2012.0,USA,DOD/Military,0
/organization/adjug,8500000.0,2.0,2007.0,2007.0,2008.0,GBR,Advertising,1
/organization/adku,1540000.0,3.0,2010.0,2010.0,2011.0,USA,Software,1
/organization/adlib-mediation-llc,200000.0,1.0,2014.0,2014.0,2014.0,,Advertising,0
/organization/admatic,,1.0,2013.0,2013.0,2013.0,BRA,Big Data Analytics,1
/organization/admazely,600000.0,1.0,2011.0,2012.0,2012.0,DNK,Advertising,0
/organization/admeld,30000000.0,3.0,2007.0,2008.0,2010.0,USA,Advertising,1
/organization/admeta,5000000.0,1.0,2002.0,2008.0,2008.0,SWE,Advertising,1
/organization/admify,26000.0,1.0,2012.0,2013.0,2013.0,RUS,Advertising,0
/organization/admob,46800000.0,4.0,2006.0,2006.0,2009.0,USA,Advertising,1
/organization/admobius,5000000.0,1.0,2011.0,2012.0,2012.0,USA,Advertising,1
/organization/adnavance-technologies,7588201.0,2.0,,2005.0,2008.0,USA,Biotechnology,0
/organization/adnectar,,1.0,2008.0,2008.0,2008.0,USA,Advertising,0
/organization/adnexus,55500000.0,3.0,2002.0,2003.0,2007.0,USA,Biotechnology,1
/organization/adometry,29575000.0,5.0,2005.0,2007.0,2012.0,USA,Advertising,1
/organization/adomo,18500000.0,2.0,1999.0,1999.0,2007.0,USA,Messaging,1
/organization/ador,56464869.0,5.0,2009.0,2010.0,2013.0,USA,News,1
/organization/adoro-viajar-s-a,,1.0,2015.0,2015.0,2015.0,,,0
/organization/adotube,1230000.0,2.0,2007.0,2007.0,2008.0,USA,Advertising,1
/organization/adpeps,300000.0,1.0,,2012.0,2012.0,RUS,Advertising,0
/organization/adquantic,,1.0,2010.0,2013.0,2013.0,FRA,Advertising,1
/organization/adquota,3216500.0,1.0,,2014.0,2014.0,DNK,Advertising,1
/organization/adready,17807000.0,4.0,2006.0,2007.0,2012.0,USA,Advertising,1
/organization/adreal,150000.0,1.0,,2012.0,2012.0,RUS,Business Services,0
/organization/adrocket,1000000.0,1.0,2008.0,2009.0,2009.0,USA,Ad Targeting,0
/organization/adsage,20000000.0,1.0,2007.0,2011.0,2011.0,USA,Advertising,1
/organization/adsman-ssp,100000.0,1.0,,2015.0,2015.0,,Advertising,0
/organization/adstack,,2.0,2011.0,2011.0,2012.0,USA,Advertising,1
/organization/adtena-2,60000.0,1.0,2014.0,2015.0,2015.0,,,0
/organization/adtrade,,1.0,2013.0,2013.0,2013.0,BRA,Advertising,0
/organization/adtsys,,1.0,2009.0,2014.0,2014.0,,,0
/organization/adtuition,1300000.0,1.0,2008.0,2009.0,2009.0,USA,Advertising,1
/organization/aductions,100000.0,1.0,2007.0,2007.0,2007.0,USA,Advertising,1
/organization/adura-technologies,25500000.0,3.0,2008.0,2008.0,2012.0,USA,Clean Energy,1
/organization/advaliant,100000.0,1.0,,2004.0,2004.0,USA,Advertising,0
/organization/advanced-analogic-technologies,15000000.0,1.0,,2004.0,2004.0,USA,Semiconductors,1
/organization/advanced-biohealing,33500000.0,2.0,2003.0,2005.0,2007.0,USA,Biotechnology,1
/organization/advanced-cardiac-therapeutics,12300000.0,2.0,2007.0,2010.0,2014.0,USA,Biotechnology,0
/organization/advanced-data-exchange,10000000.0,1.0,1992.0,2003.0,2003.0,USA,Software,1
/organization/advanced-digital-design,,1.0,2001.0,2007.0,2007.0,ESP,Design,1
/organization/advanced-electron-beams,31670000.0,2.0,2005.0,2007.0,2009.0,USA,Clean Technology,0
/organization/advanced-in-vitro-cell-technologies,16211800.0,1.0,2001.0,2007.0,2007.0,ESP,Health Care,1
/organization/advanced-leds,399947.0,3.0,,2012.0,2015.0,,Technology,0
/organization/advanced-liquid-logic,5455180.0,6.0,,2009.0,2013.0,USA,Hardware + Software,1
/organization/advanced-marketing-media-group,500000.0,1.0,2007.0,2007.0,2007.0,USA,Advertising,0
/organization/advanced-medical-innovations,,1.0,1995.0,2012.0,2012.0,USA,,0
/organization/advanced-mobile-solutions,,1.0,1998.0,2008.0,2008.0,USA,Advertising,1
/organization/advanced-ophthalmic-pharma,2000000.0,1.0,2007.0,2010.0,2010.0,ISR,Biotechnology,0
/organization/advanced-power-projects,13000000.0,1.0,,2008.0,2008.0,USA,Clean Technology,0
/organization/advanced-recognition-technologies,6000000.0,1.0,1990.0,2004.0,2004.0,USA,Computers,1
/organization/advandx,39700000.0,5.0,2002.0,2007.0,2015.0,USA,Biotechnology,1
/organization/advasense,24000000.0,3.0,2004.0,2005.0,2007.0,ISR,Semiconductors,1
/organization/advebs,980000.0,1.0,,2008.0,2008.0,USA,Enterprise Software,0
/organization/advent-solar,78000000.0,3.0,,2003.0,2007.0,USA,Clean Technology,1
/organization/adventi,2930000.0,2.0,,2005.0,2009.0,GBR,Consulting,0
/organization/adventure-central,3500000.0,1.0,2003.0,2007.0,2007.0,USA,E-Commerce,1
/organization/advertising-concepts,,1.0,1994.0,1999.0,1999.0,USA,,0
/organization/advisorport,5000000.0,1.0,,2002.0,2002.0,,Application Platforms,0
/organization/adviva,8000000.0,1.0,,2004.0,2004.0,USA,Advertising,1
/organization/advizzer,1000000.0,1.0,2010.0,2012.0,2012.0,RUS,Curated Web,0
/organization/advwhere,,1.0,2015.0,2015.0,2015.0,,,0
/organization/adwhirl,1000000.0,1.0,,2009.0,2009.0,USA,Mobile,1
/organization/adwings,24997.0,1.0,2011.0,2011.0,2011.0,GBR,Advertising,0
/organization/adwired,351681.0,2.0,2009.0,2013.0,2013.0,RUS,Advertising,0
/organization/adxpose,22800000.0,3.0,2005.0,2007.0,2011.0,USA,Advertising,1
/organization/adyounet,1400000.0,2.0,2006.0,2007.0,2008.0,USA,Advertising,0
/organization/adzilla,10250000.0,1.0,,2007.0,2007.0,USA,Advertising,0
/organization/aea-2,100000.0,1.0,1970.0,2014.0,2014.0,,,0
/organization/aea-technology,6500000.0,1.0,,2008.0,2008.0,GBR,Clean Technology,1
/organization/aegis-analytical-corp,1304000.0,1.0,,2011.0,2011.0,USA,Enterprises,1
/organization/aegis-lightwave,8000000.0,1.0,2000.0,2006.0,2006.0,USA,Information Technology,1
/organization/aegis-surgical,,1.0,,2014.0,2014.0,IRL,Health Care,0
/organization/aeneid-corporation,32000000.0,2.0,,1999.0,2000.0,,,0
/organization/aep-networks,5000000.0,1.0,1998.0,2004.0,2004.0,USA,Web Hosting,1
/organization/aepona,40000000.0,3.0,1999.0,2005.0,2010.0,GBR,Web Hosting,1
/organization/aeristech-limited,396528.547243142,1.0,2006.0,2014.0,2014.0,,Automotive,0
/organization/aerob,159000.0,1.0,,2012.0,2012.0,RUS,Aerospace,0
/organization/aeromics,1349360.0,1.0,,2014.0,2014.0,USA,Biotechnology,0
/organization/aeromot,243000.0,1.0,1967.0,1985.0,1985.0,BRA,Aerospace,0
/organization/aeroscout,49000000.0,4.0,1999.0,2007.0,2010.0,USA,Mobile,1
/organization/aerovance,120500000.0,5.0,2004.0,2007.0,2011.0,USA,Biotechnology,0
/organization/aerovectrx,1200000.0,5.0,,2006.0,2009.0,USA,Health Care,0
/organization/aesica-pharmaceuticals,,1.0,,2011.0,2011.0,GBR,Biotechnology,1
/organization/aesthera-corporation,6500000.0,1.0,2004.0,2005.0,2005.0,USA,Cosmetics,1
/organization/aesthetic-sciences,6000000.0,1.0,,2006.0,2006.0,,,0
/organization/aether-ventures-inc,150000.0,1.0,2014.0,2015.0,2015.0,,Automotive,0
/organization/affective-systems-plc,589007.640554257,1.0,,2015.0,2015.0,,,0
/organization/affinity-com,85000000.0,2.0,,1999.0,2002.0,USA,Ad Targeting,1
/organization/affinity-systems,151525.0,1.0,,2013.0,2013.0,CAN,Software,0
/organization/affinitylabs,,1.0,,2006.0,2006.0,USA,Curated Web,1
/organization/affinium-pharmaceuticals,81800000.0,5.0,2000.0,2007.0,2013.0,USA,Biotechnology,1
/organization/affinnova,10500000.0,2.0,2000.0,2003.0,2004.0,SGP,Advertising,1
/organization/affordable-interior-systems,,1.0,1989.0,1999.0,1999.0,USA,Furniture,1
/organization/affymax,112999999.0,3.0,,2001.0,2009.0,USA,Biotechnology,0
/organization/africa-talent-management,,1.0,2015.0,2015.0,2015.0,,Cloud Computing,0
/organization/afternic,5000000.0,1.0,,1999.0,1999.0,USA,Domains,1
/organization/ageia-technologies,27500000.0,2.0,2002.0,2004.0,2005.0,USA,Games,1
/organization/agelon,225000.0,1.0,2012.0,2013.0,2013.0,RUS,Business Services,0
/organization/agencourt-bioscience,,1.0,,1998.0,1998.0,USA,Biotechnology,1
/organization/agencyport,1171300.0,1.0,2000.0,2011.0,2011.0,USA,Software,1
/organization/agent-panda-lifters,50311.0,1.0,,2012.0,2012.0,,Communications Infrastructure,0
/organization/agentrave,45000.0,1.0,2015.0,2015.0,2015.0,USA,Reviews and Recommendations,0
/organization/aggregateknowledge,74311925.0,8.0,2006.0,2005.0,2013.0,USA,Advertising,1
/organization/agiftidea-com,50000.0,1.0,2012.0,2012.0,2012.0,USA,Gift Card,0
/organization/agile-customer-insight,640000.0,1.0,2011.0,2011.0,2011.0,GBR,Analytics,0
/organization/agilezen,25000.0,1.0,2009.0,2009.0,2009.0,USA,Enterprise Software,1
/organization/agility-communications,168000000.0,4.0,1998.0,2000.0,2005.0,USA,Lasers,1
/organization/agillion-inc,40000000.0,1.0,1998.0,1999.0,1999.0,USA,SaaS,0
/organization/agilys,735330.0,1.0,,2012.0,2012.0,BEL,Software,1
/organization/aginfolink,12265000.0,3.0,1997.0,2007.0,2011.0,USA,Software,0
/organization/agistics,2000000.0,1.0,2005.0,2005.0,2005.0,USA,Enterprise Software,1
/organization/agito-networks,22000000.0,2.0,,2007.0,2008.0,USA,Enterprise Software,1
/organization/agnion-energy,,1.0,2007.0,2011.0,2011.0,USA,Clean Technology,1
/organization/agoos,10000.0,1.0,2014.0,2015.0,2015.0,MEX,Delivery,0
/organization/agoura-technologies,1000000.0,1.0,,2005.0,2005.0,USA,Nanotechnology,0
/organization/agraquest,57100000.0,4.0,1995.0,2003.0,2011.0,USA,Biotechnology,1
/organization/agri-capital,81672000.0,1.0,2004.0,2009.0,2009.0,DEU,Clean Technology,0
/organization/agrimetis,7300000.0,1.0,2014.0,2015.0,2015.0,,Agriculture,0
/organization/agroptima,,1.0,2014.0,2014.0,2014.0,ESP,Farming,0
/organization/aha-mobile,3000000.0,1.0,,2008.0,2008.0,USA,Mobile,1
/organization/ahead,,1.0,2007.0,2009.0,2009.0,DNK,Advertising,0
/organization/ahp-billing-services,,1.0,,2009.0,2009.0,,,1
/organization/ahura-scientific,29500000.0,3.0,2002.0,2002.0,2007.0,USA,Biotechnology,1
/organization/ai-exchange,1500000.0,1.0,,2011.0,2011.0,USA,Finance,0
/organization/aicent,17300000.0,2.0,2000.0,2007.0,2008.0,USA,Mobile,1
/organization/aiderss,,1.0,2007.0,2009.0,2009.0,CAN,Analytics,1
/organization/aifloo,,1.0,,2015.0,2015.0,SWE,Software,0
/organization/aihit,7500000.0,2.0,2007.0,2007.0,2011.0,GBR,Analytics,1
/organization/air-cleannsheen,97500.0,1.0,,2015.0,2015.0,USA,Hospitality,0
/organization/air-semiconductor,10000000.0,1.0,,2006.0,2006.0,GBR,Gps,0
/organization/air2web,25000000.0,1.0,1999.0,2006.0,2006.0,USA,Mobile,1
/organization/airborne-mobile,2500000.0,2.0,,2009.0,2009.0,CAN,Mobile,1
/organization/airclic,27500000.0,2.0,1999.0,2000.0,2007.0,USA,Cloud Computing,1
/organization/airdefense,14000000.0,1.0,2001.0,2006.0,2006.0,USA,Mobile,1
/organization/airdroids,929212.0,1.0,2013.0,2014.0,2014.0,USA,Hardware + Software,0
/organization/aires-pharmaceuticals,20000000.0,1.0,2006.0,2010.0,2010.0,USA,Biotechnology,1
/organization/airespace,20000000.0,1.0,2001.0,2002.0,2002.0,USA,Web Hosting,1
/organization/airmagnet,,1.0,,2005.0,2005.0,USA,Health Diagnostics,1
/organization/airpatrol-corporation,3675000.0,1.0,2006.0,2011.0,2011.0,USA,Location Based Services,1
/organization/airpost-io,28000.0,2.0,,2012.0,2013.0,USA,Cloud Data Services,1
/organization/airship-ventures,10500000.0,2.0,2007.0,2008.0,2009.0,USA,Public Transportation,0
/organization/airwatch,225000000.0,2.0,2003.0,2013.0,2013.0,USA,Mobile,1
/organization/airwide-solutions,38809918.0,3.0,2004.0,2004.0,2009.0,USA,Software,1
/organization/aislebuyer,11500000.0,2.0,2009.0,2010.0,2011.0,USA,Apps,1
/organization/aitainment,816000.0,1.0,,2007.0,2007.0,DEU,Games,1
/organization/aiwip-limited,,1.0,2014.0,2015.0,2015.0,,Advertising,0
/organization/ajubeo,,1.0,2011.0,2013.0,2013.0,USA,Cloud Infrastructure,1
/organization/ak-networks,43000000.0,2.0,2010.0,2010.0,2011.0,USA,Advertising,0
/organization/akaaki,,1.0,2007.0,2009.0,2009.0,,Location Based Services,0
/organization/akamon-entertainment,5045650.01145544,3.0,2011.0,2011.0,2014.0,ESP,Games,1
/organization/akarx,26100000.0,5.0,2005.0,2005.0,2007.0,USA,Biotechnology,1
/organization/akella,18705000.0,2.0,1993.0,2005.0,2010.0,RUS,Software,0
/organization/aki,,1.0,2015.0,2015.0,2015.0,,Advertising Platforms,0
/organization/akimbi-systems,11300000.0,2.0,2004.0,2005.0,2005.0,USA,Software,1
/organization/akimbo,36150000.0,6.0,,2003.0,2013.0,USA,Games,0
/organization/akimbo-financial,850000.0,2.0,2010.0,2012.0,2013.0,USA,Banking,1
/organization/akoha,1900000.0,1.0,2006.0,2008.0,2008.0,CAN,Games,0
/organization/akorri,53730000.0,5.0,2005.0,2005.0,2010.0,USA,Software,1
/organization/akrion,10000000.0,1.0,1999.0,2006.0,2006.0,USA,Semiconductors,1
/organization/akros-silicon,46953358.0,6.0,2005.0,2005.0,2015.0,USA,Semiconductors,1
/organization/aksys-group,,1.0,,2003.0,2003.0,,,0
/organization/aktino,30200000.0,2.0,2003.0,2005.0,2008.0,USA,Web Hosting,1
/organization/aladdin-media-holdings,30000000.0,1.0,,2008.0,2008.0,,Innovation Management,0
/organization/alamak-espana-trade,6000000.0,1.0,1967.0,2008.0,2008.0,ESP,Mining Technologies,0
/organization/alandia-communication-systems,408000.0,1.0,,2006.0,2006.0,SWE,Software,0
/organization/alantos-pharmaceuticals,20000000.0,2.0,,2003.0,2005.0,USA,Pharmaceuticals,1
/organization/alaric-systems,7202144.0,2.0,1977.0,2000.0,2002.0,GBR,Software,1
/organization/alaris-royalty,105900000.0,1.0,,2013.0,2013.0,CAN,Finance,0
/organization/alba-communications,442820.114660888,1.0,,2005.0,2005.0,GBR,Entertainment,0
/organization/albeo-technologies,10025000.0,5.0,,2008.0,2012.0,USA,Clean Technology,1
/organization/alchemyapi,2000000.0,1.0,2005.0,2013.0,2013.0,USA,Artificial Intelligence,1
/organization/aldagen,50653283.0,6.0,,2006.0,2012.0,USA,Biotechnology,1
/organization/aldento,378995.0,1.0,,2015.0,2015.0,BEL,Fitness,0
/organization/aldexa-therapeutics,4793666.0,1.0,2004.0,2013.0,2013.0,USA,Biotechnology,0
/organization/alekto,50000.0,1.0,2012.0,2012.0,2012.0,USA,Credit,0
/organization/alenty,571520.0,1.0,2007.0,2007.0,2007.0,FRA,Advertising,1
/organization/alephcloud-systems,9500000.0,2.0,2011.0,2012.0,2013.0,USA,Enterprise Software,0
/organization/alere,400000000.0,1.0,1981.0,2010.0,2010.0,USA,Hardware + Software,1
/organization/alfa-leisure,10900000.0,1.0,1969.0,2005.0,2005.0,USA,Manufacturing,0
/organization/alfabet,5200000.0,1.0,1998.0,2002.0,2002.0,USA,Architecture,1
/organization/algonomics,2012351.3654922,1.0,,2007.0,2007.0,BEL,Biotechnology,1
/organization/algorego,376000.0,1.0,,2007.0,2007.0,LVA,Software,0
/organization/algorithmics,200000.0,1.0,,2013.0,2013.0,CAN,Business Services,1
/organization/alignent-software,6000000.0,1.0,2001.0,2005.0,2005.0,USA,Software,1
/organization/alignment-healthcare,125000000.0,1.0,2013.0,2014.0,2014.0,USA,Health Care,0
/organization/alike,25000.0,1.0,,2012.0,2012.0,USA,Curated Web,1
/organization/alike-2,,1.0,,2014.0,2014.0,FRA,Design,0
/organization/alikeaudience,,1.0,2015.0,2015.0,2015.0,USA,Consumer Behavior,0
/organization/alikolo-com,100000.0,1.0,2014.0,2014.0,2014.0,IDN,E-Commerce,0
/organization/alios-biopharma,73000000.0,3.0,2006.0,2009.0,2014.0,USA,Biotechnology,1
/organization/alkermes,250000000.0,1.0,,2014.0,2014.0,USA,Biotechnology,1
/organization/all-for-body,,1.0,2010.0,2015.0,2015.0,,,0
/organization/all-together-now,,1.0,,2011.0,2011.0,USA,Enterprise Software,0
/organization/all-web-leads-inc,5000000.0,1.0,2005.0,2008.0,2008.0,,E-Commerce,1
/organization/allclasses,1500000.0,1.0,2013.0,2014.0,2014.0,USA,Curated Web,1
/organization/allegiance,57262275.0,5.0,2005.0,2007.0,2014.0,USA,Data Mining,1
/organization/allegro-development-corporation,,1.0,1984.0,2008.0,2008.0,USA,Software,1
/organization/allegro-diagnostics,5400000.0,1.0,2006.0,2011.0,2011.0,USA,Biotechnology,1
/organization/allegro-networks,110000000.0,2.0,2000.0,2001.0,2002.0,USA,Application Platforms,0
/organization/allewin-technologies,750000.0,1.0,,2006.0,2006.0,,,0
/organization/allfreed,47917.0,1.0,,2013.0,2013.0,,Apps,0
/organization/allied-pacific-sports-network,7000000.0,1.0,2009.0,2010.0,2010.0,HKG,Internet,0
/organization/allo-communications,8135000.0,3.0,2003.0,2011.0,2013.0,USA,Mobile,1
/organization/alloka,125000.0,2.0,2010.0,2012.0,2013.0,RUS,Advertising,0
/organization/allone,220000.0,1.0,2015.0,2015.0,2015.0,SWE,Android,0
/organization/alloptic,109000000.0,5.0,1999.0,2001.0,2007.0,USA,Public Relations,0
/organization/alloy-digital,30000000.0,1.0,2009.0,2013.0,2013.0,USA,Advertising,1
/organization/allpeers,,1.0,2004.0,2006.0,2006.0,GBR,Curated Web,0
/organization/allpix-innovation,,1.0,2015.0,2015.0,2015.0,ISR,,0
/organization/allurent,2000000.0,2.0,2005.0,2007.0,2010.0,USA,Curated Web,1
/organization/alluring-logic,,1.0,2009.0,2013.0,2013.0,USA,iPad,0
/organization/allvoices,4276568.0,2.0,2008.0,2006.0,2010.0,USA,Journalism,0
/organization/allworx,8500000.0,3.0,1998.0,2005.0,2006.0,USA,Communications Hardware,1
/organization/allylix,30550000.0,3.0,2002.0,2007.0,2012.0,USA,Agriculture,1
/organization/allyve,,2.0,2007.0,2007.0,2010.0,DEU,Facebook Applications,0
/organization/alnara-pharmaceuticals,55000000.0,2.0,2008.0,2008.0,2010.0,USA,Biotechnology,1
/organization/alo-networks,445000.0,1.0,2011.0,2011.0,2011.0,USA,Mobile,0
/organization/aloqa,1500000.0,1.0,2007.0,2009.0,2009.0,DEU,Location Based Services,1
/organization/alpha-smart-systems,40000.0,1.0,2011.0,2012.0,2012.0,RUS,Artificial Intelligence,0
/organization/alphadraft,5000000.0,2.0,,2015.0,2015.0,USA,Fantasy Sports,1
/organization/alphamosaic-ltd,12000000.0,1.0,,2003.0,2003.0,GBR,Video,1
/organization/alphanation,650000.0,3.0,2010.0,2011.0,2011.0,USA,Finance,0
/organization/alphaserv-com,5000000.0,1.0,,1999.0,1999.0,USA,,0
/organization/alphastripe,,1.0,2012.0,2012.0,2012.0,USA,Content,0
/organization/alphathrottle-com,250000.0,3.0,2011.0,2010.0,2011.0,,News,0
/organization/alsbridge,,1.0,2003.0,2013.0,2013.0,IND,BPO Services,0
/organization/alset-wellen,163000.0,1.0,,2012.0,2012.0,RUS,Software,0
/organization/alta-devices,72000000.0,1.0,2007.0,2011.0,2011.0,USA,Manufacturing,1
/organization/alta-wind-energy-center,102000000.0,1.0,,2011.0,2011.0,USA,Clean Technology,0
/organization/altair-therapeutics,23466666.0,2.0,,2009.0,2010.0,USA,Biotechnology,0
/organization/altavitas,387996.0,1.0,2011.0,2012.0,2012.0,USA,Health and Wellness,0
/organization/alternative-green-technologies,10000.0,1.0,1987.0,2009.0,2009.0,USA,Clean Technology,0
/organization/alterpoint,28000000.0,4.0,2001.0,2003.0,2006.0,USA,Software,1
/organization/althea-technologies,23000000.0,1.0,1998.0,2007.0,2007.0,USA,Enterprise Software,1
/organization/altheos,32500000.0,2.0,,2010.0,2012.0,USA,Biotechnology,0
/organization/altitun,,1.0,,1999.0,1999.0,,,1
/organization/altius-education,26600000.0,2.0,2009.0,2009.0,2010.0,USA,EdTech,1
/organization/altocom,,1.0,1995.0,1998.0,1998.0,,Communications Infrastructure,1
/organization/altor-networks,16000000.0,2.0,2007.0,2008.0,2010.0,USA,Security,1
/organization/altoweb,31000000.0,2.0,1999.0,2000.0,2002.0,USA,Software,0
/organization/altrabiofuels,228500000.0,2.0,,2007.0,2007.0,USA,Clean Technology,0
/organization/altruik,9499393.0,4.0,2009.0,2009.0,2012.0,USA,Search,1
/organization/altura-medical,39999999.0,4.0,2008.0,2010.0,2013.0,USA,Health Care,0
/organization/alumaski-mackinnon-marine-technologies,500000.0,1.0,2014.0,2014.0,2014.0,,Boating Industry,0
/organization/alumnize,20000.0,1.0,,2012.0,2012.0,,Alumni,0
/organization/alvenda-inc,15590000.0,3.0,2008.0,2009.0,2011.0,USA,E-Commerce,1
/organization/alveolus,10000000.0,1.0,,2004.0,2004.0,USA,Medical Devices,0
/organization/alverix,7700000.0,1.0,,2008.0,2008.0,USA,Finance,1
/organization/alvesta,12000000.0,1.0,,2001.0,2001.0,USA,Networking,1
/organization/always-prepped,650000.0,1.0,2012.0,2012.0,2012.0,USA,Education,1
/organization/alytics,117994.0,2.0,2012.0,2013.0,2013.0,RUS,Advertising,0
/organization/am-analytics,,1.0,,2009.0,2009.0,USA,Social Media,1
/organization/am-beo,12500000.0,1.0,,2002.0,2002.0,IRL,Industrial,0
/organization/amadesa,12800000.0,2.0,2005.0,2007.0,2011.0,USA,Analytics,0
/organization/amalfi-semiconductor,76000000.0,4.0,2003.0,2003.0,2012.0,USA,Semiconductors,1
/organization/amaru,592365.0,1.0,1999.0,2011.0,2011.0,SGP,Software,0
/organization/amaxa-biosystems,,1.0,1998.0,1998.0,1998.0,DEU,Biotechnology,1
/organization/amber-networks,,2.0,1998.0,1999.0,2000.0,USA,Public Relations,1
/organization/amberpoint,41900000.0,3.0,,2002.0,2007.0,USA,Curated Web,1
/organization/ambicare-health-limited,794942.130684407,1.0,,2015.0,2015.0,,,0
/organization/ambit-biosciences,193727869.0,7.0,2000.0,2005.0,2012.0,USA,Biotechnology,1
/organization/ambric,10400000.0,3.0,,2003.0,2007.0,,Semiconductors,1
/organization/amcom-software,,1.0,1984.0,2010.0,2010.0,USA,Software,1
/organization/amee,10750000.0,5.0,2007.0,2008.0,2013.0,GBR,Carbon,1
/organization/amen-2,3000000.0,2.0,2011.0,2011.0,2012.0,,Mobile,1
/organization/american-apperal,25000000.0,1.0,1998.0,2014.0,2014.0,USA,Fashion,0
/organization/american-fiber-systems,6000000.0,1.0,1999.0,2003.0,2003.0,USA,Telecommunications,1
/organization/american-halal-company,3740000.0,2.0,2009.0,2009.0,2014.0,USA,Hospitality,0
/organization/american-health,500000.0,1.0,2015.0,2015.0,2015.0,,Dietary Supplements,0
/organization/american-hometec,250000.0,1.0,,2008.0,2008.0,USA,Clean Technology,0
/organization/american-life-media,,1.0,2006.0,2013.0,2013.0,HKG,Curated Web,0
/organization/american-restaurant-concepts,10000000.0,1.0,2000.0,2013.0,2013.0,USA,Hospitality,0
/organization/american-stem-cell,2500000.0,1.0,2005.0,2009.0,2009.0,USA,Biotechnology,0
/organization/ameritv,45000000.0,1.0,,2007.0,2007.0,,Internet,0
/organization/amerivault,1000000.0,1.0,,2003.0,2003.0,,Semiconductors,1
/organization/amiando,,2.0,2006.0,2007.0,2008.0,DEU,Curated Web,1
/organization/amiato,2000000.0,1.0,2011.0,2013.0,2013.0,USA,Analytics,1
/organization/amicas,9000000.0,1.0,1989.0,2001.0,2001.0,USA,Biotechnology,1
/organization/amiestreet,3900000.0,2.0,,2007.0,2009.0,USA,Curated Web,1
/organization/amira-pharmaceuticals,25000000.0,1.0,,2007.0,2007.0,USA,Biotechnology,1
/organization/amistad-energy-partners,150000000.0,1.0,,2015.0,2015.0,USA,Energy,0
/organization/amit-anand,450000.0,1.0,2015.0,2015.0,2015.0,,,0
/organization/amitive,10000000.0,1.0,2004.0,2008.0,2008.0,USA,Software,1
/organization/ammocore-technology,14000000.0,1.0,,2001.0,2001.0,USA,Technology,0
/organization/amobee,72000000.0,6.0,2005.0,2006.0,2011.0,USA,Big Data,1
/organization/amorcyte,1025000.0,2.0,,2010.0,2011.0,USA,Biotechnology,1
/organization/amorelie,,1.0,,2014.0,2014.0,,E-Commerce,1
/organization/amotech,400000.0,2.0,2010.0,2010.0,2011.0,ISR,Apps,0
/organization/amp-robotics,248250.0,2.0,2015.0,2015.0,2015.0,USA,Information Technology,0
/organization/ampd-mobile,374000000.0,4.0,,2005.0,2007.0,USA,Mobile,0
/organization/amper-music,,1.0,,2015.0,2015.0,,,0
/organization/amperex-technology,30000000.0,1.0,,2003.0,2003.0,HKG,Manufacturing,1
/organization/amphion,5000000.0,1.0,,2003.0,2003.0,,,0
/organization/amphora-discovery,43000000.0,2.0,2001.0,2002.0,2004.0,USA,Biotechnology,1
/organization/ampidea,18000.0,1.0,2008.0,2009.0,2009.0,USA,Babies,0
/organization/amplidata,44074955.0,6.0,2008.0,2010.0,2014.0,BEL,Analytics,1
/organization/amplimed-corporation,14140433.0,3.0,1989.0,2008.0,2010.0,USA,Biotechnology,0
/organization/amplimmune,20000000.0,1.0,,2006.0,2006.0,USA,Biotechnology,1
/organization/amprice,467880.0,1.0,2005.0,2008.0,2008.0,DEU,Curated Web,0
/organization/amsafe-aviation,,1.0,1985.0,2004.0,2004.0,USA,,1
/organization/amtec-lcc,5000000.0,1.0,1972.0,2005.0,2005.0,USA,Consulting,0
/organization/amulet-pharmaceuticals,1700000.0,1.0,,2007.0,2007.0,USA,Biotechnology,0
/organization/amwins-group,,1.0,,2015.0,2015.0,USA,Distributors,1
/organization/amx,,1.0,1982.0,1995.0,1995.0,USA,Digital Signage,1
/organization/amygdala-neuroscience,,1.0,,2015.0,2015.0,,,0
/organization/anacatum-design,1481639.0,1.0,,2012.0,2012.0,SWE,Software,1
/organization/anacomp,7500000.0,1.0,1968.0,2009.0,2009.0,USA,Consulting,1
/organization/anadigm,15000000.0,1.0,,2003.0,2003.0,GBR,Semiconductors,0
/organization/anadys,17500000.0,1.0,,2009.0,2009.0,USA,Biotechnology,0
/organization/anaerobics,15000000.0,1.0,,2002.0,2002.0,USA,Waste Management,0
/organization/anafocus,,1.0,,2003.0,2003.0,ESP,Sensors,1
/organization/anagear,,1.0,2009.0,2012.0,2012.0,NLD,Internet of Things,0
/organization/anago,,1.0,2001.0,2002.0,2002.0,,,0
/organization/anagran-inc,34600000.0,3.0,2004.0,2005.0,2008.0,USA,Web Hosting,0
/organization/anametrix,5550000.0,3.0,2010.0,2010.0,2012.0,USA,Analytics,1
/organization/anaphore,24300000.0,3.0,2008.0,2008.0,2009.0,USA,Biotechnology,0
/organization/anavex,12600000.0,2.0,,2013.0,2014.0,USA,Biotechnology,0
/organization/anchor-bay-technologies,10000000.0,2.0,2001.0,2003.0,2007.0,USA,Semiconductors,1
/organization/anchorintelligence,6000000.0,2.0,2007.0,2007.0,2007.0,USA,Advertising,0
/organization/anchovi-labs,15000.0,1.0,2011.0,2012.0,2012.0,,Photography,0
/organization/andera,9350000.0,2.0,2000.0,2008.0,2010.0,USA,Finance,1
/organization/andersonbrecon,75000000.0,1.0,2006.0,2013.0,2013.0,USA,Biotechnology,1
/organization/andevices,,1.0,,2004.0,2004.0,USA,,1
/organization/andiamo-systems,,1.0,,1999.0,1999.0,USA,Brand Marketing,1
/organization/andigilog,29600000.0,4.0,1996.0,2003.0,2007.0,USA,Semiconductors,0
/organization/andoayudando-com,51347.0,1.0,,2012.0,2012.0,,Corporate Wellness,0
/organization/androjek,400000.0,1.0,2008.0,2011.0,2011.0,USA,Biotechnology,0
/organization/anesthetix-holdings,,1.0,,2006.0,2006.0,,,1
/organization/angel-baby,236490.0,2.0,,2014.0,2015.0,BGR,E-Commerce,0
/organization/angelpc-global-support,1930000.0,1.0,,2007.0,2007.0,ESP,Consulting,0
/organization/angiolink-corporation,13600000.0,1.0,1999.0,2003.0,2003.0,,Health Care,0
/organization/angioscore,42000000.0,2.0,2003.0,2007.0,2011.0,USA,Biotechnology,1
/organization/angmi,3536.0,1.0,2014.0,2015.0,2015.0,,Analytics,0
/organization/angstro,225000.0,1.0,2007.0,2007.0,2007.0,USA,Software,1
/organization/animated-speech,250000.0,1.0,,2007.0,2007.0,USA,Software,0
/organization/animating-touch,25000.0,1.0,,2012.0,2012.0,RUS,Mobile,0
/organization/animatu-multimedia,213000.0,1.0,,2006.0,2006.0,ESP,Games,0
/organization/animeals,25000.0,1.0,,2015.0,2015.0,,Pets,0
/organization/annovation-biopharma,10375000.0,3.0,2009.0,2011.0,2012.0,USA,Biotechnology,1
/organization/anobit-technologies,72000000.0,3.0,2006.0,2007.0,2010.0,,Semiconductors,1
/organization/anodyne-health,5600000.0,1.0,,2006.0,2006.0,USA,Enterprise Software,1
/organization/anokion-sa,37500000.0,1.0,,2014.0,2014.0,CHE,Biotechnology,0
/organization/anomalous-networks,,1.0,,2010.0,2010.0,CAN,Software,1
/organization/anonymous-you,200000.0,1.0,,2010.0,2010.0,USA,Identity,0
/organization/anovastorm,2000000.0,1.0,,2010.0,2010.0,USA,Enterprise Software,0
/organization/anpi,1250016.0,1.0,1996.0,2014.0,2014.0,USA,Mobile,0
/organization/ansible,6000000.0,1.0,2013.0,2013.0,2013.0,USA,Automotive,1
/organization/ansira,,1.0,,2012.0,2012.0,USA,Advertising,1
/organization/answerly,,2.0,2009.0,2010.0,2010.0,USA,Search,0
/organization/answerology,,1.0,,2006.0,2006.0,USA,Social Media,1
/organization/answers-corporation,384410000.0,9.0,1999.0,1999.0,2014.0,USA,Curated Web,1
/organization/ansyn,307000.0,1.0,2006.0,2008.0,2008.0,SWE,Software,0
/organization/antarex-group,,1.0,2008.0,2014.0,2014.0,RUS,,0
/organization/antcor,1280000.0,1.0,,2006.0,2006.0,GRC,Software,1
/organization/ante-up,160000.0,2.0,2011.0,2011.0,2012.0,CHL,Android,0
/organization/antenna-software,48581364.0,4.0,1998.0,2010.0,2013.0,GBR,Software,1
/organization/anterra-energy,7000000.0,1.0,2001.0,2013.0,2013.0,CAN,Clean Technology,0
/organization/antesy,187291.0,1.0,2015.0,2015.0,2015.0,DNK,Application Platforms,0
/organization/anthem-healthcare-intelligence,4800000.0,1.0,2004.0,2012.0,2012.0,USA,Health Care,0
/organization/anthillz,,1.0,2008.0,2008.0,2008.0,USA,Reputation,0
/organization/anti-germ-medentech,,1.0,,2015.0,2015.0,,Chemicals,0
/organization/antos,560079.0,1.0,,2015.0,2015.0,,Boating Industry,0
/organization/ants-software,28306508.0,4.0,1979.0,2010.0,2011.0,USA,Software,0
/organization/antwish-inc,1199137.0,2.0,2014.0,2013.0,2014.0,,Apps,0
/organization/anysource-media,3200000.0,1.0,2006.0,2009.0,2009.0,USA,Hardware + Software,1
/organization/anystream,70000000.0,4.0,2000.0,2000.0,2007.0,USA,Software,1
/organization/anywhere-fm,15000.0,1.0,,2007.0,2007.0,,Music,1
/organization/ao1-solutions-inc,380000.0,1.0,2012.0,2012.0,2012.0,USA,Sports,0
/organization/aoi-medical,4041700.0,2.0,2004.0,2011.0,2012.0,USA,Health Care,0
/organization/aol,1000000000.0,1.0,1985.0,2005.0,2005.0,USA,Advertising Platforms,1
/organization/aorato,11000000.0,2.0,2012.0,2013.0,2014.0,ISR,Enterprise Security,1
/organization/aortx,5800000.0,1.0,,2006.0,2006.0,USA,Biotechnology,1
/organization/apache-design-solutions,,1.0,,2004.0,2004.0,USA,Electronics,1
/organization/apartama,1000000.0,1.0,,2012.0,2012.0,RUS,DIY,0
/organization/apenimed,3853000.0,2.0,2007.0,2010.0,2011.0,USA,Health Care,1
/organization/aperio-technologies,46420307.0,4.0,1999.0,2004.0,2012.0,USA,Hardware + Software,1
/organization/apertio,30000000.0,1.0,,2006.0,2006.0,GBR,Mobile,1
/organization/aperto-networks,160279779.0,15.0,1999.0,1999.0,2010.0,USA,Mobile,1
/organization/api-cryptek,17200000.0,2.0,1986.0,2003.0,2007.0,USA,Software,1
/organization/apieron,43500000.0,4.0,2001.0,2003.0,2009.0,USA,Biotechnology,0
/organization/apiphany,2900000.0,2.0,2012.0,2012.0,2013.0,USA,Cloud Computing,1
/organization/apisphere,4580000.0,1.0,,2010.0,2010.0,USA,Advertising,0
/organization/aplica-tecnologas-de-nueva-generacin,1160000.0,1.0,,2007.0,2007.0,ESP,Information Technology,1
/organization/aplicor,22579243.0,8.0,2003.0,2008.0,2014.0,USA,Enterprise Software,0
/organization/apnex-medical,60100000.0,4.0,2006.0,2007.0,2012.0,USA,Health Care,0
/organization/apogeeinvent,70000.0,3.0,2004.0,2012.0,2013.0,USA,Design,0
/organization/app-in-the-air,250000.0,2.0,2011.0,2011.0,2012.0,RUS,Aerospace,0
/organization/app-media-2,,1.0,2015.0,2015.0,2015.0,,,0
/organization/app55,1700000.0,1.0,2011.0,2012.0,2012.0,GBR,Finance Technology,0
/organization/apparchitect,,1.0,2012.0,2012.0,2012.0,USA,Apps,1
/organization/appassure-software,6000000.0,1.0,,2008.0,2008.0,USA,Flash Storage,1
/organization/appature-inc,9600000.0,2.0,2007.0,2009.0,2012.0,USA,Enterprise Software,0
/organization/appbistro,600000.0,2.0,2010.0,2010.0,2010.0,USA,Developer APIs,0
/organization/appcentral-inc,4000000.0,1.0,2007.0,2010.0,2010.0,USA,Android,1
/organization/appeatit,161947.0,3.0,2013.0,2013.0,2014.0,ITA,Hospitality,0
/organization/appercode,60000.0,1.0,2012.0,2013.0,2013.0,RUS,Mobile,0
/organization/appetas,120000.0,3.0,2012.0,2012.0,2013.0,USA,Local Businesses,1
/organization/appfluent-technology,4100000.0,1.0,2005.0,2005.0,2005.0,USA,Analytics,1
/organization/appgate-network-security,3180000.0,1.0,2002.0,2006.0,2006.0,SWE,Meeting Software,1
/organization/apphero,1800000.0,1.0,2011.0,2012.0,2012.0,CAN,Mobile,1
/organization/appia,44250000.0,8.0,2008.0,2008.0,2013.0,USA,Advertising,1
/organization/appifier,318627.0,1.0,2011.0,2012.0,2012.0,CAN,Development Platforms,1
/organization/appilog,15500000.0,2.0,,2003.0,2004.0,USA,Application Platforms,1
/organization/appinions,5600000.0,3.0,2008.0,2011.0,2013.0,USA,Opinions,1
/organization/appiny,200000.0,1.0,,2013.0,2013.0,RUS,iOS,0
/organization/appiq,12000000.0,1.0,2001.0,2003.0,2003.0,USA,Software,1
/organization/appiterate-com,500000.0,1.0,2013.0,2014.0,2014.0,USA,Apps,1
/organization/appitiza,41250.0,1.0,,2015.0,2015.0,,Application Platforms,0
/organization/appium-technologies,6034050.0,1.0,1992.0,2004.0,2004.0,SWE,Application Platforms,1
/organization/appixia,,1.0,,2013.0,2013.0,ISR,E-Commerce,0
/organization/appjet,715000.0,3.0,2007.0,2007.0,2009.0,USA,Curated Web,1
/organization/applabs,10000000.0,1.0,2001.0,2006.0,2006.0,IND,Software,1
/organization/applancer,,1.0,2015.0,2015.0,2015.0,VNM,Design,1
/organization/applianceware,14000000.0,1.0,,2000.0,2000.0,USA,Delivery,1
/organization/applica,122000.0,2.0,2015.0,2015.0,2015.0,,Application Platforms,0
/organization/application-developments-plc,596000.0,1.0,,2006.0,2006.0,,Software,0
/organization/application-security,17000000.0,2.0,2001.0,2004.0,2006.0,USA,Software,1
/organization/applied-identity,30300000.0,3.0,2002.0,2005.0,2008.0,USA,Advertising,0
/organization/applied-isotope-technologies,1358979.0,3.0,2003.0,2006.0,2012.0,USA,Hardware + Software,0
/organization/applied-predictive-technologies,154000000.0,2.0,1999.0,2006.0,2013.0,USA,Software,1
/organization/applied-quantum-technologies,49770145.0,5.0,2007.0,2007.0,2012.0,USA,Manufacturing,0
/organization/applifier,6000000.0,2.0,2008.0,2011.0,2012.0,FIN,Advertising,1
/organization/applimation,4000000.0,1.0,1998.0,2005.0,2005.0,USA,Enterprise Software,1
/organization/appmakr,1000000.0,1.0,2010.0,2010.0,2010.0,SGP,Android,1
/organization/appointmentcity,800000.0,1.0,2009.0,2009.0,2009.0,USA,Curated Web,1
/organization/apposphere,50000.0,2.0,2015.0,2015.0,2015.0,USA,B2B,0
/organization/appoxee,1800000.0,2.0,2010.0,2012.0,2013.0,ISR,Apps,1
/organization/apprats,,1.0,2009.0,2010.0,2010.0,USA,Apps,0
/organization/appredeem,700000.0,1.0,2010.0,2011.0,2011.0,USA,Advertising,1
/organization/apprema,800000.0,1.0,2007.0,2007.0,2007.0,USA,E-Commerce,0
/organization/approva,63000000.0,9.0,2001.0,2002.0,2009.0,USA,Enterprise Software,1
/organization/apprupt,,2.0,2008.0,2010.0,2011.0,DEU,Advertising,1
/organization/apps-genius,40000.0,1.0,2009.0,2010.0,2010.0,USA,Games,0
/organization/appscio,7000000.0,2.0,2006.0,2007.0,2009.0,USA,Apps,0
/organization/appsecute,,1.0,2011.0,2012.0,2012.0,,Software,1
/organization/appsfire,8699999.0,4.0,2009.0,2010.0,2015.0,FRA,Advertising,1
/organization/appsindep,1900000.0,1.0,,2012.0,2012.0,RUS,Games,0
/organization/appslingr,28000.0,1.0,,2013.0,2013.0,USA,Analytics,1
/organization/appssavvy,13329915.0,4.0,2008.0,2008.0,2012.0,USA,Advertising,0
/organization/appstarter,288277.0,2.0,,2013.0,2013.0,,SaaS,0
/organization/appstores-com,1155000.0,2.0,2010.0,2010.0,2011.0,USA,Apps,1
/organization/apptera,30240000.0,3.0,2001.0,2007.0,2010.0,USA,Advertising,1
/organization/appthegame,1700000.0,3.0,2011.0,2012.0,2014.0,USA,Mobile,1
/organization/appthwack,618000.0,2.0,2012.0,2012.0,2013.0,USA,Android,1
/organization/apptis-inc,40000000.0,1.0,,2004.0,2004.0,,Construction,1
/organization/apptive,1350000.0,3.0,2012.0,2013.0,2014.0,USA,Apps,1
/organization/apptrigger,23660962.0,2.0,2002.0,2007.0,2009.0,USA,Public Relations,1
/organization/appurify,6250000.0,2.0,2012.0,2012.0,2013.0,USA,Android,1
/organization/appzbizz-inc,,1.0,2015.0,2015.0,2015.0,USA,,0
/organization/apreso-classroom,15000000.0,1.0,,2008.0,2008.0,USA,All Students,0
/organization/aprilis,,1.0,,2000.0,2000.0,,,1
/organization/aprimo,14500000.0,1.0,1998.0,2005.0,2005.0,USA,Enterprise Software,1
/organization/apriso,16100000.0,2.0,1993.0,2002.0,2006.0,USA,Software,1
/organization/apsmart,,1.0,2009.0,2009.0,2009.0,GBR,Mobile,1
/organization/apt-pharmaceuticals,54000000.0,2.0,,2007.0,2008.0,USA,Biotechnology,0
/organization/apta-me,40000.0,1.0,2011.0,2011.0,2011.0,HKG,Business Services,0
/organization/aptalis,170466.0,1.0,,2011.0,2011.0,USA,Biotechnology,1
/organization/aptana,13292327.0,2.0,2007.0,2009.0,2009.0,USA,Cloud Computing,1
/organization/aptela,5000000.0,1.0,,2006.0,2006.0,USA,Messaging,1
/organization/aptera,56300000.0,4.0,2003.0,2007.0,2011.0,USA,Automotive,0
/organization/aptible-2,,1.0,,2014.0,2014.0,,,0
/organization/aptito,1000000.0,2.0,2011.0,2011.0,2012.0,USA,SaaS,1
/organization/aptitude-medical-systems,1000000.0,1.0,,2013.0,2013.0,,Medical,0
/organization/aptiv-solutions,5660000.0,1.0,1983.0,2012.0,2012.0,USA,Biotechnology,1
/organization/apture,4600000.0,2.0,2007.0,2007.0,2009.0,USA,Advertising,1
/organization/aptwater,,1.0,2009.0,2009.0,2009.0,USA,Clean Technology,0
/organization/aqs,3180659.0,1.0,,2010.0,2010.0,,Clean Technology,1
/organization/aquafadas,1770000.0,1.0,2006.0,2009.0,2009.0,FRA,Software,1
/organization/aquapharm-biodiscovery,16226758.0781003,3.0,2000.0,2005.0,2010.0,GBR,Biotechnology,0
/organization/aquest-systems,20000000.0,1.0,2004.0,2007.0,2007.0,USA,Semiconductors,0
/organization/aquesys,99600000.0,4.0,2006.0,2008.0,2014.0,USA,Health Care,1
/organization/aquilium-software,19600000.0,1.0,,2001.0,2001.0,,Billing,0
/organization/aragon-pharmaceuticals,122000000.0,4.0,2009.0,2009.0,2012.0,USA,Biotechnology,1
/organization/aragon-surgical,25000000.0,1.0,2005.0,2008.0,2008.0,USA,Health Care,1
/organization/aramsco,,1.0,1966.0,2005.0,2005.0,USA,,1
/organization/arantech,16190000.0,2.0,1999.0,2005.0,2005.0,IRL,Software,1
/organization/arbor-photonics,2648258.0,3.0,,2007.0,2013.0,USA,Hardware + Software,1
/organization/arbor-surgical-technologies,20000000.0,1.0,2002.0,2008.0,2008.0,USA,Manufacturing,0
/organization/arbortext,8750000.0,1.0,,2003.0,2003.0,USA,Publishing,1
/organization/arc-solutions,3000000.0,2.0,,2006.0,2007.0,USA,Software,1
/organization/arcadian-networks,90000000.0,1.0,,2007.0,2007.0,USA,Clean Technology,0
/organization/arch-rock-corporationarch-rock-corporation,15000000.0,2.0,2005.0,2005.0,2007.0,USA,Software,1
/organization/archimedes-pharma,99000000.0,1.0,2004.0,2010.0,2010.0,GBR,Biotechnology,1
/organization/archipelago,125000000.0,7.0,1996.0,1999.0,2003.0,USA,E-Commerce,1
/organization/architectural-daily,,1.0,2009.0,2010.0,2010.0,,News,0
/organization/archivas,12000000.0,1.0,,2006.0,2006.0,USA,Software,1
/organization/archive,,1.0,1980.0,1990.0,1990.0,USA,,1
/organization/archive-2,18000000.0,1.0,,2000.0,2000.0,USA,Apps,0
/organization/archr-io-llc,250000.0,2.0,2015.0,2015.0,2015.0,,Audio,0
/organization/archus-orthopedics,28000000.0,2.0,,2003.0,2008.0,USA,Medical,1
/organization/archway-health-holdings,2500000.0,1.0,,2015.0,2015.0,USA,Health and Wellness,0
/organization/arclight-media-technology,,1.0,2005.0,2007.0,2007.0,GBR,Search,0
/organization/arcmail,3000000.0,1.0,2005.0,2009.0,2009.0,USA,Email,1
/organization/arcot-systems,62000000.0,4.0,1997.0,2001.0,2008.0,USA,Security,1
/organization/arcplan-information-services-ag,34060000.0,1.0,1996.0,2005.0,2005.0,ESP,Business Analytics,1
/organization/arcsight-inc,26914000.0,3.0,2000.0,2000.0,2006.0,USA,Security,1
/organization/arctic-diagnostics,3496500.0,1.0,,2012.0,2012.0,FIN,Health Care,0
/organization/arctic-silicon-devices,5294000.0,2.0,,2007.0,2008.0,NOR,Semiconductors,1
/organization/arcwave,8000000.0,1.0,1999.0,2004.0,2004.0,USA,Computers,0
/organization/ardana-bioscience,32360000.0,1.0,,2003.0,2003.0,,Biotechnology,0
/organization/ardext-technologies,1938000.0,5.0,,2000.0,2003.0,,Electronics,0
/organization/ardian-inc,64080000.0,3.0,2003.0,2005.0,2009.0,USA,Health Care,1
/organization/arete-therapeutics,35000000.0,1.0,,2007.0,2007.0,USA,,0
/organization/argon-networks,26500000.0,1.0,,1998.0,1998.0,,Apps,1
/organization/argyle,1565000.0,2.0,2010.0,2010.0,2011.0,USA,Analytics,1
/organization/argyle-security,10450000.0,1.0,1976.0,2009.0,2009.0,USA,Security,0
/organization/aria-glassworks,1750000.0,1.0,2010.0,2011.0,2011.0,USA,Software,0
/organization/ariel-way,1100000.0,1.0,2001.0,2011.0,2011.0,USA,Mobile,0
/organization/arieso,9513175.0,3.0,2002.0,2008.0,2010.0,GBR,Mobile,1
/organization/arigami-semiconductor-systems-private,,1.0,2008.0,2009.0,2009.0,USA,Semiconductors,0
/organization/ariosa-diagnostics-inc,67500000.0,3.0,,2009.0,2012.0,USA,Biotechnology,1
/organization/aristasoft-corporation,30000000.0,1.0,1999.0,1999.0,1999.0,USA,B2B,0
/organization/aristos-logic,181860000.0,7.0,2000.0,2001.0,2007.0,USA,Hardware + Software,1
/organization/aristotle-health,200000.0,1.0,,2015.0,2015.0,,Apps,0
/organization/arithmatica,622000.0,1.0,1998.0,2007.0,2007.0,USA,Software,0
/organization/arius-research,23500000.0,2.0,1999.0,2005.0,2006.0,CAN,Biotechnology,1
/organization/arizona-security,845075.0,2.0,2009.0,2009.0,2014.0,USA,Hardware + Software,0
/organization/arkayne,1000000.0,1.0,2009.0,2010.0,2010.0,USA,Advertising,0
/organization/arkeia-software,7000000.0,2.0,1996.0,2004.0,2007.0,USA,Data Security,1
/organization/arkli,54493.0,2.0,2010.0,2010.0,2011.0,CAN,Email Marketing,0
/organization/armor5,2000000.0,1.0,2011.0,2013.0,2013.0,USA,Cloud Security,1
/organization/armorize,955000.0,2.0,2005.0,2006.0,2009.0,USA,Security,1
/organization/aroma-brewing,,1.0,,2015.0,2015.0,,,0
/organization/arpeggi,195000.0,1.0,2012.0,2013.0,2013.0,USA,Biotechnology,1
/organization/arpu,15564591.0,3.0,2005.0,2006.0,2009.0,USA,Advertising,0
/organization/arris-networks,,1.0,,1995.0,1995.0,,Cloud Data Services,1
/organization/arriva-pharmaceuticals,,1.0,1997.0,2004.0,2004.0,USA,Bio-Pharm,0
/organization/arrow-therapeutics,34898793.0,1.0,1998.0,2003.0,2003.0,GBR,Biotechnology,1
/organization/arrowpoint-communications,15800000.0,2.0,,1997.0,1998.0,USA,Communications Hardware,1
/organization/arroyo-optics,8870000.0,1.0,,2001.0,2001.0,USA,,1
/organization/arroyo-video-solutions,25000000.0,2.0,2002.0,2004.0,2005.0,USA,Games,1
/organization/arsenal-digital-solutions,49000000.0,3.0,1998.0,2001.0,2005.0,USA,Data Privacy,1
/organization/art-loft,,1.0,,2014.0,2014.0,,E-Commerce,0
/organization/art-of-defence,3239000.0,2.0,,2005.0,2006.0,DEU,Security,1
/organization/art2m,551179.800362676,1.0,,2015.0,2015.0,FRA,Art,0
/organization/artabler,,1.0,,2015.0,2015.0,,,0
/organization/artaculous,10000.0,1.0,2007.0,2007.0,2007.0,GBR,Games,0
/organization/artandseek,50000.0,1.0,2007.0,2007.0,2007.0,USA,Art,0
/organization/arterain-medical,,1.0,,2008.0,2008.0,,,0
/organization/artifact-software,5250000.0,2.0,2001.0,2009.0,2015.0,USA,Software,0
/organization/artifact-uprising,54302.0,1.0,2012.0,2014.0,2014.0,USA,E-Commerce,1
/organization/artinnet,,1.0,,2008.0,2008.0,,,0
/organization/artisan-mobile,7000000.0,2.0,2010.0,2012.0,2013.0,USA,Analytics,1
/organization/artistforce,,2.0,2006.0,2006.0,2007.0,USA,Games,0
/organization/artofbrands-sa,1200000.0,2.0,2008.0,2011.0,2015.0,CHE,Art,0
/organization/artsapp,,1.0,2008.0,2009.0,2009.0,USA,Art,1
/organization/artspace,14450000.0,4.0,,2011.0,2015.0,USA,E-Commerce,1
/organization/artstaq,161688.0,1.0,2015.0,2015.0,2015.0,GBR,Art,0
/organization/artuslabs,6883956.0,3.0,2007.0,2008.0,2010.0,USA,Software,1
/organization/aruba-networks,30000000.0,1.0,2002.0,2006.0,2006.0,USA,Communications Hardware,1
/organization/aruna-biomedical,,5.0,,2005.0,2008.0,,,0
/organization/arvirago,,1.0,,2003.0,2003.0,,,0
/organization/arxan-technologies,20047324.0,3.0,2001.0,2002.0,2009.0,USA,Security,1
/organization/arysta-lifesciences,80000000.0,1.0,2001.0,2002.0,2002.0,IRL,Chemicals,1
/organization/aryx-therapeutics,83257446.0,4.0,,2004.0,2010.0,USA,Biotechnology,0
/organization/arzoon-inc,10000000.0,1.0,1999.0,2003.0,2003.0,USA,Logistics,1
/organization/as-seen-on-tv,12155000.0,1.0,2009.0,2011.0,2011.0,USA,E-Commerce,0
/organization/asc-information-technology,200000.0,1.0,2004.0,2010.0,2010.0,USA,Software,0
/organization/ascade,2590000.0,1.0,1997.0,2006.0,2006.0,SWE,Software,1
/organization/ascend-health,20100000.0,1.0,,2007.0,2007.0,USA,Health Care,1
/organization/ascenergy,5070000.0,2.0,2012.0,2013.0,2014.0,,Oil and Gas,0
/organization/ascension-orthopedics,39664050.0,2.0,1996.0,2008.0,2011.0,USA,Biotechnology,1
/organization/asdis,4214802.0,1.0,,2004.0,2004.0,,Intelligent Systems,1
/organization/asempra-technologies,20000000.0,1.0,2003.0,2006.0,2006.0,USA,Software,1
/organization/asesoras-digitales,6000.0,1.0,,2006.0,2006.0,CHL,Design,0
/organization/ashin,41250.0,1.0,,2015.0,2015.0,,Application Platforms,0
/organization/ashmanov-partners,,1.0,2001.0,2004.0,2004.0,RUS,Advertising,0
/organization/asia-bioenergy-technologies-berhad,1200000.0,1.0,,2013.0,2013.0,MYS,Curated Web,0
/organization/asia-pacific-marine-container-lines,,1.0,1870.0,1998.0,1998.0,CAN,Logistics Company,0
/organization/asian-food-channel,,1.0,2005.0,2011.0,2011.0,SGP,,1
/organization/asic-engineering-corporation,1000000.0,1.0,,2000.0,2000.0,,Engineering Firms,0
/organization/ask-com,25000000.0,2.0,1996.0,1996.0,1999.0,USA,Search,1
/organization/ask-genie,,1.0,2015.0,2015.0,2015.0,,,0
/organization/ask-ziggy,3500000.0,1.0,,2012.0,2012.0,USA,Android,0
/organization/askmygift,40000.0,1.0,2015.0,2015.0,2015.0,,Apps,0
/organization/asm-organic-recyclates,136762.0,1.0,2013.0,2015.0,2015.0,,Collaboration,0
/organization/asoyia,4000000.0,1.0,,2008.0,2008.0,USA,Consumer Goods,0
/organization/aspective,,1.0,,1999.0,1999.0,,,0
/organization/aspreva-pharmaceuticals-corp,57000000.0,1.0,,2004.0,2004.0,CAN,Pharmaceuticals,1
/organization/assemblage,28000.0,2.0,2013.0,2013.0,2014.0,USA,Collaboration,1
/organization/asset-international,20000000.0,1.0,1985.0,2009.0,2009.0,USA,News,1
/organization/asset4,4900000.0,1.0,2003.0,2006.0,2006.0,CHE,Software,1
/organization/assetmetrix-corporation,3000000.0,1.0,2000.0,2005.0,2005.0,CAN,Software,1
/organization/assistly,5700000.0,2.0,2009.0,2010.0,2011.0,USA,CRM,1
/organization/associatedcontent,21400000.0,3.0,,2006.0,2009.0,USA,Curated Web,1
/organization/assuramed,5700000.0,1.0,2007.0,2012.0,2012.0,USA,Health and Wellness,1
/organization/astadia,,3.0,,2008.0,2011.0,USA,Consulting,1
/organization/astamuse-company-ltd,5000000.0,1.0,2005.0,2012.0,2012.0,JPN,Consulting,0
/organization/astaro,12900000.0,2.0,2000.0,2003.0,2004.0,DEU,Network Security,1
/organization/astech,,1.0,1969.0,1991.0,1991.0,USA,,1
/organization/asteel,22420000.0,1.0,1999.0,2005.0,2005.0,FRA,Hardware + Software,0
/organization/aster-data-systems,53000000.0,4.0,2005.0,2005.0,2010.0,USA,Analytics,1
/organization/asthmatx,50000000.0,1.0,2003.0,2007.0,2007.0,USA,Health Care,1
/organization/aston-eyetech-ltd,,1.0,,2015.0,2015.0,,,0
/organization/astoria-software,,1.0,1996.0,2009.0,2009.0,USA,Software,1
/organization/astrid,1900000.0,2.0,2008.0,2011.0,2012.0,USA,Android,1
/organization/astro-ape,,1.0,2009.0,2010.0,2010.0,USA,Games,0
/organization/astrum-software,5300000.0,1.0,1997.0,2001.0,2001.0,USA,Enterprises,1
/organization/astrum-solar,,1.0,2007.0,2013.0,2013.0,USA,Clean Technology,1
/organization/astute,,1.0,,2004.0,2004.0,,,0
/organization/atairgin-technologies,7200000.0,1.0,,2000.0,2000.0,USA,Health Care,0
/organization/atakama-labs,,1.0,,2009.0,2009.0,CHL,Casual Games,1
/organization/atbizz,300000.0,1.0,2007.0,2007.0,2007.0,,Content,0
/organization/atempo,35860000.0,3.0,1992.0,2003.0,2007.0,USA,Software,1
/organization/atesto-technologies,15000000.0,1.0,2000.0,2001.0,2001.0,USA,Services,0
/organization/athena-design-systems,4000000.0,1.0,2003.0,2007.0,2007.0,USA,Software,0
/organization/athena-semiconductors,10000000.0,1.0,2001.0,2003.0,2003.0,USA,Semiconductors,1
/organization/athenix,43500000.0,4.0,1863.0,2001.0,2008.0,USA,Biotechnology,1
/organization/atheromed,37673932.0,6.0,2006.0,2009.0,2013.0,USA,Health Care,1
/organization/athigo,200000.0,1.0,2011.0,2011.0,2011.0,USA,Enterprises,0
/organization/athoc,8200000.0,2.0,2005.0,2005.0,2012.0,USA,Email,1
/organization/athomestars,300000.0,1.0,2011.0,2013.0,2013.0,USA,Advertising,0
/organization/atipica,25000.0,1.0,,2015.0,2015.0,,,0
/organization/atlantetrek,50000.0,1.0,2009.0,2011.0,2011.0,USA,Artificial Intelligence,0
/organization/atlantic-tele-network,39700000.0,1.0,1987.0,2009.0,2009.0,USA,Web Hosting,0
/organization/atlas-guides,400000.0,1.0,2008.0,2010.0,2010.0,USA,Finance,0
/organization/atlas-watersystems,,1.0,1987.0,1997.0,1997.0,USA,,0
/organization/atom-entertainment,22900000.0,1.0,,2001.0,2001.0,USA,Games,1
/organization/aton-pharma,13700000.0,1.0,2001.0,2003.0,2003.0,USA,Biotechnology,1
/organization/atoneplace,250000.0,1.0,2006.0,2008.0,2008.0,IND,Real Estate,1
/organization/atrenta,46341484.0,6.0,2001.0,2001.0,2013.0,USA,Software,1
/organization/atreo-medical,410958.0,1.0,2007.0,2008.0,2008.0,CAN,Health Care,1
/organization/atreus-systems,17000000.0,2.0,,2000.0,2003.0,,Curated Web,1
/organization/atrica,39200000.0,2.0,2000.0,2003.0,2006.0,USA,Web Hosting,0
/organization/atritech,52000000.0,2.0,,2007.0,2009.0,USA,Hardware + Software,1
/organization/atrua,13000000.0,3.0,2000.0,2006.0,2009.0,USA,Mobile,1
/organization/atsana-semiconductor,10000000.0,1.0,1999.0,2004.0,2004.0,CAN,Semiconductors,1
/organization/attachments-me,2500000.0,2.0,2011.0,2011.0,2012.0,USA,Software,1
/organization/attask-2,7000000.0,1.0,,2007.0,2007.0,USA,,0
/organization/attassa,,1.0,,2007.0,2007.0,USA,Email,1
/organization/attenex,5000000.0,1.0,2000.0,2005.0,2005.0,USA,Software,1
/organization/attila-technologies,,1.0,,2009.0,2009.0,USA,Software,0
/organization/attributor,27200000.0,4.0,2005.0,2006.0,2010.0,USA,SEO,1
/organization/attune-systems,18000000.0,2.0,1999.0,2006.0,2006.0,USA,Hardware + Software,0
/organization/atyourbusiness-com,11000000.0,1.0,,2000.0,2000.0,USA,,0
/organization/atzip,614000.0,1.0,,2011.0,2011.0,,Curated Web,0
/organization/auctiondrop,2500000.0,1.0,,2003.0,2003.0,USA,Curated Web,1
/organization/auctionpay,5500000.0,1.0,2002.0,2006.0,2006.0,USA,Auctions,1
/organization/auctomatic,400000.0,2.0,2007.0,2007.0,2007.0,USA,Auctions,1
/organization/audioaudit,15000000.0,1.0,,2003.0,2003.0,USA,Business Services,1
/organization/audiobase,20000000.0,1.0,,1999.0,1999.0,CAN,,0
/organization/audioboo,5568600.0,1.0,2009.0,2014.0,2014.0,GBR,Mobile,1
/organization/audiocasefiles,250000.0,1.0,2006.0,2007.0,2007.0,USA,Legal,1
/organization/audiolife,4500000.0,2.0,,2005.0,2007.0,USA,Distribution,1
/organization/audiomicro,1250000.0,2.0,2008.0,2008.0,2011.0,USA,Artists Globally,1
/organization/audioname,85000.0,2.0,2011.0,2011.0,2012.0,USA,Social Media,0
/organization/auditude,30426151.0,4.0,1999.0,2007.0,2011.0,USA,Advertising,1
/organization/audium-semiconductor,8500000.0,1.0,,2007.0,2007.0,GBR,Audio,0
/organization/audtionbooth,80000.0,1.0,2009.0,2010.0,2010.0,USA,Film,0
/organization/augmentastic,25000.0,1.0,2015.0,2015.0,2015.0,,Apps,0
/organization/augmentation-industries,4073365.0,4.0,2011.0,2011.0,2013.0,DEU,Automotive,0
/organization/augmentware,90000.0,2.0,2007.0,2008.0,2009.0,USA,Automotive,0
/organization/aupeo,,1.0,2008.0,2009.0,2009.0,,Audio,1
/organization/aura-communications,22000000.0,2.0,,2001.0,2004.0,,Manufacturing,0
/organization/aurality,300000.0,1.0,2011.0,2012.0,2012.0,USA,Media,0
/organization/aureon-laboratories,73331503.0,8.0,,2002.0,2011.0,USA,Biotechnology,0
/organization/aurinia-pharmaceuticals,52000000.0,1.0,,2014.0,2014.0,CAN,Biotechnology,0
/organization/aurora-feint,7660000.0,2.0,2008.0,2009.0,2010.0,USA,Games,0
/organization/auspex-pharmaceuticals,98817742.0,10.0,2001.0,2009.0,2014.0,USA,Biotechnology,1
/organization/ausra,123300000.0,4.0,,2007.0,2009.0,USA,Clean Technology,1
/organization/austin-tetra,3500000.0,1.0,1993.0,2005.0,2005.0,USA,Consulting,1
/organization/austrianova-biomanufacturing,47265574.0066352,1.0,,2007.0,2007.0,AUT,,0
/organization/authentec,22900000.0,2.0,1998.0,2001.0,2003.0,USA,Information Security,1
/organization/authentica,27300000.0,3.0,1998.0,1999.0,2004.0,USA,Data Security,1
/organization/authenticlick,5000000.0,1.0,2005.0,2006.0,2006.0,USA,Analytics,0
/organization/authentium,21000000.0,2.0,1999.0,2006.0,2007.0,USA,SaaS,0
/organization/authix-tecnologies,1595790.0,2.0,2008.0,2008.0,2009.0,,Security,0
/organization/authoria,33000000.0,2.0,1997.0,2004.0,2007.0,USA,Software,1
/organization/authy-inc,3067000.0,3.0,2012.0,2012.0,2014.0,USA,Information Security,1
/organization/autobase-inc,,1.0,1988.0,2004.0,2004.0,USA,Business Development,1
/organization/autoda,,1.0,2010.0,2011.0,2011.0,DEU,Automotive,1
/organization/autodaq,33000000.0,1.0,,2000.0,2000.0,USA,Internet,0
/organization/autofi,2500000.0,1.0,2015.0,2015.0,2015.0,,,0
/organization/automata-technologies,,1.0,,2015.0,2015.0,GBR,Technology,0
/organization/automated-insights,10800000.0,3.0,2007.0,2010.0,2014.0,USA,Analytics,1
/organization/automatic-agency,,1.0,2008.0,2011.0,2011.0,USA,Advertising,0
/organization/automd,,1.0,,2014.0,2014.0,USA,Curated Web,1
/organization/autonavi,40000000.0,1.0,,2006.0,2006.0,CHN,Public Transportation,1
/organization/autonomic-networks,34500000.0,3.0,2001.0,2001.0,2005.0,USA,Network Security,0
/organization/autooffer,,1.0,,2015.0,2015.0,DNK,,0
/organization/autopilot,10200000.0,2.0,2012.0,2012.0,2014.0,USA,Automotive,0
/organization/autoportal-com,,1.0,2013.0,2013.0,2013.0,IND,Automotive,0
/organization/autoquake,53615099.0,7.0,2005.0,2006.0,2010.0,GBR,Automotive,1
/organization/autoref-com,875000.0,2.0,2010.0,2012.0,2013.0,USA,Auto,0
/organization/autoreflex-com,,1.0,1998.0,2009.0,2009.0,FRA,Automotive,1
/organization/autotask,6000000.0,1.0,2001.0,2006.0,2006.0,USA,Software,1
/organization/autovirt,23800000.0,7.0,2007.0,2007.0,2011.0,USA,Flash Storage,0
/organization/autoweb-inc,2500000.0,1.0,2013.0,2013.0,2013.0,USA,Advertising,1
/organization/auvitek-international,9000000.0,1.0,2004.0,2006.0,2006.0,USA,Semiconductors,0
/organization/auxilium-pharmaceuticals-inc,43000000.0,1.0,1999.0,2003.0,2003.0,USA,Biotechnology,1
/organization/av-homes,135000000.0,1.0,,2013.0,2013.0,USA,Property Management,0
/organization/avaak,17000000.0,2.0,2004.0,2008.0,2010.0,USA,Electronics,1
/organization/avaki-now-sybase-sap,20200000.0,3.0,1998.0,2001.0,2003.0,USA,Enterprise Software,1
/organization/avalign-technologies-holdings,31350293.0,1.0,,2009.0,2009.0,USA,Manufacturing,1
/organization/avalon-global-solutions,,1.0,,2010.0,2010.0,USA,Telecommunications,0
/organization/avamar-technologies,27000000.0,2.0,1999.0,2002.0,2004.0,USA,Software,1
/organization/avangate-bv,7500000.0,3.0,2006.0,2006.0,2013.0,USA,Cloud Data Services,1
/organization/avanir-pharmaceuticals,30000000.0,1.0,1988.0,2012.0,2012.0,USA,Biotechnology,1
/organization/avansci-bio,960000.0,2.0,2011.0,2013.0,2014.0,USA,Analytics,0
/organization/avante-logixx,5000000.0,1.0,,2014.0,2014.0,CAN,Security,0
/organization/avantra-biosciences,15008402.0,2.0,2010.0,2010.0,2011.0,USA,Biotechnology,0
/organization/avanzit,8370000.0,1.0,,2009.0,2009.0,ESP,Consulting,0
/organization/avchem,2500000.0,1.0,,2003.0,2003.0,USA,Chemicals,0
/organization/avega-systems,9500000.0,2.0,2005.0,2007.0,2010.0,USA,Hardware + Software,0
/organization/aveksa,28000000.0,4.0,2004.0,2006.0,2013.0,USA,Enterprise Software,1
/organization/avenda-systems,5000000.0,1.0,2006.0,2008.0,2008.0,USA,Security,1
/organization/avensus,,1.0,2000.0,2008.0,2008.0,NLD,Information Technology,0
/organization/aventa-technologies,1000000.0,1.0,2012.0,2012.0,2012.0,USA,Manufacturing,0
/organization/aventones,440000.0,3.0,2010.0,2011.0,2014.0,MEX,Services,1
/organization/averail,6250000.0,2.0,2011.0,2011.0,2012.0,USA,Mobile,1
/organization/aveso,13940000.0,3.0,,2006.0,2010.0,USA,Hardware + Software,0
/organization/avg,252000000.0,2.0,2005.0,2005.0,2009.0,USA,Security,1
/organization/aviary,19044025.0,4.0,2007.0,2007.0,2013.0,USA,Apps,1
/organization/aviate,1800000.0,1.0,2011.0,2013.0,2013.0,USA,Android,1
/organization/avicode,1000000.0,1.0,,2009.0,2009.0,USA,Enterprise Software,1
/organization/avid-radiopharmaceuticals,69900000.0,4.0,2005.0,2005.0,2009.0,USA,Biotechnology,1
/organization/avidia,72300000.0,2.0,2003.0,2005.0,2006.0,USA,Biotechnology,1
/organization/avieon,750000.0,1.0,2005.0,2007.0,2007.0,USA,Mobile,0
/organization/aviga-systems,750000.0,1.0,2008.0,2008.0,2008.0,USA,Enterprise Software,0
/organization/aviir,70930000.0,14.0,2005.0,2006.0,2013.0,USA,Biotechnology,0
/organization/avila-therapeutics,31500000.0,4.0,2006.0,2007.0,2012.0,USA,Biotechnology,1
/organization/avinity,,1.0,2005.0,2007.0,2007.0,NLD,Marketplaces,1
/organization/avinti,7200000.0,1.0,,2005.0,2005.0,USA,Software,0
/organization/avis-2,162000.0,1.0,,2012.0,2012.0,RUS,,0
/organization/avisena,2500000.0,1.0,2001.0,2011.0,2011.0,USA,SaaS,1
/organization/avito-ru,1342000000.0,5.0,2008.0,2011.0,2015.0,RUS,Advertising,1
/organization/avm-biotechnology,2608000.0,4.0,2008.0,2009.0,2014.0,USA,Biotechnology,0
/organization/avokia,6430000.0,1.0,2000.0,2006.0,2006.0,CAN,Enterprise Software,0
/organization/avolent,9000000.0,1.0,1995.0,2006.0,2006.0,USA,Software,0
/organization/avolon-holdings,,1.0,2010.0,2015.0,2015.0,IRL,Financial Services,1
/organization/avot-media,,1.0,,2007.0,2007.0,USA,Mobile,1
/organization/avtodoria,100000.0,2.0,2011.0,2011.0,2013.0,RUS,Security,0
/organization/avtozaper,360000.0,6.0,2012.0,2012.0,2013.0,RUS,Auto,0
/organization/avva-health,,1.0,2011.0,2012.0,2012.0,USA,Health Care,0
/organization/avventa,20000000.0,1.0,2005.0,2009.0,2009.0,USA,Advertising,1
/organization/avvenu,1500000.0,1.0,,2006.0,2006.0,USA,Curated Web,1
/organization/awareness,21948190.0,4.0,,2007.0,2012.0,USA,Information Technology,1
/organization/awesome-highlighter,,1.0,,2008.0,2008.0,,Curated Web,0
/organization/awesomeness-tv,3500000.0,1.0,2012.0,2012.0,2012.0,USA,Games,1
/organization/awesometouch,59700.0,4.0,2010.0,2010.0,2011.0,USA,Maps,1
/organization/awestruck-dental,25000.0,1.0,,2014.0,2014.0,,Dental,0
/organization/awg,,1.0,,2010.0,2010.0,,Industrial,0
/organization/awr-corporation,13800000.0,2.0,1994.0,2002.0,2006.0,USA,Software,1
/organization/axceler,12000000.0,1.0,1994.0,2006.0,2006.0,USA,Enterprise Software,1
/organization/axeda,26000000.0,4.0,2000.0,2009.0,2013.0,USA,Enterprise Software,1
/organization/axerra-networks,17650000.0,2.0,1999.0,2005.0,2008.0,ISR,Web Hosting,1
/organization/axial-biotech,19400000.0,2.0,2002.0,2005.0,2007.0,USA,Biotechnology,0
/organization/axiom-exergy,,1.0,2014.0,2015.0,2015.0,USA,Engineering Firms,0
/organization/axiom-microdevices,29449981.0,2.0,2002.0,2007.0,2009.0,USA,Semiconductors,1
/organization/axiomx,4000000.0,2.0,2012.0,2012.0,2013.0,USA,Biotechnology,1
/organization/axionics,,1.0,,2014.0,2014.0,,,0
/organization/axis-network-technology,5843207.27154683,1.0,2005.0,2008.0,2008.0,,Mobile,1
/organization/axis-semiconductor,4025000.0,4.0,2007.0,2009.0,2010.0,USA,Semiconductors,0
/organization/axis-systems,,1.0,1996.0,2001.0,2001.0,USA,,1
/organization/axismobile,3000000.0,1.0,2000.0,2007.0,2007.0,ISR,Mobile,1
/organization/axolotl,17700000.0,1.0,,2001.0,2001.0,USA,Health Care,1
/organization/axonx,2000000.0,1.0,,2005.0,2005.0,USA,Public Safety,1
/organization/axsionics,9780000.0,1.0,,2008.0,2008.0,GBR,Fraud Detection,0
/organization/ayalogic,1071500.0,4.0,,2004.0,2010.0,USA,Audio,0
/organization/ayeah-games,530000.0,2.0,2010.0,2010.0,2011.0,USA,Games,0
/organization/azaire-networks,21000000.0,1.0,2003.0,2006.0,2006.0,USA,Mobile,0
/organization/azalea-networks,15000000.0,1.0,2005.0,2008.0,2008.0,USA,Mobile,1
/organization/azaleos,15000297.0,2.0,2004.0,2007.0,2009.0,USA,Enterprise Software,1
/organization/azameo,683125.435492465,1.0,2014.0,2014.0,2014.0,,Advertising,0
/organization/azanda,29000000.0,2.0,,2000.0,2002.0,FRA,Information Technology,1
/organization/azelon-pharmaceuticals,9715488.0,3.0,2000.0,2011.0,2012.0,USA,Biotechnology,0
/organization/azingo,80000000.0,2.0,2005.0,2006.0,2008.0,USA,Internet,0
/organization/aztek-networks,34649948.0,6.0,,2006.0,2011.0,USA,Web Hosting,1
/organization/azuki,28100000.0,6.0,2008.0,2007.0,2012.0,USA,Enterprise Software,1
/organization/azuna,300000.0,1.0,2005.0,2009.0,2009.0,USA,News,0
/organization/azure-solutions,15000000.0,1.0,,2005.0,2005.0,GBR,Software,1
/organization/azuro,11999999.0,3.0,2002.0,2006.0,2009.0,USA,Semiconductors,1
/organization/b-152,100000.0,1.0,,2012.0,2012.0,RUS,Legal,0
/organization/b-hive-networks,7500000.0,2.0,2005.0,2005.0,2006.0,USA,Finance,1
/organization/b-side,9850000.0,3.0,2005.0,2006.0,2008.0,USA,Games,0
/organization/b-soft-2,,1.0,,2011.0,2011.0,,,0
/organization/b5media,2000000.0,1.0,2005.0,2006.0,2006.0,CAN,News,1
/organization/ba-systems,20000000.0,2.0,,2007.0,2009.0,USA,Software,0
/organization/bababoo-intelligent-calling-service,1500000.0,1.0,2010.0,2011.0,2011.0,USA,iPhone,0
/organization/babble,6250000.0,3.0,2006.0,2009.0,2010.0,USA,Media,1
/organization/babbler,500000.0,1.0,2013.0,2014.0,2014.0,,Email,0
/organization/babelgum,13200000.0,1.0,,2005.0,2005.0,GBR,Mobile,0
/organization/baby-com-br,21100000.0,2.0,2010.0,2011.0,2012.0,,E-Commerce,0
/organization/babyboom-ru,900000.0,2.0,2010.0,2010.0,2011.0,RUS,E-Commerce,0
/organization/babycenter,,1.0,1997.0,1999.0,1999.0,USA,Curated Web,1
/organization/babyoye,2500000.0,2.0,2010.0,2011.0,2011.0,IND,E-Commerce,1
/organization/bacchus-vascular,37200000.0,3.0,1999.0,2001.0,2007.0,USA,Electronics,1
/organization/back-4-app-back4app-servicos-digitais-ltda,100000.0,1.0,,2015.0,2015.0,,,0
/organization/backflip-studios,145000.0,1.0,2009.0,2009.0,2009.0,USA,Games,1
/organization/backtype,1315000.0,4.0,2008.0,2008.0,2014.0,USA,Advertising,1
/organization/backup,22000000.0,1.0,,1999.0,1999.0,,,0
/organization/backup-circle,40000.0,1.0,2012.0,2012.0,2012.0,NZL,Data Security,0
/organization/backupagent,2000000.0,1.0,2004.0,2013.0,2013.0,NLD,SaaS,1
/organization/backupify,19525000.0,5.0,2008.0,2009.0,2012.0,USA,Enterprise Software,1
/organization/backyard,150000.0,1.0,,2010.0,2010.0,,Software,1
/organization/bacterial-barcodes,6250000.0,2.0,,2003.0,2010.0,USA,Biotechnology,1
/organization/bacterin-international-holdings,28561000.0,4.0,1998.0,2010.0,2014.0,USA,Biotechnology,0
/organization/bactest-2,1961607.00864237,2.0,,2014.0,2015.0,,,0
/organization/bacula,500000.0,1.0,2012.0,2012.0,2012.0,GBR,Open Source,0
/organization/badongo-com,,2.0,2005.0,2006.0,2007.0,USA,File Sharing,0
/organization/bahu,1476100.0,1.0,2007.0,2007.0,2007.0,FRA,Social Media,0
/organization/bakbone-software,22813005.0,2.0,1997.0,2003.0,2009.0,USA,Security,1
/organization/baker-street,26295.7985157483,1.0,,2015.0,2015.0,,,0
/organization/balalikea,50000.0,1.0,2013.0,2013.0,2013.0,,Social Media,0
/organization/balance-financial,1500000.0,2.0,2004.0,2011.0,2012.0,USA,Enterprise Software,1
/organization/balanced,3550000.0,4.0,2010.0,2011.0,2014.0,USA,E-Commerce,0
/organization/balaya,155000.0,1.0,2007.0,2010.0,2010.0,,Public Relations,0
/organization/balconytv,871189.0,3.0,2006.0,2008.0,2012.0,IRL,Games,1
/organization/ballista-securities,,1.0,2007.0,2009.0,2009.0,USA,Financial Services,1
/organization/balllogic,100000.0,1.0,2007.0,2009.0,2009.0,USA,Hardware + Software,0
/organization/baltic-motors-corporation,6000000.0,1.0,1992.0,2004.0,2004.0,USA,Auto,0
/organization/baltic-ticket-holdings-as,8000000.0,1.0,1997.0,2013.0,2013.0,EST,Ticketing,0
/organization/banderacom-2,35000000.0,1.0,,2001.0,2001.0,,Design,0
/organization/bandsintown,375000.0,4.0,2007.0,2006.0,2010.0,USA,Apps,1
/organization/banian-labs,,1.0,2014.0,2015.0,2015.0,,Apps,0
/organization/banister-cityhomes,1023335.0,1.0,,2015.0,2015.0,USA,E-Commerce Platforms,0
/organization/banki-ru,6000000.0,2.0,2005.0,2010.0,2013.0,RUS,Finance,0
/organization/banksimple,15290000.0,4.0,2009.0,2009.0,2013.0,USA,Banking,1
/organization/banksnob,,1.0,2011.0,2011.0,2011.0,USA,Credit Cards,0
/organization/banro-corporation,40000000.0,1.0,2011.0,2014.0,2014.0,CAN,Manufacturing,0
/organization/bantam,3550002.0,3.0,2008.0,2008.0,2010.0,USA,Contact Management,1
/organization/banyan-branch,1700000.0,1.0,2007.0,2011.0,2011.0,USA,Consulting,1
/organization/bao-box,,1.0,,2015.0,2015.0,,,0
/organization/baobab-planet,1854110.0,2.0,2008.0,2010.0,2010.0,ESP,Entertainment,0
/organization/bar-vista-homes,,1.0,,2009.0,2009.0,,,0
/organization/barared,,1.0,,2010.0,2010.0,MEX,,0
/organization/bardakovka,50000.0,1.0,,2012.0,2012.0,,Maps,0
/organization/bariatric-partners,12000000.0,1.0,2005.0,2006.0,2006.0,,,0
/organization/baroo,1200000.0,1.0,2014.0,2015.0,2015.0,,,0
/organization/barosense,33200000.0,3.0,2001.0,2004.0,2009.0,USA,Biotechnology,1
/organization/barrx-medical,15000000.0,1.0,2003.0,2010.0,2010.0,USA,Health Care,1
/organization/barspace,280000.0,1.0,2010.0,2010.0,2010.0,USA,iPhone,0
/organization/bartlett-holdings,,1.0,,2004.0,2004.0,USA,,1
/organization/bartlett-nuclear,,1.0,,2004.0,2004.0,USA,Entertainment Industry,0
/organization/base79,14345752.0,2.0,2007.0,2011.0,2012.0,FRA,Advertising,0
/organization/basel-switzerland,68903320.4319178,2.0,,2002.0,2005.0,CHE,Media,0
/organization/bash-gaming,1200000.0,2.0,2010.0,2011.0,2012.0,USA,Android,1
/organization/basis-science,43500000.0,3.0,2010.0,2011.0,2013.0,USA,Fitness,1
/organization/bateshook,,1.0,,2009.0,2009.0,USA,Advertising,0
/organization/battellepharma,35500000.0,2.0,,2003.0,2005.0,USA,Pharmaceuticals,0
/organization/battlepro,130000.0,2.0,2012.0,2013.0,2013.0,,Games,0
/organization/baxano,51200000.0,3.0,2005.0,2008.0,2013.0,USA,Health Care,1
/organization/bay-micro,,1.0,,2005.0,2005.0,,,0
/organization/bayshore-networks,7766.0,1.0,,2015.0,2015.0,,Information Technology,0
/organization/bazaar-corner,2000000.0,2.0,2012.0,2012.0,2013.0,PHL,E-Commerce,0
/organization/bbb-technologies,,1.0,,2015.0,2015.0,,,0
/organization/bbe,10000000.0,1.0,2004.0,2008.0,2008.0,USA,Advertising,1
/organization/bbn-technologies,16000000.0,3.0,1948.0,2004.0,2012.0,USA,Web Hosting,1
/organization/bccthis,500000.0,1.0,2009.0,2009.0,2009.0,USA,Email,0
/organization/bcd-semiconductor-manufacturing-limited,700000.0,2.0,,2004.0,2013.0,USA,Manufacturing,1
/organization/bcm-solutions,,1.0,2009.0,2014.0,2014.0,,Consulting,0
/organization/bcnx,938830.0,2.0,2013.0,2012.0,2013.0,KOR,Advertising,1
/organization/bds-incorporated,,1.0,,1982.0,1982.0,,,0
/organization/be-spotted,,1.0,2008.0,2008.0,2008.0,USA,Advertising,0
/organization/beach-bum,,1.0,,2015.0,2015.0,,,0
/organization/beach-solutions,3000000.0,1.0,1998.0,2004.0,2004.0,GBR,Internet,1
/organization/beacon-doctor,,1.0,,2014.0,2014.0,,,0
/organization/beacon-partners,58000000.0,1.0,1989.0,2015.0,2015.0,USA,Health and Wellness,1
/organization/beam-2,3000000.0,1.0,,2013.0,2013.0,RUS,VoIP,0
/organization/beamly,,1.0,2011.0,2011.0,2011.0,GBR,Advertising Platforms,1
/organization/beanstockd,,1.0,,2008.0,2008.0,,Curated Web,0
/organization/beat-no,,1.0,,2010.0,2010.0,NOR,Music,0
/organization/beats-by-dr-dre,500000000.0,1.0,2006.0,2013.0,2013.0,USA,Hardware,1
/organization/beats-music,120000000.0,2.0,2013.0,2013.0,2014.0,USA,Android,0
/organization/beautini,110000.0,1.0,,2015.0,2015.0,,Beauty,0
/organization/beautynow,500000.0,1.0,2013.0,2015.0,2015.0,,Beauty,0
/organization/beautyticket-com,450000.0,1.0,2009.0,2011.0,2011.0,USA,Curated Web,0
/organization/bebo,15000000.0,1.0,2005.0,2006.0,2006.0,USA,Social Media,1
/organization/beceem,97800000.0,5.0,2003.0,2005.0,2009.0,USA,Semiconductors,1
/organization/becheeky-com,1298719.14683085,1.0,,2007.0,2007.0,GBR,Fashion,0
/organization/become,37200000.0,4.0,2004.0,2004.0,2008.0,USA,Advertising Platforms,1
/organization/become-media-inc,100000.0,1.0,2008.0,2008.0,2008.0,CHN,SNS,0
/organization/beefirst-in,9522.0,1.0,,2010.0,2010.0,CAN,Advertising,0
/organization/beeline-technologies,11240000.0,1.0,1994.0,2002.0,2002.0,AUS,Navigation,1
/organization/beepl,400000.0,1.0,2011.0,2011.0,2011.0,GBR,News,1
/organization/beesphere,,1.0,,2010.0,2010.0,USA,,0
/organization/beetv,9500000.0,2.0,2007.0,2009.0,2011.0,ITA,iPad,0
/organization/beezag,3250000.0,2.0,2009.0,2008.0,2010.0,USA,Advertising,0
/organization/beezik,7216281.0,2.0,2009.0,2009.0,2010.0,FRA,Entertainment,1
/organization/before-the-call,2540000.0,1.0,,2006.0,2006.0,USA,Software,0
/organization/begun,10000000.0,1.0,2002.0,2012.0,2012.0,RUS,Advertising,0
/organization/behance,6500000.0,1.0,2006.0,2012.0,2012.0,USA,Creative Industries,1
/organization/behavio,355000.0,1.0,,2012.0,2012.0,USA,Software,1
/organization/behind-the-burner,500000.0,1.0,2008.0,2008.0,2008.0,USA,Cooking,0
/organization/beijing-moca-world-technology,12000000.0,2.0,2007.0,2010.0,2011.0,CHN,Games,0
/organization/beinsync,8000000.0,2.0,2004.0,2005.0,2006.0,ISR,Web Hosting,1
/organization/belair-networks,60900000.0,4.0,2002.0,2004.0,2007.0,CAN,Mobile,1
/organization/beleza-com,26499973.0,1.0,2012.0,2015.0,2015.0,BRA,Retail,0
/organization/beliefnet,7000000.0,1.0,,2005.0,2005.0,USA,Curated Web,1
/organization/believersfund,50000.0,1.0,2011.0,2011.0,2011.0,BEL,Android,0
/organization/bellwave-co,13000000.0,1.0,1999.0,2013.0,2013.0,KOR,Design,1
/organization/bellymoms-maternity-inc,250000.0,1.0,,2013.0,2013.0,,Distribution,0
/organization/belsito-media,928135.0,1.0,,2010.0,2010.0,ITA,Public Relations,0
/organization/bemba,,1.0,2007.0,2007.0,2007.0,,Curated Web,0
/organization/bemyspot-ltd,100.0,1.0,2014.0,2015.0,2015.0,GBR,Brand Marketing,0
/organization/benaissance,7000000.0,1.0,2001.0,2008.0,2008.0,USA,Software,1
/organization/benefitter,7157090.0,3.0,2012.0,2012.0,2014.0,USA,Health and Insurance,1
/organization/benesight,,1.0,1997.0,1998.0,1998.0,,,1
/organization/benitec-ltd,30826728.0,1.0,2001.0,2014.0,2014.0,AUS,Biotechnology,0
/organization/bensata,225000.0,2.0,2007.0,2011.0,2011.0,USA,Social Media,0
/organization/benson-group,,1.0,,2012.0,2012.0,GBR,Manufacturing,1
/organization/benten-bioservices,4259323.0,2.0,,2012.0,2013.0,USA,Biotechnology,1
/organization/beranked,12500000.0,3.0,2011.0,2011.0,2014.0,USA,Business Services,0
/organization/berecruited,1200000.0,1.0,2000.0,2007.0,2007.0,USA,Blogging Platforms,1
/organization/berggi,12000000.0,2.0,2004.0,2006.0,2007.0,USA,Mobile,0
/organization/bering-media,7500000.0,2.0,2008.0,2009.0,2011.0,CAN,Advertising,1
/organization/berkeley-design-automation,20250000.0,3.0,2001.0,2002.0,2007.0,USA,Nanotechnology,1
/organization/berkeley-ultrasound,,1.0,,2015.0,2015.0,,,0
/organization/berkna-wireless,26500000.0,4.0,2001.0,2001.0,2004.0,USA,Mobile,1
/organization/bermai,12000000.0,1.0,2001.0,2001.0,2001.0,USA,Communications Infrastructure,1
/organization/bernooli,,1.0,2015.0,2015.0,2015.0,,,0
/organization/berst,50000.0,1.0,,2012.0,2012.0,,Mobile,0
/organization/bespoke-weddings-ltd,30896.0,1.0,2009.0,2015.0,2015.0,,Event Management,0
/organization/bespokify,,1.0,,2015.0,2015.0,HKG,Fashion,0
/organization/besser-betreut-gmbh,,1.0,2007.0,2010.0,2010.0,,Search,1
/organization/bestboy-keyboard,215.0,1.0,2014.0,2014.0,2014.0,SWE,Design,0
/organization/bestcontractors,3450000.0,1.0,2005.0,2007.0,2007.0,USA,Curated Web,1
/organization/bestofmedia-group,38930000.0,2.0,2000.0,2008.0,2010.0,USA,News,1
/organization/bestvendor,4225000.0,4.0,2011.0,2011.0,2012.0,USA,B2B,1
/organization/bestylish-com,10000000.0,1.0,2011.0,2012.0,2012.0,IND,E-Commerce,0
/organization/betaglide,1025000.0,2.0,2013.0,2014.0,2014.0,,Android,1
/organization/betastudios,59063.0,2.0,2007.0,2009.0,2009.0,KOR,E-Commerce,1
/organization/betausersnow-com,10000.0,1.0,,2011.0,2011.0,USA,Curated Web,0
/organization/betnow,5000000.0,1.0,2005.0,2008.0,2008.0,GBR,Curated Web,0
/organization/better-place,925000000.0,6.0,2007.0,2007.0,2012.0,USA,Clean Technology,1
/organization/bettymovil,2000000.0,1.0,,2008.0,2008.0,ESP,Games,0
/organization/betuknow,750000.0,1.0,,2007.0,2007.0,ISR,Public Relations,0
/organization/beva,3129890.45383412,4.0,2010.0,2010.0,2015.0,,,0
/organization/beva-com,500000.0,1.0,2011.0,2011.0,2011.0,,Internet,0
/organization/bevalley,1700000.0,1.0,2010.0,2010.0,2010.0,ESP,Analytics,0
/organization/bevo-media,300000.0,1.0,,2008.0,2008.0,USA,Advertising,1
/organization/bevocal,10000000.0,1.0,1999.0,2005.0,2005.0,USA,Web Hosting,1
/organization/bevvy-com,100000.0,1.0,2011.0,2011.0,2011.0,USA,Coupons,0
/organization/bevy,1200000.0,1.0,2007.0,2007.0,2007.0,USA,Social Media,0
/organization/bex-io,1050000.0,2.0,2011.0,2013.0,2014.0,CAN,Curated Web,0
/organization/beyond-encryption-technologies,1060000.0,1.0,,2009.0,2009.0,IRL,Software,0
/organization/beyond-oblivion,87000000.0,2.0,,2010.0,2011.0,USA,Mobile,0
/organization/beyondtrust,,1.0,1985.0,2012.0,2012.0,USA,Security,1
/organization/bfly,,1.0,,2012.0,2012.0,,Games,0
/organization/biancamed,11988175.7201105,2.0,2003.0,2006.0,2009.0,IRL,Diagnostics,1
/organization/bid-nerd,250000.0,1.0,2009.0,2010.0,2010.0,USA,Curated Web,0
/organization/bidexpress-com,1200000.0,1.0,,1999.0,1999.0,,,0
/organization/bidkind,3000000.0,1.0,2014.0,2014.0,2014.0,USA,Celebrity,0
/organization/bidmodo,,1.0,2009.0,2009.0,2009.0,USA,Business Services,0
/organization/bids-trading,,1.0,,2007.0,2007.0,USA,Financial Services,0
/organization/bidstalk,500000.0,1.0,2013.0,2013.0,2013.0,SGP,Advertising,1
/organization/big-bear-entertainment,500000.0,1.0,,2007.0,2007.0,USA,Entertainment,0
/organization/big-fish-games,95244796.0,2.0,2002.0,2008.0,2012.0,USA,Entertainment,1
/organization/big-frame,3425000.0,2.0,2011.0,2012.0,2012.0,USA,Advertising,1
/organization/big-fuel,450000.0,1.0,,2007.0,2007.0,USA,Public Relations,1
/organization/big-live,4715359.0,5.0,2008.0,2011.0,2013.0,USA,Chat,0
/organization/big-six,150023.0,1.0,,2009.0,2009.0,USA,Games,1
/organization/big-stage,10600000.0,2.0,2008.0,2007.0,2009.0,USA,Entertainment,1
/organization/big-string,518000.0,2.0,2003.0,2009.0,2010.0,USA,Curated Web,0
/organization/bigbad,360000.0,1.0,1991.0,2009.0,2009.0,USA,Consulting,0
/organization/bigband-networks,42000000.0,2.0,1998.0,2002.0,2003.0,USA,Telecommunications,1
/organization/bigbrands,,1.0,,2014.0,2014.0,,,0
/organization/bigdeal,4500000.0,1.0,,2009.0,2009.0,USA,Curated Web,0
/organization/bigfix,26400000.0,3.0,1997.0,2002.0,2007.0,USA,Security,1
/organization/bigfoot-interactive,6000000.0,1.0,1997.0,2002.0,2002.0,USA,Email,1
/organization/bigfoot-networks,20750000.0,3.0,2006.0,2006.0,2009.0,USA,Hardware + Software,1
/organization/biggerboat,7000000.0,2.0,,2006.0,2008.0,,Advertising,0
/organization/bigmachines,,1.0,1999.0,2012.0,2012.0,USA,Software,1
/organization/bigswerve,,1.0,2006.0,2007.0,2007.0,USA,Curated Web,1
/organization/bigtentdesign,8000000.0,2.0,,2008.0,2009.0,USA,Curated Web,1
/organization/bigtwist,620000.0,1.0,2011.0,2012.0,2012.0,USA,3D,0
/organization/bigzop,600000.0,1.0,2015.0,2015.0,2015.0,IND,Internet,1
/organization/bihu-com,10000000.0,1.0,,2008.0,2008.0,CHN,Advertising,0
/organization/bill-the-butcher,2428201.0,3.0,,2011.0,2014.0,USA,E-Commerce,0
/organization/billaway,1100000.0,1.0,2012.0,2013.0,2013.0,USA,Enterprise Software,0
/organization/billeo,15260000.0,3.0,2006.0,2006.0,2012.0,USA,Financial Services,0
/organization/billfish-software,500000.0,1.0,2007.0,2010.0,2010.0,USA,Business Development,0
/organization/billguard,16500000.0,3.0,2010.0,2010.0,2014.0,USA,Consumer Lending,1
/organization/billing-revolution,7240000.0,4.0,2007.0,2010.0,2011.0,USA,Mobile,0
/organization/billmelater,100000000.0,3.0,2000.0,2006.0,2007.0,USA,Credit,1
/organization/billow-engagement,,1.0,2014.0,2014.0,2014.0,,,0
/organization/billshrink,9000000.0,2.0,2008.0,2007.0,2008.0,USA,Curated Web,0
/organization/bilna-pte,,1.0,,2015.0,2015.0,,,0
/organization/bilneur,,1.0,2011.0,2011.0,2011.0,USA,E-Commerce,0
/organization/bina-technologies,10304545.0,4.0,2010.0,2011.0,2013.0,USA,Analytics,1
/organization/bincode-entertainment,,1.0,2015.0,2015.0,2015.0,BGR,,0
/organization/binoptics,38805883.0,6.0,2000.0,2005.0,2014.0,USA,Manufacturing,1
/organization/bio-medical-research-limited,15189281.0,1.0,,2003.0,2003.0,,Health Care,0
/organization/biocellection,,1.0,,2015.0,2015.0,,Biotechnology,0
/organization/bioceros,2300000.0,1.0,,2011.0,2011.0,,Biotechnology,1
/organization/bioconnect-systems,19024912.0,5.0,2006.0,2006.0,2013.0,USA,Biotechnology,0
/organization/biocontrol,1018959.43862128,1.0,,2007.0,2007.0,GBR,Biotechnology,1
/organization/biocritica,25000000.0,1.0,,2011.0,2011.0,USA,Biotechnology,0
/organization/bioenvision,7410000.0,1.0,1996.0,2007.0,2007.0,USA,Biotechnology,0
/organization/biofire-diagnostics,70000000.0,2.0,1990.0,2012.0,2013.0,USA,Biotechnology,1
/organization/biofisica,7415000.0,6.0,2000.0,2006.0,2014.0,USA,Biotechnology,0
/organization/bioforce-nanosciences,2000000.0,1.0,,2002.0,2002.0,,Biotechnology,0
/organization/biographicon,,1.0,,2007.0,2007.0,,Curated Web,0
/organization/bioimagene,26000000.0,1.0,2003.0,2008.0,2008.0,USA,Biotechnology,1
/organization/bioincept,3185000.0,1.0,,2014.0,2014.0,USA,Biotechnology,0
/organization/biolex-therapeutics,196664126.0,9.0,1997.0,2003.0,2011.0,USA,Biotechnology,0
/organization/biolipox,41000000.0,1.0,,2005.0,2005.0,,Bio-Pharm,1
/organization/bioloom,50000.0,1.0,,2015.0,2015.0,USA,Advanced Materials,0
/organization/biomers,4825800.0,1.0,,2011.0,2011.0,SGP,Health Care,0
/organization/biomicro-systems,2020000.0,1.0,,2007.0,2007.0,USA,Biotechnology,0
/organization/bionica,250000.0,1.0,2005.0,2007.0,2007.0,USA,,0
/organization/bionitrogen,5000000.0,1.0,2011.0,2014.0,2014.0,USA,Clean Technology,0
/organization/bionovion,,1.0,,2013.0,2013.0,,,0
/organization/biontis,,1.0,2002.0,2008.0,2008.0,DEU,,0
/organization/biophytis,2600000.0,1.0,2006.0,2012.0,2012.0,FRA,Biotechnology,0
/organization/bioprocessors,16010000.0,2.0,,2002.0,2007.0,USA,Biotechnology,1
/organization/bioprogress-technology-international,6000000.0,1.0,,2001.0,2001.0,USA,,0
/organization/bioptigen,1500000.0,1.0,2004.0,2011.0,2011.0,USA,Health Care,1
/organization/biorexis,38000000.0,2.0,,2002.0,2004.0,,Health Care,1
/organization/bioscan,3307299.0,4.0,,2005.0,2011.0,USA,Biotechnology,1
/organization/bioseek,10000000.0,1.0,2000.0,2007.0,2007.0,USA,Biotechnology,1
/organization/biosocia,1500000.0,1.0,,2008.0,2008.0,USA,Communities,0
/organization/biosport-athletechs,100000.0,1.0,,2014.0,2014.0,USA,Fitness,0
/organization/biostar-pharmaceuticals,3605000.0,1.0,,2009.0,2009.0,CHN,Biotechnology,0
/organization/biosyntech,1400000.0,1.0,1994.0,2009.0,2009.0,CAN,Biotechnology,0
/organization/biosystem-development,3978000.0,4.0,2002.0,2007.0,2011.0,USA,Biotechnology,1
/organization/biosystems-international,11187700.0,3.0,2004.0,2005.0,2010.0,FRA,Biotechnology,1
/organization/biotech-varsovia-pharma,,1.0,,2010.0,2010.0,,,0
/organization/biotica-technology,5000000.0,1.0,1996.0,2003.0,2003.0,,Bio-Pharm,0
/organization/biotiful,25328.2114061379,1.0,2014.0,2014.0,2014.0,,,0
/organization/biotrove,24213329.0,2.0,,2004.0,2009.0,USA,Biotechnology,1
/organization/biovex,133314585.0,4.0,2006.0,2003.0,2009.0,GBR,Biotechnology,1
/organization/biovitrum,,1.0,2001.0,2001.0,2001.0,SWE,Biotechnology,1
/organization/biowizard,1100000.0,2.0,2005.0,2007.0,2008.0,USA,Curated Web,0
/organization/bipar-sciences,73000000.0,4.0,2002.0,2004.0,2009.0,USA,Biotechnology,1
/organization/bird-design-limited,228934.615713919,1.0,,2014.0,2014.0,,,0
/organization/birthday-gorilla,,1.0,2011.0,2011.0,2011.0,AUS,Advertising,0
/organization/bistro-corp,5000000.0,1.0,,2003.0,2003.0,CAN,Hospitality,0
/organization/bitarmor-systems,5250000.0,2.0,,2005.0,2009.0,USA,Security,1
/organization/bitarts-labs,10000000.0,1.0,,2003.0,2003.0,,,0
/organization/bitboys-oy,4788800.0,1.0,1991.0,2006.0,2006.0,FIN,Hardware + Software,1
/organization/bitdeli,209999.0,1.0,2011.0,2012.0,2012.0,USA,Analytics,1
/organization/bitfone-corporation,21000000.0,4.0,2000.0,2003.0,2006.0,USA,Mobile,1
/organization/bitinstant,1500000.0,1.0,2011.0,2013.0,2013.0,USA,Fashion,0
/organization/bitleap,130000.0,1.0,2004.0,2007.0,2007.0,USA,Hardware + Software,1
/organization/bitmap-galaxy,,1.0,2013.0,2014.0,2014.0,,,0
/organization/bitpass,13300000.0,2.0,2002.0,2003.0,2004.0,USA,Curated Web,0
/organization/bitready,25000.0,1.0,2015.0,2015.0,2015.0,,Bitcoin,0
/organization/bitzer-mobile,6333407.0,2.0,2010.0,2011.0,2013.0,USA,Mobility,1
/organization/biw-technologies,,1.0,2001.0,2009.0,2009.0,GBR,Enterprise Software,1
/organization/bix,6700000.0,1.0,,2006.0,2006.0,,Curated Web,1
/organization/bixti-com,45000.0,2.0,2010.0,2011.0,2011.0,ARG,Design,1
/organization/biz-u,120000.0,2.0,2013.0,2014.0,2015.0,,Communications Infrastructure,0
/organization/biz360,24300000.0,3.0,,2003.0,2008.0,USA,Analytics,1
/organization/bizak,,1.0,2007.0,2007.0,2007.0,USA,Curated Web,0
/organization/bizanga,8000000.0,1.0,2003.0,2009.0,2009.0,USA,Messaging,1
/organization/bizerra-ru,25000.0,1.0,2012.0,2013.0,2013.0,RUS,SaaS,0
/organization/bizgreet,345000.0,1.0,2008.0,2010.0,2010.0,USA,Messaging,0
/organization/bizily,250000.0,1.0,2010.0,2010.0,2010.0,USA,Contact Management,0
/organization/bizmore,,1.0,,2007.0,2007.0,USA,Advice,0
/organization/bizo,28500000.0,4.0,2008.0,2008.0,2013.0,USA,Advertising,1
/organization/bizpora,40000.0,1.0,2012.0,2013.0,2013.0,GBR,Curated Web,1
/organization/bizprolink-network,3200000.0,1.0,,2001.0,2001.0,USA,Business Services,0
/organization/bl-healthcare,5000000.0,1.0,,2011.0,2011.0,USA,Internet Marketing,0
/organization/blabroom,200000.0,1.0,2013.0,2013.0,2013.0,RUS,Online Dating,0
/organization/black-diamond-minerals,40000000.0,1.0,2006.0,2007.0,2007.0,USA,,0
/organization/black-hat-systems,8000000.0,1.0,,2005.0,2005.0,USA,Services,0
/organization/black-house,,1.0,2013.0,2013.0,2013.0,USA,Office Space,0
/organization/black-is-pink,40000.0,1.0,,2015.0,2015.0,IND,E-Commerce,0
/organization/black-lotus,9500000.0,2.0,1999.0,2013.0,2014.0,USA,Internet Service Providers,1
/organization/black-sand-technologies,28200000.0,3.0,2005.0,2007.0,2012.0,USA,Electronics,1
/organization/blackaeon-international,2700000.0,9.0,,2010.0,2012.0,USA,Robotics,0
/organization/blackarrow,59763076.0,5.0,2005.0,2004.0,2011.0,USA,Advertising,1
/organization/blacklocus,2500000.0,2.0,2010.0,2010.0,2011.0,USA,Analytics,1
/organization/blackstone-digital-agency,2700000.0,2.0,2012.0,2013.0,2014.0,IDN,Advertising,0
/organization/blacksumac,300000.0,1.0,2012.0,2013.0,2013.0,CAN,Android,1
/organization/blade-games-world,5926462.0,2.0,2004.0,2009.0,2009.0,USA,Games,0
/organization/blade-network-technologies,10000000.0,1.0,2006.0,2009.0,2009.0,USA,Cloud Computing,1
/organization/bladelogic,17000000.0,2.0,,2003.0,2005.0,USA,Infrastructure,1
/organization/blades,,1.0,1990.0,2015.0,2015.0,,,0
/organization/blayze-inc,,1.0,2011.0,2013.0,2013.0,USA,Video,1
/organization/blaze-io,1000000.0,1.0,2010.0,2010.0,2010.0,CAN,Software,1
/organization/blekko,60200000.0,9.0,2007.0,2007.0,2013.0,USA,Search,1
/organization/blendspace,,1.0,2012.0,2012.0,2012.0,USA,Education,1
/organization/bleu-comme-gris,881371.58206199,1.0,,2014.0,2014.0,,,0
/organization/bling-nation,28000000.0,2.0,2007.0,2009.0,2009.0,USA,Enterprise Software,0
/organization/blingo,,1.0,,2004.0,2004.0,,,0
/organization/blink-booking,4400000.0,1.0,2012.0,2012.0,2012.0,ESP,Apps,1
/organization/blink-logic,2370027.0,3.0,,2008.0,2009.0,USA,Software,0
/organization/blinkbox,,1.0,2006.0,2009.0,2009.0,GBR,Games,1
/organization/blinq-media,6600000.0,5.0,2008.0,2010.0,2012.0,USA,Advertising,0
/organization/blip,27300000.0,7.0,2005.0,2006.0,2012.0,USA,Advertising,1
/organization/blippy-social-commerce,12931223.0,2.0,2007.0,2010.0,2010.0,USA,Mobile,0
/organization/blitab-technology,,1.0,2014.0,2014.0,2014.0,AUT,Assisitive Technology,0
/organization/blitzpick,360000.0,2.0,2015.0,2015.0,2015.0,USA,,0
/organization/blm-acquisition-corp,29750000.0,1.0,,2015.0,2015.0,USA,Service Providers,0
/organization/blockbeacon,500000.0,1.0,2012.0,2012.0,2012.0,USA,Curated Web,1
/organization/blockboard,1000000.0,1.0,,2010.0,2010.0,USA,Location Based Services,1
/organization/bloggerce,20000.0,1.0,2006.0,2008.0,2008.0,ISR,Blogging Platforms,0
/organization/blogher,15500000.0,3.0,2005.0,2007.0,2009.0,USA,Blogging Platforms,1
/organization/blogradio,,1.0,2009.0,2009.0,2009.0,USA,Blogging Platforms,0
/organization/blogtv,3000000.0,1.0,2006.0,2007.0,2007.0,ISR,Broadcasting,1
/organization/blokkd-inc,12500.0,1.0,2011.0,2011.0,2011.0,USA,Curated Web,0
/organization/bloobox,50000.0,1.0,2009.0,2009.0,2009.0,BRA,News,0
/organization/bloodhound,4770000.0,4.0,2011.0,2011.0,2013.0,USA,Mobile,0
/organization/bloodhound-2,3000000.0,1.0,,2002.0,2002.0,USA,Application Platforms,0
/organization/bloom-studio,,1.0,2010.0,2011.0,2011.0,GBR,Android,0
/organization/bloomspot-com,51050000.0,4.0,2010.0,2009.0,2011.0,USA,E-Commerce,1
/organization/blossomandtwigs-com,500000.0,1.0,2009.0,2009.0,2009.0,GBR,E-Commerce,0
/organization/blowtorch,50000000.0,1.0,,2007.0,2007.0,USA,Entertainment,0
/organization/blue-belt-technologies,41431808.0,2.0,2003.0,2009.0,2014.0,USA,Biotechnology,1
/organization/blue-box-group,26600000.0,6.0,2003.0,2012.0,2015.0,USA,Cloud Management,1
/organization/blue-buzz-network,1310000.0,1.0,2006.0,2010.0,2010.0,USA,News,0
/organization/blue-lane-technologies,13400000.0,1.0,2002.0,2005.0,2005.0,USA,Web Hosting,1
/organization/blue-lava-technologies,8605192.0,4.0,2006.0,2006.0,2010.0,USA,Software,0
/organization/blue-moon-2,,1.0,,2010.0,2010.0,,,0
/organization/blue-night,400000.0,1.0,2015.0,2015.0,2015.0,KOR,Apps,0
/organization/blue-ocean-software,,1.0,1992.0,2001.0,2001.0,USA,,1
/organization/blue-pumpkin-software,19200000.0,1.0,,2011.0,2011.0,USA,Consulting,1
/organization/blue-vector-systems,4000000.0,1.0,2002.0,2005.0,2005.0,USA,Public Relations,0
/organization/bluearc,221000000.0,7.0,1998.0,1998.0,2010.0,USA,Web Hosting,1
/organization/bluebox-now,,1.0,2011.0,2011.0,2011.0,USA,Finance,0
/organization/bluefin-labs,20350000.0,4.0,2008.0,2008.0,2012.0,USA,Analytics,1
/organization/bluefire-security-technologies,16000000.0,2.0,2001.0,2002.0,2004.0,USA,Cyber Security,0
/organization/bluegill-technologies,19500000.0,1.0,,1999.0,1999.0,USA,,0
/organization/bluekai,50100000.0,4.0,2007.0,2008.0,2012.0,USA,Advertising,1
/organization/bluekite,37500000.0,2.0,2012.0,2000.0,2013.0,USA,Curated Web,1
/organization/bluekiwi,12300000.0,2.0,2006.0,2007.0,2009.0,FRA,Collaboration,1
/organization/blueline-services,300000.0,1.0,2004.0,2005.0,2005.0,,Employment,0
/organization/bluelithium,11500000.0,1.0,2004.0,2005.0,2005.0,USA,Advertising,1
/organization/bluenote-networks,23400000.0,2.0,2005.0,2005.0,2006.0,USA,Enterprise Software,1
/organization/blueprint-registry,,1.0,2013.0,2015.0,2015.0,USA,,0
/organization/bluepulse,6000000.0,1.0,1990.0,2007.0,2007.0,USA,Mobile,0
/organization/blueroads,20300000.0,3.0,2001.0,2004.0,2008.0,USA,Curated Web,1
/organization/blueronin,56900.0,1.0,2012.0,2013.0,2013.0,GBR,Architecture,0
/organization/bluesocket,37028546.0,4.0,1999.0,2003.0,2010.0,USA,Mobile,1
/organization/bluesprig,10000000.0,1.0,2011.0,2011.0,2011.0,USA,Software,1
/organization/bluestem-brands,3164047.0,3.0,2002.0,2011.0,2013.0,USA,E-Commerce,1
/organization/bluestreak-network,6000000.0,1.0,,2005.0,2005.0,USA,Software,0
/organization/bluestreak-technology,39000000.0,4.0,2002.0,2005.0,2009.0,CAN,Mobile,1
/organization/bluestripe-software,13525000.0,3.0,2007.0,2007.0,2014.0,USA,IT Management,1
/organization/blueye-pesquisa-inteligente,40000.0,1.0,2014.0,2014.0,2014.0,,Analytics,0
/organization/blufon,,1.0,,2013.0,2013.0,,,0
/organization/blune,364714.836285909,1.0,,2015.0,2015.0,,,0
/organization/blurtbox,100000.0,1.0,,2015.0,2015.0,USA,Hospitality,0
/organization/blurtt,59000.0,2.0,2010.0,2011.0,2011.0,USA,Consumer Goods,0
/organization/bmeye,,3.0,2005.0,2006.0,2009.0,NLD,Health Care,1
/organization/bni-video,16000000.0,1.0,2009.0,2010.0,2010.0,USA,Software,1
/organization/bo-lt,5000000.0,1.0,2009.0,2010.0,2010.0,USA,Brand Marketing,0
/organization/boardontrack,,1.0,,2015.0,2015.0,,,0
/organization/boatflex,150852.0,1.0,2014.0,2015.0,2015.0,,Leisure,0
/organization/boats-com,32000000.0,3.0,,1999.0,2001.0,GBR,Curated Web,0
/organization/boatyard,250000.0,1.0,,2014.0,2014.0,USA,Apps,0
/organization/boca-research,,1.0,1985.0,1992.0,1992.0,USA,,0
/organization/bocadio,500000.0,1.0,2014.0,2015.0,2015.0,,Consumer Goods,0
/organization/bodyboss,25000.0,1.0,2012.0,2012.0,2012.0,,Fitness,0
/organization/bodymedia,27800000.0,6.0,1999.0,2003.0,2012.0,USA,Health and Wellness,1
/organization/boku,73000000.0,5.0,2009.0,2008.0,2012.0,USA,Mobile,1
/organization/bolo-me,30000000.0,1.0,,2015.0,2015.0,JPN,,0
/organization/bolsa-de-mulher-group,,1.0,,2006.0,2006.0,BRA,Curated Web,1
/organization/bomgar,11000000.0,3.0,2003.0,2005.0,2014.0,USA,Customer Service,0
/organization/bon-priv,1963650.0,1.0,,2011.0,2011.0,FRA,Curated Web,1
/organization/bonds-com,23100000.0,2.0,,2011.0,2011.0,USA,Finance,1
/organization/bonfaire,2350000.0,2.0,,2012.0,2012.0,USA,E-Commerce,1
/organization/bonmignon,,1.0,2015.0,2015.0,2015.0,,,0
/organization/bonush,29000.0,1.0,,2011.0,2011.0,AUS,Advertising,0
/organization/bookfresh,1500000.0,3.0,2007.0,2008.0,2012.0,USA,Curated Web,1
/organization/bookingangel,100000.0,1.0,,2007.0,2007.0,USA,Curated Web,0
/organization/bookioo,387700.0,1.0,2008.0,2008.0,2008.0,ESP,Internet,0
/organization/bookitlyst,,1.0,2015.0,2015.0,2015.0,USA,,0
/organization/bookitnow,260000.0,1.0,2011.0,2012.0,2012.0,,Android,1
/organization/bookkeepity,100000.0,1.0,2015.0,2015.0,2015.0,,Business Services,0
/organization/booklr,500000.0,1.0,2010.0,2011.0,2011.0,USA,Analytics,1
/organization/bookpad-tech,,1.0,2013.0,2014.0,2014.0,USA,Cloud Data Services,1
/organization/booktour,350000.0,1.0,2009.0,2009.0,2009.0,USA,Databases,0
/organization/bookya,,1.0,2007.0,2007.0,2007.0,,All Students,1
/organization/boom-fm,,1.0,,2010.0,2010.0,,Music,0
/organization/boomerang,1000000.0,1.0,,2012.0,2012.0,USA,Advertising,0
/organization/boomi,4900000.0,2.0,2000.0,2002.0,2008.0,USA,Cloud Computing,1
/organization/boommy-fashion,200000.0,1.0,,2012.0,2012.0,,Fashion,0
/organization/boonty,10000000.0,1.0,2001.0,2005.0,2005.0,USA,Games,1
/organization/boorah,1500000.0,1.0,,2007.0,2007.0,USA,Hospitality,1
/organization/booshaka,3000000.0,2.0,2012.0,2012.0,2014.0,USA,Advertising,1
/organization/booxmedia,578970.0,1.0,2009.0,2014.0,2014.0,FIN,Cloud Data Services,1
/organization/booyah,59500000.0,4.0,2008.0,2008.0,2013.0,USA,Discounts,0
/organization/bop-fm,2000000.0,2.0,2013.0,2013.0,2014.0,USA,Music,0
/organization/borderfree-inc,16400000.0,3.0,1999.0,2001.0,2012.0,USA,Business Services,1
/organization/borderx-lab,,1.0,2014.0,2015.0,2015.0,,,0
/organization/borrowed-blue-inc,3100000.0,1.0,2011.0,2015.0,2015.0,USA,Internet,0
/organization/boston-biomedical,2000000.0,1.0,2007.0,2010.0,2010.0,USA,Biotechnology,1
/organization/boston-heart-lab,10286000.0,3.0,2007.0,2009.0,2010.0,USA,Biotechnology,1
/organization/boston-logic,457048.0,1.0,2004.0,2014.0,2014.0,USA,Software,0
/organization/boticca-com-limited,6500000.0,2.0,2010.0,2011.0,2013.0,GBR,E-Commerce,1
/organization/bottle-rocket,25000.0,1.0,2008.0,2008.0,2008.0,USA,Android,0
/organization/bounce-mobile,,1.0,2010.0,2010.0,2010.0,GBR,Audio,0
/organization/boundless,9700000.0,2.0,2012.0,2011.0,2012.0,USA,Education,1
/organization/boundless-network,12000000.0,4.0,2005.0,2007.0,2011.0,USA,Advertising,1
/organization/boxaroo-ebay,,1.0,2007.0,2007.0,2007.0,USA,Curated Web,0
/organization/boxbe,1500000.0,1.0,2005.0,2007.0,2007.0,USA,Email,1
/organization/boxcar,150000.0,1.0,2009.0,2012.0,2012.0,FRA,Apps,1
/organization/boxee,26500000.0,3.0,2004.0,2008.0,2011.0,ISR,Software,1
/organization/boxer,3000000.0,1.0,2012.0,2013.0,2013.0,USA,Messaging,1
/organization/boxtone,13514000.0,4.0,2005.0,2009.0,2012.0,USA,Android,1
/organization/boxxet,900000.0,1.0,,2007.0,2007.0,,Automated Kiosk,0
/organization/boylan-bottling,,1.0,1891.0,2003.0,2003.0,USA,,0
/organization/bpl-global,81299969.0,6.0,2004.0,2007.0,2012.0,USA,Internet,1
/organization/bpt,12000000.0,1.0,2000.0,2009.0,2009.0,,Clean Technology,0
/organization/brabeion-software,10100000.0,2.0,1990.0,2005.0,2006.0,USA,Software,1
/organization/bragster,3500000.0,1.0,2007.0,2008.0,2008.0,GBR,Social Media,1
/organization/bragthis-com,,1.0,,2008.0,2008.0,USA,Entertainment,0
/organization/braincells,74672769.0,6.0,,2005.0,2012.0,USA,Biotechnology,0
/organization/braintech,3000000.0,1.0,,2009.0,2009.0,USA,Software,0
/organization/braintree-payment-solutions,69000000.0,2.0,2007.0,2011.0,2012.0,USA,Accounting,1
/organization/branch,2000000.0,1.0,2011.0,2012.0,2012.0,USA,Curated Web,1
/organization/branchout,49000000.0,3.0,2010.0,2010.0,2012.0,USA,Career Management,1
/organization/brand-ai,118000.0,1.0,,2015.0,2015.0,,Services,0
/organization/brand-net,27000000.0,3.0,2007.0,2007.0,2010.0,USA,Advertising,1
/organization/brand3,2000000.0,1.0,,1999.0,1999.0,USA,,0
/organization/brandads,180000.0,1.0,2011.0,2011.0,2011.0,USA,Advertising,1
/organization/branded-online,4380000.0,2.0,2009.0,2014.0,2014.0,USA,Internet,0
/organization/branded-payment-solutions,136710.0,1.0,,2009.0,2009.0,IRL,Enterprise Software,1
/organization/brandkids,,1.0,,2013.0,2013.0,NLD,,0
/organization/brandme-crowdmarketing,25025.0,1.0,2011.0,2013.0,2013.0,MEX,Advertising,0
/organization/brands4friends,,1.0,2007.0,2007.0,2007.0,USA,Fashion,1
/organization/brandsclub,17000000.0,2.0,2009.0,2009.0,2010.0,BRA,E-Commerce,0
/organization/brandtology,3350000.0,2.0,,2009.0,2013.0,CHN,Advertising,1
/organization/brasil-ozônio,799686.0,1.0,2005.0,2015.0,2015.0,,Environmental Innovation,0
/organization/bratpackstyle-llc,,1.0,2015.0,2015.0,2015.0,USA,Content Discovery,0
/organization/braveit-solutions,,1.0,,2012.0,2012.0,,,0
/organization/brazeco,640254.0,1.0,,2013.0,2013.0,FRA,Services,0
/organization/breach-security,31000000.0,4.0,2004.0,2006.0,2009.0,USA,Security,1
/organization/bread-labs,4400000.0,2.0,2011.0,2011.0,2011.0,USA,Advertising,1
/organization/break-media,21400000.0,2.0,1998.0,2006.0,2007.0,USA,Advertising,1
/organization/breakingpoint-systems,20000000.0,2.0,2005.0,2007.0,2010.0,USA,Security,1
/organization/breathtec-biomedical,1125080.0,1.0,,2015.0,2015.0,CAN,Biotechnology,0
/organization/breconridge,61200000.0,2.0,,2009.0,2009.0,TUR,Enterprise Software,1
/organization/breeze-tech,1580000.0,1.0,,2008.0,2008.0,GBR,Enterprise Software,0
/organization/breeze-technology,3000000.0,1.0,2011.0,2013.0,2013.0,RUS,Ticketing,0
/organization/brenco,200000000.0,1.0,2007.0,2007.0,2007.0,BRA,Clean Technology,1
/organization/brent-technologies,20000.0,1.0,,2015.0,2015.0,UGA,Energy,0
/organization/bretzel-love,,1.0,,2011.0,2011.0,,,0
/organization/brian-industries,,1.0,2010.0,2010.0,2010.0,GBR,App Marketing,0
/organization/brideasmart,920000.0,1.0,,2015.0,2015.0,KOR,Games,0
/organization/bridge,,1.0,2010.0,2011.0,2011.0,,Public Relations,0
/organization/bridgeco,82800000.0,6.0,,2003.0,2009.0,CHE,Apps,1
/organization/bridgelux,344789135.0,10.0,2002.0,2006.0,2012.0,USA,Manufacturing,1
/organization/bridgepoint-medical,35301007.0,5.0,2005.0,2007.0,2011.0,USA,Health Care,1
/organization/bridgeport-networks,23000000.0,2.0,2002.0,2004.0,2006.0,USA,Software,1
/organization/bridgestream,15000000.0,3.0,2000.0,2004.0,2006.0,USA,Software,1
/organization/bridgewater-systems,,1.0,1997.0,1999.0,1999.0,CAN,Mobile,1
/organization/briefix,21189.0,1.0,2011.0,2011.0,2011.0,,Software,0
/organization/brigade-corporation,50000000.0,1.0,,2002.0,2002.0,,Business Services,0
/organization/bright-box,370000.0,2.0,2012.0,2012.0,2013.0,RUS,Cars,0
/organization/bright-com,20000000.0,2.0,2011.0,2012.0,2013.0,USA,Big Data,1
/organization/bright-tiger-technologies,10400000.0,2.0,,1997.0,1997.0,,Software,0
/organization/brightcontext,,1.0,2010.0,2013.0,2013.0,USA,Cloud Computing,1
/organization/brightcurrent-inc,1550000.0,1.0,2012.0,2015.0,2015.0,,Clean Energy,0
/organization/brightfish,120000.0,1.0,,2010.0,2010.0,,Curated Web,0
/organization/brightkit,,1.0,2006.0,2013.0,2013.0,CAN,Social Media,1
/organization/brightkite,2094920.0,4.0,2007.0,2007.0,2009.0,USA,Android,1
/organization/brightnest,950000.0,1.0,2011.0,2011.0,2011.0,USA,Curated Web,1
/organization/brightqube,850000.0,2.0,2006.0,2007.0,2008.0,USA,Creative,0
/organization/brightroll,40242738.0,6.0,2006.0,2006.0,2014.0,USA,Advertising,1
/organization/brightside-software,,1.0,,2007.0,2007.0,USA,Enterprises,0
/organization/brightstar,283000000.0,1.0,1997.0,2007.0,2007.0,USA,Distribution,1
/organization/brightview-systems,6000000.0,1.0,,2009.0,2009.0,ISR,Clean Technology,0
/organization/brightware-2,14400000.0,1.0,,1999.0,1999.0,USA,,0
/organization/brightwhistle,3200000.0,3.0,2010.0,2011.0,2014.0,USA,Advertising,1
/organization/brijot-imaging-systems,14000000.0,1.0,2002.0,2007.0,2007.0,USA,Software,1
/organization/brilliant-inc,,1.0,,2013.0,2013.0,,,0
/organization/brilliency,,1.0,2014.0,2015.0,2015.0,USA,Application Platforms,0
/organization/bringit-com,4340000.0,3.0,2008.0,2008.0,2010.0,USA,Games,1
/organization/brion-technologies,19000000.0,1.0,2002.0,2004.0,2004.0,USA,Semiconductors,1
/organization/brix-networks,25100000.0,2.0,,2000.0,2003.0,USA,Computers,1
/organization/broad-daylight,5400000.0,1.0,,2001.0,2001.0,USA,Information Technology,0
/organization/broadband-access-systems,44300000.0,1.0,,2000.0,2000.0,,Databases,0
/organization/broadband-storage,16000000.0,1.0,,2001.0,2001.0,,,0
/organization/broadbus,57000000.0,3.0,1999.0,2002.0,2005.0,USA,Hardware + Software,1
/organization/broadcast-com,,1.0,1995.0,1998.0,1998.0,USA,Music,1
/organization/broadcast-mobi,25000.0,1.0,2012.0,2012.0,2012.0,ARG,Mobile,0
/organization/broadcastr,2574556.0,1.0,2010.0,2012.0,2012.0,USA,Android,0
/organization/broadchoice,2700000.0,1.0,2007.0,2008.0,2008.0,USA,Collaboration,0
/organization/broadclip,8105000.0,6.0,2006.0,2008.0,2010.0,USA,Software,0
/organization/broadcloud-communications,8000000.0,1.0,,2002.0,2002.0,USA,Internet,0
/organization/broadersheet,,1.0,2009.0,2009.0,2009.0,GBR,News,0
/organization/broadhop,5750095.0,2.0,2003.0,2009.0,2010.0,USA,Web Hosting,1
/organization/broadlight,44900000.0,4.0,2000.0,2004.0,2007.0,USA,Software,1
/organization/broadlogic,41551329.0,3.0,1998.0,2004.0,2009.0,USA,Web Hosting,1
/organization/broadsource,5700000.0,1.0,,2004.0,2004.0,USA,Software,1
/organization/broadware-technologies,7500000.0,1.0,1995.0,2003.0,2003.0,USA,Games,1
/organization/broadway-com,2154000.0,3.0,2006.0,2009.0,2010.0,USA,Public Relations,0
/organization/brokat,10402868.417585,1.0,1994.0,1999.0,1999.0,DEU,Computers,1
/organization/broker-better,18000.0,1.0,,2013.0,2013.0,,Insurance,0
/organization/brotips,,1.0,2011.0,2011.0,2011.0,CAN,Games,0
/organization/browsercast-com,400000.0,1.0,2002.0,2006.0,2006.0,USA,Search,0
/organization/browster,5800000.0,1.0,2004.0,2006.0,2006.0,USA,Software,0
/organization/brozengo,1073497.0,2.0,2008.0,2008.0,2008.0,FRA,Coupons,0
/organization/brupond-brewery,56829.0,1.0,,2012.0,2012.0,,Brewing,0
/organization/brzpoklon,6000.0,1.0,2015.0,2015.0,2015.0,,Delivery,0
/organization/bs-banksysteme-ag,,1.0,,2014.0,2014.0,,,0
/organization/bswift,51000000.0,1.0,1996.0,2014.0,2014.0,USA,Health Care,1
/organization/bt-imaging,6660000.0,2.0,2008.0,2008.0,2010.0,AUS,Clean Technology,0
/organization/bt-pharma,1748345.7959008,1.0,,2007.0,2007.0,,,0
/organization/btendo,7000000.0,1.0,2007.0,2007.0,2007.0,ISR,Hardware + Software,1
/organization/btg-3,250000.0,1.0,,2000.0,2000.0,FRA,,0
/organization/bubble-balm,120794.0,1.0,2009.0,2011.0,2011.0,GBR,Manufacturing,0
/organization/bubble-motion,40000000.0,5.0,2005.0,2006.0,2012.0,SGP,Audio,1
/organization/bubblegab,1000000.0,1.0,2013.0,2013.0,2013.0,RUS,Social Media,0
/organization/bubblenoise,,1.0,,2008.0,2008.0,USA,Curated Web,0
/organization/bubbli,2000000.0,1.0,,2011.0,2011.0,,Innovation Management,1
/organization/buccaneer,1400000.0,1.0,,2013.0,2013.0,USA,Enterprise Software,1
/organization/buckete,,1.0,,2014.0,2014.0,,,0
/organization/budbee,,1.0,,2015.0,2015.0,SWE,,0
/organization/buddie,50000.0,1.0,,2015.0,2015.0,,,0
/organization/buddymedia,90000000.0,5.0,2007.0,2007.0,2011.0,USA,Apps,1
/organization/budgetto,13596.0,1.0,2013.0,2013.0,2013.0,,Banking,0
/organization/budz,17000000.0,2.0,2013.0,2015.0,2015.0,USA,Wearables,0
/organization/bueda,125000.0,2.0,2009.0,2008.0,2010.0,USA,Advertising,0
/organization/bufferbox,1000000.0,1.0,2011.0,2012.0,2012.0,CAN,E-Commerce,1
/organization/bugsense,100000.0,1.0,,2011.0,2011.0,USA,Analytics,1
/organization/buildabrand,,1.0,,2010.0,2010.0,GBR,Brand Marketing,0
/organization/buildforge,6000000.0,1.0,2001.0,2005.0,2005.0,USA,Software,1
/organization/buildmymove,1500000.0,1.0,,2011.0,2011.0,USA,Logistics,0
/organization/buildup,,1.0,,2015.0,2015.0,,,0
/organization/buka,,2.0,2001.0,2004.0,2005.0,RUS,Games,1
/organization/bulx,240000.0,1.0,2010.0,2010.0,2010.0,USA,E-Commerce,1
/organization/bump-technologies,19900000.0,3.0,2008.0,2009.0,2011.0,USA,Mobile,1
/organization/bumptop,1650000.0,1.0,2007.0,2008.0,2008.0,CAN,Software,1
/organization/bundle,,1.0,,2009.0,2009.0,USA,Curated Web,1
/organization/bundle-it,450000.0,2.0,2011.0,2011.0,2011.0,USA,Curated Web,0
/organization/bungo-com,2500000.0,1.0,,2000.0,2000.0,,,0
/organization/bungolow,65000.0,2.0,2011.0,2011.0,2012.0,CHL,Flash Sales,0
/organization/bunndle,550000.0,1.0,2010.0,2010.0,2010.0,USA,Advertising,0
/organization/bureau-of-trade,1200000.0,1.0,,2012.0,2012.0,USA,E-Commerce,1
/organization/burning-sky-software,1500000.0,1.0,2009.0,2010.0,2010.0,USA,Cloud Computing,0
/organization/burstly,7300000.0,2.0,2009.0,2010.0,2011.0,USA,Advertising,1
/organization/burstmedia,15000000.0,1.0,1995.0,2000.0,2000.0,USA,Advertising,0
/organization/buscape,6500000.0,2.0,1999.0,1999.0,2000.0,BRA,E-Commerce,1
/organization/buscatucancha-com,25000.0,1.0,2010.0,2011.0,2011.0,,Sports,0
/organization/bushido,,1.0,2011.0,2011.0,2011.0,BHR,Apps,0
/organization/business-capital,5000000.0,1.0,2002.0,2014.0,2014.0,USA,Financial Services,0
/organization/business-engine,4000000.0,1.0,1985.0,2005.0,2005.0,USA,Software,1
/organization/business-horizons-lco,,1.0,2011.0,2012.0,2012.0,,Trading,1
/organization/business-insider,55600000.0,7.0,2007.0,2008.0,2015.0,USA,Curated Web,1
/organization/business-monitor,,1.0,1984.0,2009.0,2009.0,GBR,Analytics,1
/organization/business-only-broadband,,1.0,2004.0,2008.0,2008.0,USA,Mobile,1
/organization/businesselite,200000.0,1.0,2008.0,2009.0,2009.0,USA,Social Media,0
/organization/bustos-media,103000000.0,1.0,,2004.0,2004.0,,Internet Radio Market,0
/organization/butcherbox,210000.0,1.0,2015.0,2015.0,2015.0,,Consumer Goods,0
/organization/buttercoin,1250000.0,2.0,2013.0,2013.0,2013.0,USA,Bitcoin,0
/organization/buuteeq,16924999.0,5.0,2010.0,2010.0,2012.0,USA,Advertising,1
/organization/buy-local-canada,103703.0,1.0,2008.0,2011.0,2011.0,,Business Services,0
/organization/buy-sell-rent-asia,70000.0,1.0,2015.0,2015.0,2015.0,,Marketing Automation,0
/organization/buycode,,1.0,2012.0,2012.0,2012.0,ISR,Bridging Online and Offline,1
/organization/buyers-edge,409562.0,1.0,2009.0,2009.0,2009.0,GBR,Real Estate,0
/organization/buyosphere,325000.0,1.0,2010.0,2012.0,2012.0,CAN,E-Commerce,0
/organization/buyplaywin,,1.0,,2008.0,2008.0,,Curated Web,0
/organization/buyrentkenya-com,,1.0,2012.0,2014.0,2014.0,KEN,Real Estate,0
/organization/buysight,24030000.0,3.0,2008.0,2008.0,2012.0,USA,Advertising,1
/organization/buysimple,700000.0,1.0,2011.0,2011.0,2011.0,USA,E-Commerce,0
/organization/buystand,450000.0,1.0,2011.0,2012.0,2012.0,USA,Big Data,0
/organization/buyt-in,1000000.0,1.0,2012.0,2013.0,2013.0,IND,E-Commerce,1
/organization/buyvip,20000009.6565487,2.0,2006.0,2007.0,2009.0,ESP,E-Commerce,1
/organization/buywithme,36962500.0,6.0,2009.0,2009.0,2011.0,USA,E-Commerce,1
/organization/buyyourfriendadrink-com,625000.0,1.0,2005.0,2008.0,2008.0,ESP,E-Commerce,1
/organization/buzzdash,1200000.0,1.0,2006.0,2006.0,2006.0,USA,Curated Web,0
/organization/buzzdoes,750000.0,1.0,2010.0,2012.0,2012.0,ISR,Advertising,0
/organization/buzzient,1569585.0,2.0,2007.0,2008.0,2011.0,USA,Analytics,0
/organization/buzzmetrics,,1.0,,2006.0,2006.0,USA,Curated Web,1
/organization/buzznet,6000000.0,1.0,2004.0,2007.0,2007.0,USA,Content,0
/organization/buzztable,1025000.0,3.0,2011.0,2011.0,2013.0,USA,Mobile,1
/organization/buzzwire,12000000.0,2.0,2007.0,2007.0,2007.0,USA,Mobile,0
/organization/bvfon-telecommunication,5980000.0,1.0,,2005.0,2005.0,HUN,Hardware + Software,0
/organization/bview,4014726.0,1.0,,2008.0,2008.0,GBR,Local Search,0
/organization/bwareit,100000.0,1.0,,2014.0,2014.0,ISR,,0
/organization/byallaccounts,10000000.0,2.0,1999.0,2008.0,2010.0,USA,Finance,1
/organization/byliner,1000000.0,2.0,2011.0,2011.0,2012.0,USA,Content,1
/organization/byteactive,244000.0,1.0,2006.0,2008.0,2008.0,SWE,Enterprise Software,0
/organization/bytelight,4250000.0,2.0,2011.0,2012.0,2013.0,USA,Mobile,1
/organization/bytemobile,29000000.0,1.0,2000.0,2002.0,2002.0,USA,Mobile,1
/organization/byteshield,,1.0,2004.0,2008.0,2008.0,USA,Digital Rights Management,0
/organization/bzzagent,14500000.0,2.0,2001.0,2004.0,2006.0,USA,Advertising,1
/organization/c-cmoney,15000000.0,1.0,,2010.0,2010.0,USA,Finance,0
/organization/c-nario,5000000.0,1.0,2002.0,2007.0,2007.0,ISR,Software,1
/organization/c-sam,2000000.0,1.0,1998.0,2011.0,2011.0,USA,Marketplaces,1
/organization/c2-microsystems,10000000.0,1.0,2004.0,2009.0,2009.0,USA,Hardware + Software,0
/organization/c3-online-marketing,1290000.0,1.0,,2006.0,2006.0,CAN,Advertising,0
/organization/c3l3b-digital,3000000.0,1.0,,2008.0,2008.0,USA,Games,0
/organization/c3rs,,1.0,,2011.0,2011.0,,,0
/organization/c8-medisensors,64016800.0,6.0,,2009.0,2012.0,USA,Biotechnology,0
/organization/c9-inc,35600000.0,6.0,2007.0,2004.0,2013.0,USA,Analytics,1
/organization/caarly,,1.0,2014.0,2015.0,2015.0,,,0
/organization/cabana,,1.0,,2011.0,2011.0,USA,Mobile,1
/organization/cabforce,1678603.0,1.0,2009.0,2015.0,2015.0,FIN,Automotive,1
/organization/cablato,153553.0,1.0,2015.0,2015.0,2015.0,CAN,Advertising Platforms,0
/organization/cacaotv,886210.0,1.0,,2008.0,2008.0,FRA,Entertainment,0
/organization/cacco-inc,1944976.0,1.0,2011.0,2015.0,2015.0,,Big Data,0
/organization/cacheiq,9856183.0,2.0,2010.0,2011.0,2012.0,USA,Enterprise Software,1
/organization/cadence-pharmaceuticals,,1.0,2004.0,2008.0,2008.0,USA,Biotechnology,1
/organization/cadent,44307221.0,2.0,,2005.0,2009.0,USA,Software,1
/organization/cadio,1178000.0,5.0,2008.0,2010.0,2012.0,USA,Analytics,1
/organization/cakefinancial,,3.0,2006.0,2006.0,2009.0,USA,Finance,1
/organization/cakestyle,1000000.0,1.0,2011.0,2012.0,2012.0,USA,Curated Web,0
/organization/calcimedica,59463635.0,10.0,2006.0,2007.0,2014.0,USA,Health Care,0
/organization/calcivis,10414530.0,6.0,,2012.0,2015.0,GBR,Health Care,0
/organization/caldan-therapeutics,6859168.67903201,1.0,,2015.0,2015.0,GBR,,0
/organization/calendargod,250000.0,1.0,2009.0,2010.0,2010.0,GBR,Curated Web,0
/organization/calibra-medical,54800000.0,5.0,2004.0,2008.0,2011.0,USA,Biotechnology,1
/organization/california-apostille-services,10000.0,2.0,2003.0,2003.0,2013.0,USA,Document Management,1
/organization/california-emerging-ventures-funds,500000000.0,1.0,,2001.0,2001.0,,,0
/organization/california-interactive-technologies,3000000.0,1.0,2009.0,2011.0,2011.0,USA,EdTech,0
/organization/california-linear-devices,10500000.0,1.0,,2001.0,2001.0,USA,Design,1
/organization/california-rural-indian-health-board,1250000.0,1.0,,2015.0,2015.0,,Hospitals,0
/organization/california-stem-cell,1950000.0,2.0,2005.0,2009.0,2012.0,USA,Biotechnology,1
/organization/caliper-life-sciences,10794877.0,1.0,1995.0,2010.0,2010.0,USA,Biotechnology,1
/organization/calista-technologies,,1.0,2006.0,2007.0,2007.0,USA,Enterprise Software,1
/organization/calistoga-pharmaceuticals,97200000.0,5.0,2006.0,2007.0,2010.0,USA,Biotechnology,1
/organization/callaround,20000.0,1.0,,2012.0,2012.0,RUS,Mobile,0
/organization/calleoo,60000.0,1.0,2009.0,2009.0,2009.0,,Messaging,0
/organization/caller-zen,,1.0,2015.0,2015.0,2015.0,,,0
/organization/callidus-biopharma,6211154.0,2.0,2010.0,2012.0,2013.0,USA,Biotechnology,1
/organization/callio-technologies,1250000.0,1.0,2001.0,2005.0,2005.0,CAN,Security,0
/organization/calltech-communications,,1.0,1996.0,1999.0,1999.0,USA,Communications Infrastructure,1
/organization/calmsea,2150000.0,3.0,2009.0,2010.0,2012.0,USA,Analytics,1
/organization/calon-cardio-technology-ltd,1903106.05704619,1.0,,2015.0,2015.0,,,0
/organization/calpurnia-corporation,8000000.0,1.0,2002.0,2006.0,2006.0,USA,Software,1
/organization/calypso-medical,102569484.0,4.0,,2007.0,2011.0,USA,Health Care,1
/organization/calypto-design-systems,18813485.0,3.0,2002.0,2004.0,2011.0,USA,EDA Tools,1
/organization/camac-energy,135000000.0,1.0,,2014.0,2014.0,USA,Clean Technology,0
/organization/cambridge-advanced-technology-labratories,31568890.0,1.0,1996.0,1996.0,1996.0,,Information Services,0
/organization/cambridge-devices,2500000.0,1.0,2004.0,2006.0,2006.0,USA,,0
/organization/cambridge-executive-enterprises,5000000.0,1.0,1991.0,2003.0,2003.0,,Enterprises,0
/organization/cambridge-information-technology-india,1000000.0,1.0,1996.0,1996.0,1996.0,,Information Technology,0
/organization/cambridge-positioning-systems,339000.0,1.0,1993.0,2006.0,2006.0,GBR,Software,1
/organization/cambridge-technology-enterprises,120000000.0,1.0,1998.0,1998.0,1998.0,,Business Services,0
/organization/cambridge-technology-group-ibirsis,40000000.0,1.0,1996.0,1996.0,1996.0,,Information Services,0
/organization/cambridge-technology-group-kpmg,70000000.0,2.0,1996.0,1996.0,1998.0,,Services,0
/organization/cambridgesoft,54300000.0,3.0,1986.0,2006.0,2009.0,USA,Web Hosting,1
/organization/cameo,,1.0,2013.0,2013.0,2013.0,USA,Photography,1
/organization/camerama,,1.0,2013.0,2014.0,2014.0,USA,Mobile,1
/organization/camero,23000000.0,6.0,2004.0,2004.0,2011.0,ISR,Hardware + Software,1
/organization/cameron-health,158500000.0,2.0,2001.0,2008.0,2011.0,USA,Health Care,1
/organization/camiant,16100000.0,2.0,2003.0,2005.0,2007.0,USA,Web Hosting,1
/organization/camiila,,1.0,,2013.0,2013.0,,Apps,0
/organization/camnutra-limited,1381258.98860131,1.0,,2015.0,2015.0,,,0
/organization/campanja,5000000.0,2.0,2010.0,2012.0,2014.0,SWE,Advertising,1
/organization/campfire,,1.0,2007.0,2007.0,2007.0,DNK,Software,1
/organization/campus-connectr,516799.0,2.0,,2012.0,2014.0,USA,Social Media,0
/organization/canary-care-ltd,421950.385807225,1.0,,2014.0,2014.0,,,0
/organization/canatu,18414560.0,2.0,2004.0,2010.0,2013.0,FIN,Carbon,0
/organization/candera-inc,14500000.0,2.0,,2003.0,2004.0,,Information Technology,0
/organization/candescent-healing,21513913.0,1.0,,2009.0,2009.0,USA,Clinical Trials,1
/organization/canesta,34000000.0,3.0,1999.0,2005.0,2009.0,USA,Hardware + Software,1
/organization/canfield-medical-supply,2750.0,1.0,1992.0,2014.0,2014.0,USA,Biotechnology,0
/organization/canibal,2356040.49763733,1.0,,2014.0,2014.0,,,0
/organization/canopy-financial,89500000.0,4.0,2004.0,2008.0,2009.0,USA,Finance,0
/organization/canopy-labs,2064000.0,2.0,2012.0,2012.0,2014.0,CAN,Analytics,0
/organization/canpages,110000000.0,1.0,,2005.0,2005.0,CAN,Advertising,1
/organization/cantametrix,5000000.0,1.0,,2000.0,2000.0,USA,Music,1
/organization/cantex-pharmaceuticals,3270326.0,1.0,2002.0,2014.0,2014.0,USA,Pharmaceuticals,0
/organization/canvas-networks,3625000.0,2.0,2010.0,2010.0,2011.0,,Games,0
/organization/canwest,24000000.0,1.0,1974.0,2010.0,2010.0,CAN,Games,1
/organization/capcom-groupe,10653150.248667,1.0,,2015.0,2015.0,,Construction,0
/organization/cape-clear-software,19950000.0,2.0,1999.0,2006.0,2007.0,USA,Software,1
/organization/caperfly,,1.0,2012.0,2013.0,2013.0,GBR,Games,0
/organization/capital-financial-global,5100000.0,1.0,,2014.0,2014.0,USA,Finance,0
/organization/capital-markets-groups,1500000.0,1.0,,2000.0,2000.0,,,0
/organization/capitalsource,325000000.0,1.0,2000.0,2002.0,2002.0,USA,Banking,1
/organization/capitalstream,10000000.0,1.0,,2002.0,2002.0,,Enterprise Software,1
/organization/capptain,1500000.0,1.0,2008.0,2012.0,2012.0,RUS,Analytics,1
/organization/cappture-2,1000000.0,1.0,2012.0,2012.0,2012.0,USA,Ad Targeting,0
/organization/capsule-tech,,1.0,1997.0,2012.0,2012.0,FRA,Biotechnology,1
/organization/captivate-network,,1.0,1997.0,2013.0,2013.0,USA,Advertising,1
/organization/captive-media-limited,1012227.25780978,2.0,2007.0,2013.0,2014.0,,Design,0
/organization/captus-networks,18400000.0,2.0,,2002.0,2003.0,,Enterprises,0
/organization/car-guy-nation,1100000.0,2.0,2011.0,2011.0,2013.0,USA,E-Commerce,0
/organization/carbodeon-3,,1.0,,2010.0,2010.0,,,0
/organization/carbon-ads,,1.0,2010.0,2010.0,2010.0,USA,Advertising,1
/organization/carbon-black,,1.0,2011.0,2013.0,2013.0,USA,Security,1
/organization/carbon-hub,1434300.0,1.0,2007.0,2009.0,2009.0,GBR,Enterprise Software,0
/organization/carbon-motors-corporation,,1.0,,2008.0,2008.0,,,0
/organization/carbonetworks,5000000.0,1.0,2005.0,2008.0,2008.0,USA,Clean Technology,0
/organization/carbtone-ventures,25000000.0,2.0,,2009.0,2011.0,SWE,,0
/organization/card-capture-services,,1.0,1993.0,1997.0,1997.0,USA,,1
/organization/card-io,1000000.0,1.0,,2011.0,2011.0,USA,Mobile,1
/organization/cardiac-pathways-corp,22500000.0,1.0,,2000.0,2000.0,,Fitness,1
/organization/cardiaq,45434000.0,4.0,2007.0,2009.0,2012.0,USA,Biotechnology,1
/organization/cardinal,63925.0,1.0,2010.0,2010.0,2010.0,CAN,Curated Web,0
/organization/cardio-control,285000.0,1.0,,2013.0,2013.0,,Health Care,0
/organization/cardiocore,165000.0,1.0,,2011.0,2011.0,USA,Data Visualization,1
/organization/cardiogen-sciences,526000.0,1.0,,2014.0,2014.0,USA,Biotechnology,1
/organization/cardioinsight-technologies,36050344.0,7.0,2006.0,2008.0,2013.0,USA,Health Care,1
/organization/cardiokine,37000000.0,1.0,,2004.0,2004.0,USA,Biotechnology,1
/organization/cardiome-pharma,29214350.0,1.0,,2014.0,2014.0,CAN,Biotechnology,0
/organization/cardiomems,232601872.0,10.0,2001.0,2001.0,2010.0,USA,Health Care,1
/organization/cardiomind,55000000.0,2.0,2003.0,2007.0,2008.0,USA,Biotechnology,0
/organization/cardiooptics,22000000.0,2.0,,2002.0,2005.0,USA,Health Care,0
/organization/cardioscout,,1.0,,2013.0,2013.0,,,0
/organization/cardiovascular-simulation,11795000.0,3.0,,2009.0,2010.0,,Software,0
/organization/cardiovate,,1.0,2012.0,2013.0,2013.0,,,0
/organization/cardioxyl-pharmaceuticals,66500000.0,4.0,2005.0,2006.0,2012.0,USA,Biotechnology,1
/organization/cardmunch,,1.0,2009.0,2009.0,2009.0,USA,Android,1
/organization/cardomain-network,3000000.0,1.0,1999.0,2007.0,2007.0,USA,Auto,1
/organization/cardpool,,2.0,2009.0,2009.0,2010.0,USA,Curated Web,1
/organization/cardspring,10000000.0,2.0,,2011.0,2012.0,USA,E-Commerce,1
/organization/cardstar,2030882.0,4.0,2008.0,2008.0,2011.0,USA,Android,1
/organization/care-current,25000.0,1.0,2015.0,2015.0,2015.0,,Elder Care,0
/organization/care-team-connect,8832393.0,3.0,2008.0,2011.0,2013.0,USA,Curated Web,1
/organization/career-element,100000.0,1.0,,2010.0,2010.0,USA,Curated Web,0
/organization/careerimp,25000.0,1.0,2010.0,2010.0,2010.0,USA,Employment,0
/organization/carefx,25053750.0,4.0,,2003.0,2010.0,USA,Health and Wellness,1
/organization/caregain,6800000.0,1.0,2001.0,2004.0,2004.0,USA,Software,1
/organization/careinsync,2600000.0,3.0,2012.0,2012.0,2013.0,USA,Software,1
/organization/carepoint-partners,27000000.0,1.0,1999.0,2011.0,2011.0,USA,Biotechnology,1
/organization/caresimply,,1.0,2012.0,2012.0,2012.0,USA,Curated Web,0
/organization/carex-sa,32000000.0,1.0,,2004.0,2004.0,FRA,Biotechnology,0
/organization/carhopper,100000.0,1.0,2015.0,2015.0,2015.0,USA,Cars,0
/organization/carhound,150000.0,1.0,2011.0,2012.0,2012.0,USA,Auctions,0
/organization/caring-com,23519998.0,4.0,2007.0,2007.0,2013.0,USA,Baby Boomers,0
/organization/carmanah-technologies,1913318.0,1.0,,2015.0,2015.0,CAN,Innovation Management,0
/organization/carmel-pharma,,1.0,,2005.0,2005.0,SWE,Biotechnology,1
/organization/carmenta-bioscience,2000000.0,1.0,2012.0,2013.0,2013.0,USA,Biotechnology,1
/organization/carmine,,1.0,2011.0,2011.0,2011.0,GBR,Cosmetics,1
/organization/carnet-de-mode,1625900.0,2.0,2011.0,2012.0,2013.0,FRA,Curated Web,0
/organization/carolus-therapeutics,2250000.0,1.0,2007.0,2013.0,2013.0,USA,Biotechnology,0
/organization/carpooling-com,10000000.0,4.0,2001.0,2009.0,2012.0,DEU,Environmental Innovation,1
/organization/carraig,,1.0,,2002.0,2002.0,,,0
/organization/carritus,1593610.0,3.0,2010.0,2012.0,2013.0,ESP,E-Commerce,0
/organization/carrot-rocket-ltd,450000.0,1.0,,2015.0,2015.0,GBR,Apps,0
/organization/carsabi,,1.0,2011.0,2012.0,2012.0,USA,Cars,0
/organization/cartavi,1230000.0,1.0,2009.0,2012.0,2012.0,USA,Document Management,1
/organization/cartela-ab,2670000.0,1.0,,2006.0,2006.0,SWE,Biotechnology,1
/organization/carticipate,130000.0,1.0,,2008.0,2008.0,USA,Clean Technology,0
/organization/cartmomo,25000.0,1.0,,2004.0,2004.0,SGP,E-Commerce,0
/organization/carwale,7000000.0,2.0,2005.0,2006.0,2008.0,IND,E-Commerce,1
/organization/carwoo,10850000.0,4.0,2008.0,2009.0,2011.0,USA,Auto,0
/organization/carzen,350000.0,1.0,2008.0,2008.0,2008.0,USA,Automotive,1
/organization/casabi,18799999.0,3.0,2004.0,2005.0,2009.0,USA,Mobile,1
/organization/casacanda,,1.0,2011.0,2011.0,2011.0,,Design,1
/organization/casahop,1200000.0,1.0,,2012.0,2012.0,USA,Hospitality,0
/organization/cascada-mobile,2000000.0,1.0,2004.0,2006.0,2006.0,CAN,Apps,0
/organization/cascades-development,50000.0,1.0,,2006.0,2006.0,USA,Information Technology,0
/organization/caserev,4000000.0,1.0,2002.0,2006.0,2006.0,USA,Enterprise Software,0
/organization/casero,13300000.0,2.0,2002.0,2004.0,2007.0,CAN,Curated Web,1
/organization/cashedge,30320000.0,4.0,1999.0,2003.0,2007.0,USA,Finance,1
/organization/cashworks,5000000.0,1.0,,2003.0,2003.0,USA,Services,0
/organization/casino-vr,,2.0,2014.0,2015.0,2015.0,CHE,,0
/organization/caspian-networks,120000000.0,1.0,1999.0,2002.0,2002.0,USA,Computers,0
/organization/caspida,11524995.0,2.0,,2014.0,2014.0,,Cyber Security,1
/organization/cassatt,15000000.0,2.0,2003.0,2003.0,2006.0,USA,Software,1
/organization/cassia-networks,30000.0,3.0,,2014.0,2015.0,,Service Providers,0
/organization/cast-iron,16500000.0,1.0,,2007.0,2007.0,USA,,0
/organization/castbridge,,1.0,,2003.0,2003.0,USA,Software,0
/organization/castek,10000000.0,1.0,,2001.0,2001.0,CAN,Enterprise Software,1
/organization/casterstats,631720.0,1.0,2009.0,2009.0,2009.0,BEL,Analytics,1
/organization/castiron-systems,53299997.0,6.0,2001.0,2003.0,2009.0,USA,Software,1
/organization/casttv,3100000.0,2.0,2006.0,2006.0,2007.0,USA,Games,1
/organization/catalist-homes,4500000.0,1.0,,2007.0,2007.0,USA,Real Estate,0
/organization/catalyst-international,,1.0,1979.0,1994.0,1994.0,USA,,0
/organization/catalystpharma,15100000.0,1.0,,2013.0,2013.0,USA,Biotechnology,0
/organization/catalytic-2,6000000.0,1.0,,2004.0,2004.0,USA,Application Platforms,0
/organization/catamaran-2,,1.0,1999.0,1999.0,1999.0,USA,Semiconductors,0
/organization/catapult-genetics,2000000.0,1.0,1998.0,2005.0,2005.0,AUS,Biotechnology,1
/organization/catapult-international,2000000.0,1.0,,2010.0,2010.0,USA,Enterprise Software,1
/organization/catch-2,,1.0,2014.0,2015.0,2015.0,,Apps,0
/organization/catch-com,9300000.0,2.0,2008.0,2010.0,2011.0,USA,Android,0
/organization/catchfree,5500000.0,1.0,2010.0,2011.0,2011.0,USA,Curated Web,0
/organization/catchtheeye,2600000.0,2.0,2008.0,2008.0,2008.0,NOR,Advertising,0
/organization/catchthereview,25000.0,1.0,2012.0,2013.0,2013.0,,Professional Services,0
/organization/catena-networks,75000000.0,1.0,1998.0,2002.0,2002.0,USA,Databases,1
/organization/caterva,2743500.0,3.0,2008.0,2009.0,2012.0,USA,Social Media,0
/organization/cathay-industrial-biotech,52000000.0,1.0,,2006.0,2006.0,,,0
/organization/causata,15500000.0,2.0,2009.0,2009.0,2011.0,USA,Big Data,1
/organization/causes,16350000.0,3.0,2007.0,2007.0,2010.0,USA,Facebook Applications,1
/organization/caviar,15000000.0,2.0,2012.0,2013.0,2014.0,USA,Curated Web,1
/organization/cavis-microcaps,5000000.0,1.0,,2005.0,2005.0,DEU,Bio-Pharm,0
/organization/caymas-systems,38000000.0,2.0,2002.0,2003.0,2005.0,USA,Web Hosting,0
/organization/cc-betty,2000000.0,2.0,2008.0,2009.0,2009.0,USA,Messaging,1
/organization/ccam-biotherapeutics,,1.0,2009.0,2012.0,2012.0,ISR,Biotechnology,1
/organization/ccloop,3500000.0,1.0,2010.0,2011.0,2011.0,USA,CRM,0
/organization/ccrewards,5500000.0,1.0,,2000.0,2000.0,,Online Identity,0
/organization/ccs-environmental,2000000.0,1.0,,2012.0,2012.0,USA,Environmental Innovation,0
/organization/cdb-infotek,,1.0,1978.0,1992.0,1992.0,USA,,1
/organization/cdc-corp,6500000.0,1.0,,2010.0,2010.0,HKG,Enterprise Software,0
/organization/cdc-software-corporation,50000000.0,3.0,2002.0,2010.0,2012.0,USA,Enterprise Software,1
/organization/cdi-laboratories,1191901.0,1.0,,2015.0,2015.0,PRI,Biotechnology,0
/organization/cdt-systems,50000.0,1.0,,2006.0,2006.0,USA,Technology,0
/organization/cebatech,8500000.0,2.0,2004.0,2005.0,2006.0,USA,Hardware + Software,0
/organization/cedar-point-communications,81000000.0,5.0,2000.0,2002.0,2009.0,USA,Enterprise Software,1
/organization/cedarburg-hauser-pharmaceuticals,7000000.0,1.0,1998.0,2004.0,2004.0,USA,Biotechnology,1
/organization/cedato,,1.0,2015.0,2015.0,2015.0,,Advertising Platforms,0
/organization/celequest-corp,9100000.0,1.0,2002.0,2004.0,2004.0,USA,Business Intelligence,1
/organization/celestial-semiconductor,2000000.0,1.0,2004.0,2008.0,2008.0,USA,Semiconductors,1
/organization/cell-again,2500000.0,2.0,2006.0,2011.0,2013.0,USA,Clean Technology,1
/organization/cell-biosciences,85249999.0,6.0,2001.0,2006.0,2010.0,USA,Biotechnology,1
/organization/cell-guidance-systems-limited,576754.37031297,1.0,,2015.0,2015.0,,,0
/organization/cell-mining,,1.0,,2015.0,2015.0,,,0
/organization/cellectar,19638485.0,5.0,,2008.0,2015.0,USA,Biotechnology,1
/organization/celleration,44424979.0,3.0,1999.0,2008.0,2013.0,USA,Health Care,1
/organization/cellerix,115425741.132338,3.0,2004.0,2007.0,2010.0,ESP,Biotechnology,0
/organization/celletra,5700000.0,1.0,,2005.0,2005.0,ISR,Public Relations,1
/organization/cellfire,26000000.0,3.0,2005.0,2005.0,2008.0,USA,Coupons,1
/organization/cellfor,62125000.0,3.0,,2005.0,2007.0,CAN,Clean Technology,0
/organization/cellity,,1.0,2006.0,2007.0,2007.0,DEU,Mobile,1
/organization/cellix-limited,1047627.77785053,1.0,,2007.0,2007.0,IRL,Biotechnology,0
/organization/cellixis,2000000.0,2.0,2008.0,2010.0,2011.0,USA,Curated Web,1
/organization/cellmax-2,2000000.0,1.0,,2006.0,2006.0,ISR,,0
/organization/cellmemore,,1.0,,2013.0,2013.0,,,0
/organization/cellpoint-diagnostics,11200000.0,1.0,,2007.0,2007.0,USA,Diagnostics,1
/organization/celltran,7273407.0,3.0,2000.0,2005.0,2007.0,GBR,Biotechnology,1
/organization/celltrix,3845100.0,1.0,,2006.0,2006.0,SWE,Health Care,0
/organization/cellular-bioengineering,2000000.0,1.0,,2014.0,2014.0,USA,Bio-Pharm,0
/organization/cellular-dynamics-international,111641664.0,4.0,2004.0,2010.0,2013.0,USA,Biotechnology,1
/organization/cellumen,10016030.0,3.0,2004.0,2007.0,2009.0,USA,Biotechnology,0
/organization/cellzdirect,3400000.0,1.0,2002.0,2002.0,2002.0,USA,Biotechnology,1
/organization/celona-technologies,18890000.0,3.0,2005.0,2005.0,2010.0,GBR,Software,0
/organization/celox-networks,147000000.0,2.0,,2001.0,2002.0,,Internet,0
/organization/celtic-therapeutics-holdings,100000000.0,1.0,,2009.0,2009.0,,Biotechnology,0
/organization/celtrak,1550000.0,1.0,1997.0,2005.0,2005.0,IRL,Enterprise Software,1
/organization/cemaphore-systems,19185000.0,3.0,2002.0,2003.0,2009.0,USA,Curated Web,1
/organization/cenerx-biopharma,36253675.0,6.0,,2009.0,2012.0,USA,Biotechnology,0
/organization/cennox,4663524.0,1.0,,2012.0,2012.0,GBR,Finance,0
/organization/centerbeam-inc,1000000.0,1.0,1999.0,2013.0,2013.0,USA,Cloud Computing,1
/organization/centerd,10400000.0,5.0,2006.0,2007.0,2011.0,USA,Curated Web,0
/organization/centerpost-communications,12500000.0,1.0,,2001.0,2001.0,,Technology,1
/organization/centerstone-software,8700000.0,2.0,,2003.0,2005.0,,Software,0
/organization/centive,28000000.0,2.0,1997.0,2003.0,2005.0,USA,Software,1
/organization/centrafuse,796205.0,1.0,,2010.0,2010.0,USA,Software,0
/organization/central-desktop,7000000.0,1.0,2005.0,2008.0,2008.0,USA,Collaboration,1
/organization/centrality-communications,20000000.0,1.0,1999.0,2005.0,2005.0,USA,Semiconductors,1
/organization/centrepath,139050000.0,4.0,2000.0,2001.0,2006.0,USA,Software,1
/organization/centripetal-software,25000.0,1.0,2009.0,2009.0,2009.0,USA,Enterprise Software,0
/organization/centrl,500000.0,1.0,2008.0,2008.0,2008.0,USA,Mobile,0
/organization/centro-ventures,,1.0,2015.0,2015.0,2015.0,,,0
/organization/century,553955.0,1.0,,2015.0,2015.0,,,0
/organization/century-hospice,20000000.0,1.0,,2010.0,2010.0,USA,Health Care,0
/organization/cenzic,16000000.0,2.0,2000.0,2005.0,2011.0,USA,Security,1
/organization/ceon,5040000.0,1.0,1982.0,2005.0,2005.0,USA,Software,1
/organization/cepa-safe-drive,1500000.0,1.0,1987.0,2009.0,2009.0,,Business Services,0
/organization/ceptaris-therapeutics,25000000.0,2.0,2002.0,2012.0,2012.0,USA,Biotechnology,1
/organization/ception-therapeutics,77700000.0,2.0,,2007.0,2007.0,USA,Biotechnology,1
/organization/cequint,13360000.0,4.0,2004.0,2006.0,2010.0,USA,Mobile,1
/organization/ceregene,71500000.0,3.0,,2004.0,2010.0,USA,Biotechnology,1
/organization/cerelink,456225.0,3.0,,2009.0,2011.0,USA,Web Hosting,0
/organization/cereva-networks,109500000.0,2.0,,2000.0,2001.0,,Content,0
/organization/cerion-technology,1200000.0,1.0,2007.0,2007.0,2007.0,USA,,0
/organization/cerona-networks,2600000.0,1.0,2002.0,2006.0,2006.0,USA,Public Relations,0
/organization/ceros,8450000.0,2.0,2013.0,2012.0,2014.0,,Advertising,1
/organization/certain-communications,170000.0,1.0,2009.0,2012.0,2012.0,USA,Mobile,0
/organization/certeon,19000000.0,2.0,2003.0,2007.0,2012.0,USA,Software,0
/organization/certess,4940000.0,2.0,2005.0,2005.0,2007.0,USA,Hardware + Software,1
/organization/certia,6000000.0,1.0,,2001.0,2001.0,,Business Services,0
/organization/certify-data-systems,7210210.0,4.0,2004.0,2008.0,2012.0,USA,Enterprise Software,1
/organization/cervalis,75000000.0,1.0,2000.0,2012.0,2012.0,USA,Web Hosting,1
/organization/ceyx,4500000.0,1.0,2001.0,2005.0,2005.0,USA,Software,0
/organization/cgi-pharmaceuticals,44300000.0,2.0,1998.0,2001.0,2004.0,USA,Biotechnology,1
/organization/chailabs,1100000.0,2.0,,2009.0,2009.0,USA,Software,1
/organization/chalk,500000.0,1.0,1997.0,2015.0,2015.0,USA,Mobile,1
/organization/chalkable,1300000.0,1.0,2010.0,2012.0,2012.0,USA,Charter Schools,1
/organization/challenge-games,14500000.0,2.0,2006.0,2008.0,2008.0,USA,Fantasy Sports,1
/organization/challenge-online,4500000.0,1.0,,2008.0,2008.0,USA,Games,0
/organization/challenged,1000000.0,1.0,,2015.0,2015.0,,Apps,0
/organization/chameleon-biosurfaces,938000.0,1.0,,2006.0,2006.0,GBR,Health Care,0
/organization/champion-medical-technologies,,1.0,,2013.0,2013.0,USA,,0
/organization/change-healthcare,48000000.0,6.0,2007.0,2007.0,2014.0,USA,Education,1
/organization/chango,18628333.0,4.0,2008.0,2010.0,2012.0,CAN,Advertising,1
/organization/channel-intelligence,6084516.0,2.0,1999.0,2009.0,2011.0,USA,Curated Web,1
/organization/channel-m,6000000.0,1.0,,2008.0,2008.0,,Advertising,0
/organization/channelkit,200000.0,1.0,,2013.0,2013.0,,Curated Web,0
/organization/channelwave,26500000.0,1.0,,2001.0,2001.0,USA,Software,1
/organization/chantest,,1.0,1998.0,2007.0,2007.0,USA,Biotechnology,1
/organization/chanticleer-holdings,1600000.0,1.0,2005.0,2013.0,2013.0,USA,Restaurants,0
/organization/chaparral-network-storage,12000000.0,1.0,1998.0,2002.0,2002.0,,Databases,1
/organization/chaperone-technologies,100000.0,1.0,,2006.0,2006.0,USA,Biotechnology,0
/organization/character-booster,,1.0,,2010.0,2010.0,,,0
/organization/charitas,3000.0,1.0,2009.0,2009.0,2009.0,USA,Charity,0
/organization/charitic,,1.0,,2014.0,2014.0,,,0
/organization/charitweet,,1.0,2014.0,2014.0,2014.0,,,0
/organization/charitybuzz,3000000.0,1.0,2005.0,2012.0,2012.0,USA,E-Commerce,1
/organization/charles-chocolates,1500000.0,1.0,2004.0,2007.0,2007.0,USA,Specialty Foods,0
/organization/charles-schwab,6178766.0,1.0,1973.0,2010.0,2010.0,USA,Brokers,1
/organization/chase-federal-bank,,1.0,1991.0,1993.0,1993.0,USA,,1
/organization/chasing-savings,500000.0,1.0,2009.0,2009.0,2009.0,USA,Advertising,0
/organization/chasqui-bus,50000.0,1.0,,2012.0,2012.0,PER,Leisure,0
/organization/chatham-therapeutics,201000.0,1.0,2010.0,2011.0,2011.0,USA,Biotechnology,1
/organization/chatosity,,1.0,2014.0,2014.0,2014.0,USA,Internet,0
/organization/chatterbox-analytics,251444.0,2.0,,2012.0,2012.0,,Analytics,0
/organization/chatterfly,1000000.0,1.0,2010.0,2011.0,2011.0,USA,Android,0
/organization/check4cancer-ltd,853258.01771769,1.0,,2015.0,2015.0,,,0
/organization/checkinpage,100000.0,1.0,,2011.0,2011.0,USA,Coupons,0
/organization/chelsea-therapeutics-international,39420000.0,4.0,2004.0,2005.0,2015.0,USA,Biotechnology,1
/organization/cherry,5250000.0,2.0,2011.0,2011.0,2012.0,USA,Automotive,0
/organization/chesspark,1000000.0,1.0,2007.0,2007.0,2007.0,USA,Games,1
/organization/chevin,1250000.0,1.0,,2001.0,2001.0,,Databases,0
/organization/chf-solutions,22900000.0,1.0,,2005.0,2005.0,USA,Manufacturing,1
/organization/chil-semiconductor,22487000.0,3.0,2006.0,2006.0,2008.0,USA,Semiconductors,1
/organization/chiliad-publishing,4000000.0,1.0,,2007.0,2007.0,USA,,0
/organization/chill,1500000.0,1.0,2010.0,2011.0,2011.0,USA,E-Commerce,0
/organization/china,100000.0,1.0,,2006.0,2006.0,HKG,Social Media,0
/organization/china-everbright-international,472000000.0,1.0,,2013.0,2013.0,HKG,Clean Technology,0
/organization/china-pacific-insurance,400000000.0,1.0,1991.0,2004.0,2004.0,CHN,Finance,0
/organization/china-south-city-holdings,195000000.0,1.0,,2014.0,2014.0,CHN,Enterprise Software,0
/organization/china-wi-max,2556850.0,4.0,2006.0,2008.0,2011.0,USA,Mobile,0
/organization/china-yongxin-pharmaceuticals,1367369.0,2.0,1993.0,2009.0,2010.0,USA,Biotechnology,0
/organization/chinahr,40790797.0,1.0,1997.0,2014.0,2014.0,CHN,Curated Web,1
/organization/chipidea-microelectrnica,27500000.0,3.0,1997.0,2005.0,2007.0,PRT,Semiconductors,1
/organization/chips-and-technologies,,1.0,1985.0,1986.0,1986.0,USA,Semiconductors,1
/organization/chipsensors,4140000.0,2.0,2007.0,2007.0,2010.0,IRL,Semiconductors,1
/organization/chipvision-design,10900000.0,2.0,2002.0,2006.0,2008.0,DEU,Software,0
/organization/chipwrights,31800000.0,2.0,,2003.0,2004.0,USA,Video,1
/organization/chipx,16000000.0,2.0,2007.0,2004.0,2008.0,USA,Semiconductors,1
/organization/chirp,,1.0,2007.0,2008.0,2008.0,USA,Photography,1
/organization/chirpme,,1.0,,2011.0,2011.0,USA,Curated Web,1
/organization/chlorogen,21000000.0,2.0,2002.0,2005.0,2007.0,USA,Biotechnology,0
/organization/chockstone,14000000.0,1.0,2002.0,2006.0,2006.0,USA,Hardware + Software,1
/organization/choice-therapeutics,1954250.0,2.0,,2009.0,2011.0,USA,Biotechnology,1
/organization/choicepass,250000.0,1.0,2011.0,2011.0,2011.0,USA,Consumer Internet,0
/organization/choister-2,205000.0,2.0,,2012.0,2012.0,,Property Management,0
/organization/chomp,2565000.0,2.0,2009.0,2009.0,2010.0,USA,Mobile,1
/organization/chongqing-haifu-technology,,1.0,1999.0,2006.0,2006.0,CHN,,0
/organization/choomogo,15000.0,1.0,2011.0,2011.0,2011.0,USA,Advertising,0
/organization/choose-digital,4500000.0,1.0,2011.0,2012.0,2012.0,USA,Content,1
/organization/chop-chop,289910.0,1.0,,2014.0,2014.0,,Hospitality,0
/organization/chopchop,192644.997468094,1.0,2014.0,2015.0,2015.0,GBR,Apps,0
/organization/chorppay,165000.0,1.0,2011.0,2011.0,2011.0,USA,Finance,0
/organization/christy-sports,,1.0,,2015.0,2015.0,USA,,0
/organization/chromance,,1.0,2013.0,2014.0,2014.0,USA,Analytics,0
/organization/chrome-capital-group,142200000.0,6.0,2011.0,2011.0,2015.0,USA,Anything Capital Intensive,0
/organization/chronicity,21639640.0,6.0,2006.0,2006.0,2011.0,USA,Consulting,0
/organization/chronicle-solutions,5520000.0,1.0,2001.0,2006.0,2006.0,USA,Web Hosting,1
/organization/chronogen,12960313.0,1.0,,2003.0,2003.0,CAN,Biotechnology,0
/organization/chronos-mobile-technologies,,2.0,2012.0,2014.0,2015.0,USA,iOS,1
/organization/churn-labs,,1.0,2011.0,2011.0,2011.0,USA,Finance,0
/organization/cibando,,1.0,2011.0,2011.0,2011.0,ITA,Hospitality,1
/organization/cibecs,,1.0,,2008.0,2008.0,USA,Business Services,1
/organization/cicada-semiconductor,17400000.0,1.0,1996.0,2002.0,2002.0,USA,Semiconductors,0
/organization/ciceroos,,1.0,2011.0,2012.0,2012.0,,Travel,0
/organization/ciclon-semiconductor-device-corporation,24150000.0,3.0,2004.0,2005.0,2007.0,USA,Semiconductors,1
/organization/cidco,,1.0,1987.0,1993.0,1993.0,USA,,0
/organization/cidera,75000000.0,1.0,,2000.0,2000.0,,,0
/organization/cie-games,3000000.0,1.0,2010.0,2010.0,2010.0,USA,Games,1
/organization/cimple-anyware,301985.0,1.0,,2013.0,2013.0,,Apps,0
/organization/cinamaker,,1.0,2011.0,2011.0,2011.0,USA,,0
/organization/cinario,1301000.0,2.0,,2006.0,2006.0,IRL,Software,1
/organization/cinemaki,,1.0,2008.0,2008.0,2008.0,ARG,Games,0
/organization/cinemas,,1.0,,2014.0,2014.0,,,0
/organization/cinetraffic,1000000.0,1.0,2009.0,2009.0,2009.0,FRA,Search,0
/organization/cinnabid,30000.0,2.0,2010.0,2010.0,2010.0,USA,Coupons,0
/organization/ciphermax,141535713.0,8.0,2000.0,2001.0,2007.0,USA,Security,0
/organization/ciphertrust,42000000.0,1.0,2000.0,2004.0,2004.0,USA,Web Hosting,1
/organization/ciranova,26797546.0,4.0,2002.0,2003.0,2010.0,USA,Hardware + Software,1
/organization/circa,5722750.0,9.0,2011.0,2012.0,2014.0,USA,Media,0
/organization/circle-of-moms,,1.0,,2008.0,2008.0,USA,Parenting,1
/organization/circle-street,,1.0,2009.0,2010.0,2010.0,USA,Analytics,1
/organization/circlelending,,1.0,,2006.0,2006.0,,Curated Web,1
/organization/circular,,1.0,,2012.0,2012.0,,Content,0
/organization/circulite,89200000.0,5.0,,2007.0,2011.0,USA,Health Care,1
/organization/cirtas,32500000.0,2.0,2008.0,2010.0,2011.0,USA,Enterprises,0
/organization/cisimple,,1.0,2012.0,2013.0,2013.0,USA,Mobile,1
/organization/citibuddies,70000.0,2.0,2012.0,2013.0,2013.0,ARG,Curated Web,0
/organization/citikey,11500000.0,1.0,,2000.0,2000.0,SWE,,0
/organization/citious,139893.0,1.0,2015.0,2015.0,2015.0,,Information Technology,0
/organization/citizen-sports,10000000.0,1.0,2005.0,2007.0,2007.0,USA,Sports,1
/organization/citizenhawk,3000000.0,1.0,2006.0,2008.0,2008.0,USA,Domains,1
/organization/citizenside-2,1529666.0,2.0,2006.0,2006.0,2007.0,FRA,News,1
/organization/citrus-lane,6600000.0,2.0,2011.0,2011.0,2012.0,USA,E-Commerce,1
/organization/cittio,11500000.0,2.0,,2005.0,2006.0,USA,Software,0
/organization/city-civ,250000.0,1.0,2010.0,2010.0,2010.0,USA,Advertising,0
/organization/city-grade,750000.0,1.0,2012.0,2012.0,2012.0,,Curated Web,0
/organization/city-voice,1000000.0,1.0,2008.0,2010.0,2010.0,USA,Advertising,0
/organization/citycelebrity,55000.0,2.0,,2012.0,2013.0,RUS,Crowdsourcing,0
/organization/citydeal-de,5628800.0,1.0,,2010.0,2010.0,DEU,Coupons,1
/organization/cityin,,1.0,,2007.0,2007.0,CHN,Networking,0
/organization/cityodds,183352.0,1.0,2005.0,2005.0,2005.0,GBR,Finance,0
/organization/citypockets,770000.0,2.0,2010.0,2010.0,2011.0,USA,Coupons,0
/organization/citysquares,422500.0,3.0,2005.0,2008.0,2010.0,USA,Curated Web,1
/organization/citytherapy,,1.0,2005.0,2006.0,2006.0,GBR,Hotels,1
/organization/cityvice,134250.0,1.0,2009.0,2009.0,2009.0,FIN,Content,0
/organization/cityvox,,1.0,,2000.0,2000.0,,Customer Service,1
/organization/civitas-therapeutics,122000000.0,5.0,2009.0,2011.0,2014.0,USA,Biotechnology,1
/organization/cj-trik,110000.0,1.0,2015.0,2015.0,2015.0,,Media,0
/organization/ck-adax,,1.0,,2004.0,2004.0,,,0
/organization/clacendix,6515643.0,1.0,1982.0,2009.0,2009.0,USA,E-Commerce,1
/organization/clairmail,34100000.0,3.0,2004.0,2005.0,2010.0,USA,Banking,1
/organization/clappifieds,,1.0,2014.0,2014.0,2014.0,,,0
/organization/clarient,50912000.0,2.0,,2009.0,2009.0,USA,Biotechnology,1
/organization/clarimedix,275000.0,1.0,2006.0,2011.0,2011.0,USA,Biotechnology,0
/organization/claritics,1500000.0,1.0,2011.0,2011.0,2011.0,USA,Analytics,1
/organization/clarity-2,2700000.0,2.0,,2012.0,2014.0,USA,Curated Web,1
/organization/clarity-health-services,14219390.0,3.0,2007.0,2011.0,2013.0,USA,Collaboration,0
/organization/clarity-payment-solutions,19000000.0,2.0,1999.0,2000.0,2000.0,USA,Payments,1
/organization/clarityray,500000.0,1.0,2012.0,2012.0,2012.0,ISR,Advertising,1
/organization/clarius-corp,6500000.0,2.0,2014.0,2014.0,2015.0,CAN,Medical Devices,0
/organization/claros-diagnostics,11800000.0,2.0,,2007.0,2009.0,USA,Health Care,1
/organization/clarus-systems,8330000.0,2.0,2001.0,2005.0,2006.0,USA,Software,1
/organization/clasemovil,350000.0,2.0,2007.0,2008.0,2008.0,SLV,All Students,0
/organization/clash-media-advertising,8684459.0,3.0,2006.0,2007.0,2009.0,GBR,Advertising,0
/organization/classic-fine-foods,,1.0,,2011.0,2011.0,GBR,,1
/organization/classical-connection,,1.0,,2009.0,2009.0,USA,Classifieds,0
/organization/classifeye,1530000.0,2.0,2003.0,2006.0,2008.0,ISR,Software,0
/organization/classiphix,15000.0,1.0,2009.0,2011.0,2011.0,USA,Classifieds,0
/organization/clean-harbors,,1.0,1980.0,1987.0,1987.0,USA,Clean Technology,0
/organization/clean-mobile,16193969.0,2.0,2006.0,2008.0,2011.0,DEU,Clean Technology,1
/organization/clean-pet,1000000.0,1.0,,2012.0,2012.0,RUS,Clean Technology,0
/organization/clean-runner,19600000.0,1.0,,2012.0,2012.0,USA,Clean Technology,0
/organization/cleanapp,5300.0,1.0,2013.0,2013.0,2013.0,USA,Environmental Innovation,0
/organization/cleanedison,600000.0,1.0,2008.0,2011.0,2011.0,USA,Clean Technology,1
/organization/cleaning-exec-cleaning-services-3,45000.0,1.0,2014.0,2014.0,2014.0,,,0
/organization/cleantie,250000.0,1.0,2012.0,2012.0,2012.0,,Curated Web,0
/organization/clear-shape-technologies,5000000.0,1.0,2003.0,2005.0,2005.0,USA,Software,1
/organization/clear-standards,4000000.0,1.0,,2008.0,2008.0,USA,Enterprise Software,1
/organization/clear-story,1100000.0,1.0,,2005.0,2005.0,USA,Software,1
/organization/clear2pay,127620230.0,7.0,2001.0,2001.0,2009.0,BEL,Finance,1
/organization/clearaccess,6000000.0,1.0,,2009.0,2009.0,USA,Web Hosting,1
/organization/clearapp,19200000.0,2.0,2002.0,2006.0,2007.0,USA,Enterprise Software,1
/organization/clearforest,10000000.0,2.0,1998.0,2003.0,2004.0,ISR,Natural Language Processing,1
/organization/clearmatics,,1.0,2015.0,2015.0,2015.0,,Information Technology,0
/organization/clearmesh-networks,5000000.0,1.0,,2006.0,2006.0,,Public Relations,0
/organization/clearmomentum,1000000.0,1.0,2005.0,2009.0,2009.0,USA,Software,1
/organization/clearpoint-metrics,3800000.0,2.0,1999.0,2005.0,2009.0,USA,Software,1
/organization/clearsaileing,1776763.0,2.0,2006.0,2006.0,2009.0,USA,Advertising,1
/organization/clearswift,,1.0,,2002.0,2002.0,GBR,Security,1
/organization/clearview-tower-company,300000.0,1.0,2006.0,2014.0,2014.0,USA,Information Technology,0
/organization/clearway-technology-partners,730000.0,1.0,,2010.0,2010.0,USA,Software,0
/organization/clearwell-systems,29000000.0,2.0,2004.0,2006.0,2007.0,USA,Ediscovery,1
/organization/clearwire,5820000000.0,6.0,2003.0,2001.0,2013.0,USA,Internet,1
/organization/cleversafe,100410283.0,4.0,2004.0,2007.0,2013.0,USA,Enterprise Software,1
/organization/cleverset,5600000.0,5.0,,2005.0,2007.0,USA,E-Commerce,1
/organization/clevex,2250002.0,3.0,2003.0,2007.0,2010.0,USA,Health and Wellness,0
/organization/click-4-classes,,1.0,,2013.0,2013.0,,Consulting,0
/organization/clickability,11500000.0,2.0,1999.0,2008.0,2008.0,USA,Content,1
/organization/clickable,32500000.0,6.0,2014.0,2006.0,2014.0,USA,Advertising,1
/organization/clickandbuy,29972500.0,3.0,2000.0,2006.0,2007.0,GBR,Curated Web,1
/organization/clickdelivery,,1.0,2007.0,2013.0,2013.0,COL,Delivery,1
/organization/clickequations,3000000.0,1.0,2006.0,2009.0,2009.0,USA,Advertising,1
/organization/clicker,19000000.0,2.0,2009.0,2009.0,2010.0,USA,Entertainment,1
/organization/clickinghouse,50000.0,1.0,,2009.0,2009.0,SGP,3D Technology,0
/organization/clickpass,20000.0,1.0,2007.0,2007.0,2007.0,USA,Identity,1
/organization/clickshift,6000000.0,1.0,2005.0,2006.0,2006.0,USA,Software,1
/organization/clicksquared,56710000.0,3.0,1999.0,2007.0,2012.0,USA,Software,1
/organization/clicvu,,1.0,,1999.0,1999.0,USA,Internet,0
/organization/client24,1000000.0,1.0,2012.0,2013.0,2013.0,,Software,0
/organization/clientshow,750000.0,1.0,2008.0,2009.0,2009.0,USA,Advertising,0
/organization/clinical-innovations,,1.0,1993.0,2010.0,2010.0,USA,Health Care,0
/organization/clinical-pathology-laboratories,,1.0,1948.0,2001.0,2001.0,USA,,1
/organization/cliniciq,50000.0,1.0,,2013.0,2013.0,RUS,Dental,0
/organization/clipboard,,1.0,2011.0,2011.0,2011.0,USA,Curated Web,1
/organization/clipcall,,1.0,2015.0,2015.0,2015.0,USA,Android,0
/organization/clipclock,750000.0,3.0,2012.0,2012.0,2012.0,RUS,Curated Web,0
/organization/clipik,,1.0,2010.0,2011.0,2011.0,USA,Crowdsourcing,0
/organization/clipmarks,100000.0,1.0,2003.0,2009.0,2009.0,USA,Photography,1
/organization/clipsync,1510017.0,2.0,2007.0,2011.0,2011.0,USA,Curated Web,0
/organization/cliqsearch,840000.0,1.0,2001.0,2012.0,2012.0,NGA,Search,0
/organization/cliqset,2000000.0,2.0,2008.0,2008.0,2009.0,USA,Messaging,0
/organization/cloakware,14200000.0,2.0,1997.0,2003.0,2005.0,USA,Software,1
/organization/clontech-laboratories-inc,,1.0,,2001.0,2001.0,USA,Biotechnology,1
/organization/closet-couture,475000.0,1.0,2007.0,2008.0,2008.0,USA,Fashion,0
/organization/clothes-horse,,1.0,2011.0,2011.0,2011.0,USA,E-Commerce,1
/organization/cloud-com,11000000.0,1.0,2008.0,2010.0,2010.0,USA,Cloud Computing,1
/organization/cloud-communications-and-computing-corp,1200000.0,2.0,2011.0,2011.0,2014.0,USA,Business Services,0
/organization/cloud-dx-inc,2582000.0,2.0,2014.0,2014.0,2015.0,USA,Diagnostics,0
/organization/cloud-health-care,50000.0,1.0,,2012.0,2012.0,RUS,Application Platforms,0
/organization/cloud-logistics,10000.0,1.0,2011.0,2012.0,2012.0,RUS,Internet,0
/organization/cloud-sherpas,63300000.0,5.0,2007.0,2010.0,2012.0,USA,Cloud Computing,1
/organization/cloudant,18250000.0,8.0,2008.0,2008.0,2013.0,USA,Big Data,1
/organization/cloudary,110000000.0,1.0,2004.0,2013.0,2013.0,CHN,Education,1
/organization/cloudblue-technologies,9915000.0,2.0,2001.0,2008.0,2009.0,USA,Enterprise Software,1
/organization/cloudcity,5906547.0,1.0,2007.0,2007.0,2007.0,GBR,Curated Web,0
/organization/cloudfloor,3000000.0,1.0,,2011.0,2011.0,USA,Enterprise Software,1
/organization/cloudkick,2750000.0,2.0,2009.0,2009.0,2010.0,USA,Cloud Computing,1
/organization/cloudmeter,5300000.0,2.0,2007.0,2009.0,2012.0,USA,Analytics,1
/organization/cloudon,26140000.0,4.0,2009.0,2010.0,2012.0,USA,Cloud Computing,1
/organization/cloudscaling,14000000.0,2.0,2006.0,2011.0,2013.0,USA,Cloud Computing,1
/organization/cloudshield-technologies,25000000.0,2.0,2000.0,2005.0,2007.0,USA,Web Hosting,1
/organization/cloudsplit,149180.0,1.0,2009.0,2009.0,2009.0,IRL,Cloud Computing,0
/organization/cloudswitch,15400000.0,2.0,,2009.0,2009.0,USA,Software,1
/organization/cloudsync,,1.0,,2008.0,2008.0,USA,Mobile,0
/organization/cloudvertical,,1.0,2011.0,2012.0,2012.0,IRL,Analytics,1
/organization/cloudvolumes,4415653.0,2.0,2011.0,2012.0,2013.0,USA,Enterprise Software,1
/organization/cloudwirx-inc,600000.0,1.0,2015.0,2015.0,2015.0,,Cloud Data Services,0
/organization/clouli,25000.0,1.0,2011.0,2011.0,2011.0,CHL,All Students,1
/organization/cloupia,3532577.0,1.0,2009.0,2012.0,2012.0,USA,Cloud Computing,1
/organization/clover,8800000.0,2.0,2010.0,2011.0,2012.0,USA,Mobile,1
/organization/cloverleaf-communications,21000000.0,2.0,2001.0,2003.0,2005.0,USA,Public Relations,1
/organization/clrtouch,20000.0,1.0,2010.0,2011.0,2011.0,USA,Advertising,0
/organization/club-domains,7000000.0,1.0,2011.0,2013.0,2013.0,USA,Software,0
/organization/club-santa-mnica,692850.0,1.0,2010.0,2010.0,2010.0,ESP,E-Commerce,0
/organization/club-scene-network,225000.0,1.0,2004.0,2005.0,2005.0,USA,Entertainment,0
/organization/cluepedia,430000.0,1.0,,2007.0,2007.0,USA,Software,0
/organization/clusterk,,1.0,,2014.0,2014.0,USA,Software,1
/organization/clutch-io,,1.0,,2011.0,2011.0,USA,Mobile,1
/organization/cm-sistemi,696000.0,1.0,,2007.0,2007.0,ITA,Graphics,0
/organization/cml-versatel,5000000.0,1.0,,2011.0,2011.0,CAN,Services,0
/organization/cmosis-nv,7484035.0,3.0,2007.0,2008.0,2009.0,BEL,Semiconductors,1
/organization/cmp-therapeutics,7660569.14175812,2.0,2004.0,2006.0,2010.0,GBR,Biotechnology,0
/organization/cmune,1400000.0,3.0,2007.0,2012.0,2015.0,USA,Android,0
/organization/cmycasa,600000.0,1.0,,2008.0,2008.0,USA,Software,0
/organization/cn-creative,3137231.0,1.0,,2012.0,2012.0,GBR,Biotechnology,1
/organization/cns-therapeutics,10050000.0,2.0,,2009.0,2012.0,USA,Biotechnology,1
/organization/co-space-acquired-by-internap-network-services,28000000.0,1.0,,1999.0,1999.0,,Internet,1
/organization/co2nexus,90000.0,1.0,,2009.0,2009.0,USA,Clean Technology,0
/organization/coade,42000000.0,1.0,1984.0,2007.0,2007.0,USA,Software,1
/organization/coalfire-system,9350003.0,4.0,2001.0,2011.0,2015.0,USA,Security,1
/organization/coalogix,13350000.0,2.0,,2008.0,2009.0,USA,Clean Technology,1
/organization/coapt-systems,38520000.0,3.0,2000.0,2003.0,2009.0,USA,Biotechnology,1
/organization/coco-apps,,1.0,,2015.0,2015.0,,,0
/organization/cocodot,6659995.0,3.0,,2009.0,2011.0,USA,Curated Web,0
/organization/cocollage,25000.0,1.0,2010.0,2012.0,2012.0,USA,Social Media,0
/organization/cocomment,1500000.0,1.0,2006.0,2006.0,2006.0,CHE,Blogging Platforms,0
/organization/cocunat,489778.0,1.0,,2015.0,2015.0,,Cosmetics,0
/organization/codasip,2800000.0,1.0,,2014.0,2014.0,USA,Software,0
/organization/code-green-networks,34000418.0,3.0,2004.0,2005.0,2010.0,USA,Enterprise Software,1
/organization/code-laboration,110000.0,3.0,2011.0,2011.0,2012.0,USA,Curated Web,0
/organization/code71,1000000.0,1.0,2006.0,2011.0,2011.0,USA,Cloud Computing,0
/organization/codecloud-me,37422.0,1.0,2014.0,2015.0,2015.0,,Apps,0
/organization/codeeval,,1.0,2011.0,2011.0,2011.0,USA,Enterprise Software,1
/organization/codefast,6500000.0,1.0,2004.0,2005.0,2005.0,USA,Software,1
/organization/codemedia,60000.0,1.0,2009.0,2010.0,2010.0,BRA,Mobile,0
/organization/codenomicon-ltd,3600000.0,1.0,2001.0,2005.0,2005.0,USA,Security,1
/organization/coderyte,23020000.0,3.0,,2004.0,2011.0,USA,Health and Wellness,1
/organization/codesion,1400000.0,3.0,2002.0,2007.0,2010.0,AUS,Software,1
/organization/codetag,50000.0,1.0,2012.0,2012.0,2012.0,COL,Career Management,0
/organization/codexa-2,8000000.0,1.0,,2000.0,2000.0,USA,,0
/organization/coding-technologies,,1.0,,2005.0,2005.0,,,1
/organization/codo,,1.0,2011.0,2012.0,2012.0,LVA,Contact Management,1
/organization/cofio-software,6194000.0,3.0,2006.0,2006.0,2012.0,USA,Cloud Data Services,1
/organization/cofluent-design,2600000.0,1.0,2003.0,2007.0,2007.0,FRA,Software,1
/organization/cofounderslab,1130000.0,7.0,2012.0,2012.0,2014.0,USA,Curated Web,1
/organization/cogenta-systems,1340000.0,2.0,2006.0,2002.0,2009.0,GBR,Analytics,1
/organization/coghead,11200000.0,2.0,2003.0,2006.0,2007.0,USA,Apps,1
/organization/cogito,11700000.0,1.0,1994.0,2005.0,2005.0,USA,Analytics,0
/organization/cognea,,1.0,,2014.0,2014.0,USA,Pervasive Computing,1
/organization/cognection,25000.0,1.0,2010.0,2011.0,2011.0,USA,E-Commerce,0
/organization/cognigine,14500000.0,1.0,,2000.0,2000.0,,Networking,0
/organization/cognio,15500000.0,2.0,2000.0,2003.0,2007.0,USA,Hardware + Software,1
/organization/cognitens,7000000.0,1.0,1995.0,2005.0,2005.0,ISR,Software,1
/organization/cognitive-match,10150000.0,3.0,2009.0,2009.0,2011.0,USA,Advertising,1
/organization/cognitive-security,1400000.0,1.0,,2011.0,2011.0,CZE,Security,1
/organization/cognovant,150000.0,2.0,,2011.0,2012.0,USA,Health and Wellness,0
/organization/coherex-medical,41525000.0,3.0,2003.0,2007.0,2012.0,USA,Health Care,1
/organization/cohesive-technologies,23100000.0,2.0,1991.0,2000.0,2003.0,USA,Bio-Pharm,1
/organization/cohuman,1400000.0,2.0,2009.0,2009.0,2011.0,USA,Collaboration,1
/organization/coinpay,,1.0,2014.0,2014.0,2014.0,,,0
/organization/coinzone,1373909.0,1.0,,2014.0,2014.0,GBR,Bitcoin,1
/organization/coldlight-solutions,11000000.0,3.0,2007.0,2010.0,2014.0,USA,Business Intelligence,1
/organization/coldspark,6500000.0,1.0,2001.0,2006.0,2006.0,USA,Enterprise Software,1
/organization/coley-pharmaceutical-group,40000000.0,2.0,1997.0,2003.0,2005.0,USA,Bio-Pharm,1
/organization/colibria,12971851.0831496,1.0,2000.0,2007.0,2007.0,NOR,Messaging,1
/organization/collabnet,29600000.0,5.0,1999.0,2003.0,2014.0,USA,Enterprise Software,1
/organization/collaborate-com,2350000.0,3.0,2011.0,2011.0,2012.0,USA,Android,1
/organization/collabrx,1564572.0,1.0,2008.0,2011.0,2011.0,USA,Health and Wellness,1
/organization/collactive,2000000.0,1.0,,2007.0,2007.0,USA,Curated Web,0
/organization/collective-intellect,15324624.0,6.0,2005.0,2006.0,2012.0,USA,Analytics,1
/organization/college-nannies-and-tutors,39500.0,2.0,2001.0,2014.0,2015.0,,Curated Web,1
/organization/college-snack-attack,50000.0,2.0,2010.0,2010.0,2011.0,USA,Delivery,0
/organization/college-sports-television,25000000.0,1.0,,2004.0,2004.0,,Cable,0
/organization/college-wingman,10000.0,1.0,2008.0,2008.0,2008.0,,,0
/organization/collegebound-airlines,20000.0,1.0,2012.0,2012.0,2012.0,,Travel,0
/organization/collegebound-bus,20000.0,1.0,,2011.0,2011.0,,Colleges,0
/organization/collegefeed,1800000.0,1.0,2013.0,2013.0,2013.0,USA,Career Management,1
/organization/collegehumor,20000000.0,1.0,1999.0,2006.0,2006.0,,Colleges,1
/organization/collegejobconnect,20000.0,1.0,2010.0,2010.0,2010.0,USA,Colleges,0
/organization/collegemapper,320000.0,3.0,2011.0,2012.0,2014.0,USA,Education,0
/organization/collegetonight,2244500.0,2.0,,2007.0,2008.0,USA,Colleges,0
/organization/collegewikis,2000000.0,1.0,,2008.0,2008.0,,All Students,0
/organization/collegiate-presswire,,1.0,,2001.0,2001.0,TTO,Electronics,1
/organization/collexpo,225000.0,1.0,2008.0,2008.0,2008.0,USA,Collectibles,0
/organization/collider-media,6201649.0,2.0,2009.0,2010.0,2011.0,USA,Advertising,1
/organization/color-labs,41000000.0,1.0,2010.0,2011.0,2011.0,USA,Local,0
/organization/colorful-board-inc,1167697.0,1.0,2011.0,2015.0,2015.0,,Apps,0
/organization/colormodules,1300000.0,1.0,2010.0,2012.0,2012.0,USA,Beauty,0
/organization/colorplaza,2970000.0,1.0,1999.0,2007.0,2007.0,CHE,Curated Web,1
/organization/colourlovers,1000000.0,1.0,2005.0,2011.0,2011.0,USA,Art,1
/organization/colubris,42000000.0,3.0,2000.0,2004.0,2006.0,USA,Web Hosting,1
/organization/com2us-corp,8000000.0,1.0,1998.0,2005.0,2005.0,USA,Games,1
/organization/comat-technologies,25000000.0,3.0,1996.0,2007.0,2008.0,IND,Governments,0
/organization/combinenet,5191392.0,3.0,2000.0,2009.0,2010.0,USA,Enterprise Software,1
/organization/comcam,1620840.0,3.0,,2010.0,2011.0,USA,Intelligent Systems,0
/organization/comcrowd,350000.0,2.0,2011.0,2011.0,2011.0,AUS,Software,0
/organization/comdominio,,1.0,,2004.0,2004.0,BRA,Internet,0
/organization/comedy-world,20500000.0,1.0,,2000.0,2000.0,USA,Entertainment,0
/organization/comeks,1000000.0,1.0,,2007.0,2007.0,FIN,Entertainment,0
/organization/comenta-tv,538062.0,4.0,2012.0,2011.0,2013.0,ARG,Analytics,0
/organization/cometa,50000.0,1.0,,2012.0,2012.0,PER,Communities,0
/organization/comixology,3496222.0,6.0,2007.0,2009.0,2013.0,USA,Comics,1
/organization/command-information,23500000.0,2.0,,2006.0,2009.0,USA,Cyber Security,0
/organization/commercetools,834000.0,2.0,2006.0,2006.0,2011.0,DEU,Software,1
/organization/commerciant,2500000.0,1.0,2000.0,2005.0,2005.0,USA,Payments,1
/organization/commissiontrac,300000.0,1.0,,2015.0,2015.0,,,0
/organization/commnet-wireless,,1.0,2000.0,2003.0,2003.0,USA,Public Relations,1
/organization/common-ground,,1.0,,2010.0,2010.0,,Chat,0
/organization/commontime-limited,1160251.47906143,1.0,,2015.0,2015.0,,,0
/organization/commpartners,26000000.0,2.0,,2005.0,2007.0,USA,Business Services,1
/organization/commsignia,,1.0,2012.0,2014.0,2014.0,,,0
/organization/commtag,5000000.0,1.0,,2001.0,2001.0,,Wireless,0
/organization/communicado,15600000.0,2.0,,2006.0,2007.0,USA,Software,0
/organization/communication-intelligence,15112330.0,7.0,1981.0,2009.0,2013.0,USA,Hardware + Software,0
/organization/communication-synergy-technologies,,1.0,1999.0,2005.0,2005.0,USA,Document Management,0
/organization/communify-health,25000.0,1.0,2009.0,2009.0,2009.0,,Analytics,0
/organization/community-bound,22500.0,1.0,,2013.0,2013.0,USA,Social Media,0
/organization/community-informatics,125000.0,1.0,2012.0,2013.0,2013.0,USA,Analytics,0
/organization/community-research-associates,,1.0,,2004.0,2004.0,USA,,0
/organization/comnitel,9908249.0,1.0,,2002.0,2002.0,,Industrial,0
/organization/comparedownload-com-2,824919.157922524,1.0,2009.0,2009.0,2009.0,,,0
/organization/comparison-creator,,1.0,,2010.0,2010.0,,,0
/organization/compass,3000000.0,1.0,1980.0,2014.0,2014.0,GBR,,1
/organization/compass-engine,,1.0,,2009.0,2009.0,,Developer APIs,0
/organization/compass-labs,12000000.0,3.0,2009.0,2009.0,2012.0,USA,Advertising,0
/organization/compass-quality-insights,2000000.0,1.0,2012.0,2013.0,2013.0,USA,Software,0
/organization/compassoft,11000000.0,2.0,2002.0,2003.0,2007.0,USA,Software,1
/organization/compellent-technologies,29310000.0,2.0,2002.0,2003.0,2006.0,USA,Data Security,1
/organization/compendia-bioscience,,1.0,,2007.0,2007.0,USA,Biotechnology,1
/organization/compendium-blogware,3802024.0,4.0,2007.0,2007.0,2013.0,USA,Blogging Platforms,1
/organization/compete,33000000.0,4.0,2000.0,2000.0,2007.0,USA,Advertising,1
/organization/competitive-technologies,550125.0,1.0,,2011.0,2011.0,USA,Distribution,0
/organization/compilr,,1.0,2010.0,2011.0,2011.0,CAN,Curated Web,1
/organization/complete-network-technology,5630000.0,1.0,2001.0,2007.0,2007.0,,Web Hosting,1
/organization/compliance,12530000.0,3.0,2005.0,2006.0,2011.0,USA,Automotive,1
/organization/compliance-assurance,1250000.0,1.0,,2011.0,2011.0,USA,Software,1
/organization/complient,8199999.0,1.0,,2002.0,2002.0,,,0
/organization/comply7,1200000.0,1.0,,2014.0,2014.0,USA,Data Security,0
/organization/composite-software-inc,31950003.0,5.0,2002.0,2002.0,2012.0,USA,Content,1
/organization/comps-com,,1.0,1982.0,1994.0,1994.0,USA,Databases,1
/organization/compubank,36000000.0,1.0,,2000.0,2000.0,,,0
/organization/compupay,20000000.0,1.0,1980.0,2009.0,2009.0,USA,Human Resources,1
/organization/computication,,1.0,2003.0,2009.0,2009.0,NLD,Information Technology,0
/organization/comsenz,2000000.0,1.0,,2006.0,2006.0,CHN,Service Providers,1
/organization/comtica,155000.0,1.0,,2005.0,2005.0,POL,Software,1
/organization/comverge,,1.0,1997.0,2003.0,2003.0,USA,Clean Technology,1
/organization/concentra,,1.0,2005.0,2009.0,2009.0,GBR,Consulting,1
/organization/concentric-visions-2,20000000.0,1.0,1999.0,2001.0,2001.0,,Application Platforms,0
/organization/concept-io,7200000.0,2.0,2012.0,2012.0,2013.0,USA,Content Discovery,1
/organization/concilio-networks,1273700.0,1.0,,2006.0,2006.0,USA,Internet,0
/organization/concord-music-group,,1.0,,2013.0,2013.0,,,1
/organization/concorde-solutions,4053915.0,2.0,,2011.0,2014.0,GBR,Software,0
/organization/concordia-healthcare,72658074.0,2.0,,2013.0,2014.0,CAN,Health and Wellness,0
/organization/concuity,18800000.0,2.0,,2002.0,2006.0,USA,Software,1
/organization/concur-technologies,291754092.0,2.0,1993.0,2009.0,2010.0,USA,Cloud Management,1
/organization/concurix-corporation,3000000.0,2.0,2012.0,2012.0,2014.0,USA,Software,0
/organization/conduitlabs,8500000.0,2.0,,2007.0,2009.0,USA,Games,1
/organization/conergy,,2.0,,2008.0,2015.0,DEU,Clean Technology,1
/organization/conexus-it,500000.0,1.0,2011.0,2011.0,2011.0,USA,Private Social Networking,0
/organization/confabb,200000.0,1.0,2006.0,2007.0,2007.0,USA,Social Media,0
/organization/confirma,20500000.0,2.0,1998.0,2003.0,2008.0,USA,Biotechnology,1
/organization/confluence-solar,12700000.0,1.0,,2008.0,2008.0,USA,Clean Technology,1
/organization/conformia-software,27250000.0,3.0,,2006.0,2008.0,USA,Software,1
/organization/conformity,3000000.0,1.0,2007.0,2009.0,2009.0,USA,Cloud Computing,0
/organization/connected,500000.0,1.0,2009.0,2011.0,2011.0,USA,Networking,1
/organization/connected-benefits,1500000.0,2.0,2013.0,2013.0,2015.0,,Cloud Computing,0
/organization/connected-corporation,53500000.0,2.0,,1999.0,2001.0,USA,Software,1
/organization/connected-data,6745000.0,3.0,,2012.0,2014.0,USA,Analytics,1
/organization/connectfree,,1.0,2010.0,2014.0,2014.0,JPN,Internet of Things,0
/organization/connectivity-data-systems,,1.0,,2010.0,2010.0,,Analytics,0
/organization/connectsoft,4795519.0,2.0,,2010.0,2011.0,USA,Software,0
/organization/connex-io,10000.0,1.0,2010.0,2010.0,2010.0,CHE,Contact Management,0
/organization/connexity,5000000.0,3.0,1997.0,2010.0,2012.0,USA,Advertising,1
/organization/conscious-box,1384000.0,1.0,2011.0,2013.0,2013.0,USA,E-Commerce,1
/organization/consentry-networks,67400000.0,4.0,2003.0,2005.0,2009.0,USA,Consulting,0
/organization/consera-software,8500000.0,1.0,2002.0,2003.0,2003.0,USA,Software,1
/organization/consert,33048483.0,4.0,2008.0,2009.0,2012.0,USA,Clean Technology,1
/organization/conservus-international,,1.0,,2009.0,2009.0,ARE,Advertising,0
/organization/consignd,40000.0,1.0,,2013.0,2013.0,USA,E-Commerce,0
/organization/consistel,,1.0,1996.0,2007.0,2007.0,SGP,,0
/organization/consmr,565000.0,1.0,2011.0,2012.0,2012.0,USA,App Marketing,1
/organization/consortemedia,10200000.0,2.0,2005.0,2006.0,2007.0,USA,Advertising,1
/organization/constant-contact,8159714.0,2.0,1998.0,2002.0,2010.0,USA,Advertising,1
/organization/constella-group,61000000.0,1.0,1983.0,2005.0,2005.0,USA,Health Care,1
/organization/constitution-medical-investors,48350000.0,3.0,,2010.0,2012.0,USA,Biotechnology,0
/organization/construction-software-technologies,13154038.0,2.0,1993.0,2006.0,2009.0,USA,Architecture,1
/organization/consul-risk-management-international,14816145.0,3.0,1986.0,1998.0,2011.0,NLD,Event Management,1
/organization/consult-a-doctor,5000000.0,1.0,,2010.0,2010.0,USA,Health and Wellness,1
/organization/consulted,,1.0,2014.0,2014.0,2014.0,USA,Business Services,0
/organization/consumer-agent-portal-cap,40600000.0,4.0,2011.0,2011.0,2014.0,USA,Curated Web,0
/organization/contact-at-once,3000000.0,1.0,2005.0,2012.0,2012.0,USA,Chat,1
/organization/contactual,9000000.0,1.0,2000.0,2006.0,2006.0,USA,Hardware + Software,1
/organization/contactus-com,1000000.0,3.0,2012.0,2013.0,2013.0,USA,Advertising,1
/organization/contech,26627.0,1.0,,2012.0,2012.0,,,0
/organization/content-calendr,230000.0,1.0,2015.0,2015.0,2015.0,,,0
/organization/content-circles,250000.0,1.0,2007.0,2007.0,2007.0,USA,Enterprise 2.0,0
/organization/content-reach,100000.0,1.0,,2015.0,2015.0,,Content,0
/organization/content-savvy,992250.0,3.0,2011.0,2012.0,2013.0,USA,Analytics,1
/organization/contextbroker,378907.0,2.0,,2012.0,2012.0,RUS,,0
/organization/contextream,23817000.0,3.0,2006.0,2007.0,2013.0,USA,Data Centers,1
/organization/contextweb,63500000.0,5.0,2000.0,2004.0,2011.0,USA,Advertising,0
/organization/contigo-financial,15000.0,1.0,2012.0,2012.0,2012.0,USA,Credit,1
/organization/continuent,5750000.0,1.0,2004.0,2005.0,2005.0,USA,Consumer Electronics,0
/organization/continuityx-solutions,1125000.0,1.0,2011.0,2012.0,2012.0,USA,Software,0
/organization/continuous-computing,36000000.0,2.0,,2001.0,2004.0,USA,Data Integration,1
/organization/continuum-care,,1.0,,2011.0,2011.0,,,0
/organization/contivo,8000000.0,1.0,,2003.0,2003.0,USA,Data Center Automation,1
/organization/contrail-systems,10000000.0,1.0,,2012.0,2012.0,USA,Software,1
/organization/controlcircle,9079060.0,1.0,2001.0,2010.0,2010.0,GBR,Data Centers,1
/organization/controlscan,8247532.0,5.0,2008.0,2009.0,2014.0,USA,Security,0
/organization/contur,,1.0,2011.0,2012.0,2012.0,USA,Email,0
/organization/conveneer,5792000.0,3.0,2004.0,2007.0,2009.0,SWE,Mobile,1
/organization/convergence,15000000.0,1.0,,2007.0,2007.0,USA,Security,0
/organization/convergence-pharmaceuticals,35400000.0,1.0,,2010.0,2010.0,GBR,Biotechnology,1
/organization/convergin,10000000.0,1.0,2000.0,2008.0,2008.0,ISR,Web Hosting,1
/organization/convertro,5000000.0,3.0,2009.0,2009.0,2013.0,USA,Advertising,1
/organization/convio,42750000.0,4.0,1999.0,2001.0,2007.0,USA,Software,1
/organization/cookdinner,,1.0,,2010.0,2010.0,AUS,E-Commerce,0
/organization/cookee,16674.0,1.0,,2015.0,2015.0,CHN,Adventure Travel,0
/organization/cookitfor-us,75000.0,1.0,,2011.0,2011.0,USA,Delivery,0
/organization/cookstr,,1.0,,2008.0,2008.0,USA,Databases,1
/organization/cooliris,28100000.0,3.0,2006.0,2007.0,2011.0,USA,Messaging,1
/organization/cooptions-technologies,10000000.0,1.0,1999.0,2009.0,2009.0,IND,Software,0
/organization/copan-systems,71426633.0,4.0,2002.0,2006.0,2009.0,USA,Analytics,1
/organization/copilot-labs,4899605.0,3.0,2010.0,2012.0,2013.0,USA,Local Businesses,1
/organization/copiun,4901574.0,3.0,,2010.0,2012.0,USA,Software,1
/organization/copperegg-corporation,4100000.0,2.0,2010.0,2011.0,2012.0,USA,Enterprise Software,1
/organization/copperfasten,627300.0,1.0,2000.0,2012.0,2012.0,IRL,Security,0
/organization/coppergate-communications,14500000.0,1.0,2000.0,2005.0,2005.0,ISR,Semiconductors,1
/organization/copypants-inc,55000.0,1.0,,2015.0,2015.0,CAN,SaaS,0
/organization/coquelux,,1.0,2008.0,2012.0,2012.0,BRA,E-Commerce,1
/organization/coradiant,27700000.0,2.0,2000.0,2005.0,2007.0,USA,SaaS,1
/organization/corank,,1.0,2007.0,2007.0,2007.0,USA,Curated Web,0
/organization/cord-blood-registry,18000000.0,1.0,1992.0,2002.0,2002.0,USA,Clinical Trials,1
/organization/cordys-software,80000000.0,1.0,2001.0,2007.0,2007.0,NLD,Business Development,1
/organization/core-essence-orthopaedics,18432029.0,4.0,,2008.0,2012.0,USA,Biotechnology,0
/organization/core-natural,,1.0,,2015.0,2015.0,,,0
/organization/corechange,25000000.0,1.0,1996.0,2001.0,2001.0,USA,Consulting,1
/organization/coreexpress,573000000.0,1.0,,2000.0,2000.0,USA,Services,1
/organization/coremetrics,91000000.0,2.0,1999.0,2006.0,2008.0,USA,Advertising,1
/organization/coreobjects-software,2000000.0,1.0,1997.0,2009.0,2009.0,USA,Enterprise Software,1
/organization/coreoptics,89500000.0,4.0,2001.0,2002.0,2008.0,DEU,Web Hosting,1
/organization/corepair,5685000.0,2.0,,2008.0,2010.0,USA,Health Care,0
/organization/coresonic,1801500.0,1.0,2004.0,2010.0,2010.0,SWE,Hardware + Software,1
/organization/corestar-financial-group,4000000.0,1.0,,2004.0,2004.0,USA,Finance,0
/organization/coretrace,20404494.0,5.0,2007.0,2007.0,2012.0,USA,Security,1
/organization/corexchange,,1.0,,2011.0,2011.0,USA,Web Hosting,1
/organization/corgenix,1250000.0,1.0,,2010.0,2010.0,USA,Biotechnology,1
/organization/corimmun,8067308.0,2.0,,2007.0,2008.0,DEU,Biotechnology,1
/organization/coriolis-networks,41300000.0,2.0,1999.0,2001.0,2004.0,USA,Networking,0
/organization/corkshare,,1.0,2009.0,2010.0,2010.0,,Curated Web,0
/organization/corona-labs,3000000.0,3.0,2008.0,2009.0,2012.0,USA,Android,1
/organization/corona-networks,40000000.0,1.0,,2001.0,2001.0,,Electronics,0
/organization/corporate-lodging-consultants,,1.0,1977.0,2003.0,2003.0,USA,Travel,1
/organization/corral,600000.0,1.0,,2014.0,2014.0,USA,Collaboration,1
/organization/correctnet,8620000.0,3.0,1997.0,2001.0,2010.0,USA,Analytics,1
/organization/correlix,11400000.0,4.0,2006.0,2005.0,2012.0,USA,Enterprise Software,1
/organization/corrigo,20000000.0,2.0,1999.0,2005.0,2007.0,USA,Software,1
/organization/cortex,,1.0,2010.0,2011.0,2011.0,USA,Curated Web,0
/organization/cortex-business-solutions,4826784.0,3.0,1999.0,2009.0,2013.0,CAN,Enterprise Software,0
/organization/cortex-healthcare,60000.0,1.0,2009.0,2010.0,2010.0,USA,Enterprise Software,0
/organization/corthera,23000000.0,1.0,,2007.0,2007.0,USA,Biotechnology,1
/organization/cortina-systems,162000000.0,2.0,2001.0,2005.0,2006.0,USA,Hardware,1
/organization/corus-pharma-2,60000000.0,1.0,,2004.0,2004.0,USA,Pharmaceuticals,0
/organization/corventis,10000006.0,1.0,,2009.0,2009.0,USA,Health and Wellness,1
/organization/corvigo,5500000.0,1.0,2002.0,2003.0,2003.0,USA,Email,1
/organization/cosmogonia-caotica-sapi-de-cv,40143.0,1.0,2014.0,2015.0,2015.0,MEX,Development Platforms,0
/organization/costumeworks,175000.0,1.0,2008.0,2009.0,2009.0,USA,E-Commerce,0
/organization/cotendo,36000000.0,4.0,2008.0,2008.0,2011.0,USA,Content Delivery,1
/organization/coterie-inc,1500000.0,1.0,2012.0,2012.0,2012.0,USA,Social Media,0
/organization/cotweet,1100000.0,1.0,2009.0,2009.0,2009.0,USA,Advertising,1
/organization/couchone,2000000.0,1.0,2009.0,2009.0,2009.0,USA,Software,0
/organization/couer-metrics,1220077.59693517,1.0,2004.0,2004.0,2004.0,,Health Care,0
/organization/counterpane-internet-security-inc-a-division-of-british-telecom-bt-global-services,20000000.0,1.0,1888.0,2003.0,2003.0,USA,Risk Management,1
/organization/counterstorm,9500000.0,1.0,2001.0,2005.0,2005.0,USA,Security,1
/organization/coupofy,,1.0,2015.0,2015.0,2015.0,,,0
/organization/coupons-near-me,10000.0,1.0,,2013.0,2013.0,,Coupons,0
/organization/coupoplaces,15000.0,1.0,2011.0,2011.0,2011.0,GBR,Coupons,0
/organization/courtlink,15000000.0,1.0,,1999.0,1999.0,USA,Information Technology,1
/organization/couverts,,1.0,,2010.0,2010.0,,,0
/organization/covagen,90505207.0,5.0,2007.0,2009.0,2014.0,CHE,Biotechnology,1
/organization/covario,16000000.0,2.0,2006.0,2007.0,2008.0,USA,Advertising,1
/organization/covarity,11000000.0,4.0,2001.0,2006.0,2010.0,CAN,Finance,1
/organization/covelus,789000.0,1.0,2003.0,2005.0,2005.0,GBR,Software,0
/organization/cover-lockscreen,1700000.0,1.0,2013.0,2013.0,2013.0,,Android,1
/organization/coveritlive,1000000.0,1.0,2007.0,2009.0,2009.0,USA,Blogging Platforms,1
/organization/coverity,22000000.0,1.0,2002.0,2008.0,2008.0,USA,Enterprise Software,1
/organization/covestor,23850000.0,4.0,2005.0,2007.0,2013.0,USA,Finance,1
/organization/coware,7000000.0,1.0,1997.0,2007.0,2007.0,USA,Software,1
/organization/cozi-inc,5800000.0,1.0,2013.0,2013.0,2013.0,USA,Events,1
/organization/cozigroup,29557587.0,8.0,2005.0,2005.0,2012.0,USA,Curated Web,0
/organization/cpa-exchange,500000.0,1.0,2012.0,2013.0,2013.0,RUS,Financial Services,0
/organization/cpm-braxis,100000000.0,1.0,1982.0,2008.0,2008.0,BRA,Consulting,1
/organization/cpower,27680000.0,2.0,2000.0,2007.0,2009.0,USA,Clean Technology,1
/organization/cramer-systems,,1.0,1996.0,1999.0,1999.0,,Consulting,1
/organization/cramster,9000000.0,2.0,2002.0,2008.0,2010.0,USA,Curated Web,1
/organization/crashlytics,6000000.0,2.0,2011.0,2011.0,2012.0,USA,Mobile,1
/organization/crashpadder,,1.0,2009.0,2011.0,2011.0,GBR,Curated Web,1
/organization/createtv-inc,2250000.0,1.0,2015.0,2015.0,2015.0,USA,,0
/organization/creationflow,150000.0,1.0,2007.0,2009.0,2009.0,ARG,Collaboration,0
/organization/creative-citizen,,1.0,2007.0,2008.0,2008.0,USA,Environmental Innovation,0
/organization/creative-logic-media,50000.0,1.0,2006.0,2008.0,2008.0,USA,Consulting,0
/organization/creativemarket,2300000.0,2.0,2011.0,2011.0,2012.0,USA,Creative,1
/organization/credant-technologies,21000000.0,3.0,2001.0,2002.0,2009.0,USA,Security,1
/organization/credentialenvironmental,,1.0,,2007.0,2007.0,GBR,Environmental Innovation,1
/organization/credit-coach-electronic-services,1000000.0,2.0,2008.0,2009.0,2010.0,USA,Banking,0
/organization/creditcards-com,58800000.0,1.0,2004.0,2010.0,2010.0,USA,Credit Cards,1
/organization/creditcardsonline,3000000.0,2.0,2006.0,2011.0,2013.0,,Banking,0
/organization/credport,18852.0,1.0,,2012.0,2012.0,DEU,Internet,0
/organization/creekpath-system,39000000.0,2.0,,2001.0,2002.0,,Services,1
/organization/crescendo-bioscience,161600003.0,5.0,2002.0,2008.0,2013.0,USA,Biotechnology,1
/organization/crescendo-networks,24500000.0,3.0,2002.0,2006.0,2009.0,ISR,Web Hosting,1
/organization/crew32,5174999.0,1.0,,2015.0,2015.0,USA,,0
/organization/cri-technologies,11000000.0,2.0,2001.0,2007.0,2009.0,USA,Consulting,0
/organization/crimereports,16494801.0,3.0,2007.0,2009.0,2009.0,USA,Curated Web,1
/organization/critical-therapeutics-inc,56000000.0,1.0,,2003.0,2003.0,USA,Bio-Pharm,1
/organization/criticalmetrics,100000.0,1.0,2007.0,2007.0,2007.0,USA,Curated Web,0
/organization/crocodile-gold,18000000.0,1.0,2009.0,2014.0,2014.0,CAN,Manufacturing,0
/organization/crocodoc,,1.0,2010.0,2010.0,2010.0,USA,Software,1
/organization/crono,25000.0,1.0,2008.0,2008.0,2008.0,USA,Software,0
/organization/crossbeam-systems,24500000.0,2.0,2000.0,2007.0,2008.0,USA,Security,1
/organization/crossbow-technologies,13020000.0,2.0,1995.0,2005.0,2009.0,USA,Manufacturing,1
/organization/crossing-automation,13205000.0,2.0,2003.0,2008.0,2010.0,USA,Semiconductors,1
/organization/crossreader,,1.0,2011.0,2011.0,2011.0,ISR,Curated Web,0
/organization/crosstarget,2000000.0,1.0,2014.0,2014.0,2014.0,,Advertising,0
/organization/crossweave,8100000.0,1.0,,2001.0,2001.0,USA,Software,1
/organization/crossworld-warranty,200000.0,2.0,2012.0,2013.0,2013.0,USA,Consumer Electronics,0
/organization/crovat,50000.0,1.0,,2011.0,2011.0,,Consumer Goods,0
/organization/crowd-sourced-story,,1.0,2014.0,2015.0,2015.0,KOR,,0
/organization/crowd-technologies,1000000.0,1.0,,2007.0,2007.0,USA,Social Media,0
/organization/crowd-xchange-com,,1.0,2013.0,2014.0,2014.0,USA,Finance,1
/organization/crowdberry,167030.421807492,1.0,2015.0,2015.0,2015.0,,Financial Services,0
/organization/crowdcast,6000000.0,1.0,2007.0,2010.0,2010.0,USA,Collaboration,1
/organization/crowdcompass,1300000.0,1.0,2009.0,2011.0,2011.0,USA,Android,1
/organization/crowdfactory,12035360.0,2.0,2009.0,2008.0,2011.0,USA,Advertising,1
/organization/crowdfanatic,,1.0,2009.0,2009.0,2009.0,CAN,Curated Web,0
/organization/crowdhall,770000.0,2.0,2012.0,2012.0,2013.0,USA,Brand Marketing,0
/organization/crowdmob,1000000.0,1.0,2010.0,2011.0,2011.0,USA,Advertising,0
/organization/crowdpatent,,1.0,,2015.0,2015.0,DEU,Application Platforms,0
/organization/crowdpc-inc,880000.0,3.0,2012.0,2011.0,2013.0,USA,Business Services,0
/organization/crowdsavings,5126000.0,3.0,2009.0,2011.0,2012.0,USA,E-Commerce,1
/organization/crowdsling,40000.0,1.0,2011.0,2011.0,2011.0,USA,Blogging Platforms,0
/organization/crowdzone,,1.0,,2009.0,2009.0,USA,Apps,0
/organization/crs-retail-systems,,1.0,,2002.0,2002.0,,,0
/organization/crucell,443000000.0,1.0,1993.0,2009.0,2009.0,NLD,Biotechnology,1
/organization/crude-area,115015.0,2.0,2012.0,2013.0,2013.0,IND,Art,1
/organization/cruise-compare,253194.0,2.0,2011.0,2010.0,2011.0,GBR,Travel,0
/organization/crunch-e,,1.0,2012.0,2012.0,2012.0,,,1
/organization/crunch-pic,5000000.0,1.0,2015.0,2015.0,2015.0,,File Sharing,0
/organization/crunchyroll,26799993.0,3.0,2008.0,2008.0,2015.0,USA,Games,1
/organization/crux-biomedical,8000000.0,1.0,,2009.0,2009.0,USA,Biotechnology,1
/organization/crx-markets,,1.0,2012.0,2015.0,2015.0,,,0
/organization/cryo-innovation,,1.0,,2010.0,2010.0,HUN,,1
/organization/cryocor-inc,39500000.0,2.0,2000.0,2002.0,2003.0,USA,Medical Devices,1
/organization/crypteia-networks,861714.0,4.0,2011.0,2011.0,2013.0,GRC,Cyber Security,1
/organization/cryptoseal,280000.0,1.0,2011.0,2011.0,2011.0,USA,Networking,1
/organization/cryptzone,15000000.0,1.0,2003.0,2015.0,2015.0,SWE,Software,1
/organization/crème-ciseaux,552326.468693312,2.0,2013.0,2014.0,2014.0,,,0
/organization/cs-keys,6535000.0,2.0,,2006.0,2008.0,USA,Biotechnology,0
/organization/cs-networks,6545530.0,1.0,2009.0,2013.0,2013.0,GBR,Messaging,0
/organization/csa-performance-wheels-limited,1000655.244167,1.0,,2015.0,2015.0,,,0
/organization/csafe,8500000.0,1.0,1998.0,1999.0,1999.0,ISR,,0
/organization/csg-solar,31253119.8860997,1.0,2004.0,2005.0,2005.0,DEU,Electrical Distribution,0
/organization/csl-dualcom,3737446.0,2.0,1996.0,2009.0,2011.0,GBR,Security,1
/organization/cspsource-com,,1.0,,1999.0,1999.0,,,0
/organization/csr,19074918.0,2.0,1999.0,2000.0,2002.0,USA,All Markets,1
/organization/cswitch,30000000.0,1.0,,2006.0,2006.0,USA,Semiconductors,0
/organization/cubby,65000.0,1.0,2011.0,2011.0,2011.0,USA,Collaborative Consumption,0
/organization/cube-optics,9787513.0,1.0,2000.0,2002.0,2002.0,DEU,Public Relations,1
/organization/cuberon,,1.0,2015.0,2015.0,2015.0,USA,Big Data Analytics,0
/organization/cubeteam,,1.0,,2001.0,2001.0,,,0
/organization/cubetree,11500000.0,3.0,2004.0,2008.0,2009.0,USA,Collaboration,1
/organization/cubicl,130000.0,2.0,2009.0,2009.0,2010.0,USA,Blogging Platforms,0
/organization/cubikal,10000.0,1.0,2012.0,2012.0,2012.0,USA,Mobile,0
/organization/cucumbertown,300000.0,1.0,2012.0,2012.0,2012.0,USA,Blogging Platforms,1
/organization/cue,4715000.0,3.0,2010.0,2010.0,2011.0,USA,Curated Web,1
/organization/cuil,33000000.0,2.0,2005.0,2007.0,2008.0,USA,Search,0
/organization/culhanimal-productions,25000.0,1.0,2014.0,2015.0,2015.0,,,0
/organization/cultivate-it-solutions-management-pvt-ltd,20000.0,1.0,2010.0,2010.0,2010.0,IND,Information Technology,0
/organization/culture-kitchen,,1.0,2011.0,2011.0,2011.0,USA,Cooking,0
/organization/cultured-beans,,1.0,,2014.0,2014.0,,,0
/organization/cumulux,650000.0,1.0,2008.0,2011.0,2011.0,USA,Cloud Computing,1
/organization/cupomnow,1500000.0,2.0,2011.0,2011.0,2011.0,BRA,Coupons,0
/organization/curaicty,2250000.0,2.0,2015.0,2015.0,2015.0,,Internet Marketing,0
/organization/curatedby,,1.0,2009.0,2010.0,2010.0,USA,Curated Web,0
/organization/curaxis-pharmaceutical,1526000.0,1.0,,2010.0,2010.0,USA,Biotechnology,0
/organization/curbed,1500000.0,1.0,2004.0,2007.0,2007.0,USA,Advertising,1
/organization/curbsy,,1.0,2011.0,2011.0,2011.0,USA,Android,0
/organization/curefab,,1.0,2009.0,2010.0,2010.0,DEU,Health Care,0
/organization/current,13000000.0,1.0,,2011.0,2011.0,USA,Software,1
/organization/current-communications-group,100000000.0,1.0,,2005.0,2005.0,USA,Software,1
/organization/currenttv,15000000.0,1.0,2005.0,2005.0,2005.0,USA,News,0
/organization/curtco-media-group,100000000.0,1.0,,2003.0,2003.0,USA,Media,0
/organization/curtume-er,169000.0,1.0,,1985.0,1985.0,BRA,,0
/organization/curve,,1.0,2015.0,2015.0,2015.0,GBR,Mobile,0
/organization/curverider,588384.0,1.0,2005.0,2007.0,2007.0,GBR,Open Source,1
/organization/customershq,,2.0,2015.0,2015.0,2015.0,,,0
/organization/cut-a-long-story,95656.0,1.0,,2015.0,2015.0,,Communities,0
/organization/cuturia,200000.0,1.0,,2012.0,2012.0,USA,Fashion,0
/organization/cuvva,250000.0,1.0,2014.0,2015.0,2015.0,,Finance Technology,0
/organization/cv-ingenuity,32676154.0,4.0,2008.0,2009.0,2013.0,USA,Health Care,0
/organization/cvn-networks,7000.0,1.0,2007.0,2007.0,2007.0,CHN,Consulting,0
/organization/cxr-biosciences,2555672.0,1.0,2001.0,2008.0,2008.0,GBR,Biotechnology,1
/organization/cya-technologies,3000000.0,1.0,1998.0,2007.0,2007.0,USA,Enterprise Software,1
/organization/cyactive,,1.0,2013.0,2014.0,2014.0,ISR,Security,1
/organization/cyan,130082104.0,7.0,2006.0,2006.0,2014.0,USA,Software,1
/organization/cyberdefender,13210580.0,7.0,2003.0,2009.0,2011.0,USA,IT and Cybersecurity,0
/organization/cybernet-software-systems,22500000.0,1.0,,2006.0,2006.0,USA,Enterprise Software,0
/organization/cyberoad-com,2270000.0,1.0,,1999.0,1999.0,,,0
/organization/cyberport,,1.0,1998.0,1999.0,1999.0,DEU,Technology,1
/organization/cybersource,,2.0,,1997.0,1998.0,USA,Enterprise Software,1
/organization/cybrant,15000000.0,1.0,1999.0,2000.0,2000.0,USA,,1
/organization/cycell,2535759.0,2.0,,2011.0,2012.0,GBR,Mobile,0
/organization/cycle-gear,,1.0,1974.0,2005.0,2005.0,USA,Automotive,1
/organization/cylene-pharmaceuticals,98802924.0,5.0,,2005.0,2013.0,USA,Biotechnology,0
/organization/cymbal,,1.0,,2015.0,2015.0,USA,Apps,0
/organization/cymfony,7400000.0,1.0,,2003.0,2003.0,USA,Analytics,1
/organization/cymphonix,6623651.0,3.0,2004.0,2005.0,2011.0,USA,Web Hosting,1
/organization/cyntellect,42600000.0,4.0,1997.0,2007.0,2010.0,USA,Biotechnology,0
/organization/cyoptics,77000000.0,2.0,1999.0,2005.0,2011.0,USA,Semiconductors,1
/organization/cyota,27250000.0,4.0,,2000.0,2004.0,USA,Security,1
/organization/cyrano-sciences,23000000.0,1.0,,2000.0,2000.0,USA,Biotechnology,0
/organization/cyren-call-communications,170000.0,1.0,2006.0,2009.0,2009.0,USA,Consulting,0
/organization/cyrium-technologies,17606421.6437253,2.0,2002.0,2005.0,2008.0,CAN,Manufacturing,0
/organization/cyrusone,150600000.0,2.0,2000.0,2009.0,2014.0,USA,Web Hosting,1
/organization/cytheris,45700000.0,2.0,1999.0,2006.0,2010.0,FRA,Biotechnology,0
/organization/cyto-wave-technologies,965000.0,1.0,2012.0,2013.0,2013.0,USA,Biotechnology,0
/organization/cytochroma,68470098.0075415,4.0,,2001.0,2008.0,USA,Biotechnology,1
/organization/cytodome-inc,,6.0,,2004.0,2007.0,USA,,0
/organization/cytomics-pharmaceuticals,11885330.3329477,1.0,2000.0,2006.0,2006.0,FRA,Biotechnology,0
/organization/cytosolv,500000.0,1.0,2009.0,2010.0,2010.0,USA,Biotechnology,1
/organization/cytosport,,1.0,1988.0,2006.0,2006.0,USA,Consumer Goods,1
/organization/cytovance-biologics,42500000.0,2.0,,2011.0,2014.0,USA,Biotechnology,1
/organization/cyvek,22304410.0,5.0,2008.0,2010.0,2014.0,USA,Biotechnology,1
/organization/cyvera,13100000.0,3.0,2011.0,2012.0,2013.0,ISR,Information Security,1
/organization/czen,3500000.0,1.0,,2006.0,2006.0,USA,,0
/organization/d-b-company,200000000.0,1.0,2010.0,2010.0,2010.0,USA,B2B,1
/organization/d-labs-2,1210185.0,2.0,,2006.0,2009.0,DEU,Design,0
/organization/d-lisi-food-systems,4200000.0,1.0,,2004.0,2004.0,USA,Food Processing,0
/organization/d2audio,15500000.0,1.0,,2003.0,2003.0,,Audio,1
/organization/d2c-games,7500000.0,2.0,2006.0,2006.0,2007.0,USA,Games,0
/organization/d4p,25025.0,1.0,,2013.0,2013.0,MEX,Billing,0
/organization/d7-sounds-llc,25000.0,1.0,2015.0,2015.0,2015.0,USA,Entertainment Industry,0
/organization/d8a-group,45000.0,2.0,2011.0,2011.0,2012.0,USA,Big Data,0
/organization/da-village,170000.0,1.0,2011.0,2014.0,2014.0,,Social Media,0
/organization/dabble,350000.0,1.0,,2006.0,2006.0,USA,Games,0
/organization/dabbledb,,1.0,,2006.0,2006.0,CAN,Curated Web,1
/organization/dachis-group,37500000.0,2.0,2008.0,2011.0,2013.0,USA,Advertising,1
/organization/dadoof,135520.0,2.0,2014.0,2014.0,2015.0,,Curated Web,0
/organization/daegis,4000000.0,1.0,1980.0,2011.0,2011.0,USA,Software,1
/organization/daily-sales-exchange,283500.0,2.0,,2012.0,2013.0,USA,E-Commerce,0
/organization/dailybooth,7015000.0,3.0,2009.0,2009.0,2011.0,USA,Photo Sharing,1
/organization/dailyburn,540000.0,2.0,2007.0,2008.0,2009.0,USA,Exercise,1
/organization/dailydeal,9360000.0,1.0,2009.0,2010.0,2010.0,DEU,Curated Web,1
/organization/dailymotion,68500000.0,3.0,2005.0,2006.0,2009.0,,Hardware,1
/organization/dailysingle,,1.0,2009.0,2009.0,2009.0,USA,Curated Web,0
/organization/dailystrength,5000000.0,1.0,2006.0,2007.0,2007.0,USA,Curated Web,1
/organization/dailyticket,500000.0,1.0,,2010.0,2010.0,,Advertising,0
/organization/daitan-group,,1.0,2004.0,2006.0,2006.0,,,0
/organization/daixe,20000.0,1.0,2009.0,2009.0,2009.0,MEX,Design,0
/organization/daksh-eservices,27000000.0,2.0,,2001.0,2002.0,USA,Outsourcing,1
/organization/daksh-infosoft,6000000.0,1.0,,2001.0,2001.0,IND,Advertising,1
/organization/daleen-holdings,30000000.0,1.0,,2004.0,2004.0,USA,Billing,0
/organization/damntheradio,,1.0,,2010.0,2010.0,USA,Curated Web,1
/organization/dancejam,4500000.0,2.0,2007.0,2007.0,2008.0,USA,Music,0
/organization/dandelion,50000.0,1.0,2014.0,2014.0,2014.0,USA,Advertising Platforms,1
/organization/danger,118300000.0,5.0,1999.0,2000.0,2006.0,USA,Software,1
/organization/danger-room-gaming,355000.0,2.0,2009.0,2009.0,2009.0,USA,Games,0
/organization/danotek-motion-technologies,42700000.0,3.0,2001.0,2008.0,2011.0,USA,Clean Technology,0
/organization/dansk-bredband,13500000.0,1.0,,2004.0,2004.0,USA,Service Providers,0
/organization/daogames,17136.0,1.0,,2015.0,2015.0,DEU,Games,0
/organization/dapper,4000000.0,2.0,2006.0,2006.0,2007.0,USA,Advertising,1
/organization/daptiv,30500000.0,4.0,1997.0,2005.0,2009.0,USA,Collaboration,1
/organization/dara-biosciences,7397000.0,2.0,,2009.0,2014.0,USA,Biotechnology,1
/organization/darberry,,1.0,2010.0,2010.0,2010.0,RUS,E-Commerce,1
/organization/darby-smart,7300000.0,2.0,2013.0,2013.0,2014.0,,E-Commerce,0
/organization/dark-cubed,502100.0,1.0,2014.0,2015.0,2015.0,,Cyber,0
/organization/darkstrand,12000000.0,1.0,2005.0,2008.0,2008.0,USA,Software,0
/organization/dartdevices,,1.0,,2007.0,2007.0,USA,Software,0
/organization/darwin-marketing,2545000.0,2.0,,2008.0,2009.0,CHN,Digital Media,0
/organization/darwinsuzsoft,48000000.0,1.0,,2007.0,2007.0,USA,Software,0
/organization/das-group-of-solutions,5118761.0,1.0,2015.0,2015.0,2015.0,IND,Advice,0
/organization/dash,65000000.0,3.0,,2006.0,2008.0,USA,Gps,1
/organization/dashluxe,,2.0,,2010.0,2011.0,AUS,Fashion,0
/organization/dashwire,3859459.0,2.0,2006.0,2009.0,2010.0,USA,Mobile,1
/organization/dasient,2000000.0,1.0,,2009.0,2009.0,USA,Curated Web,1
/organization/data-and-email-marketing,1200000.0,1.0,2009.0,2013.0,2013.0,,Databases,0
/organization/data-domain,17000000.0,1.0,2001.0,2003.0,2003.0,USA,Enterprise Software,1
/organization/data-impact,5000000.0,1.0,,2010.0,2010.0,USA,Software,1
/organization/data-marketplace,,1.0,2010.0,2010.0,2010.0,USA,Curated Web,1
/organization/data-security-systems-solutions,,1.0,1998.0,2010.0,2010.0,SGP,Information Security,1
/organization/data-tv-networks,4920000.0,2.0,,2000.0,2001.0,USA,Services,1
/organization/database-angel,,1.0,,2000.0,2000.0,,E-Commerce,0
/organization/datablade,118000.0,1.0,,2015.0,2015.0,,Cloud Data Services,0
/organization/datacert,17500000.0,3.0,1998.0,2001.0,2007.0,USA,Legal,1
/organization/datadog-health,250000.0,1.0,,2015.0,2015.0,USA,,0
/organization/dataflow,,1.0,,2014.0,2014.0,HKG,Human Resources,1
/organization/datallegro,63100000.0,4.0,2003.0,2004.0,2008.0,USA,Web Hosting,1
/organization/datalogix,86545843.0,6.0,2002.0,2009.0,2014.0,USA,Advertising,1
/organization/datam,4300000.0,1.0,,2008.0,2008.0,ARG,Advertising,0
/organization/datango,2650000.0,1.0,1999.0,2006.0,2006.0,,Software,1
/organization/datanomic,6300003.83690592,5.0,2001.0,2003.0,2006.0,GBR,Enterprise Software,1
/organization/datapad-inc,1700000.0,1.0,2013.0,2013.0,2013.0,USA,Analytics,1
/organization/datapop,9200000.0,3.0,2008.0,2009.0,2012.0,USA,Advertising,1
/organization/datarank,1588000.0,3.0,2011.0,2013.0,2015.0,USA,Enterprise Software,1
/organization/datarose,100000.0,1.0,2006.0,2009.0,2009.0,USA,Software,0
/organization/datasynapse,15000000.0,1.0,2000.0,2001.0,2001.0,USA,Software,1
/organization/datatracker,16000.0,1.0,2012.0,2012.0,2012.0,ISL,Analytics,0
/organization/datavote,100000.0,1.0,2010.0,2011.0,2011.0,USA,Big Data,0
/organization/datawire-communication-networks,11000000.0,1.0,,2003.0,2003.0,CAN,Telecommunications,0
/organization/datebox,50000.0,1.0,2014.0,2015.0,2015.0,USA,Match-Making,0
/organization/datemyfamily-com,100000.0,1.0,2011.0,2011.0,2011.0,USA,Networking,0
/organization/datezr,,1.0,2014.0,2014.0,2014.0,,Content Creators,0
/organization/datria-systems,8459197.0,2.0,,2002.0,2010.0,USA,Enterprise Software,1
/organization/davgar-holdings-group,,1.0,1969.0,2014.0,2014.0,,,0
/organization/davia,,1.0,,2010.0,2010.0,,Mobile,0
/organization/daybreak-intellectual-capital-solutions,50000.0,1.0,2002.0,2010.0,2010.0,USA,Enterprise Software,0
/organization/dayforce,40000000.0,3.0,2008.0,2009.0,2011.0,CAN,Cloud Computing,1
/organization/dayjet,50000000.0,1.0,,2007.0,2007.0,,Public Transportation,0
/organization/daylife,12300000.0,2.0,2006.0,2007.0,2009.0,USA,Curated Web,1
/organization/dazzling-beauty-group,150000.0,1.0,2011.0,2011.0,2011.0,USA,Beauty,0
/organization/dbassociates-it,9000000.0,1.0,,2004.0,2004.0,USA,Technology,0
/organization/dcwafers,4700000.0,1.0,,2008.0,2008.0,,Clean Technology,0
/organization/deal-decor,1200000.0,1.0,2011.0,2012.0,2012.0,USA,E-Commerce,0
/organization/dealangel,868000.0,3.0,2011.0,2011.0,2012.0,USA,Finance,0
/organization/dealbird,,1.0,,2010.0,2010.0,USA,Automotive,0
/organization/dealer-com,5000000.0,2.0,1998.0,2010.0,2011.0,USA,Advertising,1
/organization/dealer-tire,157866382.0,1.0,1999.0,2009.0,2009.0,USA,Automotive,1
/organization/dealertrack,436180930.0,2.0,2001.0,2002.0,2014.0,USA,Business Services,1
/organization/dealitlive-com,300000.0,1.0,2008.0,2009.0,2009.0,USA,Curated Web,0
/organization/dealorer-com,,2.0,2014.0,2014.0,2015.0,,,0
/organization/dealperk,,1.0,2010.0,2010.0,2010.0,USA,Coupons,1
/organization/dealradar,1500000.0,1.0,2010.0,2011.0,2011.0,USA,Advertising,1
/organization/dealstreet,,1.0,2009.0,2009.0,2009.0,,Auctions,0
/organization/debt-market,4352758.0,5.0,2007.0,2007.0,2011.0,,B2B,1
/organization/debteye,,1.0,2010.0,2011.0,2011.0,USA,Software,0
/organization/debtfolio,1584593.0,2.0,,2007.0,2009.0,USA,Finance,1
/organization/decarta,56063148.0,6.0,1996.0,2005.0,2012.0,USA,Enterprise Software,1
/organization/decide-com,16500000.0,3.0,2011.0,2010.0,2013.0,USA,Consumer Electronics,1
/organization/decipher,,1.0,,2007.0,2007.0,USA,,1
/organization/decisio-health,,1.0,2013.0,2015.0,2015.0,USA,,0
/organization/decision-management-international,14000000.0,1.0,1993.0,2001.0,2001.0,USA,Enterprise Software,1
/organization/decisionview,10510626.0,4.0,,2007.0,2010.0,USA,Software,1
/organization/decnut,50000.0,1.0,,2015.0,2015.0,,Health Care,0
/organization/decosnap-com,40000.0,1.0,,2012.0,2012.0,,Curated Web,0
/organization/decru,40000000.0,1.0,2001.0,2002.0,2002.0,USA,Computers,1
/organization/decuma-ab,3471859.0,1.0,1999.0,2003.0,2003.0,SWE,Development Platforms,1
/organization/deep-forest-media,8207892.0,3.0,2012.0,2014.0,2014.0,USA,Algorithms,1
/organization/deerpath-energy,3500000.0,1.0,,2008.0,2008.0,USA,Clean Technology,1
/organization/defense-net,9500000.0,1.0,2012.0,2013.0,2013.0,USA,Security,1
/organization/define-my-style,690000.0,1.0,2010.0,2011.0,2011.0,USA,Curated Web,0
/organization/definiens,33272398.0,2.0,1994.0,2012.0,2014.0,DEU,Analytics,1
/organization/defywire,15100000.0,3.0,2003.0,2003.0,2007.0,USA,Mobile,0
/organization/del-taco,260000000.0,1.0,,2014.0,2014.0,USA,Services,0
/organization/delicious,,1.0,2003.0,2005.0,2005.0,USA,Social Media,1
/organization/deline-jy-inc,100000.0,1.0,2008.0,2008.0,2008.0,KOR,Curated Web,0
/organization/deliveree,,1.0,2015.0,2015.0,2015.0,,,0
/organization/delivery-club,12000000.0,2.0,2009.0,2012.0,2013.0,RUS,E-Commerce,0
/organization/deliverycube,161358.567422781,1.0,2014.0,2015.0,2015.0,,,0
/organization/deltek,2000019.0,1.0,1983.0,2009.0,2009.0,USA,Enterprise Software,1
/organization/deluux,,1.0,,2008.0,2008.0,USA,Curated Web,0
/organization/delve-networks,11567800.0,3.0,2006.0,2006.0,2009.0,USA,Audio,1
/organization/delver,4000000.0,2.0,2007.0,2007.0,2008.0,ISR,Networking,1
/organization/demandforce,10119801.0,3.0,2003.0,2010.0,2011.0,USA,Software,1
/organization/demandtec,6000000.0,1.0,1999.0,2007.0,2007.0,USA,Fmcg,1
/organization/demantra,16600000.0,1.0,1996.0,2003.0,2003.0,USA,Consumer Electronics,1
/organization/demdex,8500000.0,3.0,2008.0,2008.0,2010.0,USA,Advertising,1
/organization/demibooks,533000.0,4.0,2011.0,2011.0,2012.0,USA,Education,1
/organization/denison-entertainment,75000000.0,1.0,,2007.0,2007.0,,,0
/organization/denovis,22000000.0,1.0,1999.0,2004.0,2004.0,USA,Computers,0
/organization/deploy-solution,36000000.0,2.0,,1999.0,2003.0,USA,Software,1
/organization/der-grne-punkt-duales-system-deutschland,,1.0,1990.0,2011.0,2011.0,DEU,Clean Technology,1
/organization/derivix,12700000.0,2.0,2005.0,2008.0,2010.0,USA,Software,1
/organization/dermagen,,1.0,2004.0,2008.0,2008.0,SWE,Biotechnology,0
/organization/descubre-la,47434.0,1.0,,2012.0,2012.0,GTM,Marketplaces,0
/organization/descubrimos,300000.0,1.0,2008.0,2010.0,2010.0,USA,Ad Targeting,0
/organization/deseandolo-com,62515.0,1.0,2013.0,2013.0,2013.0,,E-Commerce,0
/organization/desert-power,1140000.0,1.0,,2005.0,2005.0,USA,Industrial,0
/organization/design-clinicals,432299.0,1.0,2007.0,2009.0,2009.0,USA,Software,1
/organization/design-within-reach,16800000.0,2.0,1998.0,2009.0,2012.0,USA,Designers,1
/organization/design2launch,2700000.0,2.0,1999.0,2002.0,2005.0,USA,Software,1
/organization/designart-networks,2000000.0,2.0,2006.0,2008.0,2009.0,ISR,Software,1
/organization/designcrowd,10966004.7852471,4.0,2008.0,2009.0,2015.0,AUS,Crowdsourcing,1
/organization/deskom,4156680.0,2.0,,2005.0,2008.0,FRA,Software,1
/organization/desktone,26249976.0,5.0,2006.0,2007.0,2011.0,USA,Web Hosting,1
/organization/deskwanted,681350.0,1.0,2009.0,2011.0,2011.0,,Freelancers,0
/organization/destinationrx,18500000.0,1.0,1999.0,2008.0,2008.0,USA,Health Care,1
/organization/desura,100000.0,1.0,2010.0,2011.0,2011.0,,Digital Rights Management,1
/organization/detectent,80221.0,4.0,,2009.0,2014.0,USA,Analytics,1
/organization/devcontact,100000.0,1.0,2014.0,2014.0,2014.0,PAK,Apps,0
/organization/develogen-ag,22614560.6030549,1.0,,2003.0,2003.0,,,1
/organization/developonline-corporation,11000000.0,1.0,,2001.0,2001.0,USA,Development Platforms,0
/organization/device-magic,,1.0,,2011.0,2011.0,USA,,0
/organization/devicor-medical-products-group,151500204.0,1.0,,2010.0,2010.0,USA,Health Care,1
/organization/deviine-llc,2000.0,1.0,2015.0,2015.0,2015.0,,Apps,0
/organization/devilfish-poker-ltd,150830.0,1.0,2014.0,2015.0,2015.0,,Design,0
/organization/devotee,50000.0,2.0,2010.0,2010.0,2010.0,USA,Mobile,0
/organization/devtap,2600000.0,1.0,2008.0,2008.0,2008.0,USA,Search,0
/organization/devver,515000.0,2.0,,2008.0,2008.0,USA,Cloud Computing,0
/organization/devzuz,9250000.0,1.0,,2007.0,2007.0,,Enterprise Software,1
/organization/dexmo,105000.0,1.0,2006.0,2006.0,2006.0,GBR,Education,0
/organization/dexterra,144500000.0,7.0,2000.0,2002.0,2008.0,USA,Mobile,1
/organization/dexterra-2,35560000.0,1.0,,2007.0,2007.0,USA,Mobile,0
/organization/dextrophobia-rooms,115549.0,2.0,,2014.0,2015.0,BGR,Entertainment,0
/organization/deyor-rooms,500000.0,1.0,,2015.0,2015.0,,,0
/organization/dezineforce,1585418.0,1.0,2008.0,2010.0,2010.0,,Software,0
/organization/dfr-asia,,1.0,2007.0,2015.0,2015.0,CHN,Angels,0
/organization/dft-microsystems,6900000.0,2.0,,2003.0,2006.0,CAN,Semiconductors,0
/organization/dgplabs,4750000.0,1.0,,2007.0,2007.0,USA,Curated Web,0
/organization/dgse,5600000.0,2.0,,2010.0,2011.0,USA,E-Commerce,0
/organization/dhingana,8250000.0,2.0,2007.0,2011.0,2012.0,USA,Apps,1
/organization/diabetica,1210000.0,1.0,2004.0,2005.0,2005.0,GBR,Biotechnology,0
/organization/diaferon,927000.0,1.0,,2007.0,2007.0,DEU,Biotechnology,0
/organization/diagnostic-hybrids,,1.0,1983.0,2004.0,2004.0,USA,Biotechnology,1
/organization/diagnostic-ultrasound,34000000.0,1.0,,2005.0,2005.0,USA,Diagnostics,0
/organization/diagnovus,2010000.0,6.0,2011.0,2011.0,2013.0,USA,Health Diagnostics,1
/organization/dial-a-dealer,140000.0,1.0,2006.0,2008.0,2008.0,GBR,Gambling,0
/organization/dialogic,43019869.0,2.0,,2012.0,2013.0,USA,Communications Infrastructure,1
/organization/diamond-multimedia,,1.0,,1994.0,1994.0,USA,Graphics,0
/organization/dianboom,390000.0,1.0,2010.0,2011.0,2011.0,CHN,3D,0
/organization/diatherix-laboratories,1620030.0,2.0,2007.0,2010.0,2012.0,USA,Biotechnology,1
/organization/diavibe,20000.0,1.0,2010.0,2010.0,2010.0,USA,Medical Devices,0
/organization/dibcom,57358050.0,2.0,2000.0,2005.0,2007.0,FRA,Semiconductors,1
/organization/dibsie,450000.0,1.0,2010.0,2011.0,2011.0,USA,E-Commerce,0
/organization/dibspace,,1.0,2008.0,2009.0,2009.0,,Finance,1
/organization/dick-or-bro,150000.0,1.0,,2011.0,2011.0,USA,Celebrity,0
/organization/diditz,,1.0,2008.0,2009.0,2009.0,IND,Communities,0
/organization/digby,18533749.0,5.0,2006.0,2007.0,2012.0,USA,Android,1
/organization/digg,49000000.0,5.0,2004.0,2005.0,2015.0,USA,Design,1
/organization/digicompanion,2290000.0,1.0,2006.0,2007.0,2007.0,FRA,Software,0
/organization/digilab,362660.0,1.0,1996.0,2001.0,2001.0,BRA,Information Services,0
/organization/digimeld,2000000.0,1.0,,2008.0,2008.0,USA,Curated Web,0
/organization/digipix,,1.0,2004.0,2008.0,2008.0,,,0
/organization/digiquant,20000000.0,1.0,,2001.0,2001.0,,Business Services,1
/organization/digirep,33000.0,1.0,,2015.0,2015.0,CHL,Brand Marketing,0
/organization/digisat-technology,5000000.0,1.0,,2009.0,2009.0,HKG,Games,0
/organization/digiserved,152499.0,1.0,2015.0,2015.0,2015.0,,Freelancers,0
/organization/digistrive,4940357.0,1.0,2011.0,2012.0,2012.0,USA,E-Commerce,1
/organization/digit-wireless,10000000.0,2.0,2000.0,2005.0,2008.0,USA,Public Relations,0
/organization/digital-avenue,,1.0,,2007.0,2007.0,,,0
/organization/digital-bridges-2,18000000.0,1.0,,2004.0,2004.0,,Entertainment,0
/organization/digital-code-zero,,1.0,,2010.0,2010.0,CHN,,0
/organization/digital-counterpart,,1.0,,1999.0,1999.0,,,0
/organization/digital-development-partners,1020000.0,1.0,,2009.0,2009.0,USA,Software,0
/organization/digital-domain-media-group,58500000.0,3.0,,2012.0,2012.0,USA,Design,0
/organization/digital-fuel,13000000.0,3.0,2000.0,2003.0,2008.0,USA,Software,1
/organization/digital-fuel-technologies,5000000.0,1.0,2000.0,2007.0,2007.0,USA,,0
/organization/digital-link-corporation,,1.0,1985.0,1987.0,1987.0,USA,Designers,0
/organization/digital-luxury,,2.0,2008.0,2008.0,2010.0,BRA,E-Commerce,0
/organization/digital-marketing-solutions,,2.0,2002.0,2007.0,2009.0,SGP,Advertising,0
/organization/digital-media-broadcast,3100000.0,1.0,,1996.0,1996.0,USA,Broadcasting,1
/organization/digital-media-group-2,,1.0,,2007.0,2007.0,,,0
/organization/digital-music-universe,,1.0,2014.0,2015.0,2015.0,,Entertainment,0
/organization/digital-payment-technologies,3000000.0,1.0,1997.0,2008.0,2008.0,TUR,Software,1
/organization/digital-performance,4775579.0,4.0,2002.0,2006.0,2010.0,USA,Advertising,0
/organization/digital-railroad,15200000.0,2.0,,2005.0,2007.0,USA,Curated Web,0
/organization/digital-reef,20000000.0,2.0,2006.0,2006.0,2008.0,USA,Legal,1
/organization/digital-river,,1.0,1994.0,1999.0,1999.0,USA,Broadcasting,1
/organization/digital-sports,3216277.0,1.0,,2009.0,2009.0,USA,Curated Web,1
/organization/digital-theatre,1203771.0,1.0,,2013.0,2013.0,GBR,Games,1
/organization/digital-union,1700000.0,1.0,,2008.0,2008.0,USA,Software,0
/organization/digital-vision-systems-2,,3.0,,2011.0,2012.0,,,0
/organization/digital2go-media-networks,600000.0,1.0,,2014.0,2014.0,USA,Mobile,0
/organization/digitalchocolate,60900000.0,5.0,2003.0,2003.0,2012.0,USA,Facebook Applications,0
/organization/digitalpersona,13000000.0,1.0,1996.0,2004.0,2004.0,USA,Biometrics,1
/organization/digitalpost-interactive,3720975.0,5.0,,2009.0,2010.0,USA,Curated Web,0
/organization/digitalsmiths,38251364.0,6.0,2006.0,2006.0,2014.0,USA,Software,1
/organization/digitel-2-2,666000.0,1.0,,1985.0,1985.0,BRA,Big Data,0
/organization/digitrad-communications,2500000.0,1.0,1999.0,2005.0,2005.0,FRA,Databases,0
/organization/dijipop,2000000.0,2.0,2008.0,2009.0,2010.0,USA,Advertising,1
/organization/diligent-technologies,32500000.0,2.0,2002.0,2004.0,2007.0,USA,Security,1
/organization/dilithium-networks,99670000.0,8.0,2001.0,2003.0,2010.0,USA,Digital Media,0
/organization/dimdim,8400000.0,2.0,2006.0,2007.0,2008.0,USA,Curated Web,1
/organization/dimeres,1350000.0,1.0,,2012.0,2012.0,RUS,Retail,0
/organization/dinamundo,552000.0,1.0,2012.0,2012.0,2012.0,USA,Databases,0
/organization/dindong,250000.0,1.0,,2008.0,2008.0,BRA,Curated Web,0
/organization/dineromail,3600000.0,2.0,2004.0,2006.0,2009.0,ARG,E-Commerce,0
/organization/dinglepharb,400000.0,1.0,2009.0,2009.0,2009.0,HKG,Entertainment,0
/organization/dinklife,95000.0,1.0,2010.0,2011.0,2011.0,USA,Content,0
/organization/direct-hit,26000000.0,1.0,1998.0,1999.0,1999.0,USA,Search,1
/organization/directadoptions-com,500000.0,1.0,2009.0,2010.0,2010.0,USA,Babies,0
/organization/directadvice,16000000.0,1.0,,2001.0,2001.0,USA,Advice,0
/organization/directfit,20000000.0,1.0,,2000.0,2000.0,,Internet,0
/organization/directmoney,98000.0,1.0,,2006.0,2006.0,AUS,Finance,0
/organization/directpointe,7715715.0,2.0,,2005.0,2010.0,USA,Consulting,1
/organization/directr,1717000.0,2.0,2012.0,2012.0,2014.0,USA,Entertainment,1
/organization/direvo-biotech,43747800.0,4.0,2000.0,2002.0,2010.0,DEU,Biotechnology,1
/organization/dirig-software,10000000.0,1.0,1997.0,2003.0,2003.0,USA,Software,1
/organization/dirty-lemon-beverages-2,156000.0,1.0,2015.0,2015.0,2015.0,USA,Consumer Goods,0
/organization/disc-dynamics,33250000.0,2.0,,2004.0,2004.0,USA,Diagnostics,0
/organization/disco-volante,289760.0,1.0,2010.0,2011.0,2011.0,,Apps,1
/organization/discovery-bay-games,15000000.0,1.0,,2012.0,2012.0,USA,Consumer Goods,0
/organization/dishcrawl,150000.0,1.0,2010.0,2013.0,2013.0,USA,Consumer Internet,1
/organization/diskonhunter-com,100000.0,1.0,,2011.0,2011.0,IDN,Curated Web,0
/organization/diskover,,1.0,2015.0,2015.0,2015.0,IND,,0
/organization/disksites-inc,12200000.0,2.0,,2001.0,2004.0,USA,Networking,1
/organization/dispatch,983000.0,3.0,2011.0,2011.0,2014.0,USA,Cloud Computing,1
/organization/dispop,725000.0,2.0,2013.0,2012.0,2013.0,USA,Advertising,1
/organization/disruption-corporation-2,2990725.0,3.0,2013.0,2013.0,2014.0,USA,Big Data,1
/organization/distech-controls,36893203.0,1.0,1995.0,2013.0,2013.0,CAN,Clean Technology,1
/organization/distil-interactive,3048000.0,3.0,2005.0,2006.0,2007.0,CAN,Software,1
/organization/distill,1300000.0,1.0,2012.0,2013.0,2013.0,USA,Enterprise Software,1
/organization/distra,3850000.0,1.0,1999.0,2005.0,2005.0,AUS,Software,1
/organization/ditech-communications,,1.0,1983.0,1997.0,1997.0,USA,Manufacturing,0
/organization/dittit,18885.0,1.0,2011.0,2012.0,2012.0,USA,Fitness,0
/organization/ditto,775000.0,1.0,2010.0,2010.0,2010.0,USA,Apps,1
/organization/divante,3150000.0,2.0,2008.0,2013.0,2014.0,POL,Business Services,0
/organization/divergence,11800000.0,1.0,1999.0,2009.0,2009.0,USA,Agriculture,1
/organization/diverserecruiting,,1.0,,2015.0,2015.0,,,0
/organization/diversified-natural-products,,1.0,,2003.0,2003.0,USA,Services,0
/organization/diversion,300000.0,2.0,2010.0,2010.0,2011.0,USA,Facebook Applications,0
/organization/divide,25000000.0,3.0,2010.0,2010.0,2013.0,USA,Software,1
/organization/divided,100000.0,1.0,2006.0,2006.0,2006.0,,Nonprofits,0
/organization/divorcesecure,25000.0,1.0,2015.0,2015.0,2015.0,USA,Legal,0
/organization/divshot,1180000.0,2.0,2012.0,2012.0,2013.0,USA,Application Platforms,0
/organization/divvyshot,10000.0,1.0,2009.0,2009.0,2009.0,USA,Curated Web,1
/organization/divx,35000000.0,4.0,1999.0,2000.0,2005.0,USA,Software,1
/organization/dmailer,3610000.0,1.0,2001.0,2007.0,2007.0,FRA,Software,0
/organization/dna-games,2000000.0,2.0,2009.0,2009.0,2010.0,USA,Games,1
/organization/dnae-ltd,,1.0,,2014.0,2014.0,GBR,Semiconductors,0
/organization/dnevnik-ru,11500000.0,3.0,2007.0,2011.0,2012.0,RUS,Education,0
/organization/dnp-green-technology,12000000.0,1.0,2008.0,2010.0,2010.0,USA,Clean Technology,0
/organization/dobox,1000000.0,2.0,,2000.0,2001.0,USA,Technology,0
/organization/docebo,6371788.0,3.0,2005.0,2006.0,2015.0,ITA,Corporate Training,1
/organization/doconyou,550200.0,1.0,2010.0,2011.0,2011.0,ESP,Professional Networking,0
/organization/docstoc,4000000.0,2.0,2007.0,2007.0,2008.0,USA,Curated Web,0
/organization/doctor-driven-systems,,1.0,,2001.0,2001.0,USA,,1
/organization/doctorbase,1000000.0,1.0,2010.0,2013.0,2013.0,USA,Health Care,1
/organization/doctorfun-entertainment-ltd,100000.0,1.0,2013.0,2013.0,2013.0,BRA,Game,0
/organization/doctors-beck-stone-international-pet-hospitals,,2.0,2009.0,2012.0,2015.0,,,0
/organization/doctrackr,2000000.0,2.0,2011.0,2012.0,2012.0,FRA,Analytics,1
/organization/documistic,100000.0,1.0,,2007.0,2007.0,USA,Software,0
/organization/docusphere,2250000.0,4.0,1993.0,2010.0,2014.0,USA,Software,1
/organization/docverse,1300000.0,1.0,2007.0,2008.0,2008.0,USA,Curated Web,1
/organization/dogster,1000000.0,1.0,2004.0,2006.0,2006.0,USA,Pets,1
/organization/dogtimemedia,1000000.0,1.0,2006.0,2007.0,2007.0,USA,Curated Web,1
/organization/dojo,880000.0,2.0,2011.0,2011.0,2012.0,USA,Facebook Applications,0
/organization/dokdok,535726.0,2.0,2009.0,2009.0,2011.0,CAN,Collaboration,1
/organization/dolphin-geeks,,1.0,2005.0,2008.0,2008.0,USA,Networking,0
/organization/dolphinite,,1.0,1997.0,1999.0,1999.0,USA,,0
/organization/dolphinsearch,10000000.0,1.0,,2004.0,2004.0,USA,Advice,0
/organization/domgeo-ru,,1.0,2011.0,2011.0,2011.0,,Real Estate,0
/organization/domosayt,700000.0,1.0,,2012.0,2012.0,,Home Owners,0
/organization/domzdrowia-pl,,1.0,,2006.0,2006.0,,,0
/organization/donanza,1000000.0,2.0,2008.0,2008.0,2011.0,ISR,Curated Web,0
/organization/donay,160000.0,1.0,2010.0,2010.0,2010.0,NLD,Open Source,0
/organization/donde,1165000.0,2.0,2013.0,2013.0,2014.0,USA,Apps,1
/organization/done,985136.0,1.0,2011.0,2011.0,2011.0,USA,Curated Web,0
/organization/doocuments,622125.0,1.0,2010.0,2011.0,2011.0,ESP,Cloud Computing,0
/organization/doodle,,1.0,2007.0,2008.0,2008.0,CHE,Advertising,1
/organization/doodledeals-inc,1270000.0,1.0,2009.0,2010.0,2010.0,USA,Curated Web,1
/organization/doormen,7500.0,1.0,2011.0,2012.0,2012.0,,Apps,0
/organization/doostang,5750000.0,3.0,2005.0,2007.0,2010.0,USA,Career Management,1
/organization/dooyoo-2,33284175.0,3.0,1999.0,1999.0,2001.0,DEU,Advertising,1
/organization/doppelgames,,1.0,,2010.0,2010.0,,Games,0
/organization/doppelganger,11000000.0,1.0,,2007.0,2007.0,USA,Games,0
/organization/dopplr,,3.0,,2007.0,2008.0,GBR,Private Social Networking,1
/organization/doremir-music-research,1000000.0,1.0,,2013.0,2013.0,SWE,Music,0
/organization/dormnoise,950000.0,2.0,,2008.0,2010.0,USA,Colleges,0
/organization/dormzy,250000.0,1.0,2010.0,2010.0,2010.0,USA,E-Commerce,0
/organization/dorn-technology-group,,1.0,1990.0,1998.0,1998.0,USA,,1
/organization/dorsey-wright-and-associates,,1.0,,2011.0,2011.0,USA,Finance,1
/organization/dosyogures,,1.0,2009.0,2009.0,2009.0,ESP,E-Commerce,0
/organization/dot-hill-systems,8808039.0,1.0,,2010.0,2010.0,USA,Software,1
/organization/dot-legend,976332.0,1.0,2013.0,2014.0,2014.0,,Apps,0
/organization/dotaprohub,110000.0,1.0,2014.0,2014.0,2014.0,,Analytics,0
/organization/dotblu,3762066.0,3.0,2007.0,2007.0,2010.0,USA,Curated Web,0
/organization/dotcloud,28679147.0,4.0,2008.0,2010.0,2014.0,USA,Cloud Computing,1
/organization/dotloop,7000000.0,1.0,2008.0,2012.0,2012.0,USA,Real Estate,1
/organization/dotpad,250000.0,1.0,2010.0,2010.0,2010.0,USA,Electronics,0
/organization/dotspots,300000.0,1.0,2007.0,2007.0,2007.0,USA,Public Relations,0
/organization/dotsyntax,500000.0,1.0,,2006.0,2006.0,USA,Messaging,1
/organization/double-fusion,59000000.0,4.0,2004.0,2005.0,2010.0,USA,Curated Web,0
/organization/double-r-group,100000.0,1.0,,2009.0,2009.0,JPN,E-Commerce,0
/organization/doublepositive,7200000.0,3.0,2004.0,2006.0,2009.0,USA,Advertising,1
/organization/doubloon,,1.0,2009.0,2010.0,2010.0,,Freemium,0
/organization/dovebid,13000000.0,1.0,1937.0,2003.0,2003.0,USA,Auctions,1
/organization/downstream,30000.0,1.0,2010.0,2011.0,2011.0,USA,Curated Web,0
/organization/doxiq,240000.0,1.0,,2013.0,2013.0,USA,Analytics,1
/organization/doyenz,11800159.0,3.0,2007.0,2009.0,2011.0,USA,Cloud Computing,1
/organization/dp7-digital,100000.0,1.0,2009.0,2009.0,2009.0,BRA,News,0
/organization/dpivision-com,150000.0,1.0,2002.0,2009.0,2009.0,GBR,Billing,0
/organization/dpoint-technologies,2600000.0,1.0,2005.0,2010.0,2010.0,CAN,Clean Technology,1
/organization/dr-sears-family-essentials,5600000.0,1.0,,2011.0,2011.0,USA,Hospitality,0
/organization/draftpot,2200000.0,1.0,2014.0,2015.0,2015.0,,Entertainment,0
/organization/draftstreet,3052000.0,2.0,2010.0,2010.0,2012.0,USA,Fantasy Sports,1
/organization/dragon-ports,120000.0,1.0,,2007.0,2007.0,CHN,Mobile,0
/organization/dragonfly-list,20000.0,1.0,,2012.0,2012.0,AUS,Career Management,0
/organization/dragonplay,14000000.0,2.0,2011.0,2012.0,2013.0,ISR,Android,1
/organization/dramafever,11491490.0,4.0,2009.0,2011.0,2013.0,USA,Freemium,1
/organization/draths-corporation,7500000.0,2.0,,2007.0,2008.0,USA,Clean Technology,1
/organization/drc-computer,500000.0,1.0,2004.0,2005.0,2005.0,USA,Hardware + Software,1
/organization/dream-village,10000.0,1.0,2008.0,2008.0,2008.0,USA,Enterprises,0
/organization/dreamscape-blue,350000.0,1.0,2009.0,2009.0,2009.0,USA,Health Care,0
/organization/dreamsha-re,20000.0,1.0,2013.0,2013.0,2013.0,USA,B2B,0
/organization/drexel-metals,,1.0,,2011.0,2011.0,USA,Enterprise Software,1
/organization/driftcoast,,1.0,,2014.0,2014.0,USA,Health Care,0
/organization/drifttoit,300000.0,1.0,,2007.0,2007.0,USA,Curated Web,0
/organization/drimmi,4000000.0,1.0,2009.0,2010.0,2010.0,RUS,Games,1
/organization/drivable,120000.0,1.0,2006.0,2006.0,2006.0,,,0
/organization/drive-2,,1.0,,2015.0,2015.0,USA,Automotive,0
/organization/drivecam-2,46000000.0,2.0,1998.0,2005.0,2007.0,USA,Systems,0
/organization/drivefactor,5049999.0,2.0,2010.0,2011.0,2013.0,USA,Analytics,1
/organization/drivemecrazy,300000.0,1.0,2010.0,2011.0,2011.0,USA,Cars,0
/organization/driver2home,14509.0,1.0,,2014.0,2014.0,ITA,Service Providers,0
/organization/drivethem-com,100000.0,1.0,2014.0,2015.0,2015.0,,Services,0
/organization/dronee-2,,1.0,2015.0,2015.0,2015.0,,,0
/organization/drop-io,8750000.0,3.0,2007.0,2007.0,2010.0,USA,EdTech,1
/organization/dropcam,47800000.0,4.0,2009.0,2009.0,2013.0,USA,Hardware,1
/organization/droplettechnology,3500000.0,1.0,,2006.0,2006.0,USA,Entertainment,1
/organization/drox,39240.3076440119,1.0,2014.0,2014.0,2014.0,SGP,Aerospace,0
/organization/drugstore-com,63000000.0,1.0,1997.0,2001.0,2001.0,USA,E-Commerce,1
/organization/ds-digitale-seiten,2088900.0,3.0,2010.0,2010.0,2012.0,,Enterprise Software,0
/organization/dswiss,,1.0,2008.0,2014.0,2014.0,CHE,Curated Web,0
/organization/dtms,,1.0,,2014.0,2014.0,,Business Services,0
/organization/dtt,67000000.0,3.0,1999.0,2009.0,2013.0,USA,Hospitality,0
/organization/dualspark,200000.0,1.0,2014.0,2014.0,2014.0,USA,Big Data,1
/organization/dubizzle,,1.0,2005.0,2011.0,2011.0,ARE,Advertising,1
/organization/dubmenow,7516703.0,4.0,2008.0,2008.0,2012.0,USA,Business Services,0
/organization/dubuc-motors,1500000.0,2.0,2013.0,2011.0,2014.0,CAN,Cars,0
/organization/duck-creek-technologies,7000000.0,1.0,2000.0,2005.0,2005.0,USA,Software,1
/organization/ducksboard,747936.0,2.0,2011.0,2012.0,2014.0,ESP,Analytics,1
/organization/dude-2,30000.0,1.0,2014.0,2014.0,2014.0,BRA,Apps,0
/organization/duel,25000.0,1.0,2012.0,2012.0,2012.0,,Games,0
/organization/dumbstruck,170000.0,1.0,2013.0,2014.0,2014.0,USA,Software,0
/organization/dumdum-photo,75321.0,1.0,2014.0,2014.0,2014.0,,Internet,0
/organization/dunenetworks,12000000.0,2.0,2000.0,2005.0,2008.0,USA,Semiconductors,1
/organization/duqi-com,100000.0,1.0,2010.0,2010.0,2010.0,CHN,Curated Web,0
/organization/durata-therapeutics,70000000.0,1.0,2009.0,2013.0,2013.0,USA,Biotechnology,1
/organization/durham-graphene-science,1896024.0,1.0,,2012.0,2012.0,GBR,Manufacturing,0
/organization/duroline,498000.0,1.0,1989.0,1992.0,1992.0,BRA,Consulting,0
/organization/dutch-learning-company,,1.0,2008.0,2013.0,2013.0,,,0
/organization/dvdplay,20000000.0,1.0,1999.0,2006.0,2006.0,USA,Automated Kiosk,0
/organization/dvs-sciences,14600000.0,1.0,2004.0,2011.0,2011.0,USA,Manufacturing,1
/organization/dwellable-2,2000000.0,1.0,2012.0,2014.0,2014.0,USA,Life Sciences,1
/organization/dwellgreen,905000.0,1.0,2009.0,2010.0,2010.0,USA,Clean Technology,0
/organization/dwellxchange-inc,,1.0,2015.0,2015.0,2015.0,USA,Crowdfunding,0
/organization/dwl,31000000.0,1.0,1996.0,2001.0,2001.0,USA,Customer Service,1
/organization/dxcare-com,250000.0,1.0,2012.0,2012.0,2012.0,USA,Health and Wellness,0
/organization/dyer-jenkins,500000.0,1.0,2013.0,2015.0,2015.0,,E-Commerce,0
/organization/dynamicops,16300000.0,2.0,2008.0,2011.0,2011.0,USA,Cloud Management,1
/organization/dynamics-research,4200000.0,1.0,1955.0,2010.0,2010.0,USA,Consulting,1
/organization/dynamikode-software-ltd,16006.0,1.0,2012.0,2015.0,2015.0,,Developer APIs,0
/organization/dynapump,18000000.0,2.0,1992.0,2007.0,2008.0,USA,Energy,0
/organization/dynasec,1000000.0,1.0,2002.0,2007.0,2007.0,USA,Software,1
/organization/dynatrace-software,21900000.0,3.0,1993.0,2007.0,2011.0,USA,Application Performance Monitoring,1
/organization/dyyno,14078664.0,3.0,2007.0,2007.0,2011.0,USA,Advertising,0
/organization/dzidzai-chidumba,10000.0,1.0,2014.0,2015.0,2015.0,,,0
/organization/e-box-blogo-it,3474608.0,2.0,2004.0,2007.0,2008.0,ITA,Curated Web,1
/organization/e-itim-online,,1.0,2013.0,2013.0,2013.0,TUR,Publishing,1
/organization/e-security-inc,18000000.0,2.0,,2001.0,2004.0,USA,Software,1
/organization/e-semble,,1.0,2003.0,2003.0,2003.0,,,0
/organization/e-sync-networks,10000000.0,1.0,,1999.0,1999.0,,,0
/organization/e-tag,130861.0,1.0,2008.0,2010.0,2010.0,USA,Clean Technology,0
/organization/e5-systems-inc,10000000.0,1.0,,2002.0,2002.0,USA,Information Technology,1
/organization/e96,30000000.0,1.0,2006.0,2013.0,2013.0,RUS,Online Shopping,0
/organization/e994,94000.0,2.0,2009.0,2008.0,2009.0,SGP,Curated Web,0
/organization/eachnet,,3.0,1999.0,1999.0,2000.0,CHN,E-Commerce,1
/organization/eagle-broadband,,1.0,,2003.0,2003.0,USA,Internet,0
/organization/eagle-hill-exploration,12000000.0,1.0,2006.0,2013.0,2013.0,CAN,Energy Efficiency,0
/organization/eagle-test-systems,95000000.0,1.0,1976.0,2003.0,2003.0,USA,Health Care,1
/organization/earbits,630000.0,3.0,2010.0,2011.0,2013.0,USA,Internet Radio Market,1
/organization/earlydoc,,1.0,2011.0,2012.0,2012.0,NLD,Health and Wellness,0
/organization/earth-aid,4000000.0,2.0,2007.0,2009.0,2011.0,USA,Clean Energy,1
/organization/earth-biosciences,4000000.0,1.0,,2003.0,2003.0,USA,,0
/organization/earth-index,,1.0,2015.0,2015.0,2015.0,,,0
/organization/earthanol,3440000.0,1.0,,2007.0,2007.0,USA,,0
/organization/earthmed-com,3500000.0,1.0,,1999.0,1999.0,,,0
/organization/earthmine,,1.0,2006.0,2007.0,2007.0,USA,Augmented Reality,1
/organization/earthtv-network-gmbh,4674662.0,2.0,2012.0,2012.0,2013.0,DEU,Broadcasting,0
/organization/easel,,1.0,2012.0,2012.0,2012.0,USA,Curated Web,1
/organization/easiest-credit-card-to-get-approved-for,25000.0,1.0,,2012.0,2012.0,USA,Credit Cards,0
/organization/easy-bill-online,100000.0,1.0,2003.0,2007.0,2007.0,CAN,Automotive,0
/organization/eatingwell,,1.0,,2002.0,2002.0,USA,Hospitality,1
/organization/eaton,2400000.0,1.0,1911.0,2013.0,2013.0,USA,Automotive,1
/organization/eatoye-pvt-ltd,360000.0,1.0,,2013.0,2013.0,PAK,Delivery,1
/organization/eatpops,1200000.0,1.0,2014.0,2015.0,2015.0,,Marketplaces,0
/organization/eatshoplove,3500000.0,1.0,2014.0,2015.0,2015.0,IND,Fashion,1
/organization/ebillme,23000000.0,2.0,2004.0,2006.0,2008.0,USA,E-Commerce,0
/organization/ebiz-mobility,1100000.0,1.0,2003.0,2009.0,2009.0,ISR,E-Commerce,0
/organization/eblizz,650000.0,1.0,,2008.0,2008.0,USA,Digital Media,0
/organization/ebookaplace,1000000.0,1.0,2010.0,2011.0,2011.0,,E-Commerce,0
/organization/ebroker-pl,,1.0,,2010.0,2010.0,,,0
/organization/ebyline,6500000.0,2.0,2009.0,2010.0,2011.0,USA,Freelancers,1
/organization/ecast,76700000.0,6.0,1999.0,2001.0,2011.0,USA,Games,0
/organization/ecelles-carson,1500000.0,1.0,2000.0,2011.0,2011.0,USA,Biotechnology,0
/organization/ecfood-com,4000000.0,1.0,,1999.0,1999.0,,,0
/organization/echo-automotive,200000.0,1.0,,2013.0,2013.0,USA,Automotive,0
/organization/echodio,,1.0,2009.0,2009.0,2009.0,USA,Music,1
/organization/echofirst,13700000.0,1.0,2007.0,2010.0,2010.0,USA,Clean Technology,1
/organization/echograph,250000.0,1.0,,2012.0,2012.0,USA,Photography,1
/organization/echopass-corporation,39985886.0,6.0,2000.0,2003.0,2010.0,USA,Web Hosting,1
/organization/echosign,8500000.0,2.0,2005.0,2005.0,2007.0,USA,Curated Web,1
/organization/ecircle,87168000.0,1.0,1999.0,2010.0,2010.0,DEU,Email Marketing,1
/organization/eckard-recovery-services,310000.0,1.0,2011.0,2012.0,2012.0,USA,Health Care,0
/organization/eclector,264414.0,2.0,2008.0,2008.0,2010.0,GBR,Advertising,0
/organization/ecnlive,,1.0,2009.0,2010.0,2010.0,GBR,,1
/organization/eco-films,60000.0,1.0,2007.0,2011.0,2011.0,,Games,0
/organization/eco-safe,50000.0,1.0,2007.0,2007.0,2007.0,,Clean Technology,0
/organization/ecoast-sales-solutions,2200000.0,1.0,2000.0,2009.0,2009.0,USA,B2B,0
/organization/ecoatm,71400000.0,4.0,2008.0,2010.0,2013.0,USA,Clean Technology,1
/organization/ecobuddies-interactive,,1.0,2007.0,2007.0,2007.0,CAN,Environmental Innovation,0
/organization/ecoles-yassamine,,1.0,,2015.0,2015.0,,,0
/organization/ecologic-brands,7000000.0,1.0,2008.0,2014.0,2014.0,USA,Manufacturing,0
/organization/ecommo,58510.0,1.0,2008.0,2008.0,2008.0,GBR,E-Commerce,0
/organization/ecomom,10700000.0,4.0,2008.0,2010.0,2012.0,USA,E-Commerce,1
/organization/econnect,7000000.0,1.0,,2001.0,2001.0,,,0
/organization/economic-index-co-ltd,1624638.0,1.0,2012.0,2015.0,2015.0,,Development Platforms,0
/organization/ecopost-limited-kenya,,1.0,2010.0,2013.0,2013.0,,,0
/organization/ecora,7200000.0,1.0,,2001.0,2001.0,USA,Development Platforms,0
/organization/ecosorb,5000000.0,1.0,,2007.0,2007.0,,,0
/organization/ecosynthetix,18789048.0,3.0,,2004.0,2010.0,USA,Clean Technology,0
/organization/ecotality,130300000.0,4.0,1999.0,2009.0,2012.0,USA,Clean Technology,0
/organization/ecountrylifestyle,,1.0,,2005.0,2005.0,USA,Journalism,0
/organization/ecourier,15071350.0,4.0,2003.0,2003.0,2007.0,GBR,Algorithms,1
/organization/ecredit,32000000.0,2.0,1993.0,1999.0,2004.0,USA,Credit,1
/organization/ecrix,20000000.0,1.0,,2000.0,2000.0,USA,Web Development,0
/organization/ecutronic-technologies,1550000.0,1.0,,2005.0,2005.0,ESP,Analytics,0
/organization/edealya,950000.0,3.0,2011.0,2011.0,2013.0,USA,Advertising,1
/organization/edelight,,1.0,2006.0,2007.0,2007.0,DEU,E-Commerce,1
/organization/eden-rock-communications,700000.0,2.0,2007.0,2010.0,2012.0,USA,Mobile,1
/organization/edenbee-com,329250.0,1.0,2007.0,2007.0,2007.0,IRL,Social Media,0
/organization/edenbrook-limited,1890000.0,1.0,2001.0,2005.0,2005.0,GBR,Consulting,0
/organization/edfox,7856.0,1.0,,2015.0,2015.0,,Education,0
/organization/edgar-online,14000000.0,3.0,1995.0,1998.0,2010.0,USA,Digital Media,0
/organization/edge-medical-devices,18000000.0,1.0,,2005.0,2005.0,ISR,Health Care Information Technology,0
/organization/edgecast,74000000.0,5.0,2006.0,2006.0,2013.0,USA,Content,1
/organization/edgeio,6500000.0,2.0,2005.0,2006.0,2007.0,USA,E-Commerce,0
/organization/edgespring,12700000.0,2.0,2010.0,2010.0,2013.0,USA,Analytics,1
/organization/edicia,2006760.0,1.0,2003.0,2013.0,2013.0,FRA,Information Technology,0
/organization/edify-investment-technologies,150000.0,1.0,,2014.0,2014.0,USA,SaaS,0
/organization/edinburgh-robotics,587000.0,2.0,2005.0,2006.0,2007.0,GBR,Hardware + Software,0
/organization/editgrid,1250000.0,2.0,2003.0,2006.0,2007.0,HKG,Collaboration,0
/organization/editlite,600000.0,1.0,,2007.0,2007.0,GBR,Software,0
/organization/editorially,,1.0,,2012.0,2012.0,USA,Curated Web,0
/organization/edoorways-international,5067737.0,2.0,1988.0,2011.0,2012.0,USA,Software,0
/organization/edserv-softsystems,964000.0,1.0,2001.0,2008.0,2008.0,IND,EdTech,0
/organization/educational-services-institute,,1.0,1984.0,1996.0,1996.0,USA,,1
/organization/edufire,1700000.0,2.0,,2008.0,2009.0,USA,Education,1
/organization/eduora,28000.0,2.0,2011.0,2011.0,2012.0,,Cloud Computing,0
/organization/edusoft,1000000.0,1.0,1990.0,2002.0,2002.0,ISR,EdTech,1
/organization/edutise,,1.0,2014.0,2015.0,2015.0,,,0
/organization/edventions,8800000.0,1.0,,2000.0,2000.0,,,0
/organization/eeden,200000.0,1.0,2010.0,2010.0,2010.0,USA,Games,0
/organization/eegoes,2097100.0,3.0,,2010.0,2011.0,USA,Events,0
/organization/eeye-digital-security,24000000.0,2.0,1998.0,2002.0,2004.0,MYS,Security,1
/organization/efashion-solutions,20400000.0,2.0,,2006.0,2010.0,USA,Curated Web,0
/organization/efectivox,6192900.0,1.0,,2011.0,2011.0,ESP,Finance,0
/organization/efficient-frontier,6000000.0,1.0,2002.0,2006.0,2006.0,USA,Advertising,1
/organization/efficient-photon,,1.0,,2011.0,2011.0,,,0
/organization/efta-energy,500000.0,1.0,2015.0,2015.0,2015.0,TUR,,0
/organization/eg-technology,24150000.0,11.0,,2001.0,2009.0,USA,Services,1
/organization/eggcartel,1000000.0,2.0,2010.0,2010.0,2011.0,USA,E-Commerce,0
/organization/egistics,8864292.0,2.0,1994.0,2008.0,2010.0,USA,Enterprises,1
/organization/eglue-business-technologies,27000000.0,3.0,2001.0,2006.0,2008.0,GBR,Software,1
/organization/egoarchive,21189.0,2.0,2011.0,2011.0,2012.0,AUT,Browser Extensions,0
/organization/egtran-2,6000000.0,1.0,,2006.0,2006.0,,,0
/organization/ehsmanager,3500000.0,1.0,,2001.0,2001.0,USA,Health Care,0
/organization/ei-technologies,52792.0,1.0,2012.0,2013.0,2013.0,GBR,Enterprise Software,0
/organization/eie-materials,150000.0,3.0,,2013.0,2014.0,,Nanotechnology,0
/organization/eigenta,19713.0,1.0,,2012.0,2012.0,NLD,Search,0
/organization/eiger-biopharmaceuticals,23040630.0,4.0,2008.0,2009.0,2015.0,USA,Biotechnology,1
/organization/eink,68800000.0,3.0,1997.0,1998.0,2007.0,USA,Hardware + Software,1
/organization/einstruction,49600000.0,2.0,1980.0,2007.0,2008.0,USA,Hardware + Software,1
/organization/eirlift,,1.0,,2009.0,2009.0,,,0
/organization/eka-systems,52500000.0,3.0,2000.0,2006.0,2008.0,USA,Clean Technology,1
/organization/ekos-corporation,49000000.0,3.0,1995.0,2005.0,2008.0,USA,Health Care,1
/organization/ekr-therapeutics,13000000.0,1.0,,2007.0,2007.0,USA,Biotechnology,1
/organization/el-paso-networks,10000000.0,1.0,,2004.0,2004.0,,,0
/organization/el-teatro,40000.0,1.0,2010.0,2011.0,2011.0,USA,Games,0
/organization/elabseurope,20000000.0,1.0,,2000.0,2000.0,,Internet,0
/organization/elanti-systems,5500000.0,1.0,2007.0,2008.0,2008.0,USA,Software,0
/organization/elastic-intelligence,3400000.0,1.0,2010.0,2010.0,2010.0,USA,Enterprise Software,1
/organization/elastica,36300000.0,2.0,,2014.0,2015.0,USA,Cloud Security,1
/organization/elastix-corporation,425130.0,2.0,,2008.0,2009.0,USA,Hardware + Software,1
/organization/elastra,14449995.0,2.0,2007.0,2007.0,2008.0,USA,Enterprise Software,0
/organization/eldervision,1800000.0,1.0,,2000.0,2000.0,USA,E-Commerce,0
/organization/elecar,10000.0,1.0,2009.0,2010.0,2010.0,,Clean Technology,0
/organization/electrawinds,39702320.8212205,1.0,1998.0,2006.0,2006.0,BEL,,0
/organization/elematics,10000000.0,1.0,,2003.0,2003.0,USA,Software,0
/organization/eleme-medical,6500000.0,1.0,2007.0,2010.0,2010.0,USA,Biotechnology,1
/organization/element-financial-corporation,125000000.0,1.0,2007.0,2014.0,2014.0,CAN,Finance,0
/organization/element-k,16000000.0,1.0,,2001.0,2001.0,,Education,0
/organization/elemental-technologies,45650000.0,5.0,2006.0,2007.0,2014.0,USA,Enterprises,1
/organization/elepago,370000.0,1.0,2013.0,2013.0,2013.0,MEX,Mobile,0
/organization/elephant-is,100000.0,1.0,2012.0,2012.0,2012.0,USA,Education,0
/organization/elephanttalk-communications,31965510.0,2.0,,2011.0,2012.0,NLD,Mobile,0
/organization/elevation-pharmaceuticals,89400001.0,4.0,2007.0,2010.0,2012.0,USA,Biotechnology,1
/organization/eliason-media,200000.0,2.0,2009.0,2009.0,2009.0,USA,Advertising,0
/organization/elite-daily,1500000.0,1.0,2012.0,2014.0,2014.0,USA,Media,1
/organization/elite-jetting,3280942.0,1.0,2015.0,2015.0,2015.0,,In-Flight Entertainment,0
/organization/elitecore-technologies,10300000.0,1.0,,2007.0,2007.0,IND,Software,1
/organization/elixir-pharmaceuticals,58000000.0,2.0,1999.0,2006.0,2009.0,USA,Biotechnology,0
/organization/eliyon-technologies,7000000.0,1.0,,2004.0,2004.0,USA,Technology,0
/organization/elliptec-ag,10822832.0,1.0,,2004.0,2004.0,DEU,Automotive,0
/organization/elmbridge-court,,1.0,,2011.0,2011.0,,Real Estate,1
/organization/elo-sistemas-eletr-nicos,16393442.0,1.0,1980.0,2011.0,2011.0,BRA,Electrical Distribution,0
/organization/elobina,42446.9665578542,1.0,2014.0,2015.0,2015.0,,,0
/organization/elobina-concept-ab,42446.9665578542,1.0,2014.0,2015.0,2015.0,SWE,Design,0
/organization/elonics,13500000.0,2.0,2003.0,2008.0,2010.0,GBR,Semiconductors,0
/organization/eloqua,35800000.0,2.0,1999.0,2006.0,2007.0,USA,B2B,1
/organization/elpida-memory,100000000.0,1.0,,2003.0,2003.0,JPN,Manufacturing,1
/organization/eltechs,2100000.0,2.0,2012.0,2012.0,2013.0,RUS,Information Technology,0
/organization/elton-digital,500000.0,1.0,,2009.0,2009.0,USA,Advertising,0
/organization/elumen-solutions,,1.0,1986.0,1997.0,1997.0,USA,,1
/organization/embark,1000000.0,2.0,2011.0,2012.0,2012.0,USA,Public Transportation,1
/organization/embedded-chat,,1.0,2012.0,2014.0,2014.0,,Software,0
/organization/embedded-internet-solutions,36640000.0,1.0,,2009.0,2009.0,CHN,Software,0
/organization/ember,121000000.0,5.0,2001.0,2001.0,2010.0,USA,Mobile,1
/organization/embly,,1.0,2011.0,2012.0,2012.0,USA,Curated Web,1
/organization/embrane,32000000.0,2.0,2009.0,2011.0,2014.0,USA,Software,1
/organization/embrella-cardiovascular,6700000.0,2.0,,2009.0,2009.0,USA,Health Care,0
/organization/emed-co,,1.0,1949.0,1999.0,1999.0,USA,,1
/organization/emergency-allworks,,1.0,,2010.0,2010.0,USA,Software,1
/organization/emergent,49450000.0,5.0,2000.0,2004.0,2009.0,USA,Games,1
/organization/emergent-one,448000.0,3.0,2012.0,2012.0,2012.0,,Developer APIs,0
/organization/emergent-views,300000.0,1.0,2005.0,2011.0,2011.0,USA,Hardware + Software,0
/organization/emergentdetection,277900.0,2.0,,2010.0,2010.0,USA,Fitness,0
/organization/emerging-threats-pro,2400000.0,3.0,2003.0,2012.0,2014.0,USA,Security,1
/organization/emeter,71900834.0,6.0,1999.0,2004.0,2010.0,USA,Clean Technology,1
/organization/emia,7500.0,1.0,,2014.0,2014.0,,,0
/organization/emic-networks,7500000.0,1.0,,2004.0,2004.0,USA,Networking,0
/organization/eminor,5000000.0,2.0,2006.0,2006.0,2008.0,USA,Software,0
/organization/emirates-biodiesel,,1.0,,2008.0,2008.0,,Clean Technology,0
/organization/emisphere-technologies,49733850.0,3.0,1986.0,2010.0,2013.0,USA,Biotechnology,0
/organization/emit-corporation,,1.0,,2013.0,2013.0,,,0
/organization/emms-inc-3,2000000.0,1.0,,2010.0,2010.0,USA,Computers,0
/organization/emmunity,,1.0,,2015.0,2015.0,,,0
/organization/emony,1000000.0,1.0,,2000.0,2000.0,ISR,Software,0
/organization/emos-futures,1100000.0,1.0,1998.0,2005.0,2005.0,FRA,Software,0
/organization/emotion,2500000.0,1.0,2000.0,2003.0,2003.0,USA,Software,1
/organization/empire-avenue,1400000.0,2.0,2009.0,2010.0,2011.0,CAN,Advertising,1
/organization/employee-benefit-plans,,1.0,1960.0,1986.0,1986.0,USA,,0
/organization/employee-benefit-solutions,15500000.0,1.0,,2014.0,2014.0,USA,Health and Wellness,1
/organization/employeereferrals-com-2,,1.0,2011.0,2013.0,2013.0,,,0
/organization/employinsight,1000000.0,1.0,2012.0,2012.0,2012.0,USA,Curated Web,1
/organization/emptoris,12000000.0,1.0,1999.0,2004.0,2004.0,USA,Finance,1
/organization/emsense,13000000.0,2.0,2004.0,2009.0,2010.0,USA,Hardware + Software,0
/organization/emsystems,750000.0,1.0,1997.0,2004.0,2004.0,USA,Curated Web,1
/organization/emu-chat,1500000.0,1.0,2012.0,2013.0,2013.0,USA,Android,1
/organization/emulation-and-verification-engineering,9650000.0,2.0,2000.0,2004.0,2010.0,USA,Semiconductors,1
/organization/enable-holdings,5440000.0,2.0,1997.0,2009.0,2010.0,USA,Sales and Marketing,1
/organization/encarnate,,1.0,2008.0,2008.0,2008.0,USA,Games,0
/organization/encelium-technologies,11000000.0,1.0,,2010.0,2010.0,USA,Hardware + Software,1
/organization/encelle,4000000.0,1.0,,2001.0,2001.0,USA,,0
/organization/encentuate,16000000.0,1.0,2001.0,2005.0,2005.0,USA,Enterprise Software,1
/organization/enclarity,15500000.0,2.0,2005.0,2007.0,2009.0,USA,Health and Wellness,1
/organization/encoate,5100000.0,1.0,2003.0,2007.0,2007.0,NZL,Biotechnology,0
/organization/encore-career-institute,19391496.0,2.0,2011.0,2011.0,2013.0,USA,EdTech,1
/organization/encore-technologies,,1.0,,2014.0,2014.0,GBR,Music,0
/organization/encover,24102319.0,3.0,,2004.0,2009.0,USA,Software,1
/organization/encysive-pharmaceuticals,88950000.0,2.0,1989.0,2006.0,2007.0,USA,Biotechnology,1
/organization/end,2500000.0,1.0,2007.0,2007.0,2007.0,USA,Fitness,0
/organization/endaga,,1.0,,2014.0,2014.0,USA,Communications Infrastructure,1
/organization/endeavour-software,,1.0,2002.0,2011.0,2011.0,USA,Android,1
/organization/endeca,65000000.0,5.0,,2001.0,2008.0,USA,E-Commerce,1
/organization/endomondo,8175000.0,7.0,2007.0,2008.0,2013.0,DNK,Gps,1
/organization/endorse,4250000.0,1.0,2010.0,2012.0,2012.0,USA,Brand Marketing,1
/organization/endosee,3572737.0,3.0,2011.0,2011.0,2014.0,USA,Bioinformatics,1
/organization/endosense,80600000.0,3.0,2003.0,2009.0,2013.0,CHE,Biotechnology,1
/organization/endosphere,8148584.0,3.0,,2011.0,2015.0,USA,Health Care,0
/organization/endurance-lending-network,1500000.0,1.0,2011.0,2012.0,2012.0,USA,Crowdfunding,1
/organization/enefpro,100000.0,1.0,,2013.0,2013.0,,Energy,0
/organization/ener1,20000000.0,1.0,1985.0,2009.0,2009.0,USA,Manufacturing,0
/organization/energatix-studio,,1.0,2011.0,2012.0,2012.0,USA,Games,0
/organization/energie-etiche,87396.0,3.0,2010.0,2012.0,2012.0,ITA,Skill Assessment,0
/organization/energy-51,14116228.9049613,1.0,,2005.0,2005.0,CAN,Gas,0
/organization/energy-innovations,16500000.0,1.0,2001.0,2005.0,2005.0,USA,Energy Efficiency,0
/organization/energy-micro,13000000.0,1.0,2007.0,2010.0,2010.0,NOR,Semiconductors,1
/organization/energy-solutions-international-2,2000000.0,1.0,,2004.0,2004.0,USA,Services,0
/organization/energy-watch,,1.0,,2013.0,2013.0,,,0
/organization/energyhub,33052663.0,5.0,2007.0,1999.0,2012.0,USA,Clean Technology,1
/organization/energystone-games-灵石游戏,,1.0,2013.0,2014.0,2014.0,,Mobile Games,0
/organization/energywindow,600000.0,1.0,,2003.0,2003.0,,Clean Technology,1
/organization/enerscore-inc,125000.0,1.0,2015.0,2015.0,2015.0,,Energy Efficiency,0
/organization/enfora,19000000.0,1.0,,2006.0,2006.0,USA,Mobile,1
/organization/enforta,40000000.0,3.0,2003.0,2005.0,2008.0,RUS,Internet,0
/organization/engage,5000000.0,1.0,,2006.0,2006.0,USA,Match-Making,0
/organization/engagio,540000.0,1.0,2012.0,2012.0,2012.0,CAN,Curated Web,0
/organization/engagor,2600000.0,1.0,2011.0,2013.0,2013.0,BEL,Curated Web,1
/organization/engana-pty,6100000.0,1.0,2001.0,2005.0,2005.0,USA,Hardware + Software,0
/organization/engineering-ideas,60000.0,1.0,2008.0,2008.0,2008.0,ZAF,Apps,0
/organization/engrade,8000000.0,3.0,2003.0,2011.0,2013.0,USA,Colleges,1
/organization/enigma-digital,6500000.0,1.0,,2000.0,2000.0,USA,,1
/organization/enigma-semiconductor,12500000.0,1.0,2001.0,2004.0,2004.0,USA,Semiconductor Manufacturing Equipment,0
/organization/enigma-software-productions,1410000.0,1.0,1996.0,2007.0,2007.0,ESP,Games,0
/organization/enigmatic,32500000.0,3.0,2002.0,2004.0,2008.0,GBR,Enterprise Software,0
/organization/enikos,1100000.0,2.0,2006.0,2008.0,2008.0,AUS,Advertising,0
/organization/enkia,2250000.0,2.0,1998.0,1999.0,2000.0,USA,Artificial Intelligence,1
/organization/enobia-pharma,158261598.746082,5.0,1997.0,2005.0,2011.0,CAN,Biotechnology,1
/organization/enodo-software,,1.0,2011.0,2012.0,2012.0,USA,Analytics,0
/organization/enomaly,,1.0,2004.0,2009.0,2009.0,CAN,Cloud Computing,1
/organization/enovance,8798987.0,2.0,2008.0,2011.0,2013.0,FRA,Cloud Computing,1
/organization/enpirion,59000000.0,4.0,2001.0,2004.0,2011.0,USA,Semiconductors,1
/organization/enpocket,2000000.0,1.0,,2006.0,2006.0,USA,Advertising,1
/organization/enquiro-search-solutions,750000.0,1.0,,2003.0,2003.0,CAN,Search,1
/organization/ensogo,41600000.0,4.0,2009.0,2010.0,2015.0,THA,E-Commerce,1
/organization/enstratus,3500000.0,1.0,2009.0,2011.0,2011.0,USA,Cloud Computing,1
/organization/ent-surgical,400000.0,1.0,2009.0,2009.0,2009.0,USA,Health Care,0
/organization/entasso,50000.0,1.0,,2012.0,2012.0,USA,Enterprise Software,0
/organization/entegreat,,1.0,2000.0,2013.0,2013.0,USA,Enterprise Software,1
/organization/entelios-ag,,1.0,2010.0,2011.0,2011.0,,,1
/organization/entellium,66000000.0,2.0,2000.0,2007.0,2008.0,USA,CRM,0
/organization/entermedia,1000000.0,1.0,2005.0,2008.0,2008.0,RUS,Advertising,0
/organization/enterprise-data-safe-ltd,9542.0,1.0,,2006.0,2006.0,GBR,Enterprise Software,1
/organization/entertainment-cruises,,1.0,1978.0,2012.0,2012.0,USA,,0
/organization/entertainment-media-works,4000000.0,1.0,2004.0,2007.0,2007.0,USA,Software,0
/organization/enticelabs,3300000.0,2.0,2007.0,2007.0,2009.0,USA,Enterprises,1
/organization/entrade-energiesysteme-ag,2000000.0,1.0,2009.0,2015.0,2015.0,,Environmental Innovation,0
/organization/entrec,240000000.0,1.0,1995.0,2014.0,2014.0,CAN,Public Transportation,0
/organization/entrecard,70000.0,2.0,2007.0,2007.0,2007.0,USA,Advertising,1
/organization/entrigue-surgical,24350007.0,4.0,,2007.0,2011.0,USA,Biotechnology,1
/organization/entrisphere,108000000.0,2.0,2000.0,2002.0,2005.0,USA,Web Hosting,1
/organization/entropic,,1.0,2001.0,2002.0,2002.0,USA,Semiconductors,1
/organization/entropysoft,3500000.0,1.0,2005.0,2011.0,2011.0,FRA,Cloud Computing,1
/organization/entuity,3200000.0,1.0,1997.0,2004.0,2004.0,USA,Services,0
/organization/enuclia-semiconductor,13000000.0,1.0,2003.0,2006.0,2006.0,USA,Semiconductors,0
/organization/enure-networks,13000000.0,2.0,2003.0,2006.0,2007.0,ISR,Software,0
/organization/enutrition,20000000.0,1.0,,1999.0,1999.0,,,0
/organization/enuvis,15000000.0,1.0,1999.0,2002.0,2002.0,,Infrastructure,0
/organization/enval-limited,1434086.88716632,1.0,,2015.0,2015.0,,,0
/organization/enverv,27400000.0,2.0,,2011.0,2014.0,USA,Semiconductors,1
/organization/envi-detailing-on-demand,500000.0,1.0,,2015.0,2015.0,,Cars,0
/organization/envia-l,40000.0,1.0,2012.0,2012.0,2012.0,BRA,Games,0
/organization/enviance,10000022.0,2.0,1999.0,2004.0,2013.0,USA,Software,1
/organization/envio-networks,17000000.0,2.0,,2006.0,2008.0,USA,E-Commerce,1
/organization/environmental-support-solutions,8000000.0,1.0,1993.0,2006.0,2006.0,,Software,1
/organization/envirosystems-inc,1386789.0,2.0,1996.0,2009.0,2009.0,USA,Health and Wellness,0
/organization/envision-healthcare,781310880.0,2.0,,2011.0,2014.0,USA,Hospitals,0
/organization/envision-pharmaceutical,140992280.0,1.0,2001.0,2013.0,2013.0,USA,Delivery,1
/organization/envivio,42500000.0,5.0,2000.0,2004.0,2012.0,USA,Broadcasting,1
/organization/envox-group,5280000.0,2.0,1994.0,2004.0,2005.0,USA,Public Relations,1
/organization/envoy-worldwide,16000000.0,2.0,1998.0,2000.0,2002.0,USA,Business Services,1
/organization/eons,32000000.0,2.0,2005.0,2006.0,2007.0,USA,Senior Citizens,0
/organization/eonstreams,,1.0,,2005.0,2005.0,,,0
/organization/eos-data-analytics,1000000.0,1.0,2015.0,2015.0,2015.0,USA,Analytics,0
/organization/eoshealth,8200001.0,1.0,2008.0,2014.0,2014.0,USA,Health and Wellness,0
/organization/epar,,1.0,,2013.0,2013.0,,,0
/organization/ephemeral-solutions,75000.0,1.0,2014.0,2015.0,2015.0,,,0
/organization/epic-production-technologies,1500000.0,1.0,2008.0,2009.0,2009.0,USA,Games,0
/organization/epicentric,8000000.0,2.0,1998.0,1999.0,2001.0,USA,Computers,1
/organization/epiep,14176048.0,4.0,2008.0,2009.0,2015.0,USA,Biotechnology,0
/organization/epiphany-digital,,1.0,2014.0,2015.0,2015.0,USA,Advertising,0
/organization/eplata,,2.0,2014.0,2014.0,2015.0,,Finance,0
/organization/epocrates,35000000.0,3.0,1998.0,2000.0,2008.0,USA,Health and Wellness,1
/organization/epona-biotech-2,12500.0,1.0,,2015.0,2015.0,,Alumni,0
/organization/epoq,16554338.0,1.0,1994.0,2007.0,2007.0,GBR,Law Enforcement,0
/organization/epresence,24999996.0,1.0,2007.0,2012.0,2012.0,CAN,Education,1
/organization/eprise,25000000.0,1.0,,1999.0,1999.0,USA,,0
/organization/eprivatehire,258215.0,1.0,,2006.0,2006.0,,Mobile,0
/organization/epropertydata,,1.0,,2008.0,2008.0,USA,Finance,1
/organization/eps,20000000.0,1.0,,2007.0,2007.0,USA,Clean Technology,1
/organization/epunchit,40000.0,1.0,2011.0,2012.0,2012.0,USA,Entertainment,0
/organization/epv-solar,4800000.0,1.0,,2008.0,2008.0,USA,Clean Technology,1
/organization/epy-io,120000.0,1.0,2013.0,2013.0,2013.0,USA,Analytics,0
/organization/epyon,,1.0,,2008.0,2008.0,NLD,Automotive,1
/organization/eqal,6875000.0,2.0,2008.0,2008.0,2011.0,USA,Curated Web,1
/organization/eqo,12500000.0,2.0,2006.0,2006.0,2007.0,CAN,Messaging,0
/organization/equaleyes,78259.0,1.0,2012.0,2012.0,2012.0,GBR,Apps,0
/organization/equallogic,47000000.0,3.0,1984.0,2001.0,2004.0,USA,Enterprise Software,1
/organization/equinox-converged-solutions,20130789.0,1.0,,2004.0,2004.0,GBR,Design,0
/organization/equipio-com,161080.0,1.0,,2011.0,2011.0,GBR,E-Commerce,0
/organization/equitas-holdings,16000000.0,1.0,2007.0,2013.0,2013.0,IND,Finance,0
/organization/era,7000000.0,1.0,,2006.0,2006.0,,Aerospace,1
/organization/eragen-biosciences,12000000.0,1.0,1994.0,2006.0,2006.0,USA,Biotechnology,1
/organization/erento,,1.0,2003.0,2007.0,2007.0,DEU,Marketplaces,1
/organization/eribis-pharmaceuticals,,1.0,,2010.0,2010.0,SWE,Biotechnology,0
/organization/eridania-sadam,,1.0,2003.0,2003.0,2003.0,,,0
/organization/erly,,1.0,2011.0,2011.0,2011.0,USA,Social Media,1
/organization/ernie,15000.0,2.0,2011.0,2011.0,2011.0,,E-Commerce,0
/organization/erpflex,,1.0,2010.0,2015.0,2015.0,BRA,,0
/organization/erth-technologies,2000000.0,1.0,2002.0,2008.0,2008.0,USA,Clean Technology,0
/organization/eruces,2551000.0,2.0,,2011.0,2011.0,USA,Software,0
/organization/esali-ebusiness-agency,7055.0,1.0,2010.0,2010.0,2010.0,SWE,Content,0
/organization/esbatech,63000000.0,2.0,1998.0,2006.0,2008.0,GBR,Biotechnology,1
/organization/escale,,1.0,,2015.0,2015.0,BRA,,0
/organization/escapia,3600000.0,2.0,2000.0,2006.0,2009.0,USA,Software,1
/organization/escapism-media,209000.0,1.0,,2007.0,2007.0,GBR,Hospitality,0
/organization/escoublac,6650000.0,1.0,,2008.0,2008.0,USA,Biotechnology,0
/organization/escreen,,1.0,1998.0,2008.0,2008.0,USA,Employment,1
/organization/esky,6000000.0,1.0,2009.0,2012.0,2012.0,RUS,Online Shopping,0
/organization/esnips,5000000.0,3.0,,2005.0,2007.0,ISR,File Sharing,1
/organization/esoft,,1.0,,2010.0,2010.0,USA,Software,1
/organization/esp-pharma,20000000.0,1.0,,2003.0,2003.0,USA,Bio-Pharm,1
/organization/esp-technologies,,1.0,,2007.0,2007.0,USA,,1
/organization/espacemax,12144055.0,1.0,1993.0,2010.0,2010.0,FRA,Fashion,0
/organization/espiral-2,,1.0,,2014.0,2014.0,MEX,Apps,0
/organization/espresa,2000000.0,1.0,,2015.0,2015.0,,,0
/organization/essenbioscience,,1.0,,2014.0,2014.0,USA,Biotechnology,0
/organization/essential-viewing,2180175.0,1.0,1999.0,2001.0,2001.0,GBR,Enterprise Software,1
/organization/essentialmarkets-inc,18500000.0,1.0,,2000.0,2000.0,USA,,0
/organization/estar-2,2200000.0,1.0,,1999.0,1999.0,,,0
/organization/estate,,1.0,,2014.0,2014.0,USA,E-Commerce,0
/organization/estech,39122000.0,4.0,1996.0,2008.0,2012.0,USA,Health Care,1
/organization/estimeet,18000.0,1.0,,2013.0,2013.0,,Apps,0
/organization/estrela-digital,1000000.0,1.0,,2012.0,2012.0,BRA,Advertising,0
/organization/estudysite,6000000.0,1.0,,2007.0,2007.0,USA,Clinical Trials,0
/organization/estyle,11000000.0,1.0,,2007.0,2007.0,,,0
/organization/et3arraf,76500.0,1.0,2012.0,2012.0,2012.0,,Application Platforms,0
/organization/etacts,740000.0,1.0,,2010.0,2010.0,USA,Curated Web,1
/organization/etapestry,6500000.0,1.0,,2000.0,2000.0,,Nonprofits,1
/organization/etec,8000000.0,1.0,,2009.0,2009.0,USA,Clean Technology,0
/organization/etech-money,90000.0,1.0,2010.0,2012.0,2012.0,USA,Software,0
/organization/etelos,4662500.0,4.0,1999.0,2008.0,2012.0,USA,CRM,0
/organization/etherios-consulting,750000.0,1.0,2008.0,2012.0,2012.0,USA,Software,0
/organization/ethical-ocean,725000.0,2.0,2009.0,2010.0,2011.0,CAN,E-Commerce,0
/organization/eti-international,6500000.0,1.0,1991.0,2006.0,2006.0,USA,Enterprise Software,1
/organization/etology,4000000.0,1.0,,2006.0,2006.0,USA,Advertising,0
/organization/etre-gourmand,293364.883136952,1.0,,2015.0,2015.0,,,0
/organization/etrials-worldwide,5000000.0,1.0,1999.0,2004.0,2004.0,USA,Biotechnology,1
/organization/etulipa,,1.0,,2007.0,2007.0,,,0
/organization/eucalyptus-systems-inc,55500000.0,3.0,2009.0,2009.0,2012.0,USA,Cloud Computing,1
/organization/eucodis-bioscience,8610000.0,2.0,,2007.0,2010.0,AUT,Biotechnology,0
/organization/eurekster,6850000.0,2.0,2004.0,2004.0,2007.0,USA,Social Media,0
/organization/eurobox,1500000.0,1.0,2013.0,2013.0,2013.0,UKR,E-Commerce,0
/organization/europart,,1.0,,2011.0,2011.0,,Business Services,0
/organization/eusa-pharma,54200000.0,4.0,2006.0,2005.0,2007.0,GBR,Biotechnology,1
/organization/evalve,95000000.0,2.0,1999.0,2004.0,2007.0,USA,Health Care,1
/organization/evant,15000000.0,1.0,1994.0,2004.0,2004.0,USA,Consumer Goods,1
/organization/evault,6000000.0,1.0,1997.0,2003.0,2003.0,USA,Data Security,1
/organization/event-innovation,,1.0,2007.0,2007.0,2007.0,USA,CRM,0
/organization/event0-from-zero-to-hero,121281.0,1.0,2013.0,2015.0,2015.0,,Event Management,0
/organization/eventful,19600000.0,3.0,2004.0,2005.0,2008.0,USA,Curated Web,1
/organization/eventhive,,1.0,2009.0,2009.0,2009.0,USA,Software,0
/organization/eventifier,2500000.0,2.0,2012.0,2013.0,2015.0,IND,Curated Web,1
/organization/eventioz,1500000.0,2.0,2008.0,2011.0,2013.0,ARG,Events,1
/organization/eventjoy,,1.0,,2014.0,2014.0,USA,Event Management,1
/organization/eventmag-ru,1250000.0,2.0,2012.0,2012.0,2012.0,,E-Commerce,0
/organization/eventsid-co,50000.0,1.0,2015.0,2015.0,2015.0,IDN,,0
/organization/eventsneaker,15230.0,1.0,2013.0,2013.0,2013.0,GBR,Internet Marketing,1
/organization/eventus-software-pvt,130000.0,1.0,2011.0,2014.0,2014.0,IND,Software,0
/organization/eventvue,455000.0,2.0,2007.0,2007.0,2007.0,USA,Curated Web,0
/organization/evenues,,1.0,2008.0,2011.0,2011.0,USA,E-Commerce,0
/organization/everclassic,,1.0,2014.0,2015.0,2015.0,DNK,Trading,0
/organization/everconnect,200000.0,1.0,2010.0,2012.0,2012.0,JPN,Messaging,0
/organization/everdream,32000000.0,2.0,1998.0,2003.0,2005.0,USA,Databases,1
/organization/everest-software,16000000.0,2.0,1994.0,2003.0,2006.0,USA,Software,1
/organization/evergreenhealth,5850000.0,1.0,1972.0,2014.0,2014.0,USA,Health Care,0
/organization/everlater,750000.0,3.0,2008.0,2009.0,2011.0,USA,Finance,1
/organization/everloop,3100000.0,1.0,2011.0,2011.0,2011.0,USA,Social Media,0
/organization/everpix,2425000.0,3.0,2011.0,2011.0,2012.0,USA,Photography,0
/organization/evertale,,1.0,2011.0,2012.0,2012.0,DNK,Photography,0
/organization/everyart,,1.0,,2012.0,2012.0,USA,Curated Web,0
/organization/everyday-wireless,6850000.0,1.0,,2007.0,2007.0,USA,,0
/organization/everykey,1100000.0,1.0,2012.0,2015.0,2015.0,,Electronics,0
/organization/everypath-2,14300000.0,1.0,,2003.0,2003.0,USA,Software,0
/organization/everyscreenmedia,3500000.0,1.0,,2012.0,2012.0,USA,E-Commerce,1
/organization/everything-club,9000.0,1.0,,2010.0,2010.0,,E-Commerce,0
/organization/everythingme,35500000.0,3.0,2010.0,2011.0,2012.0,ISR,Mobile,0
/organization/everywear,,1.0,,2015.0,2015.0,,,0
/organization/evi,5190128.0,2.0,2005.0,2007.0,2008.0,GBR,Mobile,1
/organization/eviant,9500000.0,1.0,,2004.0,2004.0,USA,Supply Chain Management,0
/organization/evident-software,6800000.0,2.0,,2003.0,2008.0,USA,Databases,0
/organization/evision-systems,350000.0,1.0,2010.0,2011.0,2011.0,ISR,Cloud Infrastructure,0
/organization/evntlive,2300000.0,1.0,,2013.0,2013.0,USA,Music,1
/organization/evoapp,3352194.0,3.0,2009.0,2010.0,2012.0,USA,Analytics,0
/organization/evolution-robotics,13880000.0,1.0,2001.0,2008.0,2008.0,USA,Software,1
/organization/evolv-on-demand,42497374.0,4.0,2007.0,2008.0,2013.0,USA,Analytics,1
/organization/evolve-corporation,441277.704885238,1.0,,2005.0,2005.0,GBR,Financial Services,0
/organization/evolve-ip,55346471.0,4.0,2006.0,2008.0,2014.0,USA,Cloud Computing,0
/organization/evolver,800000.0,1.0,2004.0,2008.0,2008.0,USA,Entertainment,1
/organization/evostor,8000000.0,2.0,2007.0,2008.0,2010.0,USA,Software,1
/organization/evrent,20000.0,1.0,,2013.0,2013.0,RUS,Business Services,0
/organization/exabre,13460000.0,2.0,2005.0,2007.0,2008.0,GBR,Personalization,0
/organization/exabyte-corporation,,1.0,,2003.0,2003.0,,,1
/organization/exacttarget,188210000.0,5.0,2000.0,2004.0,2011.0,USA,Email Marketing,1
/organization/exalead,15600000.0,1.0,2000.0,2007.0,2007.0,FRA,Databases,1
/organization/examhack-inc,,1.0,,2015.0,2015.0,IND,,0
/organization/exanet,35000000.0,2.0,2000.0,2001.0,2007.0,ISR,Storage,1
/organization/exaprotect,7660000.0,1.0,2004.0,2006.0,2006.0,USA,Security,1
/organization/excel-pharmastudies,1000000.0,1.0,2000.0,2007.0,2007.0,CHN,Biotechnology,1
/organization/excelergy,17000000.0,1.0,,1999.0,1999.0,USA,Enterprise Software,1
/organization/exceptional-2,,1.0,2010.0,2015.0,2015.0,USA,Apps,1
/organization/exchangery,75000.0,1.0,,2011.0,2011.0,USA,Commodities,0
/organization/exclusively-in,18800000.0,2.0,2010.0,2010.0,2011.0,USA,Fashion,1
/organization/exec,3300000.0,1.0,,2012.0,2012.0,USA,Curated Web,1
/organization/executive-channel,,1.0,,2010.0,2010.0,GBR,News,0
/organization/executive-intermediary,1000.0,1.0,2007.0,2008.0,2008.0,USA,Finance,0
/organization/exelate,32000000.0,3.0,2007.0,2007.0,2012.0,USA,Ad Targeting,1
/organization/exelis,2000000.0,1.0,2011.0,2013.0,2013.0,USA,Software,1
/organization/exeros,12000000.0,1.0,2002.0,2006.0,2006.0,USA,Analytics,1
/organization/exg,,1.0,2003.0,2003.0,2003.0,GBR,Education,0
/organization/exigeapp,27748.8983687348,1.0,,2015.0,2015.0,ROM,FinTech,0
/organization/eximias-pharmaceutical-corporation,,1.0,,2004.0,2004.0,,Healthcare Services,1
/organization/eximsoft-trianz,14000000.0,1.0,1997.0,2007.0,2007.0,IND,Software,1
/organization/exit-mist,,1.0,,2015.0,2015.0,,Internet,0
/organization/exit41,38400000.0,5.0,1999.0,2002.0,2011.0,USA,Software,0
/organization/exodus-communications,,1.0,,1998.0,1998.0,,Domains,1
/organization/exony,,1.0,,2003.0,2003.0,,,1
/organization/exos,1125000.0,2.0,2007.0,2008.0,2010.0,USA,Biotechnology,1
/organization/expand-beyond,16560000.0,3.0,2000.0,2001.0,2003.0,USA,Mobile,1
/organization/expand-networks,63500000.0,4.0,,2000.0,2008.0,USA,Hardware + Software,1
/organization/expert-dynamics,450000.0,1.0,2003.0,2005.0,2005.0,ISR,Software,1
/organization/expertcity,30000000.0,1.0,,1999.0,1999.0,USA,Computers,1
/organization/explore-to-yellow-pages,50000.0,1.0,2010.0,2010.0,2010.0,USA,Local Search,0
/organization/explorys,14050000.0,2.0,2009.0,2010.0,2011.0,USA,Analytics,1
/organization/expocentric,,1.0,,1999.0,1999.0,,,0
/organization/expressor-software,29050000.0,4.0,2007.0,2007.0,2011.0,USA,Big Data Analytics,1
/organization/exsafe,1200000.0,1.0,2006.0,2008.0,2008.0,IRL,Cloud Computing,0
/organization/extend-health,15000000.0,1.0,,2007.0,2007.0,USA,Finance,1
/organization/extend-media,33200000.0,3.0,1991.0,2006.0,2008.0,USA,Software,1
/organization/extended-care-information-network,16000000.0,3.0,1995.0,2000.0,2001.0,USA,Enterprises,1
/organization/extended-stay-america,565000000.0,1.0,,2013.0,2013.0,USA,Hospitality,1
/organization/extension-entertainment,2750000.0,3.0,2010.0,2010.0,2012.0,USA,Curated Web,1
/organization/exterprise,24000000.0,1.0,,2000.0,2000.0,,Internet,1
/organization/extractapps,167500.0,1.0,2009.0,2010.0,2010.0,USA,Software,0
/organization/extratkt,50000.0,1.0,2010.0,2010.0,2010.0,,Android,0
/organization/extreme-da,7380000.0,1.0,2003.0,2007.0,2007.0,USA,Software,1
/organization/extreme-enterprises,1455000.0,8.0,2007.0,2008.0,2009.0,USA,Design,0
/organization/extreme-startups,8800000.0,2.0,2012.0,2012.0,2013.0,CAN,Software,0
/organization/exuru,150000.0,1.0,2011.0,2011.0,2011.0,GBR,Curated Web,0
/organization/eye-q-development,,1.0,,2007.0,2007.0,,,0
/organization/eyeducation,,3.0,,2012.0,2014.0,PHL,,0
/organization/eyeona,2000000.0,1.0,2011.0,2011.0,2011.0,USA,Consumers,0
/organization/eyespot,3700000.0,1.0,2005.0,2006.0,2006.0,USA,Software,1
/organization/eyesquad,,1.0,2005.0,2006.0,2006.0,ISR,Design,1
/organization/eyetel-imaging-inc,10670000.0,1.0,1996.0,2004.0,2004.0,USA,Medical,1
/organization/eyetronics,4720000.0,1.0,,2009.0,2009.0,BEL,Hardware + Software,0
/organization/eyevensys,,1.0,,2013.0,2013.0,FRA,Biotechnology,0
/organization/ez2cad,450000.0,1.0,,2006.0,2006.0,ISR,Enterprise Software,0
/organization/ez2companies,10000000.0,1.0,,2005.0,2005.0,USA,Internet,0
/organization/ezchip,12116716.0,3.0,1999.0,2003.0,2010.0,USA,Semiconductors,1
/organization/ezeep,675150.0,4.0,2010.0,2011.0,2014.0,DEU,Cloud Computing,0
/organization/ezlike,100000.0,1.0,2012.0,2012.0,2012.0,BRA,Advertising,1
/organization/ezway,25000.0,1.0,,2013.0,2013.0,,Mobile,0
/organization/fab-bag,500000.0,1.0,2012.0,2013.0,2013.0,IND,Beauty,0
/organization/fab-com,336325000.0,11.0,2011.0,2010.0,2013.0,USA,Apps,1
/organization/fabfitfun,3500000.0,1.0,2010.0,2015.0,2015.0,USA,Curated Web,1
/organization/fabhotels,5000000.0,1.0,2015.0,2015.0,2015.0,,Hospitality,0
/organization/fabkids,2600000.0,1.0,2012.0,2012.0,2012.0,USA,E-Commerce,1
/organization/fablistic,,1.0,,2009.0,2009.0,USA,Curated Web,0
/organization/fabrication-games,,1.0,,2009.0,2009.0,SWE,,1
/organization/fabricly,400000.0,1.0,2010.0,2010.0,2010.0,USA,E-Commerce,0
/organization/fabrik,51300000.0,4.0,2005.0,2005.0,2007.0,USA,File Sharing,1
/organization/fabrika-online,7000000.0,1.0,2008.0,2013.0,2013.0,RUS,Games,0
/organization/face-com,5300000.0,3.0,2005.0,2009.0,2011.0,ISR,Photography,1
/organization/face-me,50000.0,1.0,,2011.0,2011.0,PER,Games,0
/organization/face8,,1.0,,2015.0,2015.0,,,0
/organization/faceshift,700000.0,1.0,2012.0,2013.0,2013.0,CHE,Broadcasting,1
/organization/facetags,,1.0,,2011.0,2011.0,,Lead Generation,0
/organization/facetime-communications-inc-2,70000000.0,2.0,,2000.0,2001.0,USA,Service Providers,1
/organization/factery,1200000.0,1.0,2009.0,2009.0,2009.0,USA,Curated Web,0
/organization/factor-technology-group,2960000.0,1.0,,2007.0,2007.0,USA,Software,1
/organization/factory-logic,8000000.0,1.0,1993.0,2005.0,2005.0,USA,Software,1
/organization/factory-media-limited,6821772.0,1.0,2006.0,2006.0,2006.0,GBR,Bicycles,1
/organization/fad-io,,1.0,,2012.0,2012.0,USA,Curated Web,0
/organization/fairfly,2000000.0,2.0,2013.0,2015.0,2015.0,USA,Online Travel,0
/organization/fairshare,62500.0,2.0,,2013.0,2014.0,USA,Consulting,0
/organization/fairsoftware,100000.0,1.0,2007.0,2007.0,2007.0,USA,Collaboration,0
/organization/fakespace-systems,4200000.0,1.0,,2001.0,2001.0,CAN,Services,0
/organization/falk-realtime,,1.0,2013.0,2015.0,2015.0,DEU,,1
/organization/famecast,9700000.0,3.0,2007.0,2007.0,2010.0,USA,Artists Globally,0
/organization/familiar,1300000.0,2.0,2011.0,2011.0,2012.0,USA,Photography,1
/organization/familybuilder,1807716.0,3.0,2007.0,2008.0,2010.0,USA,Social Network Media,1
/organization/familyfinds,5750000.0,1.0,2010.0,2010.0,2010.0,USA,Curated Web,0
/organization/familyleaf,984000.0,2.0,2012.0,2012.0,2013.0,USA,Social Media,1
/organization/fan-boom,10000.0,1.0,2007.0,2008.0,2008.0,USA,Curated Web,0
/organization/fanappz,25000.0,1.0,2010.0,2013.0,2013.0,USA,Mobile,0
/organization/fanarchy-limited,18885.0,1.0,2011.0,2012.0,2012.0,,Curated Web,0
/organization/fanatics,695000000.0,4.0,1995.0,2012.0,2015.0,USA,E-Commerce,1
/organization/fanbouts,,1.0,,2012.0,2012.0,USA,Digital Media,0
/organization/fandango,15300000.0,1.0,2000.0,2003.0,2003.0,USA,Entertainment,1
/organization/fanfare-group,34085228.0,4.0,2004.0,2005.0,2009.0,USA,Enterprise Software,1
/organization/fanfound,500000.0,1.0,2011.0,2011.0,2011.0,USA,Entertainment,0
/organization/fangdd-2,1000000.0,1.0,2012.0,2012.0,2012.0,,Internet,0
/organization/fango,1052870.0,9.0,,2010.0,2011.0,USA,Mobile,1
/organization/fanitics,25000.0,1.0,2010.0,2013.0,2013.0,USA,Games,0
/organization/fanlib,3000000.0,1.0,2006.0,2006.0,2006.0,USA,Internet,1
/organization/fanlime,,1.0,,2014.0,2014.0,USA,Content,0
/organization/fanpulse,,1.0,2009.0,2010.0,2010.0,USA,Curated Web,1
/organization/fansnap,15700000.0,3.0,2007.0,2008.0,2009.0,USA,Concerts,0
/organization/fantasybook,,1.0,,2007.0,2007.0,USA,Facebook Applications,1
/organization/fantasysalesteam,1390750.0,3.0,2012.0,2014.0,2015.0,USA,Curated Web,1
/organization/fantd-llc,500000.0,2.0,2012.0,2012.0,2013.0,,,0
/organization/fantrail,500000.0,1.0,2010.0,2011.0,2011.0,USA,Android,0
/organization/fantv,8393798.0,1.0,2010.0,2014.0,2014.0,USA,Consumer Electronics,1
/organization/fanwards,65000.0,2.0,2011.0,2011.0,2012.0,ARG,Gamification,0
/organization/fanzter,4000000.0,2.0,2007.0,2008.0,2009.0,USA,Software,0
/organization/fapl-llc,1000000.0,1.0,2015.0,2015.0,2015.0,USA,Fashion,0
/organization/farecast,20600000.0,3.0,2003.0,2004.0,2007.0,USA,Finance,1
/organization/farmfresh,20000.0,1.0,,2015.0,2015.0,,Internet,0
/organization/farmol,14841000.0,1.0,,2012.0,2012.0,ITA,Beauty,0
/organization/fashion-evolution-holdings,500000.0,1.0,,2009.0,2009.0,ZAF,Fashion,0
/organization/fashion-for-home,,1.0,2009.0,2012.0,2012.0,,E-Commerce,1
/organization/fashion-playtes,15031860.0,5.0,2008.0,2009.0,2013.0,USA,E-Commerce,0
/organization/fashionfreax-gmbh,,1.0,2008.0,2008.0,2008.0,DEU,Design,1
/organization/fashionspace,200000.0,1.0,2007.0,2012.0,2012.0,GBR,Design,0
/organization/fashionstake,400000.0,1.0,2010.0,2010.0,2010.0,USA,E-Commerce,1
/organization/fashism,1000000.0,1.0,2009.0,2010.0,2010.0,USA,Fashion,0
/organization/fasmatech-science-and-technology,241827.0,2.0,2009.0,2010.0,2011.0,,Electronics,0
/organization/fast-society,275000.0,1.0,2009.0,2010.0,2010.0,USA,Messaging,0
/organization/fastbooking,49800796.812749,1.0,2000.0,2007.0,2007.0,FRA,Curated Web,0
/organization/fastclick,75000000.0,1.0,1998.0,2005.0,2005.0,USA,Advertising,1
/organization/fastconnect,,1.0,2004.0,2010.0,2010.0,FRA,Big Data,1
/organization/fasterweb,,1.0,2009.0,2009.0,2009.0,,Curated Web,1
/organization/fastlease,692506.243048706,1.0,,2014.0,2014.0,,,0
/organization/fastmobile,12000000.0,1.0,2003.0,2005.0,2005.0,USA,Mobile,1
/organization/fastnet,5000000.0,1.0,,2001.0,2001.0,,Internet,0
/organization/fastox,,1.0,,2014.0,2014.0,,,0
/organization/fastpoint-games,5900000.0,2.0,2010.0,2010.0,2010.0,USA,Facebook Applications,1
/organization/fastscaletechnology,12000000.0,2.0,2006.0,2007.0,2009.0,USA,Finance,1
/organization/fastsoft,5575000.0,4.0,2006.0,2007.0,2012.0,USA,Internet,1
/organization/fat-spaniel-technologies,32630837.0,4.0,2003.0,2006.0,2009.0,USA,Clean Technology,1
/organization/fatdoor,5500000.0,1.0,,2007.0,2007.0,USA,Local,0
/organization/fathom-online,6000000.0,1.0,2002.0,2004.0,2004.0,USA,Advertising,1
/organization/fathomd,50000.0,1.0,2014.0,2015.0,2015.0,USA,Educational Games,0
/organization/fathomdb,,2.0,,2008.0,2009.0,,Databases,1
/organization/fatwire,8100000.0,1.0,1996.0,2010.0,2010.0,USA,Software,1
/organization/faves,1500000.0,1.0,,2004.0,2004.0,USA,Curated Web,0
/organization/favorit,712000.0,1.0,2007.0,2009.0,2009.0,GBR,Blogging Platforms,0
/organization/federated-media-publishing,4500000.0,1.0,2005.0,2007.0,2007.0,USA,Publishing,0
/organization/feedburner,8000000.0,2.0,2004.0,2004.0,2005.0,USA,Curated Web,1
/organization/feedgen,,3.0,2011.0,2011.0,2011.0,USA,Social CRM,0
/organization/feedhenry,9000000.0,1.0,2010.0,2013.0,2013.0,USA,Cloud Computing,1
/organization/feedmagnet,250000.0,1.0,2009.0,2009.0,2009.0,USA,Events,1
/organization/feedmob,20000.0,1.0,,2015.0,2015.0,,Advertising Platforms,0
/organization/feedo,,1.0,,2014.0,2014.0,,,1
/organization/feedster,,2.0,,2004.0,2005.0,USA,Business Services,0
/organization/feedtrace,130000.0,1.0,2009.0,2010.0,2010.0,USA,Curated Web,1
/organization/femmes-et-pouvoir,,1.0,,2014.0,2014.0,,,0
/organization/femta-pharmaceuticals,23500000.0,3.0,,2009.0,2010.0,USA,Biotechnology,0
/organization/fena-design,,1.0,1992.0,2003.0,2003.0,USA,Health and Wellness,0
/organization/feniks,750000.0,1.0,2014.0,2014.0,2014.0,USA,Manufacturing,0
/organization/fenix-biotech,243000.0,1.0,,2010.0,2010.0,ESP,Biotechnology,0
/organization/fermentas-international,,1.0,1975.0,2007.0,2007.0,CAN,,1
/organization/fetch-md,25000.0,1.0,2013.0,2013.0,2013.0,USA,Health and Wellness,0
/organization/fetch-technologies,4600000.0,1.0,,2011.0,2011.0,USA,Analytics,1
/organization/fetchback,1000000.0,1.0,2007.0,2008.0,2008.0,USA,Ad Targeting,1
/organization/fetchdog,4933907.0,2.0,,2009.0,2010.0,USA,Pets,0
/organization/fetchnotes,443000.0,4.0,2011.0,2012.0,2014.0,USA,Apps,0
/organization/fezo,60000.0,1.0,2011.0,2011.0,2011.0,USA,Enterprise Software,0
/organization/fflap-com,194526.0,2.0,2010.0,2010.0,2010.0,GBR,E-Commerce,0
/organization/fflick,,1.0,2010.0,2010.0,2010.0,USA,Curated Web,1
/organization/ffwd-vadver,1700000.0,1.0,2007.0,2007.0,2007.0,USA,Curated Web,0
/organization/fhp-wireless,8300000.0,1.0,,2003.0,2003.0,USA,Technology,0
/organization/fia-formula-e,68569234.0,1.0,2012.0,2014.0,2014.0,GBR,Racing,0
/organization/fiberlink-communications-corp,50000000.0,1.0,1991.0,2003.0,2003.0,USA,Apps,1
/organization/fidelis-security-systems,28415704.0,3.0,2002.0,2005.0,2010.0,USA,Enterprise Software,1
/organization/fieldglass,185287501.0,3.0,1999.0,2002.0,2010.0,USA,Software,1
/organization/fieldsolutions,1500000.0,1.0,2006.0,2010.0,2010.0,USA,Hardware + Software,1
/organization/fifteen-reasons,,1.0,2006.0,2007.0,2007.0,USA,Career Planning,0
/organization/fifthgenerationsystems,10550000.0,2.0,,2006.0,2008.0,USA,Games,0
/organization/figcard,100000.0,1.0,,2010.0,2010.0,USA,E-Commerce,1
/organization/figment,1000000.0,1.0,,2011.0,2011.0,USA,Curated Web,1
/organization/filao,10900000.0,3.0,2000.0,2005.0,2008.0,FRA,Software,0
/organization/filecubed,50000.0,1.0,2012.0,2012.0,2012.0,,Curated Web,0
/organization/filesx,7500000.0,1.0,2000.0,2003.0,2003.0,ISR,Software,1
/organization/filip,9195002.0,2.0,2010.0,2014.0,2014.0,USA,Hardware + Software,0
/organization/filmaster,769548.331562066,4.0,2010.0,2010.0,2013.0,POL,Games,1
/organization/filmloop,12600000.0,2.0,,2005.0,2006.0,USA,Software,0
/organization/filtrbox,1915000.0,3.0,2007.0,2007.0,2009.0,USA,Content,1
/organization/fimbex,,1.0,2012.0,2012.0,2012.0,USA,Crowdfunding,0
/organization/finaho,5527508.0,1.0,2013.0,2014.0,2014.0,FRA,Financial Services,0
/organization/financeacar,,2.0,2009.0,2010.0,2011.0,GBR,Auto,0
/organization/financial-information-network-operations-pvt,35000000.0,2.0,2006.0,2007.0,2009.0,IND,Finance,0
/organization/finatext-ltd,300000.0,1.0,2014.0,2014.0,2014.0,JPN,Financial Services,0
/organization/findit,1000000.0,1.0,2012.0,2013.0,2013.0,RUS,Productivity Software,0
/organization/findthatlead,188302.0,1.0,2014.0,2014.0,2014.0,ESP,Email,0
/organization/fine-2,175000000.0,1.0,,2015.0,2015.0,,Manufacturing,0
/organization/fine-pharm,,1.0,,2007.0,2007.0,,,0
/organization/fineex,32000000.0,1.0,,2015.0,2015.0,CHN,,0
/organization/fineway,2500000.0,1.0,2014.0,2015.0,2015.0,DEU,,0
/organization/finggers,50000.0,1.0,2008.0,2008.0,2008.0,,Apps,0
/organization/finjan,42000000.0,4.0,1996.0,2004.0,2013.0,USA,Enterprise Software,1
/organization/fintec-labs,744176.988159971,2.0,2015.0,2015.0,2015.0,ZAF,,0
/organization/fintech-asia,,1.0,,2015.0,2015.0,,,0
/organization/fios,6500000.0,1.0,1999.0,2005.0,2005.0,USA,Legal,1
/organization/fipeo,,1.0,2011.0,2011.0,2011.0,,Messaging,0
/organization/firebase,7000000.0,2.0,2011.0,2012.0,2013.0,USA,Developer Tools,1
/organization/firecomms,17035520.0,2.0,2000.0,2006.0,2009.0,IRL,Semiconductors,1
/organization/firefly-bioworks,3395000.0,4.0,2010.0,2011.0,2014.0,USA,Biotechnology,1
/organization/firepower-technology,500000.0,1.0,2014.0,2014.0,2014.0,USA,Manufacturing,0
/organization/firestar-software,980000.0,1.0,2001.0,2006.0,2006.0,USA,Enterprise Software,0
/organization/firethorn,25131611.0,3.0,2001.0,2006.0,2007.0,USA,Mobile,1
/organization/firetide,39790000.0,4.0,2003.0,2003.0,2009.0,USA,Mobile,1
/organization/firmpalace-com,,1.0,2015.0,2015.0,2015.0,HUN,,0
/organization/firrma-ru,200000.0,1.0,,2012.0,2012.0,RUS,Entrepreneur,0
/organization/first-coverage,14503750.0,3.0,2005.0,2006.0,2010.0,USA,Finance,1
/organization/first-marketing,,1.0,1972.0,1996.0,1996.0,USA,,1
/organization/first-to-file,3767701.0,3.0,1998.0,2009.0,2012.0,USA,Software,1
/organization/first-wave-technologies,2193100.0,3.0,,2011.0,2014.0,USA,Consulting,0
/organization/first-wind,566000000.0,4.0,,2007.0,2012.0,USA,Clean Technology,1
/organization/firstdibz,,1.0,2001.0,2007.0,2007.0,USA,Public Relations,0
/organization/firsthand-technologies,13000000.0,2.0,2002.0,2005.0,2006.0,CAN,Enterprise Software,1
/organization/firstmonie,12000000.0,1.0,,2014.0,2014.0,NGA,Mobile,0
/organization/fish-ball-technology,,1.0,2013.0,2013.0,2013.0,,,0
/organization/fish-bowl-vr,118000.0,1.0,,2015.0,2015.0,,Games,0
/organization/fish-city-grill,,1.0,,2005.0,2005.0,,,0
/organization/fisker,1471000000.0,9.0,2008.0,2008.0,2012.0,USA,Automotive,1
/organization/fitfu,400000.0,1.0,2009.0,2011.0,2011.0,GBR,Fitness,0
/organization/fitmob,14850000.0,4.0,2013.0,2014.0,2015.0,USA,Entertainment,1
/organization/fitonic,,1.0,2012.0,2014.0,2014.0,CHE,,0
/organization/fits-me,14250000.0,3.0,2010.0,2010.0,2014.0,GBR,E-Commerce,1
/organization/fitscript,,1.0,2012.0,2014.0,2014.0,USA,Biotechnology,0
/organization/fitstar,5000000.0,2.0,2012.0,2012.0,2013.0,USA,Health and Wellness,1
/organization/fiture,12500.0,1.0,,2015.0,2015.0,,Alumni,0
/organization/fitwall,,1.0,,2014.0,2014.0,USA,Exercise,1
/organization/five-minutes,5000000.0,3.0,,2009.0,2010.0,CHN,Games,0
/organization/five-star-painting,300000.0,1.0,2001.0,2008.0,2008.0,,Consumers,0
/organization/five-star-technologies,17722860.0,4.0,1999.0,2003.0,2009.0,USA,Electrical Distribution,0
/organization/fiveruns,9200000.0,2.0,2005.0,2005.0,2007.0,USA,Curated Web,1
/organization/fivespace,,1.0,2014.0,2015.0,2015.0,,,0
/organization/fixmo,31000000.0,5.0,2009.0,2010.0,2013.0,CAN,Security,1
/organization/fk-biotecnologia,338834.0,1.0,1999.0,2000.0,2000.0,BRA,Biotechnology,0
/organization/fl-print,,1.0,,2011.0,2011.0,,Printing,1
/organization/flaconi,,1.0,2011.0,2012.0,2012.0,,Beauty,1
/organization/flagr,,1.0,,2006.0,2006.0,USA,Mobile,0
/organization/flareo,700000.0,1.0,2010.0,2011.0,2011.0,USA,Search,0
/organization/flarion-technologies,,1.0,,2003.0,2003.0,USA,Communications Hardware,1
/organization/flash-ventures,611387.0,2.0,2002.0,2010.0,2010.0,USA,Manufacturing,0
/organization/flashline,11000000.0,2.0,,2002.0,2002.0,,Information Technology,1
/organization/flashsoft,3000000.0,1.0,2009.0,2011.0,2011.0,USA,Networking,1
/organization/flatburger,6750000.0,2.0,,2006.0,2007.0,USA,Software,0
/organization/flatfox-ag,,1.0,2012.0,2014.0,2014.0,,,0
/organization/flatora,750000.0,1.0,2011.0,2012.0,2012.0,RUS,E-Commerce,0
/organization/flaveit,300000.0,1.0,,2011.0,2011.0,,Networking,0
/organization/flavour,1125000.0,1.0,2014.0,2014.0,2014.0,USA,Apps,1
/organization/flayvr,2450000.0,2.0,2012.0,2012.0,2014.0,ISR,Apps,1
/organization/fleck,286839.0,1.0,2006.0,2006.0,2006.0,NLD,Curated Web,0
/organization/fleecs,50000.0,1.0,,2012.0,2012.0,,Business Services,0
/organization/fleet-management-solutions,2400000.0,1.0,2002.0,2006.0,2006.0,USA,Data Security,1
/organization/flexiant,10497161.0,2.0,2009.0,2012.0,2013.0,GBR,Enterprise Software,1
/organization/flexis,4000000.0,1.0,2006.0,2013.0,2013.0,RUS,Software,0
/organization/flextrip,350000.0,2.0,2010.0,2011.0,2011.0,USA,Finance,1
/organization/flexus-biosciences,53200000.0,2.0,2013.0,2014.0,2015.0,USA,Bio-Pharm,1
/organization/flickim,1600000.0,1.0,2006.0,2007.0,2007.0,USA,Chat,0
/organization/flickme,,1.0,2011.0,2011.0,2011.0,USA,Games,0
/organization/flickr,,1.0,2004.0,2004.0,2004.0,USA,Photography,1
/organization/fliggo,,1.0,,2009.0,2009.0,USA,Games,0
/organization/flightcaster,1300000.0,3.0,,2009.0,2009.0,USA,Travel,0
/organization/flightrecorder,300000.0,2.0,2013.0,2014.0,2015.0,USA,,0
/organization/flip-jobs,33433.0,1.0,,2014.0,2014.0,,,0
/organization/flipkey,500000.0,2.0,2007.0,2007.0,2008.0,USA,Reviews and Recommendations,1
/organization/flipswap,14000000.0,1.0,2005.0,2008.0,2008.0,USA,Mobile,0
/organization/flipter,60000.0,2.0,2010.0,2012.0,2013.0,CHL,Big Data,1
/organization/fliptop,8500000.0,3.0,2010.0,2011.0,2013.0,USA,Big Data,1
/organization/flipzu,150000.0,1.0,2010.0,2011.0,2011.0,ARG,Audio,0
/organization/fliqz,13200001.0,4.0,2005.0,2006.0,2009.0,USA,Games,1
/organization/flirtomatic,12951579.9733927,3.0,2006.0,2007.0,2010.0,GBR,Mobile,0
/organization/flix-innovations-ltd,1106831.0,1.0,2008.0,2015.0,2015.0,GBR,Cloud Data Services,0
/organization/flixmonkey,5102400.0,7.0,2010.0,2008.0,2011.0,USA,Entertainment,0
/organization/flixster,7175000.0,3.0,2006.0,2006.0,2008.0,USA,Entertainment,1
/organization/flocations,623500.0,3.0,2012.0,2012.0,2012.0,SGP,Big Data,1
/organization/flock,28300000.0,5.0,2005.0,2005.0,2008.0,USA,Browser Extensions,1
/organization/floop,475000.0,2.0,,2011.0,2011.0,USA,Social Media,0
/organization/flowcardia,30000000.0,1.0,2002.0,2007.0,2007.0,USA,Health Care,1
/organization/flowdock,650000.0,1.0,2009.0,2011.0,2011.0,FIN,Chat,1
/organization/flowgram,1300000.0,1.0,2007.0,2008.0,2008.0,USA,Curated Web,0
/organization/flowjob,86547.0,1.0,2010.0,2010.0,2010.0,GBR,Bridging Online and Offline,0
/organization/flowmedica,20600000.0,2.0,2002.0,2004.0,2005.0,USA,Health Care,1
/organization/flowpay,3800000.0,2.0,2011.0,2012.0,2014.0,USA,Finance,1
/organization/flowtown,750000.0,1.0,2009.0,2010.0,2010.0,USA,Analytics,1
/organization/flud,2100000.0,3.0,2010.0,2011.0,2012.0,USA,Enterprise Software,0
/organization/fluent-ai,414016.0,1.0,2015.0,2015.0,2015.0,CAN,Speech Recognition,0
/organization/fluently,,1.0,2015.0,2015.0,2015.0,GBR,Enterprise Software,0
/organization/fluit-biosystems,767000.0,1.0,,2006.0,2006.0,DEU,Curated Web,0
/organization/flurry,73255000.0,8.0,2005.0,2007.0,2014.0,USA,Advertising,1
/organization/fluther,600000.0,1.0,2007.0,2009.0,2009.0,USA,Curated Web,1
/organization/flutter-com,,2.0,1999.0,1999.0,2000.0,,Games,1
/organization/flutter-io,1400000.0,1.0,2010.0,2012.0,2012.0,USA,Apps,1
/organization/flux-power,1900000.0,1.0,2009.0,2014.0,2014.0,USA,Clean Technology,0
/organization/fluxome,27739937.0108598,3.0,,2005.0,2011.0,DNK,Health and Wellness,1
/organization/fluxxion,8663829.86404104,1.0,,2007.0,2007.0,NLD,,0
/organization/flxone,2651558.0,1.0,2012.0,2012.0,2012.0,NLD,Advertising,1
/organization/fly-labs,750000.0,1.0,,2015.0,2015.0,USA,iPhone,1
/organization/fly-media,1100000.0,2.0,1988.0,2011.0,2012.0,USA,Internet Marketing,0
/organization/fly-now-pay-later,1500000.0,1.0,2014.0,2015.0,2015.0,,Finance,0
/organization/flycast,2100000.0,2.0,2006.0,2008.0,2009.0,USA,iPhone,0
/organization/flying-fish-creative-services,2400000.0,1.0,,2006.0,2006.0,USA,,0
/organization/flying-pig-digital,25000.0,1.0,2010.0,2012.0,2012.0,USA,Games,0
/organization/flypaper,6629950.0,3.0,1998.0,2008.0,2013.0,USA,Software,1
/organization/fmi-international,49000000.0,1.0,,2003.0,2003.0,USA,Logistics,0
/organization/fobo,1600000.0,2.0,,2012.0,2014.0,USA,Hardware + Software,1
/organization/focalcast,100000.0,1.0,2013.0,2015.0,2015.0,,Apps,0
/organization/focus,12170000.0,1.0,2005.0,2008.0,2008.0,USA,Finance,0
/organization/foglaljorvost,,1.0,,2015.0,2015.0,,,0
/organization/foldax,500000.0,2.0,2013.0,2014.0,2015.0,USA,Manufacturing,0
/organization/foldees,40000.0,1.0,2007.0,2007.0,2007.0,MYS,Crowdsourcing,0
/organization/foldrx-pharmaceuticals,29000000.0,1.0,2003.0,2010.0,2010.0,USA,Biotechnology,1
/organization/folio-holdings,,1.0,,2015.0,2015.0,USA,,0
/organization/foliodynamix,27500000.0,3.0,2007.0,2008.0,2012.0,USA,Finance,1
/organization/folkstr,250000.0,1.0,2007.0,2008.0,2008.0,,Social Media,0
/organization/followap,20500000.0,3.0,1999.0,2005.0,2006.0,GBR,Messaging,1
/organization/fonbox,,1.0,,1999.0,1999.0,USA,,0
/organization/fondu,575000.0,1.0,2010.0,2011.0,2011.0,USA,Curated Web,1
/organization/fonemesh,250000.0,2.0,2008.0,2008.0,2008.0,USA,Mobile,0
/organization/fonestarz-media,6975497.0,1.0,,2006.0,2006.0,GBR,Mobile,1
/organization/fonmatch,350000.0,1.0,,2011.0,2011.0,USA,Apps,0
/organization/food-brasil,110000.0,1.0,2010.0,2010.0,2010.0,BRA,Hospitality,0
/organization/food-on-the-table,2249999.0,1.0,2009.0,2009.0,2009.0,USA,Mobile,1
/organization/food-quality-sensor-international,5600000.0,1.0,2004.0,2007.0,2007.0,USA,Hardware + Software,0
/organization/food-runner-2,1500000.0,1.0,,2012.0,2012.0,PHL,Delivery,1
/organization/foodbuzz-com,1750000.0,2.0,,2009.0,2010.0,USA,Hospitality,1
/organization/foodbynet,5000000.0,1.0,,2013.0,2013.0,RUS,B2B,0
/organization/foodcrave-inc,150000.0,1.0,2013.0,2013.0,2013.0,USA,Delivery,0
/organization/foodily,7720000.0,2.0,2010.0,2010.0,2013.0,USA,Cooking,1
/organization/foodlo-com,,1.0,2015.0,2015.0,2015.0,,Food Processing,0
/organization/foodscrooge,200554.0,1.0,2010.0,2011.0,2011.0,CAN,E-Commerce,0
/organization/foodspotting,3750000.0,2.0,2009.0,2010.0,2011.0,USA,Guides,1
/organization/foodzie,1015000.0,2.0,,2008.0,2008.0,USA,E-Commerce,1
/organization/fooji,60000.0,1.0,2015.0,2015.0,2015.0,USA,Delivery,0
/organization/foonz,1080000.0,1.0,,2007.0,2007.0,,Mobile,0
/organization/footbalistic,500000.0,1.0,2009.0,2010.0,2010.0,USA,Sports,0
/organization/for-arts-sake-media,100000.0,1.0,2007.0,2008.0,2008.0,,Art,0
/organization/for-your-imagination,1300000.0,1.0,2007.0,2008.0,2008.0,USA,Entertainment,0
/organization/forbes-medi-tech,10750000.0,1.0,,2004.0,2004.0,,Life Sciences,1
/organization/force10-networks,255067782.0,6.0,1999.0,2003.0,2009.0,USA,E-Commerce,1
/organization/foresee-results,20000000.0,1.0,2001.0,2007.0,2007.0,USA,Analytics,1
/organization/foresight-biotherapeutics,17000290.0,2.0,2008.0,2011.0,2013.0,USA,Biotechnology,1
/organization/forhealth-technologies,9000000.0,1.0,1998.0,2007.0,2007.0,USA,Health Care,1
/organization/forkspot,105000.0,1.0,2014.0,2015.0,2015.0,,,0
/organization/form-devices,,1.0,,2014.0,2014.0,,,0
/organization/form-io,500000.0,1.0,,2015.0,2015.0,USA,Developer APIs,0
/organization/formabilio,,1.0,2012.0,2014.0,2014.0,ITA,Design,0
/organization/formative-labs,,2.0,2010.0,2010.0,2010.0,USA,Clean Technology,0
/organization/formspring,14255000.0,3.0,2009.0,2010.0,2011.0,USA,Curated Web,1
/organization/forrst,205000.0,1.0,2010.0,2011.0,2011.0,USA,Curated Web,1
/organization/forseva,,1.0,2009.0,2009.0,2009.0,USA,Information Technology,1
/organization/fortegra-financial,,1.0,,2007.0,2007.0,USA,Finance,1
/organization/forticom,,1.0,1999.0,2009.0,2009.0,LVA,Communities,0
/organization/fortify-software,10000000.0,2.0,2002.0,2005.0,2007.0,USA,Software,1
/organization/fortisphere,10000000.0,1.0,2006.0,2007.0,2007.0,USA,Software,0
/organization/fortiusone,11500000.0,3.0,2005.0,2005.0,2010.0,USA,Analytics,1
/organization/fortiusone-2,5450000.0,1.0,,2007.0,2007.0,,,0
/organization/fortress-technologies,4170000.0,1.0,,2007.0,2007.0,USA,Public Relations,1
/organization/forums,,1.0,2013.0,2013.0,2013.0,,,0
/organization/fosbury,350000.0,1.0,2012.0,2013.0,2013.0,USA,Consumer Electronics,1
/organization/fosdev,,1.0,2010.0,2011.0,2011.0,,Software,0
/organization/fosho,16000.0,1.0,2015.0,2015.0,2015.0,GBR,E-Commerce,0
/organization/fotolia,225000000.0,2.0,2005.0,2009.0,2012.0,USA,Advertising,1
/organization/fotolog,4099999.0,1.0,2002.0,2006.0,2006.0,USA,Networking,1
/organization/fotomoto,1822922.0,3.0,2008.0,2008.0,2011.0,USA,E-Commerce,1
/organization/found-3,80000.0,2.0,2012.0,2012.0,2012.0,ZAF,Mobile,0
/organization/foundation-medicine,96500000.0,4.0,2010.0,2010.0,2013.0,USA,Health Care,1
/organization/foundationdb,22650000.0,2.0,2009.0,2011.0,2013.0,USA,Analytics,1
/organization/foundry-hiring,,1.0,2011.0,2011.0,2011.0,USA,Software,0
/organization/fountain,4000000.0,2.0,2013.0,2014.0,2014.0,USA,Home & Garden,1
/organization/four-k-entertainment,,1.0,,2015.0,2015.0,USA,Mobile,0
/organization/fourward-thought,4000.0,1.0,2010.0,2010.0,2010.0,,Collaboration,0
/organization/fovea-pharmaceuticals,82690509.1220444,2.0,,2007.0,2007.0,FRA,Bio-Pharm,1
/organization/fox-networks,4912393.0,1.0,,2007.0,2007.0,,Advertising,0
/organization/foxytunes,,1.0,2005.0,2005.0,2005.0,,Browser Extensions,1
/organization/framehawk-inc,16500000.0,2.0,2008.0,2011.0,2012.0,USA,Android,1
/organization/frankis-solutions-limited,3012255.0,1.0,1999.0,2010.0,2010.0,GBR,Construction,0
/organization/fraud-protection-network,112500.0,1.0,,2015.0,2015.0,USA,Software,0
/organization/fraud-sciences,11000000.0,1.0,,2007.0,2007.0,USA,Security,1
/organization/frayman-group,,1.0,2007.0,2007.0,2007.0,USA,Enterprise Software,1
/organization/frazr,,1.0,,2007.0,2007.0,,Web Hosting,0
/organization/free-clear,10000000.0,1.0,,2010.0,2010.0,USA,Health and Wellness,1
/organization/free-discount-coupons-in-india,15742.0,1.0,2015.0,2015.0,2015.0,,Coupons,0
/organization/free-lance-ru,5000000.0,1.0,2005.0,2012.0,2012.0,RUS,Employment,0
/organization/freebase,42000000.0,1.0,,2008.0,2008.0,USA,Curated Web,1
/organization/freebike-project,15000.0,2.0,2012.0,2013.0,2014.0,USA,Advertising,0
/organization/freeborders,20000000.0,1.0,1999.0,2005.0,2005.0,USA,Consulting,1
/organization/freecharge,113000000.0,2.0,2010.0,2014.0,2015.0,IND,Internet,1
/organization/freedom-powersports,,1.0,,2013.0,2013.0,USA,,0
/organization/freedom-scientific-holdings-llc,,1.0,2000.0,2000.0,2000.0,USA,Assisitive Technology,1
/organization/freedom2,1500000.0,1.0,,2007.0,2007.0,USA,Beauty,0
/organization/freedrive,20000000.0,1.0,1993.0,2000.0,2000.0,USA,Storage,1
/organization/freeliant-2,5400000.0,2.0,2000.0,2001.0,2001.0,,Application Platforms,1
/organization/freelunched,,1.0,2010.0,2010.0,2010.0,USA,Advertising,0
/organization/freemonee,45000000.0,3.0,2009.0,2010.0,2013.0,USA,Advertising,0
/organization/freestyle-software,4975000.0,1.0,,2015.0,2015.0,USA,Software,0
/organization/freever,,1.0,1999.0,2000.0,2000.0,FRA,Application Platforms,1
/organization/freewebs,12000000.0,2.0,2001.0,1998.0,2006.0,USA,Curated Web,1
/organization/freewheel,45139996.0,4.0,2007.0,2008.0,2012.0,USA,Advertising,1
/organization/frenzi,22614.0,1.0,2014.0,2015.0,2015.0,GBR,Apps,0
/organization/frequent-browser,200000.0,1.0,,2010.0,2010.0,USA,Advertising,0
/organization/fresh-dish,500000.0,1.0,,2012.0,2012.0,USA,Delivery,0
/organization/fresh-monster,25000.0,1.0,,2014.0,2014.0,,Beauty,0
/organization/freshbag,,1.0,2010.0,2011.0,2011.0,USA,,0
/organization/freshplum,2484999.0,3.0,2011.0,2011.0,2014.0,USA,Analytics,1
/organization/freshtoweb,,1.0,2015.0,2015.0,2015.0,,,0
/organization/fretbay,554105.0,1.0,2008.0,2013.0,2013.0,,Marketplaces,0
/organization/friend-ly,5000000.0,1.0,,2011.0,2011.0,USA,Curated Web,1
/organization/friend-traveler,,1.0,,2012.0,2012.0,USA,Travel,0
/organization/friendfeed,5000000.0,1.0,2007.0,2008.0,2008.0,USA,Social Media,1
/organization/friendly-wager,,1.0,2011.0,2011.0,2011.0,USA,Sports,0
/organization/friends-around-me,1000000.0,1.0,2009.0,2009.0,2009.0,,Mobile,0
/organization/friendsignia,15000.0,1.0,2012.0,2012.0,2012.0,USA,Contact Management,0
/organization/friendster,48500000.0,5.0,2001.0,2002.0,2008.0,MYS,Networking,1
/organization/frilp,500000.0,2.0,2013.0,2013.0,2014.0,IND,E-Commerce,1
/organization/fring,30000000.0,4.0,2006.0,2006.0,2011.0,ISR,Developer APIs,1
/organization/fringe-corp,410000.0,1.0,2009.0,2010.0,2010.0,USA,Mobile,0
/organization/frogmetrics,,1.0,2008.0,2008.0,2008.0,USA,Analytics,0
/organization/from-scratch,2515051.0,1.0,2010.0,2015.0,2015.0,,Internet Marketing,0
/organization/front,,1.0,2000.0,2014.0,2014.0,GBR,Consulting,1
/organization/front-up,344853.0,2.0,,2012.0,2013.0,GBR,Fashion,0
/organization/frontback,3910000.0,2.0,2011.0,2012.0,2013.0,USA,Curated Web,0
/organization/frontbridge-technologies,8000000.0,1.0,,2003.0,2003.0,,Email,1
/organization/fronteer-solutions-as,1885043.0,3.0,2010.0,2012.0,2015.0,NOR,Finance Technology,0
/organization/frontiermetrix,,1.0,2014.0,2015.0,2015.0,,,0
/organization/frontleaf,478000.0,2.0,2013.0,2013.0,2014.0,USA,SaaS,1
/organization/frontline-gmbh,,1.0,,2010.0,2010.0,,Fashion,1
/organization/froodies-gmbh,,1.0,2009.0,2011.0,2011.0,DEU,Groceries,0
/organization/frooly,1308754.0,1.0,2009.0,2010.0,2010.0,GBR,E-Commerce,0
/organization/fruct,300000.0,1.0,2007.0,2012.0,2012.0,,Computers,0
/organization/frugalo,140000.0,1.0,2011.0,2011.0,2011.0,USA,Curated Web,1
/organization/frwd-technologies,1882200.0,1.0,2000.0,2005.0,2005.0,FIN,Sports,1
/organization/fry-multimedia,,1.0,1994.0,1999.0,1999.0,USA,Consumer Goods,1
/organization/fsi-international,,1.0,1973.0,1985.0,1985.0,USA,Semiconductors,0
/organization/ftapi-software,,1.0,2010.0,2012.0,2012.0,DEU,Cloud Computing,1
/organization/fuego,5000000.0,1.0,,2004.0,2004.0,USA,Enterprises,0
/organization/fuego-nation,1500000.0,1.0,2007.0,2008.0,2008.0,USA,Social Media,0
/organization/fuelminer,,1.0,,2012.0,2012.0,USA,Design,1
/organization/fugen-solutions,924752.0,1.0,2006.0,2012.0,2012.0,USA,Curated Web,1
/organization/fulcrum-microsystems,81017493.0,4.0,2000.0,2005.0,2010.0,USA,Semiconductors,1
/organization/full-stack-media,50000.0,1.0,,2015.0,2015.0,,Lifestyle,0
/organization/fullscreen,30000000.0,2.0,2011.0,2011.0,2013.0,USA,Digital Media,1
/organization/fulltech-fiber-glass,30000000.0,1.0,,2008.0,2008.0,TWN,Building Products,0
/organization/fundability,3000000.0,1.0,2007.0,2008.0,2008.0,USA,E-Commerce,0
/organization/fundamo-proprietary,5150000.0,1.0,2000.0,2007.0,2007.0,ZAF,Finance,1
/organization/funding-gates,1163601.0,2.0,2009.0,2011.0,2013.0,USA,Accounting,0
/organization/fundly,7800000.0,4.0,2009.0,2010.0,2011.0,USA,Colleges,1
/organization/fundsxpress-financial-network,5000000.0,1.0,1996.0,2002.0,2002.0,USA,Financial Services,0
/organization/funium,3050000.0,3.0,2010.0,2011.0,2012.0,USA,Games,0
/organization/funizen,1800000.0,2.0,,2014.0,2015.0,,Online Gaming,0
/organization/funky-panda-games,1000000.0,1.0,2015.0,2015.0,2015.0,,Apps,0
/organization/funzio,20000000.0,1.0,,2011.0,2011.0,USA,Games,1
/organization/furiex-pharmaceuticals,15000000.0,1.0,1998.0,2013.0,2013.0,USA,Biotechnology,1
/organization/furious-corp,1126000.0,1.0,2014.0,2015.0,2015.0,ISR,Publishing,0
/organization/fusepoint-managed-services,19000000.0,2.0,,2004.0,2006.0,CAN,Software,1
/organization/fusion-garage,6500000.0,1.0,2008.0,2010.0,2010.0,,Hardware + Software,0
/organization/fusion-io,111500000.0,3.0,2006.0,2008.0,2010.0,USA,Enterprise Software,1
/organization/fusion-mobile,100000.0,1.0,,2006.0,2006.0,USA,Telecommunications,0
/organization/fusion-networks,9000000.0,1.0,,1999.0,1999.0,,,0
/organization/futubank,300000.0,1.0,,2013.0,2013.0,RUS,Banking,0
/organization/futubra,500000.0,1.0,2012.0,2012.0,2012.0,RUS,Blogging Platforms,0
/organization/futura-medical,18183017.0,1.0,,2014.0,2014.0,GBR,Health and Wellness,0
/organization/future-domain,,1.0,1982.0,1989.0,1989.0,USA,,1
/organization/futureadvisor,21500000.0,4.0,2010.0,2010.0,2014.0,USA,Finance,1
/organization/futuretec,8065397.0,1.0,2005.0,2008.0,2008.0,GBR,Finance,0
/organization/futuris-tk,10000.0,1.0,,2009.0,2009.0,BRA,Curated Web,0
/organization/fuze,68500000.0,4.0,2009.0,2012.0,2015.0,USA,Collaboration,1
/organization/fuze-network,3700000.0,2.0,2010.0,2011.0,2012.0,USA,Finance,1
/organization/fuzzwich,15000.0,1.0,,2007.0,2007.0,USA,Consulting,0
/organization/fvrier-46,72360.0,2.0,2009.0,2010.0,2010.0,FRA,Advertising,0
/organization/fx-aligned,1250000.0,1.0,2011.0,2012.0,2012.0,USA,Finance,0
/organization/fypio,2400000.0,2.0,2013.0,2013.0,2014.0,CAN,Big Data,1
/organization/fyreball,1000000.0,1.0,,2007.0,2007.0,USA,Messaging,0
/organization/g-banker,17000000.0,1.0,,2015.0,2015.0,CHN,Gold,0
/organization/g-ho-st,3000000.0,1.0,2006.0,2008.0,2008.0,ISR,Cloud Computing,0
/organization/g-i-joe-s,11500000.0,1.0,,2004.0,2004.0,USA,Automotive,0
/organization/g-ro,2000000.0,2.0,,2014.0,2015.0,USA,Travel,0
/organization/g10-entertainment,38000000.0,1.0,,2008.0,2008.0,,Games,0
/organization/g2mobility,3500000.0,1.0,2009.0,2013.0,2013.0,,Electric Vehicles,0
/organization/g2one,,1.0,,2007.0,2007.0,USA,Consulting,1
/organization/g4s,541000000.0,1.0,1901.0,2013.0,2013.0,GBR,Security,1
/organization/gaboom,87468.0,1.0,,2010.0,2010.0,GBR,Finance,0
/organization/gaiacom-wireless-networks,500000.0,1.0,1999.0,1999.0,1999.0,IRL,Apps,0
/organization/gaikai,45039999.0,3.0,2008.0,2010.0,2011.0,USA,Games,1
/organization/gainbit,2450000.0,3.0,2015.0,2015.0,2015.0,LUX,Bitcoin,0
/organization/galazar,6600000.0,1.0,,2006.0,2006.0,CAN,Semiconductors,1
/organization/galecto-biotech,,1.0,2011.0,2013.0,2013.0,DNK,Biotechnology,1
/organization/galeforce-solutions,2120000.0,1.0,2003.0,2006.0,2006.0,CAN,Finance,1
/organization/galtney-group,,1.0,1983.0,1999.0,1999.0,USA,,1
/organization/gamaliel,,1.0,2015.0,2015.0,2015.0,,,0
/organization/game-time-giving-inc,25000.0,1.0,2014.0,2015.0,2015.0,,Gamification,0
/organization/game-trading-technologies-inc,3900000.0,1.0,2003.0,2010.0,2010.0,USA,Games,0
/organization/game-trust,9000000.0,2.0,2002.0,2005.0,2005.0,USA,Games,1
/organization/game-ventures,620000.0,1.0,2009.0,2011.0,2011.0,SGP,Games,1
/organization/gamecrush,700000.0,2.0,2008.0,2010.0,2010.0,USA,Games,0
/organization/gamee,600000.0,1.0,2014.0,2015.0,2015.0,,Apps,0
/organization/gameground,11400000.0,3.0,2007.0,2008.0,2010.0,USA,Fashion,0
/organization/gameiq,1010000.0,1.0,,2015.0,2015.0,USA,Technology,0
/organization/gamelayers,2000000.0,2.0,2007.0,2007.0,2008.0,USA,Browser Extensions,0
/organization/gamelogic,28600000.0,2.0,2002.0,2006.0,2008.0,USA,Games,1
/organization/gameon-media-gmbh-co-kg,,1.0,,2012.0,2012.0,DEU,,0
/organization/gamerdna,3000000.0,2.0,2006.0,2007.0,2008.0,USA,Games,1
/organization/gamerizon-studio,5000000.0,1.0,,2011.0,2011.0,CAN,Games,0
/organization/gamestaq,1000000.0,1.0,,2010.0,2010.0,USA,Games,0
/organization/gameview-studios,50000.0,1.0,,2010.0,2010.0,USA,Games,1
/organization/gamma-enterprise-technologies,6200000.0,1.0,1991.0,2005.0,2005.0,USA,Software,1
/organization/gamma-medica-ideas,14000000.0,1.0,,2009.0,2009.0,USA,Health Care,0
/organization/gammasite,3000000.0,1.0,,2000.0,2000.0,,Information Technology,0
/organization/gamook,1500000.0,1.0,2008.0,2008.0,2008.0,USA,Games,0
/organization/gamzee,1000000.0,1.0,,2011.0,2011.0,USA,Games,0
/organization/ganji,298000000.0,4.0,2005.0,2009.0,2014.0,CHN,Curated Web,1
/organization/gantto,,1.0,2010.0,2010.0,2010.0,USA,Curated Web,1
/organization/garlik,24690000.0,4.0,2005.0,2006.0,2009.0,GBR,Finance,1
/organization/garnet-biotherapeutics,10400000.0,1.0,,2009.0,2009.0,USA,Biotechnology,0
/organization/gasbuddy,4000.0,1.0,1999.0,1999.0,1999.0,USA,Crowdsourcing,1
/organization/gaston-labs,100000.0,1.0,,2012.0,2012.0,USA,Photography,0
/organization/gate-technology,3500000.0,1.0,2007.0,2011.0,2011.0,VNM,Automotive,0
/organization/gate5,13972693.0,2.0,1999.0,1999.0,2004.0,,Maps,1
/organization/gateguru,800000.0,1.0,2009.0,2011.0,2011.0,USA,Mobile,1
/organization/gaterocket,6230757.0,4.0,2003.0,2006.0,2009.0,USA,Health Care,0
/organization/gateway-edi,2842000.0,1.0,,2009.0,2009.0,USA,Financial Services,1
/organization/gather-md,20000.0,1.0,2012.0,2012.0,2012.0,,Health Care Information Technology,0
/organization/gazehawk,,1.0,2009.0,2010.0,2010.0,USA,,1
/organization/gazelle,55900000.0,6.0,2006.0,2007.0,2014.0,USA,E-Commerce,1
/organization/gazzang,9560000.0,3.0,2010.0,2010.0,2013.0,USA,Analytics,1
/organization/gb-environmental,1320000.0,1.0,,2008.0,2008.0,GBR,Clean Technology,0
/organization/gbox,5000000.0,2.0,,2008.0,2009.0,USA,Curated Web,0
/organization/gbs,7555000.0,1.0,,2011.0,2011.0,USA,Software,0
/organization/gc-holdings,40315041.0,5.0,2002.0,2008.0,2010.0,USA,Event Management,1
/organization/gdgt,3715000.0,2.0,2009.0,2009.0,2010.0,USA,Blogging Platforms,1
/organization/ge-antares,60000000.0,1.0,,2015.0,2015.0,,,1
/organization/ge-tt,457590.0,1.0,2010.0,2011.0,2011.0,DNK,Cloud Data Services,1
/organization/gear-energy,63500000.0,1.0,,2014.0,2014.0,CAN,Clean Technology,0
/organization/gear6,20000000.0,2.0,2006.0,2006.0,2008.0,USA,Databases,1
/organization/gearworks,26041107.0,2.0,1999.0,2007.0,2009.0,USA,Gps,1
/organization/gecad-epayment,2000000.0,1.0,2004.0,2004.0,2004.0,ROM,E-Commerce,1
/organization/gecad-technologies,4940000.0,2.0,2001.0,2004.0,2007.0,ROM,Collaboration,1
/organization/gecko-audio,3000000.0,1.0,2006.0,2006.0,2006.0,USA,Software,0
/organization/geckocap,2100000.0,3.0,2012.0,2012.0,2013.0,USA,Games,1
/organization/geekmaister-com,100000.0,1.0,2013.0,2013.0,2013.0,,Gadget,0
/organization/geekstatus,435953.0,4.0,,2009.0,2010.0,USA,Curated Web,0
/organization/gelato-group,9000000.0,2.0,,2010.0,2015.0,NOR,Cloud Computing,0
/organization/gelato-io,,1.0,2014.0,2014.0,2014.0,,Developer APIs,1
/organization/gelzen,,2.0,,2015.0,2015.0,USA,Biotechnology,0
/organization/gemetec-metrology,670000.0,1.0,1985.0,2007.0,2007.0,DEU,Semiconductors,0
/organization/gemfire,100000000.0,2.0,1995.0,2001.0,2007.0,USA,Manufacturing,1
/organization/gemin-x-pharmaceuticals,71259078.0,4.0,1998.0,2008.0,2010.0,CAN,Biotechnology,1
/organization/gemisimo,,1.0,,2007.0,2007.0,,Jewelry,0
/organization/gemmus-pharma,5100000.0,2.0,2007.0,2012.0,2014.0,USA,Biotechnology,0
/organization/gemvara-com,11100000.0,3.0,,2008.0,2010.0,USA,E-Commerce,0
/organization/gencell-biosystems,3473820.0,1.0,2011.0,2014.0,2014.0,,Biotechnology,1
/organization/gencia,5730000.0,4.0,2002.0,2010.0,2013.0,USA,Biotechnology,0
/organization/genecentrix-inc,685300.0,1.0,,2015.0,2015.0,,,0
/organization/genei-systems-inc,,1.0,,2011.0,2011.0,USA,Apps,0
/organization/genelabs-technologies,17300000.0,2.0,1983.0,2006.0,2007.0,USA,Biotechnology,1
/organization/generate,8000000.0,2.0,2004.0,2008.0,2009.0,USA,Career Management,1
/organization/generic-media,2500000.0,1.0,2000.0,2005.0,2005.0,USA,Software,0
/organization/generous-deals,650000.0,3.0,2010.0,2010.0,2011.0,USA,Discounts,0
/organization/genesis-biopharma,7740000.0,5.0,,2010.0,2013.0,USA,Biotechnology,0
/organization/genesis-networks,22165091.0,10.0,2002.0,2006.0,2010.0,USA,Web Hosting,1
/organization/genetic-anomalies,,1.0,,1997.0,1997.0,,,1
/organization/genetic-solutions-pty-ltd,1980218.93300523,1.0,,2005.0,2005.0,AUS,Technology,0
/organization/genetix-fusion,50000.0,1.0,,2013.0,2013.0,,Biotechnology,0
/organization/geneva-technology,20000000.0,1.0,,1999.0,1999.0,GBR,,0
/organization/geneweave-biosciences,24999998.0,3.0,2010.0,2010.0,2014.0,USA,Biotechnology,1
/organization/geni,15000000.0,3.0,2006.0,2007.0,2009.0,USA,Curated Web,1
/organization/genia-technologies,10438672.0,1.0,2009.0,2013.0,2013.0,USA,Biotechnology,1
/organization/genicon-sciences,5000000.0,1.0,1998.0,2001.0,2001.0,USA,Advanced Materials,1
/organization/geniedb,7570000.0,3.0,2008.0,2008.0,2014.0,USA,Cloud Data Services,0
/organization/genieo,3000000.0,1.0,2008.0,2008.0,2008.0,ISR,Ad Targeting,1
/organization/genietown,2000000.0,1.0,2006.0,2007.0,2007.0,USA,Curated Web,0
/organization/genii-technologies,100000.0,2.0,2011.0,2011.0,2014.0,IND,Mobile,1
/organization/genizon-biosciences,67751091.0,4.0,,2001.0,2008.0,CAN,Biotechnology,0
/organization/gennius,250000.0,1.0,2002.0,2011.0,2011.0,USA,Biotechnology,1
/organization/genologics,21988000.0,7.0,2002.0,2005.0,2013.0,CAN,Biotechnology,1
/organization/gentor-resources,146071.0,1.0,2005.0,2014.0,2014.0,CAN,Manufacturing,0
/organization/gentris,5000000.0,1.0,2001.0,2005.0,2005.0,USA,Biotechnology,1
/organization/genufood-energy-enzymes,3000000.0,1.0,2010.0,2013.0,2013.0,USA,Hospitality,0
/organization/genvault,39803794.0,4.0,,2007.0,2010.0,USA,Biotechnology,1
/organization/geocities,40000000.0,4.0,1996.0,1995.0,1998.0,USA,Web Hosting,1
/organization/geocomtms,3070000.0,1.0,1999.0,2005.0,2005.0,USA,Software,1
/organization/geodelic-systems,11253082.0,4.0,2008.0,2008.0,2010.0,USA,Mobile,0
/organization/geogames,20000.0,1.0,2012.0,2012.0,2012.0,RUS,Games,0
/organization/geogoer,29833.0,1.0,,2010.0,2010.0,LTU,Public Transportation,0
/organization/geolab-it,350000.0,1.0,,2013.0,2013.0,RUS,Algorithms,0
/organization/geolearning,31000000.0,1.0,,2008.0,2008.0,USA,Education,1
/organization/geoloqi,350000.0,2.0,2010.0,2011.0,2012.0,USA,Developer APIs,1
/organization/geomagic,8000000.0,2.0,1997.0,2008.0,2012.0,USA,Software,1
/organization/geomerics,1713923.0,1.0,2006.0,2014.0,2014.0,GBR,Software,1
/organization/george-mobile,300000.0,1.0,2010.0,2011.0,2011.0,CAN,Android,0
/organization/geospiza,1594999.0,3.0,,2006.0,2009.0,USA,Software,1
/organization/geotechnologies,,1.0,,2008.0,2008.0,,,0
/organization/gers,,1.0,1990.0,1998.0,1998.0,USA,,1
/organization/gesplan,242132.0,1.0,1997.0,2002.0,2002.0,BRA,Finance,0
/organization/gestion-t2c2-bio-inc,10000000.0,1.0,,2001.0,2001.0,CAN,Finance,0
/organization/get-bizzy,,1.0,,2015.0,2015.0,,,0
/organization/get-com,1000000.0,1.0,2011.0,2011.0,2011.0,USA,Social Media,0
/organization/get-connected-inc,17000000.0,2.0,1999.0,2000.0,2001.0,USA,Television,1
/organization/get-holding-nv,5666100.0,1.0,2007.0,2009.0,2009.0,NLD,Enterprise Software,0
/organization/get-in,,2.0,2008.0,2008.0,2009.0,,Analytics,0
/organization/get-living-it-ltd,,1.0,2011.0,2015.0,2015.0,GBR,,0
/organization/get-sat,,1.0,,2015.0,2015.0,,,0
/organization/getback,1700000.0,1.0,2007.0,2008.0,2008.0,USA,Curated Web,0
/organization/getfeedback,2300000.0,1.0,2013.0,2014.0,2014.0,USA,Polling,1
/organization/getfresh,,1.0,2012.0,2013.0,2013.0,USA,Crowdfunding,1
/organization/getfugu,800000.0,1.0,2007.0,2009.0,2009.0,USA,Ad Targeting,0
/organization/getinsyde,,1.0,2014.0,2015.0,2015.0,,,0
/organization/getjar,42000000.0,3.0,2007.0,2007.0,2011.0,USA,Android,1
/organization/getmaid,,1.0,,2012.0,2012.0,USA,iPhone,1
/organization/getmerated,,2.0,2012.0,2013.0,2013.0,,Messaging,0
/organization/getprice,,2.0,2005.0,2006.0,2007.0,AUS,Comparison Shopping,1
/organization/getvu,25000.0,1.0,,2014.0,2014.0,IND,Information Technology,0
/organization/getwellnetwork-inc,9000000.0,2.0,1999.0,2005.0,2013.0,USA,Software,1
/organization/gfranq,300000.0,2.0,2012.0,2012.0,2012.0,,Android,0
/organization/gfs-it,465743.0,1.0,2009.0,2010.0,2010.0,CAN,Business Services,0
/organization/ghz-technology,,1.0,1990.0,1996.0,1996.0,USA,,1
/organization/gi-dynamics,156304548.0,5.0,2003.0,2004.0,2014.0,USA,Biotechnology,0
/organization/giant-realm,5500000.0,2.0,2007.0,2008.0,2008.0,USA,News,1
/organization/giblet-ventures,7600000.0,2.0,2015.0,2015.0,2015.0,,Apps,0
/organization/gidsy,1200000.0,1.0,2011.0,2012.0,2012.0,,Collaborative Consumption,1
/organization/gifi,1200000.0,1.0,2010.0,2010.0,2010.0,USA,Games,0
/organization/giftango,6400000.0,2.0,2005.0,2009.0,2010.0,USA,Mobile,1
/organization/giftcertificates-com,26100000.0,2.0,1997.0,2001.0,2001.0,USA,E-Commerce,1
/organization/giftiki,1020000.0,2.0,2009.0,2010.0,2011.0,USA,Social Media,1
/organization/giftme,18885.0,2.0,2011.0,2011.0,2012.0,DEU,E-Commerce,0
/organization/giftology,,1.0,,2013.0,2013.0,IND,Social Media,0
/organization/gifts-that-give,705000.0,3.0,2008.0,2010.0,2012.0,USA,Nonprofits,0
/organization/gifyoutube,,1.0,,2014.0,2014.0,,,0
/organization/gigafin-networks,14600000.0,1.0,,2005.0,2005.0,USA,Public Relations,0
/organization/gigalocal,1000000.0,1.0,2011.0,2011.0,2011.0,DEU,E-Commerce,0
/organization/gigalogix,1400000.0,1.0,,2007.0,2007.0,USA,Public Relations,0
/organization/gigi-hill,4000000.0,2.0,2009.0,2011.0,2012.0,USA,Manufacturing,0
/organization/gigle-semiconductor,31000000.0,2.0,2005.0,2006.0,2007.0,ESP,Networking,1
/organization/gigmasters,1300000.0,1.0,1997.0,2014.0,2014.0,USA,Entertainment,1
/organization/gigpark,200000.0,1.0,2007.0,2007.0,2007.0,CAN,Networking,1
/organization/giiv,3350000.0,2.0,2009.0,2009.0,2010.0,USA,Messaging,0
/organization/gilon-business-insight,,1.0,1994.0,2006.0,2006.0,ISR,Business Intelligence,1
/organization/gimalon-ag,,1.0,2013.0,2015.0,2015.0,,,0
/organization/gimao-networks,300000.0,1.0,2008.0,2009.0,2009.0,ISR,Curated Web,0
/organization/gingerd,1700000.0,1.0,,2011.0,2011.0,USA,Analytics,0
/organization/gingersoft-media,2000000.0,1.0,,2007.0,2007.0,IND,Advertising,0
/organization/gini,1954083.0,6.0,2011.0,2011.0,2014.0,DEU,Artificial Intelligence,1
/organization/ginx,2000000.0,1.0,,2009.0,2009.0,,Curated Web,0
/organization/gioia-systems,2915018.0,1.0,2005.0,2010.0,2010.0,USA,Games,0
/organization/giraffe-friend,14000.0,1.0,2014.0,2014.0,2014.0,,Hardware,0
/organization/gis-to,2454.0,1.0,2010.0,2011.0,2011.0,USA,Curated Web,0
/organization/gist,10750000.0,2.0,,2009.0,2010.0,USA,Curated Web,1
/organization/givecorps,6322000.0,2.0,2010.0,2012.0,2013.0,USA,Nonprofits,1
/organization/givella-llc,250000.0,1.0,2014.0,2015.0,2015.0,USA,Analytics,0
/organization/giveo,1500000.0,1.0,,2010.0,2010.0,USA,Software,0
/organization/givespark,,1.0,,2012.0,2012.0,USA,,0
/organization/gizmofive,6000000.0,1.0,2003.0,2006.0,2006.0,USA,Public Relations,1
/organization/gizmoz,18100000.0,3.0,2003.0,2007.0,2009.0,USA,3D,1
/organization/gjestland-film,23561.1962804725,1.0,,2015.0,2015.0,,,0
/organization/glacier-bay,58000000.0,3.0,1990.0,2008.0,2009.0,USA,Clean Technology,0
/organization/glad-to-have-you,855000.0,1.0,2011.0,2012.0,2012.0,USA,Enterprise Software,1
/organization/gladfly-2,,1.0,2014.0,2014.0,2014.0,,,0
/organization/glam-2,,1.0,2002.0,2010.0,2010.0,FRA,Curated Web,0
/organization/glass,,1.0,2012.0,2012.0,2012.0,USA,E-Commerce,0
/organization/glass-media,30000.0,1.0,2012.0,2015.0,2015.0,USA,Media,0
/organization/glassbox,15210000.0,5.0,,2008.0,2013.0,CAN,Games,1
/organization/glassify,250000.0,2.0,2015.0,2015.0,2015.0,,Analytics,0
/organization/glassmap,,1.0,,2011.0,2011.0,USA,Location Based Services,1
/organization/gleemaster,2300000.0,1.0,2010.0,2012.0,2012.0,USA,Brand Marketing,0
/organization/glenrose-instruments,14880000.0,1.0,2005.0,2008.0,2008.0,USA,Biotechnology,0
/organization/glentel,1610000.0,1.0,1963.0,2014.0,2014.0,CAN,Services,1
/organization/gliatech,2500000.0,1.0,1988.0,2001.0,2001.0,USA,Bio-Pharm,0
/organization/glide-health,1000000.0,1.0,2008.0,2009.0,2009.0,USA,Doctors,0
/organization/glide-technologies,1990000.0,1.0,2003.0,2008.0,2008.0,GBR,Public Relations,1
/organization/glidepath-power,,1.0,,2014.0,2014.0,,,0
/organization/glider,1350000.0,4.0,2012.0,2012.0,2013.0,USA,Business Development,1
/organization/glimpse-com,4000000.0,1.0,,2006.0,2006.0,USA,Fashion,1
/organization/global-axcess,1200000.0,1.0,1984.0,2009.0,2009.0,USA,Finance,0
/organization/global-bay-mobile,,1.0,,2002.0,2002.0,USA,Mobile,0
/organization/global-charger,,1.0,2015.0,2015.0,2015.0,FRA,,0
/organization/global-cio,1500000.0,1.0,2010.0,2013.0,2013.0,,Information Services,0
/organization/global-commerce-systems,7500000.0,1.0,1994.0,2000.0,2000.0,USA,,0
/organization/global-crossing,41000000.0,1.0,1997.0,1997.0,1997.0,USA,Public Relations,1
/organization/global-employment-solutions,,1.0,1998.0,2014.0,2014.0,USA,,1
/organization/global-locate,33000000.0,2.0,1999.0,2005.0,2006.0,USA,Semiconductors,1
/organization/global-new-media,451452.0,1.0,,2009.0,2009.0,USA,Consulting,1
/organization/global-protein-solutions,,3.0,,2008.0,2014.0,GBR,,1
/organization/global-roaming,30500000.0,2.0,2006.0,2007.0,2008.0,USA,Mobile,0
/organization/global-sports-affinity-marketing,50000.0,1.0,2012.0,2012.0,2012.0,USA,Software,0
/organization/global-velocity,19460986.0,9.0,2000.0,2009.0,2014.0,USA,Security,0
/organization/globalcrypto,1000000.0,3.0,2006.0,2008.0,2008.0,USA,Security,0
/organization/globallab,1050000.0,1.0,,2013.0,2013.0,RUS,Online Education,0
/organization/globalone-group,,1.0,,2011.0,2011.0,USA,Enterprise Software,1
/organization/globalprint-systems,200000.0,1.0,2005.0,2008.0,2008.0,USA,Hardware + Software,0
/organization/globalscholar-com,27000000.0,1.0,,2008.0,2008.0,USA,Education,1
/organization/globel-direct,1490000.0,1.0,1969.0,2005.0,2005.0,CAN,Public Relations,0
/organization/globelmoney,5699196.0,1.0,2014.0,2015.0,2015.0,GRC,Financial Services,0
/organization/globo-air,2000000.0,1.0,2014.0,2015.0,2015.0,,Fantasy Sports,0
/organization/glocal,1000000.0,1.0,2010.0,2011.0,2011.0,USA,Curated Web,0
/organization/glocalreach,200000.0,1.0,2007.0,2007.0,2007.0,GBR,Messaging,0
/organization/glomera,465240.0,1.0,,2008.0,2008.0,ITA,Internet TV,0
/organization/glossgenius,118000.0,1.0,2015.0,2015.0,2015.0,USA,,0
/organization/glossi-inc,,1.0,,2012.0,2012.0,USA,Advertising,0
/organization/glossybox,,2.0,2011.0,2011.0,2011.0,DEU,Beauty,1
/organization/gloucester-pharmaceuticals,31700000.0,4.0,,2009.0,2009.0,USA,Biotechnology,1
/organization/glp-great-little-place,512916.0,1.0,2010.0,2014.0,2014.0,,E-Books,0
/organization/glucotec,20973227.0,7.0,,2009.0,2013.0,USA,Software,0
/organization/gluon-networks,50000000.0,1.0,1999.0,2002.0,2002.0,USA,Manufacturing,0
/organization/gluster,8500000.0,1.0,,2010.0,2010.0,USA,Enterprise Software,1
/organization/glycart-biotechnology-ag,13600000.0,1.0,,2003.0,2003.0,,Biotechnology,1
/organization/glyco-vaxyn,31650333.3333333,3.0,,2006.0,2009.0,CHE,Biotechnology,1
/organization/glycominds,1000000.0,1.0,,2005.0,2005.0,ISR,Biotechnology,0
/organization/glycos-biotechnologies,19393087.0,8.0,2007.0,2008.0,2014.0,USA,Biotechnology,0
/organization/glycosan,950000.0,2.0,2006.0,2009.0,2010.0,USA,Biotechnology,1
/organization/gmh-ventures,2545000.0,1.0,2008.0,2012.0,2012.0,USA,Finance,0
/organization/gna-biosolutions,6669630.0,1.0,2010.0,2015.0,2015.0,,Diagnostics,0
/organization/gnip,6640000.0,4.0,2008.0,2008.0,2011.0,USA,Enterprise Software,1
/organization/gnodal,2190000.0,2.0,2007.0,2008.0,2009.0,USA,Design,0
/organization/gnowsis,50576.0,1.0,,2009.0,2009.0,AUT,Enterprises,0
/organization/gnubio,22500000.0,4.0,2009.0,2010.0,2012.0,USA,Biotechnology,1
/organization/go-barnacle,,1.0,2013.0,2014.0,2014.0,USA,Logistics,0
/organization/go-net-systems,,1.0,2003.0,2011.0,2011.0,USA,Mobile,1
/organization/go-try-it-on,3750000.0,3.0,2009.0,2010.0,2012.0,USA,Fashion,1
/organization/go007-com,5000000.0,1.0,,2007.0,2007.0,CHN,,0
/organization/go2-media,2855000.0,1.0,,2009.0,2009.0,USA,Advertising,1
/organization/go2call-com,8500000.0,3.0,1998.0,1999.0,2004.0,USA,Technology,1
/organization/goahead-software,8500000.0,1.0,,1999.0,1999.0,USA,Software,1
/organization/goal-zero,10918691.0,4.0,2010.0,2011.0,2013.0,USA,Clean Technology,1
/organization/goalspring-financial,2000000.0,1.0,2008.0,2010.0,2010.0,USA,Finance,0
/organization/goblack-2,100000.0,1.0,2015.0,2015.0,2015.0,,,0
/organization/goby,2500000.0,1.0,2008.0,2010.0,2010.0,USA,Search,1
/organization/goco-op,23000000.0,1.0,,2001.0,2001.0,USA,Web Development,0
/organization/godigex,,1.0,,2012.0,2012.0,,Music,0
/organization/gogo-fit,12500.0,1.0,,2015.0,2015.0,,Alumni,0
/organization/going,8500000.0,2.0,,2007.0,2007.0,USA,Curated Web,1
/organization/goingon,8500000.0,3.0,2008.0,2005.0,2011.0,USA,Enterprises,0
/organization/goinstant,1700000.0,1.0,2010.0,2011.0,2011.0,CAN,Enterprise Software,1
/organization/goip-international,2616800.0,1.0,,2007.0,2007.0,DNK,Messaging,0
/organization/gojee,4000000.0,2.0,2010.0,2011.0,2012.0,USA,Hospitality,1
/organization/goko,8000000.0,1.0,,2012.0,2012.0,USA,Games,0
/organization/golden-gate-jsc,2600000.0,1.0,2005.0,2008.0,2008.0,VNM,Consumer Goods,0
/organization/golden-gateway-financial-inc,6000000.0,1.0,,2007.0,2007.0,USA,Financial Services,0
/organization/golden-gekko,,1.0,,2007.0,2007.0,USA,Information Services,1
/organization/golden-link-plus,,1.0,2013.0,2015.0,2015.0,USA,,0
/organization/goldengate-software,,1.0,1995.0,2002.0,2002.0,USA,Databases,1
/organization/goldpocket-interactive,56000000.0,3.0,1998.0,1999.0,2001.0,USA,Software,1
/organization/golfmds-inc,875000.0,1.0,2013.0,2013.0,2013.0,USA,Application Platforms,0
/organization/golfsmith,125000000.0,1.0,1967.0,2013.0,2013.0,USA,Golf Equipment,1
/organization/gomez-inc,64900000.0,7.0,1997.0,2000.0,2003.0,USA,Consulting,1
/organization/gomiles,12000.0,2.0,2010.0,2010.0,2010.0,USA,Finance,1
/organization/gonabit,,1.0,2010.0,2010.0,2010.0,ARE,E-Commerce,1
/organization/gonevaca-2,50000.0,1.0,2015.0,2015.0,2015.0,,Application Platforms,0
/organization/gonogging,150000.0,1.0,2007.0,2008.0,2008.0,,E-Commerce,0
/organization/gonway,310000.0,1.0,2012.0,2012.0,2012.0,ESP,Curated Web,0
/organization/good-health-media,1247051.0,2.0,,2009.0,2010.0,USA,Advertising,0
/organization/good-start-genetics,60000000.0,3.0,2008.0,2010.0,2013.0,USA,Biotechnology,0
/organization/good-super,2334548.0,2.0,2013.0,2013.0,2014.0,,Finance,0
/organization/good-technology,291297000.0,6.0,1996.0,2005.0,2014.0,USA,Analytics,1
/organization/good-works-now,25000.0,1.0,2011.0,2012.0,2012.0,USA,E-Commerce,0
/organization/good-worldwide-inc-good-magazine,,1.0,2006.0,2009.0,2009.0,USA,News,0
/organization/goodapril,118000.0,1.0,2012.0,2013.0,2013.0,USA,Finance,1
/organization/goodclic,115000.0,1.0,,2010.0,2010.0,USA,Apps,0
/organization/goodeed,500000.0,1.0,2014.0,2015.0,2015.0,,Advertising,0
/organization/goodguide,14229998.0,3.0,2007.0,2009.0,2011.0,USA,Consumers,1
/organization/goodmail-system,45000000.0,4.0,2003.0,2005.0,2009.0,USA,Email,0
/organization/goodreads,2750000.0,2.0,2007.0,2007.0,2009.0,USA,Curated Web,1
/organization/goods-platform,,1.0,2013.0,2013.0,2013.0,,Business Development,0
/organization/goojet,11852030.0,2.0,2006.0,2007.0,2009.0,FRA,Internet,0
/organization/goot,16781.0,1.0,2013.0,2015.0,2015.0,,Apps,0
/organization/goowy,,1.0,2004.0,2006.0,2006.0,USA,Curated Web,1
/organization/goozzy,650000.0,2.0,2009.0,2010.0,2010.0,USA,Curated Web,0
/organization/gopago,,1.0,2009.0,2012.0,2012.0,USA,Enterprise Software,1
/organization/gopogo,3000000.0,1.0,2009.0,2012.0,2012.0,USA,Social Commerce,0
/organization/gopollgo,425000.0,1.0,2011.0,2011.0,2011.0,USA,Curated Web,1
/organization/gosave,785000.0,2.0,2012.0,2012.0,2013.0,USA,Mobile Advertising,0
/organization/gotable,1050000.0,2.0,,2012.0,2013.0,,Nightlife,0
/organization/gotacopy,1170000.0,1.0,,2005.0,2005.0,,Enterprise Software,0
/organization/gotime-systems-ltd,,1.0,2015.0,2015.0,2015.0,ISR,,0
/organization/gotmarketing,3000000.0,1.0,,2001.0,2001.0,,Business Services,0
/organization/gotuitmedia,26000000.0,3.0,2000.0,2002.0,2004.0,USA,Curated Web,1
/organization/gotunes,50000.0,1.0,2010.0,2010.0,2010.0,,Music,0
/organization/gotv-networks,28000000.0,3.0,1997.0,2005.0,2010.0,USA,Mobile,1
/organization/gotvoice,3000000.0,1.0,2003.0,2006.0,2006.0,USA,Messaging,1
/organization/goviral,8820000.0,1.0,2005.0,2009.0,2009.0,GBR,Advertising,1
/organization/gowalla,10400001.0,3.0,2007.0,2008.0,2010.0,USA,Curated Web,1
/organization/gowex,,1.0,,2011.0,2011.0,ESP,Enterprise Software,0
/organization/goyodeo,150000.0,1.0,2007.0,2008.0,2008.0,USA,Document Management,0
/organization/gozaik,600000.0,1.0,,2013.0,2013.0,USA,Career Management,1
/organization/gpal,1000000.0,1.0,,2004.0,2004.0,,E-Commerce,0
/organization/gps,1000000.0,1.0,,2015.0,2015.0,,,0
/organization/grab-networks,24500000.0,3.0,2008.0,2006.0,2012.0,USA,Advertising,1
/organization/grabcad,13618793.0,6.0,2009.0,2010.0,2012.0,USA,CAD,1
/organization/gracelock-industries,20800000.0,1.0,,2014.0,2014.0,USA,E-Commerce,0
/organization/gracenote,33400000.0,3.0,1998.0,2002.0,2005.0,USA,Automotive,1
/organization/gradebeam,,1.0,,2008.0,2008.0,USA,Communications Infrastructure,1
/organization/gradfly,215000.0,1.0,2013.0,2013.0,2013.0,USA,Crowdsourcing,0
/organization/gradient-x,3750000.0,1.0,2012.0,2012.0,2012.0,USA,Mobile,1
/organization/graffitigeo-inc,20000.0,2.0,2009.0,2009.0,2009.0,USA,Hardware + Software,1
/organization/grallo-ltd,224422.113058873,1.0,,2015.0,2015.0,,,0
/organization/gramitech,,1.0,,2009.0,2009.0,CHE,,0
/organization/grand-prairie-landfill-gas-production,,1.0,,2013.0,2013.0,,,0
/organization/grand-st,1300000.0,1.0,2012.0,2013.0,2013.0,USA,Hardware + Software,0
/organization/grandcentral,4000000.0,1.0,,2006.0,2006.0,USA,Mobile,1
/organization/grandis,13020000.0,2.0,,2003.0,2005.0,USA,Semiconductors,1
/organization/grantadler,100000.0,1.0,,2009.0,2009.0,USA,Health Care,0
/organization/graphicly,10024049.0,7.0,2009.0,2009.0,2013.0,USA,Advertising,1
/organization/graphscience,3179999.0,4.0,,2010.0,2014.0,USA,Advertising,1
/organization/grasp-3,,1.0,,2015.0,2015.0,CAN,,0
/organization/grass-valley,36000000.0,1.0,,2001.0,2001.0,USA,Broadcasting,1
/organization/grauna-aerospace,,1.0,,2006.0,2006.0,BRA,,0
/organization/gravitant,40259004.0,3.0,2004.0,2012.0,2014.0,USA,Cloud Data Services,1
/organization/gravity,20600000.0,2.0,2009.0,2009.0,2012.0,USA,Advertising,1
/organization/great-mobile-meetings,100300.0,1.0,,2011.0,2011.0,CAN,Software,0
/organization/green-desalination,16674.0,1.0,,2015.0,2015.0,,Environmental Innovation,0
/organization/green-plate,150000.0,1.0,2015.0,2015.0,2015.0,,Specialty Foods,0
/organization/green-sea-guard,35000.0,1.0,,2015.0,2015.0,,Computers,0
/organization/green-throttle-games,6000000.0,1.0,2012.0,2012.0,2012.0,USA,Games,1
/organization/greenbox,1000000.0,1.0,,2009.0,2009.0,USA,Clean Technology,1
/organization/greenbutton,1500000.0,2.0,2006.0,2010.0,2012.0,NZL,Software,1
/organization/greenbytes,42500002.0,7.0,2007.0,2009.0,2013.0,USA,Enterprise Software,1
/organization/greenfuel,24900000.0,3.0,,2004.0,2008.0,,Clean Technology,0
/organization/greengoose,1200000.0,2.0,2010.0,2011.0,2011.0,USA,Hardware + Software,0
/organization/greengro-technologies,875000.0,1.0,1996.0,2014.0,2014.0,USA,Clean Technology,0
/organization/greenkub,455204.0,1.0,2013.0,2015.0,2015.0,FRA,Innovation Management,0
/organization/greenlight,40264.0,1.0,2011.0,2011.0,2011.0,GBR,Networking,0
/organization/greennote,4200000.0,1.0,2007.0,2007.0,2007.0,USA,Education,1
/organization/greenoffon,91708.0,1.0,,2011.0,2011.0,,Environmental Innovation,0
/organization/greenphire,5806037.0,2.0,2007.0,2011.0,2012.0,USA,Software,1
/organization/greenplum,92899155.0,5.0,2003.0,2006.0,2009.0,USA,Analytics,1
/organization/greenstack,600000.0,1.0,,2012.0,2012.0,USA,Mobile,1
/organization/greenvolts,96800000.0,5.0,2005.0,2008.0,2012.0,USA,Clean Technology,0
/organization/greenway-medical-technologies-3,22000000.0,1.0,,2006.0,2006.0,,,0
/organization/greyarea,2500000.0,2.0,2009.0,2010.0,2011.0,FIN,Games,0
/organization/greystripe,25107724.0,5.0,2005.0,2006.0,2009.0,USA,Advertising,1
/organization/gridapp-systems,5000000.0,2.0,2002.0,2004.0,2005.0,USA,Software,1
/organization/gridcentric,,2.0,2009.0,2011.0,2011.0,CAN,Software,0
/organization/gridcraft,2200000.0,1.0,2013.0,2014.0,2014.0,USA,Big Data Analytics,1
/organization/gridiron-software,8267939.0,3.0,,2008.0,2011.0,CAN,Software,0
/organization/gridiron-systems,13000000.0,1.0,2007.0,2012.0,2012.0,USA,Big Data,1
/organization/gridline-communications,200000000.0,1.0,,2008.0,2008.0,USA,Web Hosting,0
/organization/gridnetworks,20500000.0,3.0,2004.0,2006.0,2008.0,USA,Content Delivery,0
/organization/gridpoint,307588886.0,11.0,2003.0,2006.0,2014.0,USA,Clean Technology,1
/organization/gridpotential,160000.0,1.0,2011.0,2012.0,2012.0,,Smart Grid,0
/organization/gridstone-research,10000000.0,2.0,,2006.0,2008.0,USA,Finance,0
/organization/grip,62767.5466676709,1.0,2014.0,2014.0,2014.0,DNK,Professional Networking,0
/organization/gripnote,,1.0,2011.0,2011.0,2011.0,USA,Education,1
/organization/grit-media,,1.0,,2014.0,2014.0,,,0
/organization/grocio,1375000.0,3.0,2007.0,2008.0,2010.0,USA,Comparison Shopping,0
/organization/grockit,44720000.0,7.0,2006.0,2007.0,2014.0,USA,Certification Test,1
/organization/groove-networks,38000000.0,1.0,2001.0,2003.0,2003.0,,Collaboration,1
/organization/grooveshark,4552414.0,3.0,2006.0,2007.0,2010.0,USA,File Sharing,0
/organization/groovideo,,1.0,2011.0,2012.0,2012.0,ISR,Curated Web,0
/organization/grosocial,2200000.0,3.0,2010.0,2011.0,2012.0,USA,Software,1
/organization/ground-zero-group-corporation,5000.0,1.0,2009.0,2009.0,2009.0,USA,Consulting,0
/organization/groundedpower,1268000.0,2.0,2008.0,2010.0,2010.0,USA,Clean Technology,1
/organization/group-commerce,39000000.0,3.0,2010.0,2010.0,2012.0,USA,Coupons,0
/organization/groupcard,,1.0,2007.0,2009.0,2009.0,USA,Facebook Applications,1
/organization/grouply,2600000.0,3.0,2006.0,2007.0,2008.0,USA,Social Network Media,0
/organization/groupme,11450000.0,2.0,2010.0,2010.0,2011.0,USA,Messaging,1
/organization/groupoff,,1.0,2010.0,2010.0,2010.0,,E-Commerce,0
/organization/groupstream,21189.0,1.0,2011.0,2011.0,2011.0,,Collaboration,0
/organization/groupswim,,1.0,2005.0,2008.0,2008.0,USA,Collaboration,0
/organization/grow-mobile,1000000.0,1.0,2012.0,2012.0,2012.0,USA,App Marketing,1
/organization/growingio,,1.0,2015.0,2015.0,2015.0,CHN,Big Data Analytics,0
/organization/grows-up,,1.0,2010.0,2010.0,2010.0,USA,Babies,0
/organization/growth-networks,16000000.0,1.0,,1999.0,1999.0,USA,Electronics,1
/organization/groxis,16000000.0,2.0,2001.0,2004.0,2006.0,USA,Enterprise Software,0
/organization/gruburg,3500.0,1.0,2010.0,2010.0,2010.0,USA,Hospitality,0
/organization/grupa-lew,,1.0,,2006.0,2006.0,,,0
/organization/grupo42,,1.0,2007.0,2009.0,2009.0,ARG,Artificial Intelligence,0
/organization/gruvie,,1.0,2007.0,2008.0,2008.0,USA,Social Media,0
/organization/gsi-global-social-intelligence,18710.0,1.0,2014.0,2014.0,2014.0,,Apps,0
/organization/gspoon,100000.0,1.0,,2015.0,2015.0,,Apps,0
/organization/gt-nexus,11753046.0,2.0,1998.0,2007.0,2011.0,USA,Software,1
/organization/gt-solar,40000000.0,1.0,1994.0,2010.0,2010.0,USA,Clean Technology,0
/organization/gtess-corp,13500000.0,3.0,1990.0,2001.0,2004.0,USA,Information Technology,1
/organization/gtronix,23250000.0,6.0,2003.0,2004.0,2009.0,USA,Semiconductors,0
/organization/guangzhou-broad-vision-telecom,2200000.0,1.0,,2009.0,2009.0,CHN,Web Hosting,0
/organization/guaranteach,,3.0,2008.0,2008.0,2010.0,USA,Curated Web,1
/organization/guardednet,9000000.0,1.0,1999.0,2002.0,2002.0,,Enterprise Software,0
/organization/guardent,25000000.0,1.0,,2001.0,2001.0,USA,Security,1
/organization/guardianedge-technologies,19500000.0,3.0,2002.0,2005.0,2007.0,USA,Enterprise Software,1
/organization/guardium,11800000.0,2.0,2002.0,2005.0,2006.0,USA,Databases,1
/organization/guava-technologies,17500000.0,3.0,1998.0,2001.0,2005.0,USA,Biotechnology,1
/organization/gucash,250000.0,1.0,2010.0,2010.0,2010.0,ARG,Banking,0
/organization/guerillapps,500000.0,1.0,2008.0,2010.0,2010.0,USA,Games,0
/organization/guguchu,,1.0,2009.0,2009.0,2009.0,USA,DIY,0
/organization/guidecity,25000.0,1.0,,2015.0,2015.0,,Apps,0
/organization/gullivearth,158940.0,1.0,2009.0,2010.0,2010.0,FRA,Curated Web,0
/organization/gulu-com,300000.0,1.0,,2010.0,2010.0,TWN,Chat,0
/organization/gumiyo,,1.0,2006.0,2007.0,2007.0,USA,Cloud Computing,1
/organization/gurnard-perch-sophisticated-technologies,1350000.0,1.0,2011.0,2011.0,2011.0,HKG,Curated Web,0
/organization/guru,16000000.0,1.0,1998.0,1999.0,1999.0,USA,Business Services,1
/organization/guruji,15000000.0,2.0,2006.0,2006.0,2007.0,IND,Search,0
/organization/gushcloud,,2.0,2011.0,2012.0,2015.0,SGP,Advertising,1
/organization/gustave-rosalie,209282.449997032,1.0,2012.0,2014.0,2014.0,,,0
/organization/gutenberg-technology,6433000.0,2.0,2010.0,2013.0,2013.0,FRA,Advertising,0
/organization/guuf,,1.0,2014.0,2015.0,2015.0,,,0
/organization/gws-photonics,3000000.0,1.0,,2004.0,2004.0,USA,Internet,0
/organization/gydget,1000000.0,2.0,2007.0,2006.0,2007.0,USA,Games,1
/organization/gyft,7500000.0,5.0,2012.0,2012.0,2013.0,,Gift Card,1
/organization/gyst,100000.0,1.0,,2010.0,2010.0,NGA,Internet,0
/organization/h-art-wpp,64795.0,1.0,2005.0,2005.0,2005.0,ITA,Public Relations,1
/organization/h-care,129590.0,1.0,2005.0,2005.0,2005.0,ITA,3D,1
/organization/h-umus,508520.0,1.0,,2006.0,2006.0,ITA,Software,1
/organization/h2i-technologies,3954000.0,1.0,,2008.0,2008.0,FRA,Hardware + Software,0
/organization/h2o-degree,500000.0,1.0,,2015.0,2015.0,USA,Energy,0
/organization/habeas,6000000.0,1.0,2002.0,2006.0,2006.0,USA,Enterprise Software,1
/organization/habiteo,3371127.41737929,1.0,,2015.0,2015.0,FRA,Real Estate,0
/organization/hackerhires,,1.0,,2012.0,2012.0,,,0
/organization/hackermeter,,1.0,,2013.0,2013.0,USA,Recruiting,1
/organization/hackhands,175000.0,1.0,2013.0,2014.0,2014.0,USA,EdTech,1
/organization/hackpad,,1.0,2011.0,2012.0,2012.0,USA,Business Productivity,1
/organization/hadapt,16200000.0,2.0,2010.0,2011.0,2012.0,USA,Analytics,1
/organization/hagamospool-com,,1.0,2013.0,2014.0,2014.0,,Communities,1
/organization/hairmod-bilgi-teknolojileri,200000.0,1.0,2015.0,2015.0,2015.0,,Apps,0
/organization/hal-knowledge-solutions,7275635.0,1.0,1984.0,2002.0,2002.0,ITA,Software,1
/organization/hall,6080000.0,3.0,2011.0,2011.0,2013.0,USA,Collaboration,1
/organization/hallpass-media,2000000.0,1.0,2008.0,2008.0,2008.0,CAN,Games,1
/organization/hallway-social-learning-network,,1.0,,2012.0,2012.0,USA,Social Media,0
/organization/ham-it,340000.0,1.0,,2007.0,2007.0,USA,Advertising,0
/organization/hammerhead-systems,73000000.0,3.0,2002.0,2004.0,2007.0,USA,Web Hosting,0
/organization/hammerkit,1613875.0,1.0,2006.0,2012.0,2012.0,FIN,Curated Web,0
/organization/hana-biosciences,116267844.0,2.0,,2009.0,2010.0,USA,Biotechnology,0
/organization/handango,60500000.0,1.0,,2006.0,2006.0,USA,Mobile,1
/organization/handle-my-health,405000.0,2.0,2012.0,2012.0,2012.0,GBR,Health and Wellness,1
/organization/handmade-mobile-entertainment,15391438.0,3.0,,2007.0,2011.0,USA,Social Media,0
/organization/handmark,10000000.0,2.0,2000.0,2005.0,2006.0,USA,Mobile,1
/organization/hands-on-mobile,30000000.0,1.0,2001.0,2005.0,2005.0,USA,Games,1
/organization/handsfree-networks,4000000.0,1.0,1999.0,2012.0,2012.0,USA,Software,0
/organization/handsignal,1350000.0,1.0,,2001.0,2001.0,USA,Enterprises,0
/organization/handsomexcutive,120000.0,1.0,,2010.0,2010.0,,E-Commerce,0
/organization/handylab,23600000.0,3.0,,2000.0,2008.0,USA,Biotechnology,1
/organization/happyshop,5600000.0,3.0,2010.0,2010.0,2012.0,CHL,App Marketing,0
/organization/happytables-ltd,506725.631103741,1.0,2012.0,2015.0,2015.0,GBR,Developer APIs,0
/organization/hara,45000000.0,3.0,2008.0,2009.0,2011.0,USA,Enterprise Software,1
/organization/harbin-pharmaceutical,200000000.0,1.0,,2004.0,2004.0,,Biotechnology,0
/organization/harbinger-medical,550000.0,1.0,1993.0,2010.0,2010.0,USA,Health Care,0
/organization/hardmetrics,2000000.0,1.0,2003.0,2006.0,2006.0,USA,Enterprise Software,1
/organization/harmonia,96263.0,1.0,2012.0,2013.0,2013.0,,Beauty,0
/organization/harmonix-music-systems,15045983.0,5.0,1995.0,1996.0,2015.0,USA,Games,1
/organization/harmony-information-systems,42000000.0,4.0,1998.0,2006.0,2011.0,USA,Software,1
/organization/harper-love-adhesive,,1.0,1978.0,2014.0,2014.0,USA,,0
/organization/harry-and-david,100000000.0,1.0,1934.0,2013.0,2013.0,USA,E-Commerce,1
/organization/hart-intercivic,1200000.0,2.0,,2005.0,2011.0,USA,Hardware + Software,0
/organization/hashable,4000000.0,3.0,2010.0,2008.0,2010.0,USA,Contact Management,0
/organization/hashgo,25000.0,1.0,,2012.0,2012.0,USA,Software,0
/organization/hashtaggy-inc,20000.0,1.0,2015.0,2015.0,2015.0,USA,Mobile,0
/organization/hashtip,200000.0,1.0,2012.0,2012.0,2012.0,USA,Curated Web,0
/organization/hassle-com,6814032.0,4.0,2011.0,2012.0,2014.0,GBR,CRM,1
/organization/hatch-marketing-plans,,1.0,2015.0,2015.0,2015.0,USA,,0
/organization/hatcher-associates,,1.0,1996.0,1998.0,1998.0,USA,,1
/organization/hatteras-networks,36000000.0,2.0,2000.0,2005.0,2006.0,USA,Web Hosting,1
/organization/haute-secure,2100000.0,2.0,2006.0,2007.0,2009.0,USA,Security,1
/organization/hautelook,41000000.0,2.0,2007.0,2009.0,2010.0,USA,E-Commerce,1
/organization/have-a-nice-beer,,1.0,2011.0,2013.0,2013.0,,,0
/organization/haymap-llc,,1.0,,2014.0,2014.0,USA,Software,0
/organization/hazel-mail,25000.0,1.0,,2012.0,2012.0,,Customer Service,0
/organization/hazelmail,25000.0,1.0,2012.0,2012.0,2012.0,,Curated Web,0
/organization/headcase-humanufacturing,900000.0,1.0,2006.0,2006.0,2006.0,USA,Software,0
/organization/headliner,118000.0,1.0,,2015.0,2015.0,,Entertainment,0
/organization/headmix,660000.0,1.0,2007.0,2009.0,2009.0,USA,Software,0
/organization/headplay,10814672.0,4.0,1998.0,2010.0,2010.0,USA,Games,0
/organization/headset,,1.0,,2015.0,2015.0,,Big Data,0
/organization/headsprout,10356751.0,3.0,1999.0,2001.0,2010.0,USA,Software,1
/organization/headstrong,75000.0,1.0,1981.0,2010.0,2010.0,USA,Consulting,1
/organization/headsup,100000.0,1.0,2013.0,2014.0,2014.0,USA,,0
/organization/heald-college,,1.0,,2009.0,2009.0,USA,Career Management,1
/organization/healogica,890000.0,2.0,2007.0,2008.0,2009.0,USA,Clinical Trials,0
/organization/health-benefits-direct,5400000.0,1.0,2004.0,2010.0,2010.0,USA,Finance,0
/organization/health-diagnostic-laboratory,400000.0,1.0,2008.0,2009.0,2009.0,USA,Health and Wellness,1
/organization/health-guru-media-inc,9450000.0,3.0,2007.0,2007.0,2011.0,USA,Colleges,1
/organization/health-hero-network-bosch-healthcare,16000000.0,1.0,1988.0,2006.0,2006.0,USA,Software,1
/organization/health-impact-solutions,,1.0,,2009.0,2009.0,NLD,Health and Wellness,0
/organization/health-informatics,10000000.0,1.0,,2012.0,2012.0,USA,Health and Wellness,0
/organization/health-market-science,17939377.0,4.0,1999.0,2005.0,2010.0,USA,Analytics,1
/organization/healthagen,3000000.0,1.0,,2010.0,2010.0,USA,Health and Wellness,1
/organization/healthaxis-com,57000000.0,1.0,,1999.0,1999.0,,,0
/organization/healthcare-partners,,1.0,1992.0,2005.0,2005.0,USA,,1
/organization/healthcareamerica-com,,1.0,,1999.0,1999.0,,,0
/organization/healthcaremagic,2500000.0,1.0,2008.0,2009.0,2009.0,IND,Health and Wellness,1
/organization/healthcaresource,41200000.0,2.0,1992.0,2008.0,2010.0,USA,Software,1
/organization/healthcentral,50000000.0,1.0,2006.0,2008.0,2008.0,USA,Health and Wellness,1
/organization/healthdatainsights,13200000.0,1.0,,2005.0,2005.0,USA,Health and Wellness,1
/organization/healthfusion,2242196.0,2.0,1998.0,2010.0,2012.0,USA,Cloud Computing,1
/organization/healthlok,,2.0,,2006.0,2008.0,USA,Electronic Health Records,0
/organization/healthmedia,3000000.0,1.0,,2003.0,2003.0,USA,Health and Wellness,1
/organization/healthpocket,2000000.0,1.0,2012.0,2012.0,2012.0,USA,Curated Web,1
/organization/healthrageous,15000000.0,3.0,2010.0,2011.0,2013.0,USA,Hardware + Software,0
/organization/healthrally,400000.0,2.0,2010.0,2011.0,2012.0,USA,Social Media,0
/organization/healthspring,3700000.0,1.0,2000.0,2013.0,2013.0,USA,Biotechnology,1
/organization/healthtone,,1.0,,2014.0,2014.0,UKR,Apps,0
/organization/healthvest-craig-ranch,201250.0,1.0,,2014.0,2014.0,USA,Health Care,0
/organization/healthyout,,1.0,2012.0,2013.0,2013.0,USA,Health and Wellness,1
/organization/healthytweet,500000.0,1.0,2009.0,2009.0,2009.0,,Curated Web,0
/organization/healvo,210000.0,2.0,2015.0,2015.0,2015.0,USA,Delivery,0
/organization/hearsay-it,100000.0,1.0,,2011.0,2011.0,,Software,0
/organization/hearticus,2500.0,1.0,2015.0,2015.0,2015.0,,Kids,0
/organization/heartscape,16980998.0,1.0,2000.0,2007.0,2007.0,USA,Health Care,1
/organization/heartscape-technologies-inc-,18400000.0,2.0,2005.0,2005.0,2007.0,USA,Healthcare Services,0
/organization/heartthis,2000000.0,1.0,2013.0,2013.0,2013.0,USA,E-Commerce,1
/organization/heekya,,1.0,,2008.0,2008.0,,Facebook Applications,0
/organization/helbiz-inc,250000.0,1.0,2015.0,2015.0,2015.0,USA,E-Commerce Platforms,0
/organization/heliae,123400000.0,3.0,2008.0,2012.0,2013.0,USA,Biotechnology,0
/organization/helicomm,1000000.0,1.0,2002.0,2006.0,2006.0,USA,Web Hosting,0
/organization/helios-health,20000000.0,1.0,,2000.0,2000.0,USA,Health Care,0
/organization/heliotrope-technologies,11482.0,2.0,2012.0,2013.0,2014.0,USA,Clean Technology,0
/organization/heliox,,1.0,,2015.0,2015.0,NLD,,0
/organization/helium,31986800.0,3.0,,2008.0,2011.0,USA,Curated Web,1
/organization/helix-micro,12300000.0,1.0,,2008.0,2008.0,USA,Batteries,0
/organization/helix-therapeutics,3362500.0,3.0,2006.0,2009.0,2010.0,USA,Biotechnology,0
/organization/helixis,17333335.0,2.0,2007.0,2007.0,2009.0,USA,Biotechnology,1
/organization/hellhouse-media,250000.0,1.0,2004.0,2009.0,2009.0,USA,Distribution,0
/organization/hello-block,118000.0,1.0,,2014.0,2014.0,,Design,0
/organization/hello-chair,889999.0,2.0,2006.0,2007.0,2010.0,USA,Mobile,0
/organization/hello-giggles,,1.0,2011.0,2014.0,2014.0,USA,Media,1
/organization/hello-real-estate,3300000.0,3.0,2011.0,2011.0,2015.0,AUS,Business Services,0
/organization/hellocasa,537817.0,1.0,2014.0,2015.0,2015.0,,Home & Garden,0
/organization/hellosoft,11000000.0,1.0,,2003.0,2003.0,USA,Web Hosting,1
/organization/hellowallet,16150000.0,3.0,2009.0,2010.0,2012.0,USA,Software,1
/organization/help-me-rent-magazine,500000.0,1.0,2010.0,2010.0,2010.0,USA,Home & Garden,0
/organization/help-systems,,1.0,1982.0,2012.0,2012.0,USA,Information Technology,1
/organization/helphive,250000.0,1.0,2008.0,2008.0,2008.0,USA,Curated Web,0
/organization/helpmerent-com,154000.0,1.0,2010.0,2011.0,2011.0,USA,Home & Garden,0
/organization/helpsquad-llc,500000.0,1.0,2015.0,2015.0,2015.0,USA,Customer Service,0
/organization/hematris-wound-care,3000000.0,1.0,,2009.0,2009.0,DEU,Biotechnology,0
/organization/hemosphere,9300000.0,1.0,,2010.0,2010.0,USA,Health Care,1
/organization/hemoteq,,1.0,1999.0,1999.0,1999.0,DEU,Clinical Trials,1
/organization/henniges-automotive,,1.0,,2010.0,2010.0,USA,,1
/organization/henri-miller,100000.0,1.0,2015.0,2015.0,2015.0,LBN,E-Commerce,0
/organization/heptares-therapeutics,26500000.0,3.0,2007.0,2007.0,2015.0,GBR,Biotechnology,1
/organization/herbabyshower,,1.0,2002.0,2012.0,2012.0,USA,E-Commerce,0
/organization/hereorthere,,1.0,,2007.0,2007.0,GBR,Travel,0
/organization/heritage-pharmaceuticals,10000000.0,1.0,2005.0,2008.0,2008.0,USA,Health Care,0
/organization/heroicnet,100000.0,1.0,2015.0,2015.0,2015.0,,Services,0
/organization/heroku,13020000.0,3.0,2007.0,2008.0,2010.0,USA,Enterprise Software,1
/organization/hersha-hospitality-trust,500000000.0,1.0,1998.0,2014.0,2014.0,USA,Hospitality,0
/organization/heureka-software-llc,1925000.0,3.0,2014.0,2014.0,2015.0,USA,Data Integration,0
/organization/heverest-ru,11700000.0,3.0,2011.0,2011.0,2013.0,RUS,E-Commerce,0
/organization/hey-neighbor,140000.0,1.0,2010.0,2011.0,2011.0,USA,Collaborative Consumption,0
/organization/hey-social-media-inc,200000.0,1.0,,2015.0,2015.0,,Apps,0
/organization/heyanita-inc,29300000.0,4.0,,2000.0,2002.0,USA,Software,1
/organization/heybadges,15000.0,1.0,2015.0,2015.0,2015.0,,Application Platforms,0
/organization/heybubble,400000.0,2.0,2011.0,2012.0,2012.0,USA,Chat,1
/organization/heysan,875000.0,2.0,2007.0,2007.0,2007.0,USA,Messaging,1
/organization/heyspace,20000000.0,1.0,2005.0,2008.0,2008.0,CHN,Games,0
/organization/heyythere,,1.0,2014.0,2015.0,2015.0,FRA,,0
/organization/hi-stor-technologies,3480000.0,2.0,1997.0,2005.0,2007.0,FRA,Software,0
/organization/hi5,52000000.0,4.0,2003.0,2007.0,2010.0,USA,Games,1
/organization/hibeam-internet-voice,,1.0,,2009.0,2009.0,USA,Web Hosting,0
/organization/hiconversion-ru,286911.0,1.0,,2013.0,2013.0,RUS,Advertising,0
/organization/hidden-city-games,15000000.0,1.0,2004.0,2007.0,2007.0,USA,Games,0
/organization/hiddenmind-technology,50000000.0,1.0,1994.0,2000.0,2000.0,USA,Application Platforms,1
/organization/higear,1300000.0,2.0,2011.0,2011.0,2011.0,USA,Automotive,1
/organization/high-density-networks,1000000.0,1.0,,2009.0,2009.0,USA,Web Hosting,0
/organization/high-gear-media,12000000.0,2.0,2007.0,2007.0,2009.0,USA,Automotive,1
/organization/high-street-partners,14300000.0,2.0,2002.0,2011.0,2013.0,USA,Software,0
/organization/high-tower-software,1000000.0,1.0,1999.0,2006.0,2006.0,USA,Security,1
/organization/highbeam-research,3100000.0,1.0,2002.0,2002.0,2002.0,USA,Curated Web,1
/organization/highernext,1065000.0,4.0,2010.0,2010.0,2012.0,USA,Education,1
/organization/highground,10159999.0,3.0,2012.0,2012.0,2014.0,USA,Customer Service,1
/organization/highjump-software,10000000.0,1.0,1983.0,2002.0,2002.0,USA,Software,1
/organization/highscore-house,284775.0,2.0,2011.0,2011.0,2012.0,CAN,Games,0
/organization/highview,1306398.60278649,1.0,,2014.0,2014.0,,,0
/organization/himily,,1.0,,2014.0,2014.0,,,0
/organization/hint,5900000.0,1.0,2010.0,2012.0,2012.0,USA,Curated Web,0
/organization/hipbone,750000.0,1.0,,1999.0,1999.0,USA,Analytics,1
/organization/hipchat,100000.0,1.0,2009.0,2010.0,2010.0,USA,Chat,1
/organization/hipclub,7000000.0,1.0,2010.0,2013.0,2013.0,RUS,Online Travel,0
/organization/hipcricket,17550000.0,3.0,2004.0,2007.0,2013.0,USA,Advertising,1
/organization/hiperos,,1.0,2007.0,2010.0,2010.0,USA,Enterprise Software,1
/organization/hipgeo,500000.0,1.0,2010.0,2011.0,2011.0,USA,Travel,0
/organization/hiplogic,14664565.0,2.0,2005.0,2008.0,2009.0,USA,Mobile,1
/organization/hipotekaexpress,19744.0,1.0,,2012.0,2012.0,,,0
/organization/hippflow,100000.0,1.0,,2013.0,2013.0,RUS,Curated Web,0
/organization/hipsnip,,1.0,2010.0,2012.0,2012.0,GBR,Curated Web,0
/organization/hipster,1000000.0,1.0,2011.0,2011.0,2011.0,USA,Curated Web,1
/organization/hiptype,,1.0,,2012.0,2012.0,USA,Advertising,0
/organization/hipui,487095.0,1.0,,2009.0,2009.0,,Interface Design,0
/organization/hirehive,,1.0,,2010.0,2010.0,USA,Collaborative Consumption,0
/organization/historx,13260546.0,4.0,2004.0,2004.0,2011.0,USA,Biotechnology,1
/organization/hit-systems,125000.0,1.0,2008.0,2008.0,2008.0,USA,Cloud Computing,0
/organization/hitpost,2000000.0,3.0,2009.0,2010.0,2012.0,USA,Databases,1
/organization/hittite-microwave,,1.0,,2000.0,2000.0,USA,Semiconductors,1
/organization/hitwise,14200000.0,2.0,,2000.0,2004.0,AUS,Curated Web,1
/organization/hive-media,1500000.0,1.0,2008.0,2011.0,2011.0,USA,Games,0
/organization/hive-social-inc,,1.0,2013.0,2015.0,2015.0,,,0
/organization/hive7,,1.0,,2006.0,2006.0,USA,Entertainment,1
/organization/hivelive,8950000.0,3.0,,2006.0,2008.0,USA,B2B,1
/organization/hiwifi,20000000.0,2.0,2013.0,2013.0,2014.0,CHN,Hardware + Software,0
/organization/hiwired,14000000.0,2.0,2004.0,2008.0,2008.0,USA,Software,1
/organization/hizliyol-technology,25000.0,1.0,2010.0,2015.0,2015.0,TUR,Consulting,0
/organization/hla-data-systems,475000.0,1.0,,2015.0,2015.0,,Health and Wellness,0
/organization/hn-discounts-corporation,25000.0,1.0,2011.0,2011.0,2011.0,USA,E-Commerce,0
/organization/hnng,500000.0,2.0,,2005.0,2006.0,USA,Energy,0
/organization/hoardspot,,2.0,,2014.0,2014.0,DEU,,0
/organization/hochy-eto,167000.0,1.0,,2012.0,2012.0,RUS,Hotels,0
/organization/holidaycheck,,1.0,2004.0,2006.0,2006.0,CHE,Information Services,1
/organization/holidaygang-com,55000.0,1.0,2013.0,2014.0,2014.0,GBR,Active Lifestyle,0
/organization/hollar,12000000.0,1.0,2015.0,2015.0,2015.0,,,0
/organization/hollywood-interactive-group,5000000.0,1.0,,2008.0,2008.0,USA,Curated Web,0
/organization/holochip,2700000.0,1.0,,2007.0,2007.0,USA,3D,0
/organization/home-account,1000000.0,2.0,2008.0,2009.0,2009.0,USA,Finance,1
/organization/home-comfort-zones,1250000.0,1.0,2002.0,2010.0,2010.0,USA,Hardware + Software,1
/organization/home-decor-products,65000000.0,1.0,2000.0,2006.0,2006.0,USA,,0
/organization/home-health-corporation-of-america,,1.0,1982.0,1992.0,1992.0,USA,,0
/organization/homeaway,504678374.0,5.0,2005.0,2005.0,2010.0,USA,Advertising,1
/organization/homeday,668473.221537776,1.0,2014.0,2015.0,2015.0,DEU,,0
/organization/homee-2,250000.0,1.0,,2015.0,2015.0,,,0
/organization/homejoy,39700000.0,5.0,2012.0,2010.0,2013.0,USA,Hospitality,0
/organization/homerun,,1.0,2009.0,2010.0,2010.0,USA,Curated Web,1
/organization/homesav,1200000.0,1.0,2010.0,2011.0,2011.0,CAN,E-Commerce,1
/organization/homeshop18,65000000.0,3.0,2008.0,2008.0,2013.0,IND,E-Commerce,0
/organization/homespace-2,30000000.0,1.0,,1999.0,1999.0,USA,,0
/organization/homesphere,2000000.0,2.0,1999.0,2002.0,2009.0,USA,SaaS,1
/organization/homest,41431.8859794498,1.0,2014.0,2014.0,2014.0,,Apps,0
/organization/honestly-com,1200000.0,1.0,,2010.0,2010.0,USA,Curated Web,0
/organization/honestly-now,,1.0,2010.0,2011.0,2011.0,USA,Advice,0
/organization/honeycomb-security-solutions,911000.0,1.0,2003.0,2007.0,2007.0,GBR,Security,0
/organization/honk,,1.0,2009.0,2009.0,2009.0,USA,Automotive,1
/organization/hoodi,,1.0,,2015.0,2015.0,,,0
/organization/hoonto,,1.0,2012.0,2012.0,2012.0,USA,,0
/organization/hoopla-pl,,1.0,,2005.0,2005.0,,,0
/organization/hoopos-com,,1.0,2011.0,2011.0,2011.0,IND,E-Commerce,1
/organization/hopcab,,1.0,,2012.0,2012.0,,,0
/organization/hopelab,9000000.0,1.0,2001.0,2005.0,2005.0,USA,Health and Wellness,0
/organization/hopon--inc-,750000.0,1.0,2013.0,2015.0,2015.0,USA,Internet,1
/organization/hoppit,500000.0,1.0,2011.0,2012.0,2012.0,USA,Machine Learning,1
/organization/hopscot-ch,50000.0,1.0,2010.0,2011.0,2011.0,USA,Messaging,0
/organization/hopscotch,2000000.0,2.0,2010.0,2011.0,2014.0,USA,Apps,0
/organization/hopscout,1300000.0,1.0,,2010.0,2010.0,USA,E-Commerce,0
/organization/hopstop-com,2000000.0,2.0,2005.0,2007.0,2008.0,USA,All Markets,1
/organization/horam-vr,548311.0,1.0,2015.0,2015.0,2015.0,,Creative,0
/organization/horizon-therapeutics-2,15000000.0,1.0,,2007.0,2007.0,,,0
/organization/horizon-wind-energy,318000000.0,2.0,1998.0,2009.0,2009.0,USA,Clean Technology,1
/organization/horizontal-systems,,1.0,,2010.0,2010.0,,Software,1
/organization/hormiplast,20000.0,1.0,,2015.0,2015.0,ARG,Construction,0
/organization/horrance,30000.0,1.0,2011.0,2011.0,2011.0,,Social Media,0
/organization/horse-creek-entertainment,697792.0,1.0,1989.0,2008.0,2008.0,SWE,E-Commerce,0
/organization/hostex,,1.0,1995.0,2007.0,2007.0,LTU,Data Centers,1
/organization/hot-pot,4200000.0,1.0,,2007.0,2007.0,THA,,0
/organization/hotalot,252040.0,1.0,2008.0,2008.0,2008.0,SVN,Journalism,0
/organization/hotclick-video,525000.0,1.0,2009.0,2009.0,2009.0,USA,E-Commerce,0
/organization/hotelbar,136332.0,1.0,,2001.0,2001.0,BRA,Hospitality,0
/organization/hotelevision,15000000.0,1.0,,2003.0,2003.0,USA,Cable,0
/organization/hotelicopter,5000000.0,2.0,2006.0,2008.0,2011.0,USA,Curated Web,0
/organization/hotellauncher-com,147595.0,1.0,2014.0,2015.0,2015.0,,Distribution,0
/organization/hotelsmap-com,5000.0,1.0,,2009.0,2009.0,ARE,Enterprise Software,0
/organization/hotlist,1474998.0,4.0,2008.0,2008.0,2012.0,USA,Colleges,0
/organization/hotpads-com,2300000.0,1.0,2005.0,2007.0,2007.0,USA,Hotels,1
/organization/hotpathz-inc,150000.0,1.0,2015.0,2015.0,2015.0,,3D,0
/organization/hotpotato,1420000.0,1.0,2009.0,2009.0,2009.0,USA,Social Media,1
/organization/hotsip,3541773.0,1.0,1999.0,2003.0,2003.0,SWE,Communications Infrastructure,1
/organization/hotspur-technologies,10321150.0,5.0,2008.0,2008.0,2011.0,USA,Customer Service,1
/organization/hotswap,1000000.0,1.0,,2007.0,2007.0,USA,Cars,0
/organization/hourville,,1.0,2008.0,2009.0,2009.0,USA,Education,0
/organization/house-of-control,,1.0,,2015.0,2015.0,USA,,0
/organization/housefix,149996.0,1.0,2010.0,2012.0,2012.0,USA,Communities,0
/organization/howaboutwe,22300000.0,3.0,2009.0,2010.0,2013.0,USA,Curated Web,1
/organization/howdy-3,1500000.0,1.0,,2015.0,2015.0,,Information Technology,0
/organization/howstuffworks,75000000.0,2.0,1999.0,2000.0,2007.0,USA,Curated Web,1
/organization/hoyos-corporation,40000000.0,1.0,2005.0,2010.0,2010.0,USA,Enterprise Software,0
/organization/hr-pipapai,1500000.0,1.0,,2014.0,2014.0,,Cloud Computing,0
/organization/hstreaming,1000000.0,1.0,,2013.0,2013.0,USA,Analytics,1
/organization/htp-solution,935279.0,1.0,2001.0,2015.0,2015.0,,Logistics,0
/organization/hubble-telemedical,1150000.0,4.0,2011.0,2012.0,2014.0,USA,Biotechnology,1
/organization/hubbuzz,750000.0,1.0,2007.0,2007.0,2007.0,USA,Curated Web,0
/organization/hubchilla,,1.0,,2012.0,2012.0,USA,Messaging,0
/organization/hubgets,7000000.0,3.0,2012.0,2011.0,2013.0,ROM,Collaboration,0
/organization/hubkick,112500.0,1.0,2011.0,2011.0,2011.0,USA,Productivity Software,0
/organization/hubspan,13000000.0,1.0,2000.0,2005.0,2005.0,USA,Software,1
/organization/huddler,22750000.0,3.0,2007.0,2008.0,2011.0,USA,Advertising,1
/organization/hudooku-inc,175000.0,1.0,2014.0,2014.0,2014.0,USA,Chat,0
/organization/huffingtonpost,37000000.0,5.0,2005.0,2005.0,2010.0,USA,Media,1
/organization/hug-energy,600000.0,1.0,2009.0,2010.0,2010.0,USA,Curated Web,0
/organization/hughes-telematics,67255150.0,3.0,2007.0,2010.0,2011.0,USA,Mobile,1
/organization/huizuche-com-惠租车,,1.0,2014.0,2014.0,2014.0,,,0
/organization/huje-labs,25000.0,1.0,2006.0,2008.0,2008.0,PAK,Internet,0
/organization/hukkster,4500000.0,3.0,2012.0,2012.0,2014.0,USA,Curated Web,0
/organization/hulbee,9000000.0,1.0,2008.0,2015.0,2015.0,CHE,Search,0
/organization/human-demand,1225000.0,2.0,2012.0,2012.0,2013.0,USA,Mobile,1
/organization/human-network-labs,50000.0,1.0,2007.0,2010.0,2010.0,USA,Curated Web,0
/organization/humanoid,1100000.0,2.0,2008.0,2010.0,2010.0,USA,Audio,1
/organization/humedica,63000000.0,3.0,1979.0,2009.0,2012.0,USA,Health and Wellness,1
/organization/hunch,19200000.0,3.0,2007.0,2007.0,2010.0,USA,Curated Web,1
/organization/hundredapples,50000.0,1.0,2011.0,2011.0,2011.0,SGP,Education,0
/organization/hungry-promotions-ltd,80570.0,1.0,2011.0,2011.0,2011.0,GBR,Curated Web,1
/organization/hungrybuddies-com,100000.0,1.0,2013.0,2013.0,2013.0,IND,Delivery,0
/organization/hunner-retail-india-private-limited,,1.0,2011.0,2011.0,2011.0,IND,,0
/organization/hurray,4000000.0,1.0,1999.0,2003.0,2003.0,CHN,Fashion,1
/organization/hurricane-party,20000.0,1.0,2010.0,2010.0,2010.0,USA,Group Buying,0
/organization/hurrier,192357.0,2.0,2013.0,2014.0,2014.0,CAN,E-Commerce,1
/organization/hutchinson-technology,57200000.0,3.0,,2010.0,2013.0,USA,Software,0
/organization/hx-diagnostics,7800000.0,2.0,2006.0,2009.0,2009.0,USA,Biotechnology,0
/organization/hyaqu,500000.0,1.0,,2011.0,2011.0,USA,E-Commerce,0
/organization/hybridsite-web-services,,1.0,2013.0,2013.0,2013.0,USA,Curated Web,1
/organization/hybris,30000000.0,4.0,1997.0,2009.0,2013.0,CAN,Content,1
/organization/hycrete-2,15000000.0,1.0,2003.0,2008.0,2008.0,USA,Building Products,1
/organization/hydrobolt,,1.0,,2008.0,2008.0,GBR,,1
/organization/hydroglobe,1100000.0,1.0,,2003.0,2003.0,USA,Environmental Innovation,1
/organization/hygeia-personal-care-products,,1.0,2004.0,2008.0,2008.0,USA,Curated Web,0
/organization/hymite,33458281.0,3.0,,2004.0,2007.0,DNK,Finance,0
/organization/hyper-games,94244.7851218899,1.0,,2015.0,2015.0,NOR,,0
/organization/hyper9,17200000.0,4.0,2006.0,2007.0,2009.0,USA,Software,1
/organization/hyperformix,11800000.0,2.0,,2006.0,2009.0,USA,Software,1
/organization/hyperic,9900000.0,2.0,2004.0,2006.0,2007.0,USA,Cloud Management,1
/organization/hyperion,165961509.0,7.0,2006.0,2007.0,2011.0,USA,Biotechnology,1
/organization/hyperion-solutions,,1.0,1981.0,1991.0,1991.0,USA,Business Productivity,1
/organization/hyperpublic,1150000.0,2.0,,2009.0,2010.0,USA,Analytics,0
/organization/hyperquality,15500000.0,2.0,2003.0,2005.0,2007.0,USA,Analytics,1
/organization/hyperquest,700000.0,1.0,,2012.0,2012.0,USA,Developer Tools,1
/organization/hyperroll,24500000.0,2.0,,2002.0,2004.0,USA,Enterprise Software,1
/organization/hypersciences,,1.0,,2015.0,2015.0,,Technology,0
/organization/hyperweek,761798.0,4.0,2009.0,2008.0,2012.0,CHE,Social Media,1
/organization/hyphen8,100000.0,1.0,,2007.0,2007.0,USA,Curated Web,0
/organization/hypios,3581700.0,4.0,2008.0,2008.0,2011.0,FRA,Collaboration,0
/organization/hypnion,47500000.0,1.0,,2003.0,2003.0,USA,Diagnostics,1
/organization/hypnotic,,1.0,,2001.0,2001.0,,,0
/organization/hytle,25000.0,1.0,2009.0,2009.0,2009.0,,Curated Web,0
/organization/i-am-smart-technology,752000.0,2.0,2008.0,2008.0,2011.0,USA,Hardware + Software,0
/organization/i-dispo-com,,1.0,2010.0,2011.0,2011.0,,,0
/organization/i-frontdesk,63173.0,1.0,2012.0,2012.0,2012.0,DEU,Hotels,0
/organization/i-just-shared,200000.0,1.0,2010.0,2010.0,2010.0,USA,Social Media,0
/organization/i-like-my-waitress,25000.0,1.0,2014.0,2014.0,2014.0,,Apps,1
/organization/i-logix,10500000.0,1.0,,1999.0,1999.0,,Computers,1
/organization/i-nalysis,,1.0,2008.0,2009.0,2009.0,USA,Hardware + Software,0
/organization/i-o-t-shirt,12500.0,1.0,,2015.0,2015.0,,Services,0
/organization/i-pop-networks,,1.0,,2009.0,2009.0,,,0
/organization/i-quest,11500000.0,1.0,,2000.0,2000.0,,Internet Service Providers,0
/organization/i-shake,,1.0,2009.0,2009.0,2009.0,USA,Games,0
/organization/i-tech-2,,1.0,,2010.0,2010.0,,,0
/organization/i-works,7000000.0,1.0,1989.0,2000.0,2000.0,USA,Software,1
/organization/i2we,750000.0,1.0,2007.0,2008.0,2008.0,USA,Social Media,0
/organization/iam-robotics,,1.0,2012.0,2015.0,2015.0,,,0
/organization/iasis-healthcare,1500000.0,1.0,,2007.0,2007.0,USA,Health and Wellness,1
/organization/ibaax,1000000.0,1.0,2014.0,2014.0,2014.0,,,0
/organization/ibabybox,25000.0,1.0,2013.0,2013.0,2013.0,USA,Social Media,0
/organization/ibeatyou,1000000.0,1.0,,2008.0,2008.0,USA,Games,1
/organization/iberic-premium,107239.0,1.0,,2014.0,2014.0,,,0
/organization/ibiquity-digital-corporation,42477641.0,2.0,1991.0,2005.0,2009.0,USA,Broadcasting,1
/organization/ibloks,500000.0,1.0,,2006.0,2006.0,USA,Entertainment,0
/organization/ibloom-technologies,,1.0,2009.0,2009.0,2009.0,IND,Curated Web,0
/organization/ibragu,,1.0,,2011.0,2011.0,,,0
/organization/ibs-software-services-p,60000000.0,1.0,1997.0,2007.0,2007.0,IND,Software,1
/organization/ibsn,6020000.0,1.0,,2004.0,2004.0,USA,Finance,0
/organization/ic-media-corporation,22500000.0,1.0,1998.0,2004.0,2004.0,USA,Sensors,1
/organization/icagen,5000000.0,1.0,1992.0,2009.0,2009.0,USA,Biotechnology,1
/organization/ican,4000000.0,1.0,,2000.0,2000.0,USA,Application Platforms,0
/organization/ican-3,,1.0,2015.0,2015.0,2015.0,,,0
/organization/iceberg,721880.0,2.0,2006.0,2006.0,2014.0,IRL,Business Development,1
/organization/icelerate,11080000.0,1.0,,2001.0,2001.0,USA,Services,0
/organization/icentera,1500000.0,1.0,2003.0,2005.0,2005.0,USA,Software,1
/organization/icera,244500000.0,9.0,2002.0,2003.0,2011.0,GBR,Mobile,1
/organization/icerocket,300000.0,1.0,2004.0,2004.0,2004.0,USA,Search,1
/organization/ichange,2330500.0,4.0,2008.0,2007.0,2010.0,USA,Career Management,1
/organization/ichiba,800000.0,1.0,,2012.0,2012.0,,E-Commerce,0
/organization/iclinix,10000000.0,1.0,2005.0,2008.0,2008.0,AUS,Clinical Trials,0
/organization/icon-medical-corp,27671780.0,4.0,,2005.0,2012.0,,Health Care,0
/organization/iconclude,12500000.0,3.0,2005.0,2005.0,2006.0,USA,Enterprise Software,1
/organization/icondial,50000.0,1.0,2008.0,2008.0,2008.0,AUS,Public Relations,0
/organization/iconic,,1.0,2013.0,2013.0,2013.0,USA,Retail,0
/organization/iconix-biosciences,4000000.0,1.0,,2007.0,2007.0,USA,Biotechnology,1
/organization/iconografico,50000.0,1.0,,2012.0,2012.0,PER,Design,0
/organization/icontact,53400191.0,6.0,2003.0,2006.0,2010.0,USA,Email,1
/organization/icontext,10000000.0,1.0,,2013.0,2013.0,RUS,Ad Targeting,0
/organization/icredit,150000.0,1.0,,2014.0,2014.0,USA,Small and Medium Businesses,0
/organization/icrossing,108000000.0,3.0,1998.0,2005.0,2007.0,GBR,Advertising,1
/organization/icurrent,3000000.0,1.0,2006.0,2008.0,2008.0,USA,News,1
/organization/icx-technologies,3500000.0,1.0,,2007.0,2007.0,USA,Defense,1
/organization/id-analytics,35150000.0,3.0,2002.0,2002.0,2007.0,USA,Enterprise Software,1
/organization/ideaoffer,,1.0,,2008.0,2008.0,USA,Curated Web,0
/organization/ideeli,106800000.0,5.0,2007.0,2007.0,2013.0,USA,E-Commerce,1
/organization/idenix-pharmaceuticals,132000000.0,3.0,,2010.0,2014.0,USA,Biotechnology,1
/organization/identified-com,22500000.0,4.0,2010.0,2010.0,2012.0,USA,Analytics,1
/organization/identify-software,38000000.0,3.0,,2001.0,2004.0,,Developer APIs,1
/organization/identyx,50000.0,1.0,,2005.0,2005.0,USA,Identity Management,1
/organization/idesia,,1.0,,2005.0,2005.0,ISR,,0
/organization/idev-technologies,59705235.0,3.0,,2010.0,2012.0,USA,Biotechnology,1
/organization/ididwork,,1.0,,2008.0,2008.0,USA,Curated Web,0
/organization/idooble,400000.0,2.0,2009.0,2009.0,2010.0,USA,Comparison Shopping,0
/organization/idverge,125000.0,1.0,2010.0,2011.0,2011.0,USA,Security,0
/organization/idyia-innovations,267500.0,1.0,1972.0,2005.0,2005.0,CAN,Web Hosting,0
/organization/iec-technology-co,4510000.0,1.0,1999.0,2009.0,2009.0,THA,Public Relations,0
/organization/iemo,,1.0,2013.0,2014.0,2014.0,JPN,Curated Web,1
/organization/iencuentra,50000.0,1.0,,2012.0,2012.0,PER,Application Platforms,0
/organization/ies,,1.0,2010.0,2010.0,2010.0,USA,Software,1
/organization/iexerci-se,379892.0,2.0,2009.0,2009.0,2009.0,GBR,Exercise,0
/organization/iexplore,14000000.0,4.0,1999.0,1999.0,2001.0,USA,Travel & Tourism,1
/organization/ifulfillment,21500000.0,2.0,,2000.0,2000.0,USA,Business Services,1
/organization/igadget-asia,10000.0,1.0,2012.0,2012.0,2012.0,IND,News,0
/organization/igate-patni-computers,100000000.0,1.0,1978.0,2002.0,2002.0,IND,Software,1
/organization/igaworldwide,51357500.0,4.0,2005.0,2006.0,2010.0,USA,Advertising,0
/organization/iggli,,1.0,2007.0,2007.0,2007.0,USA,Social Media,0
/organization/iglue,1100000.0,3.0,2007.0,2007.0,2010.0,HUN,Search,0
/organization/igneous-systems,23600000.0,1.0,,2014.0,2014.0,USA,Big Data,0
/organization/ignios,3800000.0,1.0,,2004.0,2004.0,GBR,Development Platforms,0
/organization/ignitad,4000000.0,2.0,,2010.0,2011.0,ISR,Advertising,0
/organization/igroup-network,2240000.0,2.0,2006.0,2007.0,2008.0,USA,Messaging,0
/organization/ihj-media-group,60000.0,1.0,2005.0,2005.0,2005.0,SWE,Search,0
/organization/ihookup-social,2297181.0,2.0,2012.0,2014.0,2015.0,USA,Software,0
/organization/iiimobi,300000.0,1.0,2009.0,2009.0,2009.0,CHN,Advertising,0
/organization/ijento,17704186.0,3.0,,2010.0,2012.0,USA,Analytics,0
/organization/ijet-international,13500000.0,3.0,1999.0,2001.0,2013.0,USA,Business Intelligence,1
/organization/ijigg,,1.0,2000.0,2007.0,2007.0,BRA,Games,0
/organization/ikano-communications,47500000.0,2.0,1999.0,2001.0,2007.0,USA,Telecommunications,1
/organization/ikanos,90000000.0,3.0,2009.0,2003.0,2009.0,USA,Software,0
/organization/ikaria,344947203.0,3.0,2006.0,2005.0,2009.0,USA,Biotechnology,1
/organization/ikasystems,147492730.0,3.0,1999.0,2010.0,2014.0,USA,Enterprise Software,1
/organization/ikeebon,9533.70641904453,1.0,2015.0,2015.0,2015.0,,,0
/organization/ikks,,1.0,,2015.0,2015.0,FRA,Fashion,0
/organization/ikoa,20700000.0,4.0,2006.0,2007.0,2010.0,USA,Semiconductors,0
/organization/ikro,724000.0,1.0,1947.0,1982.0,1982.0,BRA,Automotive,0
/organization/ikwa-orientao-profissional,,1.0,,2006.0,2006.0,BRA,All Students,0
/organization/il-bisonte,,1.0,1970.0,2015.0,2015.0,ITA,Consumer Goods,0
/organization/ilesfay-technology-group,965000.0,2.0,2009.0,2011.0,2012.0,USA,Enterprise Software,1
/organization/ilevel-solutions,6000000.0,1.0,2010.0,2010.0,2010.0,USA,Software,1
/organization/iliant,10000000.0,1.0,2000.0,2002.0,2002.0,USA,Technology,1
/organization/ilike,16500000.0,3.0,,2002.0,2006.0,USA,Artists Globally,1
/organization/ilinc,2962500.0,1.0,1998.0,2009.0,2009.0,USA,Collaboration,1
/organization/ilist,1500000.0,1.0,,2008.0,2008.0,,Classifieds,1
/organization/illume-software,6797785.0,3.0,2009.0,2009.0,2011.0,USA,Software,0
/organization/illuminate-labs,1060000.0,1.0,,2005.0,2005.0,SWE,Development Platforms,0
/organization/illuminations-2,9000000.0,1.0,1996.0,2002.0,2002.0,USA,Consumer Goods,0
/organization/illuminator-4d,,1.0,,2014.0,2014.0,,,0
/organization/illumix-software,3000000.0,1.0,2008.0,2008.0,2008.0,GBR,Business Intelligence,0
/organization/ilumin-software,8500000.0,1.0,1996.0,2004.0,2004.0,USA,Messaging,1
/organization/im-sense,1960000.0,1.0,,2008.0,2008.0,,Software,0
/organization/image-entertainment,2000000.0,1.0,,2002.0,2002.0,USA,,0
/organization/imageids,48957.0,2.0,2011.0,2011.0,2011.0,,Advertising,0
/organization/imagekind,2600000.0,2.0,2006.0,2006.0,2007.0,USA,Art,1
/organization/imagiin,,1.0,2006.0,2007.0,2007.0,FRA,Accounting,0
/organization/imagimod,100000.0,1.0,2013.0,2014.0,2014.0,USA,Games,0
/organization/imagine-communications,34700000.0,4.0,2005.0,2005.0,2010.0,USA,Software,1
/organization/imaginova,15000000.0,1.0,,2006.0,2006.0,USA,Comics,1
/organization/imago-scientific-instruments,11633057.0,4.0,1999.0,2002.0,2009.0,USA,Analytics,1
/organization/imapdata,20769647.0,4.0,1982.0,2001.0,2015.0,USA,Analytics,1
/organization/imaste,999950.0,1.0,2003.0,2011.0,2011.0,ESP,Enterprise Software,1
/organization/imbera-electronics,15000000.0,1.0,,2009.0,2009.0,USA,Semiconductors,1
/organization/imedexchange,2624000.0,2.0,2007.0,2008.0,2009.0,USA,Curated Web,0
/organization/imedix,2000000.0,1.0,2007.0,2007.0,2007.0,ISR,Search,0
/organization/imeem,27132127.0,6.0,2003.0,2004.0,2009.0,USA,Music,1
/organization/imente,153439.0,1.0,2000.0,2003.0,2003.0,ESP,Media,1
/organization/imerit-technology,3500000.0,1.0,2012.0,2015.0,2015.0,,Information Technology,0
/organization/imindi,500000.0,2.0,,2007.0,2008.0,USA,Curated Web,0
/organization/imlogic-inc,30000000.0,2.0,,2003.0,2004.0,,Enterprises,1
/organization/imma,125000.0,1.0,,2013.0,2013.0,IND,E-Commerce,0
/organization/immco-diagnostics,,1.0,1971.0,2007.0,2007.0,USA,,1
/organization/immi,25000000.0,1.0,,2008.0,2008.0,USA,Advertising,1
/organization/immigration-overseas-reviews-cherishes-of-no-complaints,,1.0,1990.0,1993.0,1993.0,IND,,0
/organization/immune-control,11300000.0,1.0,2001.0,2005.0,2005.0,USA,Health Care,1
/organization/immune-targeting-systems,20320961.3976074,2.0,2003.0,2007.0,2010.0,GBR,Biotechnology,1
/organization/immunet-corporation,2000000.0,2.0,2008.0,2008.0,2009.0,USA,Cloud Computing,1
/organization/immuno-gum,1200000.0,1.0,2011.0,2015.0,2015.0,USA,Health Care,0
/organization/immunologix,1341116.0,3.0,2008.0,2010.0,2011.0,USA,Biotechnology,1
/organization/immunomic-therapeutics,6245999.0,4.0,2005.0,2010.0,2014.0,USA,Biotechnology,0
/organization/imove,5717561.0,5.0,1995.0,2004.0,2013.0,USA,Hardware + Software,1
/organization/impact-2,,1.0,,2006.0,2006.0,,,0
/organization/impact-products,,1.0,1963.0,2010.0,2010.0,USA,,0
/organization/impactgames,250000.0,2.0,,2007.0,2008.0,USA,Games,1
/organization/impactmedia,1950000.0,1.0,,2010.0,2010.0,IRL,Design,0
/organization/impacto-tecnologias,800000.0,1.0,,2001.0,2001.0,BRA,Automated Kiosk,0
/organization/impactrx,4200000.0,3.0,2000.0,2002.0,2010.0,USA,Biotechnology,1
/organization/impedans,,1.0,,2015.0,2015.0,IRL,Bioinformatics,0
/organization/imperator,150000.0,1.0,2010.0,2010.0,2010.0,BGR,Software,1
/organization/imperito-networks,28000000.0,1.0,,2003.0,2003.0,,,0
/organization/impermium,9000000.0,2.0,2010.0,2011.0,2011.0,USA,Security,1
/organization/impeva,10000000.0,1.0,2004.0,2008.0,2008.0,USA,Software,0
/organization/implicit-monitoring-solutions,25000000.0,1.0,,2006.0,2006.0,USA,Enterprise Software,1
/organization/impressive-creative,25000000.0,1.0,,2007.0,2007.0,,,0
/organization/impulsesave,50000.0,3.0,2010.0,2011.0,2012.0,USA,Finance,1
/organization/imrsv,3016969.0,7.0,2010.0,2011.0,2012.0,USA,Analytics,1
/organization/imscouting,,1.0,,2008.0,2008.0,ISR,Curated Web,0
/organization/imubit,,1.0,,2015.0,2015.0,,Internet of Things,0
/organization/in-motion-technology,5639000.0,2.0,2002.0,2005.0,2009.0,CAN,Mobile,1
/organization/in2games,15280000.0,1.0,2000.0,2007.0,2007.0,GBR,Games,0
/organization/inaura,8500000.0,1.0,,2005.0,2005.0,USA,Cyber Security,0
/organization/inboxfever,,1.0,2011.0,2011.0,2011.0,,Email,0
/organization/incentive-targeting,3980000.0,2.0,2007.0,2010.0,2011.0,USA,Public Relations,1
/organization/incentivyze,500000.0,1.0,2013.0,2013.0,2013.0,USA,Enterprise Software,0
/organization/incentone,,1.0,1997.0,2010.0,2010.0,USA,Health and Wellness,1
/organization/incline-therapeutics,64940000.0,3.0,2010.0,2009.0,2011.0,USA,Biotechnology,1
/organization/inclinix,20596287.0,3.0,1999.0,2010.0,2014.0,USA,Biotechnology,0
/organization/incredible-labs,,1.0,2011.0,2011.0,2011.0,USA,Mobile,0
/organization/increo-solutions,500000.0,1.0,2008.0,2008.0,2008.0,USA,Software,0
/organization/incubet,5000000.0,1.0,2011.0,2011.0,2011.0,USA,Development Platforms,0
/organization/incuity-software,7300000.0,1.0,2004.0,2006.0,2006.0,USA,Software,1
/organization/indaba-mobile,1500000.0,1.0,2009.0,2013.0,2013.0,,,0
/organization/indeed,5000000.0,1.0,2004.0,2005.0,2005.0,USA,Curated Web,1
/organization/indelsul,165000.0,1.0,,1982.0,1982.0,,,0
/organization/indextank,1600000.0,1.0,2009.0,2011.0,2011.0,USA,SaaS,1
/organization/indiaever-com,20000.0,1.0,2012.0,2012.0,2012.0,IND,Classifieds,0
/organization/indicative-software,6000000.0,1.0,2003.0,2006.0,2006.0,USA,Software,1
/organization/indicee,6000000.0,1.0,2006.0,2009.0,2009.0,CAN,SaaS,0
/organization/indie-broadcast-network,,1.0,,2013.0,2013.0,,,0
/organization/indigenous-global-development,5000000.0,1.0,,2003.0,2003.0,USA,Business Development,0
/organization/indigio-technologies,,1.0,,2011.0,2011.0,,,0
/organization/indisys,6447280.0,3.0,2005.0,2007.0,2012.0,ESP,Enterprise Software,1
/organization/indom,,1.0,1997.0,2009.0,2009.0,FRA,Web Hosting,1
/organization/indplay,,1.0,2006.0,2006.0,2006.0,USA,Games,1
/organization/industriaplex,,1.0,1999.0,2009.0,2009.0,USA,Consulting,0
/organization/industrykart-com,50000.0,1.0,2015.0,2015.0,2015.0,,Industrial,0
/organization/indygeek,7100.0,2.0,2009.0,2009.0,2010.0,USA,Media,0
/organization/inea-corporation,7500000.0,1.0,1992.0,2004.0,2004.0,CAN,Financial Services,1
/organization/inest-realty,2500000.0,2.0,1997.0,1999.0,2000.0,USA,Real Estate,1
/organization/inetu-managed-hosting,,1.0,1996.0,2013.0,2013.0,USA,Content,1
/organization/inevention-technology-inc,,1.0,2012.0,2013.0,2013.0,USA,Enterprise Software,1
/organization/inewit,5765000.0,3.0,2005.0,2006.0,2008.0,BEL,Hardware + Software,0
/organization/infima-technologies,630000.0,2.0,2006.0,2006.0,2008.0,ISR,Software,0
/organization/infineta-systems,30000000.0,2.0,2008.0,2010.0,2011.0,USA,Software,0
/organization/infinia,147863878.0,11.0,1985.0,2006.0,2013.0,USA,Clean Energy,1
/organization/infinitybox,118000.0,2.0,2006.0,2006.0,2006.0,USA,Curated Web,1
/organization/inflightonline-com,,1.0,,1999.0,1999.0,,,0
/organization/info-ctrl-limited,462614.689509476,1.0,,2015.0,2015.0,,,0
/organization/infoactive,50349.0,1.0,,2012.0,2012.0,,Advertising,1
/organization/infobionics,7000000.0,2.0,2000.0,2006.0,2013.0,USA,Social Media,0
/organization/infochimps,5650000.0,11.0,2009.0,2010.0,2013.0,USA,Databases,1
/organization/infoflow,457000.0,2.0,2006.0,2007.0,2008.0,GBR,Software,0
/organization/infoglide-software-corporation,4200000.0,1.0,1996.0,2002.0,2002.0,USA,Facebook Applications,1
/organization/infoharmoni,,1.0,2009.0,2010.0,2010.0,USA,Software,0
/organization/infolibria,41000000.0,2.0,1997.0,2001.0,2001.0,USA,Infrastructure,1
/organization/infologix,3000000.0,1.0,2001.0,2010.0,2010.0,USA,Enterprise Software,1
/organization/infolytics,20659.0,1.0,,2011.0,2011.0,GRC,Software,0
/organization/infomedics,10000000.0,1.0,,2000.0,2000.0,,Health Care,1
/organization/infopia,40514852.0,5.0,1999.0,2004.0,2009.0,USA,Software,0
/organization/inform-technologies,29330000.0,4.0,2004.0,2006.0,2011.0,USA,Curated Web,0
/organization/informance-international,6000000.0,1.0,1995.0,2005.0,2005.0,USA,Enterprise Software,1
/organization/information-development-consultants,1000000.0,1.0,,2006.0,2006.0,USA,Finance,1
/organization/information-security-corporation,,1.0,1982.0,1998.0,1998.0,,,0
/organization/information-technology-2,,1.0,,1996.0,1996.0,,,0
/organization/informative,9500000.0,3.0,1999.0,1999.0,2007.0,USA,Advertising,1
/organization/infotrieve,32755000.0,4.0,1987.0,2002.0,2007.0,USA,Consulting,1
/organization/infovista,62449384.0,2.0,1996.0,2010.0,2014.0,,Customer Service,1
/organization/infraredx,91625000.0,6.0,1998.0,2010.0,2013.0,USA,Health Care,1
/organization/infrastruct-security,6760000.0,2.0,2006.0,2006.0,2010.0,USA,Security,0
/organization/infravio,6200000.0,1.0,,2003.0,2003.0,USA,Enterprises,1
/organization/infreeda,,1.0,2005.0,2005.0,2005.0,USA,Advertising,1
/organization/ingamenow,,1.0,2008.0,2008.0,2008.0,USA,Curated Web,0
/organization/ingenious-med,6450000.0,5.0,1999.0,2009.0,2015.0,USA,Cloud Infrastructure,1
/organization/ingent,1720000.0,1.0,,2007.0,2007.0,LTU,,0
/organization/ingenuity-systems,15400000.0,1.0,1998.0,2010.0,2010.0,USA,Biotechnology,1
/organization/ingrian-networks,51400000.0,3.0,,2002.0,2005.0,USA,Privacy,1
/organization/ingrid-solutions,77000.0,2.0,2010.0,2011.0,2012.0,USA,Software,0
/organization/inhale-digital,1300000.0,2.0,2010.0,2010.0,2012.0,USA,Coupons,0
/organization/inhance-media,,1.0,2005.0,2011.0,2011.0,USA,Technology,1
/organization/inhand-networks,2196193.26500732,1.0,,2010.0,2010.0,USA,,0
/organization/inhibitex,61250000.0,3.0,1994.0,2002.0,2009.0,USA,Biotechnology,1
/organization/inimex-pharmaceuticals,28155227.0,3.0,,2004.0,2008.0,CAN,Biotechnology,0
/organization/initiate-systems,31000000.0,2.0,1994.0,2008.0,2008.0,USA,Banking,1
/organization/inktank,14400000.0,2.0,2012.0,2012.0,2013.0,USA,Cloud Computing,1
/organization/inland-pipe-rehabilitation,,1.0,,2009.0,2009.0,USA,,0
/organization/inlet-technologies,22400000.0,3.0,2003.0,2005.0,2008.0,USA,Web Hosting,1
/organization/inlive-interactive,6440000.0,1.0,2005.0,2006.0,2006.0,,Software,0
/organization/inlogy,3800000.0,2.0,2010.0,2011.0,2012.0,USA,Enterprise Software,0
/organization/inmage-systems,35856605.0,5.0,2001.0,2003.0,2013.0,USA,Enterprise Software,1
/organization/inmoo,500000.0,1.0,,2010.0,2010.0,USA,Film,1
/organization/innerrewards,1000000.0,1.0,2008.0,2008.0,2008.0,USA,E-Commerce,0
/organization/innervate,118000.0,1.0,,2015.0,2015.0,USA,Communities,0
/organization/innerwireless,27000000.0,4.0,1999.0,2002.0,2009.0,USA,Mobile,1
/organization/innfocus,13504564.0,1.0,,2013.0,2013.0,USA,Hardware + Software,0
/organization/innocutis,6500000.0,1.0,2005.0,2011.0,2011.0,USA,Biotechnology,1
/organization/innodesk,2000000.0,1.0,,2004.0,2004.0,USA,Batteries,0
/organization/innodia-2,3000000.0,1.0,,2009.0,2009.0,CAN,Bio-Pharm,0
/organization/innogenetics,9560000.0,1.0,1985.0,2005.0,2005.0,BEL,Biotechnology,1
/organization/innography,16500000.0,4.0,2006.0,2008.0,2014.0,USA,Analytics,1
/organization/innopharma,43000000.0,3.0,2005.0,2011.0,2013.0,USA,Biotechnology,1
/organization/innoprise-software,4000000.0,1.0,,2004.0,2004.0,USA,Software,0
/organization/innov-x-systems,27000000.0,1.0,2001.0,2007.0,2007.0,USA,Hardware + Software,1
/organization/innovalight,74341484.0,6.0,,2007.0,2011.0,USA,Clean Technology,1
/organization/innovate-protect,1035000.0,1.0,,2011.0,2011.0,,Intellectual Asset Management,1
/organization/innovative-metabolics,5500000.0,1.0,,2007.0,2007.0,,,0
/organization/innovative-silicon,47000000.0,3.0,2002.0,2004.0,2007.0,USA,Semiconductors,0
/organization/innovative-spinal-technologies,18000000.0,1.0,2002.0,2008.0,2008.0,USA,Health Care,1
/organization/innovawave,2000000.0,1.0,,2006.0,2006.0,USA,,0
/organization/innovectra,1790000.0,1.0,1996.0,2007.0,2007.0,USA,Advertising,1
/organization/innoveer-solutions,1900000.0,1.0,1998.0,2012.0,2012.0,USA,Consulting,1
/organization/innovorder,440622.452651446,1.0,,2015.0,2015.0,,,0
/organization/inovio-pharmaceuticals,108300000.0,2.0,1983.0,2014.0,2015.0,USA,Biotechnology,0
/organization/inovys,34000000.0,2.0,1999.0,2001.0,2004.0,USA,Hardware + Software,1
/organization/inpact-me,81393.0,2.0,2012.0,2012.0,2012.0,CHL,Finance,0
/organization/inplace,1507400.0,1.0,,2008.0,2008.0,ITA,Advertising,0
/organization/inporia,1250000.0,1.0,2011.0,2011.0,2011.0,USA,E-Commerce,0
/organization/inquira,9250000.0,1.0,2002.0,2003.0,2003.0,USA,Knowledge Management,1
/organization/insectigen,1160000.0,1.0,,2005.0,2005.0,,Biotechnology,0
/organization/insevo,3000000.0,1.0,,2001.0,2001.0,,Infrastructure,0
/organization/inside-social,2245000.0,3.0,2012.0,2013.0,2013.0,USA,Analytics,1
/organization/insideaxis-2,,1.0,,2009.0,2009.0,USA,Contact Management,0
/organization/insider-guides,4099999.0,1.0,,2006.0,2006.0,,,0
/organization/insiderpages,8500000.0,1.0,,2006.0,2006.0,USA,Business Services,1
/organization/insight-communications,,1.0,1985.0,2010.0,2010.0,USA,Web Hosting,1
/organization/insightera,6500000.0,2.0,2009.0,2012.0,2013.0,USA,Business Services,1
/organization/insightfulinc,250000.0,1.0,,2013.0,2013.0,USA,Enterprise Search,0
/organization/insightrx,,1.0,2015.0,2015.0,2015.0,USA,Health Care,0
/organization/insightsone,4300000.0,1.0,,2012.0,2012.0,USA,Analytics,1
/organization/insite-vision,24568730.0,2.0,1986.0,2011.0,2014.0,USA,Biotechnology,1
/organization/insiteone,10250000.0,2.0,1999.0,2000.0,2001.0,USA,Software,1
/organization/insound-medical,13881227.0,2.0,,2008.0,2009.0,USA,Health Care,1
/organization/insparq-com,,3.0,2010.0,2011.0,2014.0,USA,Enterprise Software,1
/organization/inspired-technologies,6973916.0,2.0,,2009.0,2010.0,,Health Care,0
/organization/inspiris,8020000.0,1.0,1998.0,2004.0,2004.0,USA,Health Care,1
/organization/inspiry,,1.0,,2007.0,2007.0,CHN,,0
/organization/instablogs,,1.0,2005.0,2008.0,2008.0,USA,Curated Web,1
/organization/instaclean,,1.0,2015.0,2015.0,2015.0,,,0
/organization/instaedu,5100000.0,2.0,2011.0,2012.0,2013.0,USA,Education,0
/organization/instagarage,25000.0,1.0,2007.0,2007.0,2007.0,USA,Curated Web,0
/organization/instagram,57500000.0,3.0,2010.0,2010.0,2012.0,USA,Mobile,1
/organization/instahealth,1308756.0,1.0,2008.0,2009.0,2009.0,IND,Software,1
/organization/instajob,2000000.0,1.0,,2006.0,2006.0,USA,Software,0
/organization/installfree,11499997.0,2.0,2006.0,2008.0,2010.0,ISR,Meeting Software,1
/organization/installs-inc,21000000.0,1.0,,2002.0,2002.0,USA,Technology,0
/organization/installshield-software-corporation,,1.0,1987.0,1998.0,1998.0,USA,Software,1
/organization/instantis,8800000.0,1.0,1999.0,2006.0,2006.0,USA,Software,1
/organization/instantmarketing,25000.0,1.0,,2013.0,2013.0,RUS,Business Services,0
/organization/instantq,,1.0,2009.0,2009.0,2009.0,USA,Advertising,0
/organization/instapagar,550000.0,1.0,2011.0,2011.0,2011.0,BRA,Finance,0
/organization/instinctiv,1420698.0,4.0,2007.0,2008.0,2011.0,USA,Consumer Electronics,1
/organization/insurance-noodle,16150000.0,3.0,2000.0,2000.0,2001.0,USA,Enterprises,1
/organization/insureworx,6000000.0,1.0,2005.0,2006.0,2006.0,USA,Software,1
/organization/insuritas,10000000.0,1.0,1998.0,2012.0,2012.0,USA,Finance,0
/organization/insurity,49750000.0,1.0,1985.0,2011.0,2011.0,USA,Software,1
/organization/insync-systems,,1.0,1989.0,1996.0,1996.0,,Design,1
/organization/intalio,39617282.0,6.0,1999.0,2001.0,2012.0,SGP,Apps,1
/organization/intechra-holdings,52500000.0,4.0,1987.0,2005.0,2007.0,USA,Computers,1
/organization/integralreach,50000.0,1.0,2012.0,2012.0,2012.0,USA,Advertising,1
/organization/integrated-computing-engine-2,30000000.0,1.0,1993.0,1995.0,1995.0,,,0
/organization/integrated-dental-holdings,9500000.0,1.0,,2004.0,2004.0,,Dental,0
/organization/integrated-materials,8800000.0,1.0,1998.0,2005.0,2005.0,USA,Hardware,1
/organization/integrated-systems-inc,,1.0,1981.0,1987.0,1987.0,USA,Service Providers,0
/organization/integration-associates,11000000.0,2.0,1991.0,2004.0,2006.0,USA,Semiconductors,1
/organization/integrationware,7000000.0,1.0,,1999.0,1999.0,USA,,0
/organization/integrian,13000000.0,1.0,,2005.0,2005.0,USA,Manufacturing,0
/organization/integrien,36518951.0,5.0,2001.0,2004.0,2010.0,USA,Enterprise Software,1
/organization/integrity-it-solutions,,1.0,,2011.0,2011.0,USA,Enterprise Software,0
/organization/intela,13250000.0,2.0,2006.0,2010.0,2012.0,USA,Advertising,1
/organization/intelect-medical,7000000.0,1.0,,2007.0,2007.0,USA,Biotechnology,1
/organization/intelicoat-technologies,150000.0,1.0,,2011.0,2011.0,USA,Manufacturing,1
/organization/intelius,31000000.0,1.0,2003.0,2015.0,2015.0,USA,Curated Web,1
/organization/intellichem,,1.0,1998.0,2002.0,2002.0,USA,Information Technology,1
/organization/intelliden,105000000.0,4.0,2000.0,2002.0,2007.0,USA,Software,1
/organization/intelligent-apps-mytaxi,13017000.0,4.0,2009.0,2010.0,2013.0,DEU,Android,1
/organization/intelligent-bio-systems,353000.0,1.0,2005.0,2008.0,2008.0,USA,Biotechnology,1
/organization/intelligroup,,1.0,1987.0,1996.0,1996.0,USA,Software,1
/organization/intellikine,85000000.0,3.0,,2007.0,2011.0,USA,Biotechnology,1
/organization/intellinx,4000000.0,1.0,2005.0,2006.0,2006.0,ISR,Security,1
/organization/intellione,3800000.0,1.0,,2010.0,2010.0,USA,Software,1
/organization/intelliquis-international,2000000.0,1.0,,1999.0,1999.0,USA,,0
/organization/intellirisk-management,37500000.0,1.0,,2004.0,2004.0,USA,Business Services,0
/organization/intellisense,100000.0,1.0,2009.0,2009.0,2009.0,UGA,Business Services,0
/organization/intellitactics,10300000.0,2.0,1996.0,2003.0,2005.0,USA,Enterprise Software,1
/organization/intelliworks,23950000.0,5.0,2004.0,2005.0,2010.0,USA,Colleges,1
/organization/intellon-corporation,66000000.0,3.0,,2004.0,2006.0,USA,Semiconductors,1
/organization/intellution,,1.0,1980.0,1990.0,1990.0,USA,,1
/organization/intensedebate,515000.0,2.0,2006.0,2007.0,2007.0,USA,Blogging Platforms,1
/organization/interact-public-safety-systems,70202607.0,5.0,1975.0,2008.0,2013.0,USA,Geospatial,1
/organization/interactif-visuel-syst-me,1510072.0,1.0,1996.0,2000.0,2000.0,FRA,Computer Vision,1
/organization/interactive-advisory-software,13621199.0,5.0,2001.0,2008.0,2011.0,USA,Software,1
/organization/interactive-mobile-advertising,650142.0,1.0,2010.0,2010.0,2010.0,USA,Advertising,0
/organization/interactive-networks,1000000.0,1.0,1986.0,2007.0,2007.0,URY,Messaging,1
/organization/interactive-supercomputing,15500000.0,2.0,2004.0,2006.0,2007.0,USA,Cloud Computing,1
/organization/interactive-tko,12560000.0,2.0,1999.0,2006.0,2007.0,USA,Software,1
/organization/intercasting,17500000.0,2.0,2004.0,2005.0,2007.0,USA,Mobile,1
/organization/intercell-biomedical-research-development-ag,72000000.0,2.0,1998.0,2001.0,2003.0,AUT,Biotechnology,1
/organization/interclick,18100000.0,1.0,2007.0,2009.0,2009.0,USA,Advertising,1
/organization/intercomp,549000.0,1.0,1968.0,1971.0,1971.0,,,0
/organization/interlace-medical,23000000.0,2.0,2006.0,2007.0,2009.0,USA,Health Care,1
/organization/interliant,17500000.0,1.0,1993.0,2000.0,2000.0,USA,Software,1
/organization/intermed-discovery,9866928.0,1.0,2006.0,2009.0,2009.0,DEU,Clean Technology,0
/organization/intermixmedia,14000000.0,3.0,,2003.0,2004.0,,Curated Web,1
/organization/international-battery,60000000.0,2.0,2008.0,2008.0,2010.0,USA,Clean Technology,0
/organization/international-fitness-holdings,,1.0,,2008.0,2008.0,CAN,Fitness,1
/organization/international-liars-poker-association,1250000.0,1.0,,2007.0,2007.0,USA,Games,0
/organization/international-partnership-for-microbicides,60000000.0,1.0,2002.0,2003.0,2003.0,USA,Non Profit,0
/organization/internet-broadcasting,500000.0,1.0,1996.0,2012.0,2012.0,USA,Curated Web,1
/organization/internet-college-internation-s-l,148600.0,1.0,2011.0,2011.0,2011.0,ESP,Software,0
/organization/internet-motors-corp,2000000.0,1.0,,2001.0,2001.0,,Automotive,0
/organization/internet-pawn,7228704.0,5.0,2009.0,2010.0,2013.0,USA,Finance,0
/organization/internet-pipeline,104434998.0,3.0,1995.0,2008.0,2012.0,USA,Software,1
/organization/internet-reit,58000000.0,2.0,,2006.0,2007.0,USA,Web Hosting,0
/organization/internet-wire,21500000.0,2.0,,2000.0,2002.0,,,0
/organization/interpacket,15000000.0,1.0,1997.0,2000.0,2000.0,,,1
/organization/intersan,25600000.0,2.0,,2001.0,2002.0,USA,Internet,1
/organization/interscope-technologies,3000000.0,1.0,,2001.0,2001.0,USA,Technology,0
/organization/interse,3890000.0,1.0,,2007.0,2007.0,DNK,Software,0
/organization/intersperse-inc,21300000.0,2.0,,2001.0,2003.0,USA,Digital Media,1
/organization/interspiresubmit,500000.0,1.0,2010.0,2010.0,2010.0,,Advertising,0
/organization/intexys,6356500.0,1.0,2002.0,2006.0,2006.0,FRA,Web Hosting,1
/organization/intoan-technology,1220000.0,1.0,2000.0,2005.0,2005.0,FRA,Software,0
/organization/intradigm-corporation,37400000.0,2.0,2000.0,2006.0,2009.0,USA,Biotechnology,1
/organization/intralens-vision,12000000.0,1.0,,2005.0,2005.0,USA,Services,0
/organization/intralign,,1.0,2012.0,2013.0,2013.0,USA,Health and Wellness,1
/organization/intraop,7200000.0,3.0,,2007.0,2009.0,USA,Health Care,1
/organization/intraspect-software,11500000.0,1.0,1995.0,1999.0,1999.0,USA,Enterprise Software,1
/organization/intrinsity,35500000.0,2.0,2008.0,2008.0,2010.0,USA,Semiconductors,1
/organization/introbridge,300000.0,1.0,2009.0,2010.0,2010.0,GBR,iPhone,0
/organization/introfly,75000.0,1.0,2011.0,2011.0,2011.0,USA,Curated Web,0
/organization/introniche,,1.0,2007.0,2008.0,2008.0,BEL,Advertising,0
/organization/intronis,20900000.0,3.0,2003.0,2007.0,2012.0,USA,Enterprise Software,1
/organization/introvision-r-d,822000.0,1.0,2011.0,2012.0,2012.0,RUS,Oil & Gas,0
/organization/intrusic,18100000.0,3.0,2001.0,2004.0,2006.0,USA,Software,0
/organization/intruvert,36140000.0,2.0,2000.0,2002.0,2002.0,USA,Architecture,1
/organization/intucell,8500000.0,2.0,,2010.0,2011.0,ISR,Mobile,1
/organization/intuwave,3600000.0,1.0,,2004.0,2004.0,GBR,Software,0
/organization/intymna-pl,,1.0,2001.0,2007.0,2007.0,POL,E-Commerce,0
/organization/inuk-networks,18560000.0,2.0,,2006.0,2008.0,GBR,Games,1
/organization/inuvo,4200000.0,1.0,2009.0,2010.0,2010.0,USA,Advertising,0
/organization/invarium,6000000.0,1.0,2003.0,2006.0,2006.0,USA,Semiconductors,1
/organization/inveni,483333.0,1.0,2008.0,2011.0,2011.0,USA,Curated Web,0
/organization/investable-loans,45000.0,1.0,,2014.0,2014.0,,Finance,0
/organization/investopresto,340000.0,3.0,,2011.0,2012.0,SGP,Finance,0
/organization/investor-broadcast-network,15000000.0,1.0,,2000.0,2000.0,USA,Broadcasting,0
/organization/invia-cz,9649500.0,2.0,2002.0,2008.0,2013.0,CZE,E-Commerce,0
/organization/invibox,300000.0,1.0,2013.0,2013.0,2013.0,,App Stores,0
/organization/invicta-networks,200000.0,1.0,1999.0,2005.0,2005.0,USA,Public Relations,0
/organization/invigorate-now-inc,55000.0,1.0,2011.0,2014.0,2014.0,,Dietary Supplements,0
/organization/inviragen,15000000.0,1.0,,2009.0,2009.0,USA,Biotechnology,1
/organization/invision-com,5000000.0,1.0,1995.0,2006.0,2006.0,USA,Web Hosting,1
/organization/invisioneer,,1.0,2012.0,2013.0,2013.0,USA,Design,0
/organization/invism,37500.0,2.0,2006.0,2009.0,2010.0,USA,Games,0
/organization/invitemedia,5000000.0,3.0,2007.0,2007.0,2009.0,USA,Advertising,1
/organization/invivo-therapeutics,13000000.0,1.0,,2010.0,2010.0,USA,Biotechnology,0
/organization/invivodata,13098401.0,2.0,1987.0,2006.0,2009.0,USA,Health and Wellness,1
/organization/involver,12645126.0,6.0,2007.0,2006.0,2010.0,USA,Facebook Applications,0
/organization/involvio,155000.0,1.0,2011.0,2011.0,2011.0,USA,Software,0
/organization/io-turbine,7750000.0,1.0,,2011.0,2011.0,USA,Software,1
/organization/iod-incorporated,35000000.0,1.0,1996.0,2010.0,2010.0,USA,Biotechnology,1
/organization/iogyn,5000000.0,1.0,,2012.0,2012.0,USA,Hardware + Software,1
/organization/iomai,54000000.0,1.0,1997.0,2003.0,2003.0,USA,Biotechnology,1
/organization/ion-torrent,59864364.0,2.0,,2009.0,2010.0,USA,Biotechnology,1
/organization/ionix-pharmaceuticals,15900000.0,1.0,2001.0,2003.0,2003.0,GBR,Health Care,1
/organization/ionlogix-systems,30000.0,1.0,2007.0,2008.0,2008.0,USA,Software,0
/organization/iotas-inc,700000.0,1.0,2014.0,2014.0,2014.0,USA,Internet of Things,0
/organization/ioxd,,1.0,2014.0,2015.0,2015.0,,,0
/organization/ip-unity,,1.0,,2004.0,2004.0,USA,,0
/organization/iparty,32900000.0,2.0,,1999.0,1999.0,,,0
/organization/iperia,10000000.0,2.0,1997.0,2005.0,2007.0,USA,Enterprise Software,1
/organization/ipg-maxx-entertainment-india-p-ltd,500000.0,1.0,2014.0,2014.0,2014.0,IND,Entertainment,0
/organization/iphighway,11000000.0,1.0,,1999.0,1999.0,USA,,0
/organization/ipico,2500000.0,1.0,2004.0,2010.0,2010.0,CAN,Hardware + Software,1
/organization/ipierian,74170000.0,4.0,2007.0,2009.0,2013.0,USA,Biotechnology,1
/organization/iplocks,15400000.0,1.0,2002.0,2006.0,2006.0,USA,Security,1
/organization/iplshop-brasil,180000.0,1.0,2013.0,2013.0,2013.0,BRA,E-Commerce,0
/organization/ipnet-solutions,40000000.0,1.0,,2000.0,2000.0,,Data Centers,0
/organization/ipnetwork,,1.0,,1999.0,1999.0,,,0
/organization/ipower-technologies,14000000.0,1.0,,2002.0,2002.0,,Computers,0
/organization/ippies,,1.0,2007.0,2013.0,2013.0,NLD,,0
/organization/ipplex,4258500.0,1.0,2006.0,2011.0,2011.0,USA,Collaboration,0
/organization/ipractice-group,2517000.0,2.0,2009.0,2010.0,2012.0,USA,Biotechnology,0
/organization/iptego,1190000.0,2.0,2006.0,2010.0,2010.0,,Software,1
/organization/iptronics-a-s,10380000.0,1.0,2003.0,2008.0,2008.0,,Semiconductors,1
/organization/iptune,1651520.0,1.0,,2010.0,2010.0,FIN,Mobile,1
/organization/ipwireless,31580000.0,3.0,1999.0,2006.0,2011.0,GBR,Mobile,1
/organization/iq-engines,3800000.0,1.0,2008.0,2012.0,2012.0,USA,Augmented Reality,1
/organization/iq-taxi,500000.0,1.0,2013.0,2014.0,2014.0,USA,Services,0
/organization/iqapla-2,,1.0,2015.0,2015.0,2015.0,ESP,,0
/organization/iqcard,7700000.0,4.0,2012.0,2012.0,2013.0,RUS,Nonprofits,0
/organization/iquum,1000000.0,1.0,,2011.0,2011.0,USA,Biotechnology,1
/organization/irl,157260.0,1.0,2008.0,2008.0,2008.0,NLD,Location Based Services,0
/organization/irlynx,2204719.20145071,1.0,,2015.0,2015.0,FRA,Electronics,0
/organization/ironcurtain-entertainment,81438.0,2.0,2010.0,2010.0,2010.0,EST,Business Services,0
/organization/irongate,3280000.0,2.0,,2006.0,2008.0,ESP,Security,0
/organization/ironpearl,,1.0,2012.0,2012.0,2012.0,USA,Analytics,1
/organization/ironport,61500000.0,2.0,2000.0,2002.0,2004.0,USA,Security,1
/organization/is-pharma,5700000.0,1.0,,2010.0,2010.0,GBR,Biotechnology,0
/organization/is3,9100000.0,1.0,,2003.0,2003.0,USA,Software,0
/organization/iscience-surgical,22000000.0,2.0,,2003.0,2005.0,USA,Biotechnology,0
/organization/iscopia-software,9533642.38410596,2.0,1993.0,2007.0,2008.0,CAN,Electronic Health Records,0
/organization/isd-corporation,6000000.0,1.0,,2005.0,2005.0,USA,Software,1
/organization/isend-llc,,1.0,2007.0,2008.0,2008.0,,,0
/organization/isengua,117059.0,1.0,2009.0,2012.0,2012.0,IRL,Mobile,0
/organization/ish,,1.0,1989.0,1999.0,1999.0,USA,,1
/organization/ishbowl,25000.0,1.0,2012.0,2012.0,2012.0,USA,Digital Signage,0
/organization/isilon,43400000.0,4.0,2001.0,2001.0,2006.0,USA,Web Hosting,1
/organization/isis,400000.0,1.0,1998.0,2007.0,2007.0,USA,E-Commerce,1
/organization/isis-biopolymer,6999006.0,2.0,,2010.0,2010.0,USA,Biotechnology,0
/organization/isites,1000000.0,1.0,,2010.0,2010.0,,Hardware + Software,0
/organization/iskoot,32200000.0,3.0,2005.0,2006.0,2008.0,USA,Mobile,1
/organization/islanddatacorporation,20500000.0,4.0,1995.0,2007.0,2010.0,USA,Analytics,1
/organization/isocket,15104119.0,4.0,2009.0,2009.0,2014.0,USA,Advertising,1
/organization/ispottedyou-com,97950.0,1.0,,2010.0,2010.0,USA,Curated Web,0
/organization/isquare,200000.0,1.0,2007.0,2007.0,2007.0,USA,Online Rental,0
/organization/israel-based-valens-semiconductor,7000000.0,1.0,,2007.0,2007.0,,,0
/organization/istafind-ltd,,1.0,2014.0,2015.0,2015.0,GBR,Apps,0
/organization/istante-software,10000000.0,1.0,2002.0,2002.0,2002.0,USA,Computers,1
/organization/istorez,2300000.0,1.0,,2008.0,2008.0,USA,Curated Web,1
/organization/istpika,2396740.0,1.0,2009.0,2010.0,2010.0,JPN,Facebook Applications,1
/organization/istreamplanet,15000000.0,3.0,2000.0,2011.0,2013.0,USA,Games,1
/organization/isuppli,30442772.0,4.0,,2001.0,2010.0,USA,Business Analytics,1
/organization/isvworld,995928.0,2.0,2010.0,2009.0,2010.0,NLD,Market Research,0
/organization/isyndica,500000.0,2.0,2009.0,2009.0,2009.0,USA,Enterprise Software,0
/organization/it-trading,3200000.0,1.0,,2010.0,2010.0,USA,Software,0
/organization/ita-software,100000000.0,1.0,1996.0,2006.0,2006.0,USA,Travel,1
/organization/itac-software,5533127.0,1.0,,2004.0,2004.0,DEU,Software,0
/organization/itaggit,1340000.0,2.0,,2006.0,2011.0,USA,Curated Web,0
/organization/itango,2500000.0,1.0,,2001.0,2001.0,USA,Information Technology,0
/organization/itarget-com,,1.0,,1999.0,1999.0,,,0
/organization/itc-financial-services,54000000.0,1.0,,2004.0,2004.0,USA,Financial Services,0
/organization/itc-global,5450000.0,1.0,,2011.0,2011.0,USA,Public Relations,1
/organization/itema,,1.0,2007.0,2007.0,2007.0,USA,Software,0
/organization/itg-s-a,,1.0,,2008.0,2008.0,,,0
/organization/iti-health,450000.0,1.0,,2015.0,2015.0,USA,Health and Wellness,0
/organization/itis-holdings,10964643.0,3.0,1997.0,1999.0,2007.0,USA,Software,1
/organization/itm-software,19000000.0,3.0,2001.0,2003.0,2007.0,USA,Software,1
/organization/itmedia-kk,,1.0,1999.0,2000.0,2000.0,JPN,News,0
/organization/itog-inc,205000.0,1.0,2006.0,2008.0,2008.0,USA,Networking,0
/organization/itracs,17840000.0,2.0,,2004.0,2010.0,USA,Web Hosting,1
/organization/itsdapper,20000.0,1.0,2013.0,2013.0,2013.0,USA,Enterprise Software,0
/organization/itsgoinon,100000.0,1.0,2010.0,2011.0,2011.0,USA,Ediscovery,0
/organization/itzbig,4000000.0,1.0,2006.0,2007.0,2007.0,USA,Consulting,0
/organization/iunika,46000000.0,1.0,,2010.0,2010.0,ESP,Software,0
/organization/iuniverse-com,21000000.0,1.0,,2001.0,2001.0,USA,Information Technology,1
/organization/ivantage-health-analytics,18600000.0,2.0,2011.0,2011.0,2013.0,USA,Analytics,1
/organization/ivendor-2,12000000.0,1.0,1998.0,1999.0,1999.0,USA,,0
/organization/ivera-medical,4064891.0,2.0,,2011.0,2013.0,USA,Biotechnology,1
/organization/iverify-2,21000000.0,1.0,2002.0,2008.0,2008.0,USA,Security,0
/organization/ividence,9700000.0,3.0,2008.0,2009.0,2012.0,FRA,Advertising,1
/organization/ivideosongs,3300000.0,1.0,,2008.0,2008.0,,Music,1
/organization/ivilka,20000.0,1.0,2011.0,2013.0,2013.0,,Restaurants,0
/organization/ivillage,,1.0,1995.0,2001.0,2001.0,USA,News,1
/organization/ivita,15000000.0,1.0,,2000.0,2000.0,,Financial Services,0
/organization/ivivity,49000000.0,7.0,,2001.0,2007.0,USA,Hardware,1
/organization/iviz-security,7400000.0,4.0,2005.0,2005.0,2010.0,USA,Computers,1
/organization/iwaboo-inc,650640.66417399,1.0,2012.0,2013.0,2013.0,,,0
/organization/iwatech,,1.0,,2008.0,2008.0,USA,,0
/organization/iwaterways-com,21000000.0,1.0,,2000.0,2000.0,,,0
/organization/iwatt,41200000.0,5.0,2000.0,2001.0,2013.0,USA,Manufacturing,1
/organization/iweb-technologies,33521971.0,6.0,1996.0,2006.0,2008.0,CAN,Data Centers,1
/organization/iweebo,,1.0,2011.0,2011.0,2011.0,,Browser Extensions,0
/organization/iwidgets,4100000.0,1.0,2007.0,2009.0,2009.0,USA,Advertising,1
/organization/iwitness,11200000.0,2.0,2009.0,2001.0,2009.0,USA,Software,1
/organization/iwt,175000.0,2.0,2008.0,2010.0,2012.0,USA,Photography,0
/organization/ixi-mobile,15000000.0,2.0,2000.0,2002.0,2005.0,USA,Hardware + Software,1
/organization/ixigo-com-2,,2.0,2006.0,2008.0,2008.0,IND,Hotels,1
/organization/iz3d,5000000.0,1.0,2007.0,2008.0,2008.0,USA,Hardware + Software,0
/organization/izeos,1313111.0,1.0,,2012.0,2012.0,FRA,Health Care,1
/organization/izumi-bio,20000000.0,1.0,2007.0,2009.0,2009.0,USA,Biotechnology,1
/organization/izze-beverage,6350000.0,1.0,2002.0,2005.0,2005.0,USA,Consumer Goods,0
/organization/j-j-solutions,9580181.0,1.0,2008.0,2015.0,2015.0,USA,Biotechnology,0
/organization/jacent-technologies,13700000.0,2.0,2001.0,2005.0,2007.0,USA,Software,0
/organization/jack-s-family-restaurants,,1.0,,2015.0,2015.0,USA,Restaurants,0
/organization/jackbe,25999968.0,5.0,2002.0,2006.0,2010.0,USA,Enterprises,1
/organization/jacked,9000000.0,3.0,2006.0,2006.0,2008.0,USA,Advertising,1
/organization/jacket-micro-devices,12000000.0,4.0,2004.0,2004.0,2008.0,USA,Mobile,1
/organization/jackpot-rewards,16700000.0,1.0,2008.0,2008.0,2008.0,USA,Curated Web,0
/organization/jacobad-pte-ltd,38000.0,1.0,,2010.0,2010.0,SGP,Coupons,0
/organization/jacobs-rimell-limited,,1.0,,2002.0,2002.0,,Communications Infrastructure,1
/organization/jag-ag,,1.0,,2008.0,2008.0,ISR,Mobile,0
/organization/jagtag,3628372.0,1.0,2007.0,2009.0,2009.0,USA,Mobile,1
/organization/jajah,33000000.0,4.0,2005.0,2006.0,2009.0,USA,Audio,1
/organization/jakks-pacific,75000000.0,1.0,1995.0,2014.0,2014.0,USA,E-Commerce,0
/organization/jamba-2,,1.0,2000.0,2003.0,2003.0,,,1
/organization/jambool,6000000.0,2.0,2006.0,2008.0,2009.0,USA,E-Commerce,1
/organization/jambotech,4500000.0,2.0,2000.0,2003.0,2006.0,USA,Enterprise Software,1
/organization/jamdatmobile,19000000.0,3.0,2000.0,2001.0,2003.0,USA,Curated Web,1
/organization/jamglue,,1.0,2006.0,2006.0,2006.0,USA,Communities,0
/organization/jamlegend,2000000.0,2.0,,2008.0,2009.0,USA,Games,1
/organization/jarkas-lab-limited,,1.0,,2015.0,2015.0,,,0
/organization/jasper-design-automation,13630000.0,3.0,1999.0,2003.0,2012.0,USA,Hardware + Software,1
/organization/jaspersoft,43500000.0,4.0,2001.0,2005.0,2011.0,USA,Analytics,1
/organization/javajobs,50000.0,1.0,1997.0,2006.0,2006.0,USA,Enterprises,0
/organization/javelin-semiconductor,15263250.0,3.0,2007.0,2010.0,2012.0,USA,Semiconductors,1
/organization/jaxtr,22500000.0,4.0,2005.0,2006.0,2008.0,USA,Mobile,1
/organization/jaycut,,1.0,1996.0,2007.0,2007.0,SWE,B2B,1
/organization/jazz-blues-television-2,,1.0,2010.0,2015.0,2015.0,,,0
/organization/jazz-technologies,2030000.0,2.0,,2005.0,2006.0,USA,Semiconductors,1
/organization/jazzd-markets,8000000.0,1.0,,2008.0,2008.0,USA,Messaging,0
/organization/jboss,10000000.0,1.0,1993.0,2004.0,2004.0,USA,Developer Tools,1
/organization/jds-pharmaceuticals-llc,62000000.0,1.0,,2004.0,2004.0,,Health Care,1
/organization/jell-creative,21350000.0,6.0,1993.0,1999.0,2002.0,USA,Brand Marketing,1
/organization/jellycloud,6600000.0,1.0,,2008.0,2008.0,USA,Advertising,0
/organization/jellyfish,5000000.0,1.0,2005.0,2006.0,2006.0,USA,Social Media,1
/organization/jenacell,907900.0,2.0,2012.0,2012.0,2015.0,DEU,Nanotechnology,0
/organization/jentro-technologies,29000000.0,1.0,2003.0,2007.0,2007.0,DEU,Mobile,0
/organization/jerini,58131358.8640056,2.0,1994.0,2004.0,2005.0,DEU,Bio-Pharm,1
/organization/jesterdigital,6800000.0,1.0,,2001.0,2001.0,,Application Platforms,0
/organization/jetaport,3788905.0,3.0,2012.0,2012.0,2015.0,USA,Online Travel,0
/organization/jetpac,2400000.0,1.0,,2012.0,2012.0,USA,Travel,1
/organization/jiangsu-shunda-semiconductor-development,82000000.0,1.0,,2006.0,2006.0,CHN,Semiconductors,1
/organization/jibbigo,,1.0,2009.0,2011.0,2011.0,USA,Apps,1
/organization/jibe-mobile,9100000.0,2.0,2006.0,2007.0,2012.0,USA,Chat,1
/organization/jigsaw,17950000.0,3.0,2003.0,2003.0,2006.0,USA,Contact Management,1
/organization/jigsee,,2.0,2008.0,2010.0,2011.0,IND,Advertising,1
/organization/jiguo-com,,2.0,2014.0,2014.0,2015.0,CHN,E-Commerce,0
/organization/jinggamall-com,500000.0,1.0,,2012.0,2012.0,IDN,E-Commerce,0
/organization/jingle-networks,88651133.0,7.0,2005.0,2005.0,2009.0,USA,Advertising,1
/organization/jini,733615.0,2.0,2011.0,2011.0,2012.0,BEL,Android,0
/organization/jinkosolar-holding,260000000.0,2.0,2006.0,2008.0,2014.0,,Clean Technology,0
/organization/jinsheng-group,60000000.0,1.0,,2007.0,2007.0,CHN,Real Estate,0
/organization/jiwu-吉屋网,16795568.9707963,2.0,2014.0,2011.0,2015.0,,Real Estate,0
/organization/joa-oil-gas,7750000.0,1.0,,2009.0,2009.0,NLD,Apps,1
/organization/job-pact,,1.0,2014.0,2015.0,2015.0,,,0
/organization/jobcast-2,,1.0,,2015.0,2015.0,USA,,0
/organization/jobcast-io,10000.0,1.0,,2015.0,2015.0,USA,Portals,0
/organization/jobflash,5000000.0,1.0,2002.0,2003.0,2003.0,USA,Search,1
/organization/jobfox,42000000.0,4.0,2004.0,2005.0,2009.0,USA,Curated Web,1
/organization/jobpartners,28762500.0,3.0,,2000.0,2008.0,GBR,Software,1
/organization/jobrivet,1535000.0,3.0,2013.0,2014.0,2015.0,USA,Employment,0
/organization/jobs-made-easy,35000.0,1.0,2015.0,2015.0,2015.0,USA,Construction,0
/organization/jobs2web,5550000.0,2.0,2003.0,2004.0,2006.0,USA,Curated Web,1
/organization/jobscrush,30000.0,1.0,,2014.0,2014.0,IRL,Employment,0
/organization/jobsite123,1710000.0,2.0,2009.0,2009.0,2011.0,USA,Software,1
/organization/jobster,52500000.0,4.0,2004.0,2005.0,2008.0,USA,Search,1
/organization/jobsyndicate,,1.0,,2008.0,2008.0,,Consulting,0
/organization/jobulous,200000.0,1.0,2008.0,2008.0,2008.0,USA,Career Management,0
/organization/jobzle,30000.0,2.0,2010.0,2008.0,2010.0,USA,All Students,0
/organization/jodange,1200000.0,1.0,2007.0,2009.0,2009.0,USA,Curated Web,0
/organization/jodel,,1.0,2014.0,2014.0,2014.0,,Social + Mobile + Local,0
/organization/jogli,950000.0,2.0,2007.0,2007.0,2008.0,ISR,Music,0
/organization/johtela-company,,1.0,2013.0,2015.0,2015.0,,Games,0
/organization/join-the-company,900000.0,1.0,2010.0,2010.0,2010.0,USA,Curated Web,0
/organization/jolie-2,25000.0,1.0,,2015.0,2015.0,,,0
/organization/joliebox,1428500.0,1.0,,2011.0,2011.0,GBR,Beauty,1
/organization/jolt-4,,1.0,2015.0,2015.0,2015.0,,,0
/organization/jones-stephens,35000000.0,1.0,1993.0,2003.0,2003.0,USA,Manufacturing,0
/organization/joobili,80000.0,1.0,2008.0,2009.0,2009.0,HUN,Startups,1
/organization/jooce,,1.0,,2007.0,2007.0,FRA,Curated Web,0
/organization/joongel,100000.0,1.0,2007.0,2008.0,2008.0,ISR,Browser Extensions,0
/organization/joost,45000000.0,1.0,2006.0,2007.0,2007.0,USA,Games,1
/organization/jordan-training-technology-group,,1.0,,2009.0,2009.0,JOR,Software,0
/organization/jordan-valley-semiconductors,11000000.0,1.0,1982.0,2007.0,2007.0,ISR,Hardware + Software,1
/organization/jotky,500000.0,1.0,2010.0,2012.0,2012.0,IDN,Media,0
/organization/jotspot,5200000.0,1.0,,2004.0,2004.0,USA,Software,1
/organization/jott,6400000.0,2.0,2006.0,2006.0,2007.0,USA,Messaging,1
/organization/jotvine-com,9500.0,1.0,,2011.0,2011.0,AUS,Social Media,0
/organization/joukuu,50000.0,1.0,,2010.0,2010.0,SGP,File Sharing,0
/organization/joulex,18700000.0,2.0,2009.0,2010.0,2011.0,USA,Enterprise Software,1
/organization/jounce,600000.0,1.0,2009.0,2010.0,2010.0,USA,Enterprise Software,0
/organization/journalism-online,,1.0,,2009.0,2009.0,USA,E-Commerce,1
/organization/journey,25000.0,1.0,,2014.0,2014.0,USA,Travel & Tourism,0
/organization/journeys,600000.0,1.0,2007.0,2007.0,2007.0,ISR,Curated Web,0
/organization/joxko,,1.0,,2012.0,2012.0,,,0
/organization/joyflips-inc,,2.0,2013.0,2014.0,2014.0,USA,,0
/organization/joylux,3000000.0,1.0,,2015.0,2015.0,,Consumer Electronics,0
/organization/joyride,1000000.0,1.0,2009.0,2010.0,2010.0,USA,Automotive,0
/organization/jtt-computer,,1.0,,1999.0,1999.0,,,0
/organization/jubilater-interactive-media,9940.0,1.0,2010.0,2010.0,2010.0,,Curated Web,0
/organization/jucebox-limited,,1.0,2014.0,2015.0,2015.0,NZL,Internet of Things,0
/organization/judge-me,40000.0,1.0,,2011.0,2011.0,,Legal,0
/organization/juice-in-the-city,6000000.0,1.0,2010.0,2011.0,2011.0,USA,Curated Web,0
/organization/juicero,89881830.0,3.0,,2013.0,2014.0,,Service Providers,0
/organization/julius-finance,1000000.0,1.0,,2008.0,2008.0,,Finance,0
/organization/jumo,3500000.0,2.0,2010.0,2010.0,2015.0,USA,Charity,0
/organization/jump-on-it,5000000.0,1.0,,2010.0,2010.0,AUS,E-Commerce,1
/organization/jumpshot,22000000.0,1.0,2014.0,2015.0,2015.0,USA,Big Data Analytics,1
/organization/jumptap,121500000.0,7.0,2005.0,2005.0,2012.0,USA,Advertising,1
/organization/jumptheclub,100000.0,1.0,2010.0,2011.0,2011.0,USA,Apps,0
/organization/jumptime,2250000.0,2.0,2007.0,2010.0,2012.0,USA,Analytics,1
/organization/june-blackbox,3449997.0,1.0,2011.0,2014.0,2014.0,USA,Technology,0
/organization/jungo-software,5500000.0,1.0,1998.0,2003.0,2003.0,ISR,Distribution,1
/organization/junkbot-inc,30000.0,1.0,,2014.0,2014.0,,Assisitive Technology,0
/organization/jurispect,300000.0,1.0,2013.0,2015.0,2015.0,,Analytics,0
/organization/jurny-the-core-values-matching-platform,50000.0,1.0,2014.0,2015.0,2015.0,AUS,B2B,0
/organization/just,,1.0,,2014.0,2014.0,,Clean Technology,0
/organization/just-around-us,210000.0,1.0,2011.0,2011.0,2011.0,FRA,Location Based Services,0
/organization/just-dial,67000000.0,2.0,1997.0,2011.0,2012.0,IND,Local Search,0
/organization/justbook,,2.0,2011.0,2012.0,2012.0,,Hotels,1
/organization/justbooks,,1.0,,1999.0,1999.0,DEU,E-Commerce,1
/organization/justrite-manufacturing,14800000.0,1.0,1906.0,2014.0,2014.0,USA,Machine Learning,1
/organization/justspotted,765000.0,2.0,2008.0,2008.0,2009.0,DNK,Search,1
/organization/justyle,,1.0,,2011.0,2011.0,,Fashion,0
/organization/juupstore,,1.0,,2012.0,2012.0,,,0
/organization/juvonex,100000.0,1.0,2015.0,2015.0,2015.0,KOR,Privacy,0
/organization/jybe,250250.0,1.0,2011.0,2011.0,2011.0,USA,Curated Web,1
/organization/k12-solar-investment-fund,,1.0,,2014.0,2014.0,USA,Customer Service,1
/organization/k2-media,7500000.0,1.0,,2012.0,2012.0,USA,Finance,0
/organization/kaboodle,5000000.0,3.0,2005.0,2005.0,2007.0,USA,E-Commerce,1
/organization/kace,11000000.0,3.0,2003.0,2005.0,2008.0,USA,Software,1
/organization/kada-systems,2600000.0,1.0,,2002.0,2002.0,USA,Mobile Devices,0
/organization/kadi,,1.0,,2013.0,2013.0,,Consumers,0
/organization/kadoink,9500000.0,2.0,,2008.0,2008.0,USA,Audio,0
/organization/kagoor-networks,7500000.0,1.0,,2003.0,2003.0,USA,Services,1
/organization/kahub,8000.0,1.0,2011.0,2011.0,2011.0,,News,0
/organization/kai-pharmaceuticals,52000000.0,2.0,,2003.0,2006.0,USA,Biotechnology,1
/organization/kai-square,3200000.0,1.0,2006.0,2014.0,2014.0,SGP,Software,0
/organization/kainoa,1000000.0,1.0,,2015.0,2015.0,,Internet,0
/organization/kaixindai,34000000.0,1.0,2011.0,2015.0,2015.0,,Consumer Lending,0
/organization/kakkstati,20000.0,1.0,,2013.0,2013.0,,Advertising,0
/organization/kalistick,1300000.0,1.0,2007.0,2010.0,2010.0,FRA,Analytics,1
/organization/kallikids,175000.0,1.0,,2015.0,2015.0,GBR,Kids,0
/organization/kalologie,2200000.0,1.0,,2006.0,2006.0,,,0
/organization/kambit,,2.0,2011.0,2012.0,2012.0,USA,Software,0
/organization/kanbox,20000000.0,1.0,,2011.0,2011.0,CHN,Enterprise Software,1
/organization/kango-com,3950000.0,1.0,,2008.0,2008.0,USA,Reviews and Recommendations,0
/organization/kanisa-inc,30000000.0,1.0,,2001.0,2001.0,USA,Information Technology,1
/organization/kanobu-network,,1.0,2009.0,2009.0,2009.0,RUS,Games,1
/organization/kanvas-labs,3436500.0,5.0,2013.0,2011.0,2014.0,USA,Lifestyle,1
/organization/kaos-solutions,199000.0,1.0,2007.0,2008.0,2008.0,GBR,Software,0
/organization/kapow-technologies,19743770.0,3.0,2005.0,2005.0,2010.0,USA,Big Data,1
/organization/kappa-prime,,1.0,2008.0,2008.0,2008.0,GBR,Collaboration,0
/organization/kaptur,2000000.0,1.0,,2012.0,2012.0,USA,Photography,1
/organization/kardia-health-systems,18916000.0,3.0,2006.0,2007.0,2009.0,USA,Health Care,0
/organization/karhoo,250000000.0,1.0,,2015.0,2015.0,,Apps,0
/organization/karma,2304999.0,3.0,2011.0,2011.0,2013.0,USA,Mobile,1
/organization/karmasphere,15999999.0,4.0,2010.0,2010.0,2013.0,USA,Analytics,1
/organization/karo-internet,1204795.0,3.0,2007.0,2007.0,2008.0,DEU,Online Gaming,0
/organization/kasenna,26000000.0,2.0,,2004.0,2006.0,USA,Software,1
/organization/kashless,9000000.0,2.0,2008.0,2008.0,2011.0,USA,E-Commerce,0
/organization/kasita,645000.0,1.0,,2015.0,2015.0,USA,Architecture,0
/organization/kaskado,,1.0,2008.0,2009.0,2009.0,SWE,Coupons,0
/organization/katalyst-media,10000000.0,1.0,2000.0,2008.0,2008.0,USA,Entertainment,0
/organization/katango,5000000.0,1.0,,2010.0,2010.0,USA,Networking,1
/organization/katia-4,,1.0,,2014.0,2014.0,,,0
/organization/kaufda-de,,2.0,2008.0,2008.0,2009.0,,Local,1
/organization/kavado,16800000.0,2.0,,2001.0,2003.0,USA,Real Time,1
/organization/kayak,235024070.0,6.0,2004.0,2004.0,2012.0,USA,Search,1
/organization/kazaana-com,7575000.0,3.0,2010.0,2011.0,2013.0,USA,Mobile,0
/organization/kazeon,48000000.0,3.0,2003.0,2005.0,2009.0,USA,Software,1
/organization/kblabs,15000.0,1.0,,2007.0,2007.0,,Curated Web,0
/organization/kd-secure,1500000.0,1.0,2010.0,2010.0,2010.0,,Information Technology,0
/organization/keen-high-technologies,10000000.0,1.0,,2008.0,2008.0,,Consumer Electronics,0
/organization/keenko,,1.0,,2009.0,2009.0,RUS,Public Relations,0
/organization/keepfu,,1.0,,2009.0,2009.0,,Curated Web,0
/organization/keepio,255000.0,1.0,2010.0,2011.0,2011.0,USA,Curated Web,0
/organization/keepskor,180000.0,1.0,2011.0,2013.0,2013.0,USA,Advertising,0
/organization/keepstream,20000.0,1.0,2010.0,2010.0,2010.0,USA,Curated Web,1
/organization/keepy-robot,160000.0,1.0,2012.0,2014.0,2014.0,,Home Automation,0
/organization/keex,30000.0,1.0,,2015.0,2015.0,ARE,Application Platforms,0
/organization/keibi-technologies,5000000.0,1.0,2006.0,2007.0,2007.0,USA,Content,1
/organization/keisense,500000.0,1.0,,2007.0,2007.0,GBR,Hardware + Software,0
/organization/keldeal,277120.0,1.0,2010.0,2010.0,2010.0,FRA,Business Services,0
/organization/kelkoo,3000000.0,1.0,1999.0,1999.0,1999.0,GBR,E-Commerce,1
/organization/kellogg-media-group,15500000.0,1.0,2005.0,2006.0,2006.0,USA,,0
/organization/kentik-technologies,12076011.0,1.0,,2015.0,2015.0,USA,Technology,0
/organization/kenzei,400000.0,1.0,2008.0,2008.0,2008.0,USA,Accounting,1
/organization/kera,50000.0,1.0,2012.0,2012.0,2012.0,CAN,Enterprises,0
/organization/keru-cloud,,1.0,2015.0,2015.0,2015.0,,,0
/organization/kesseny-ltd,,1.0,2007.0,2012.0,2012.0,,,0
/organization/ketera,24000000.0,2.0,1983.0,2003.0,2007.0,USA,Analytics,1
/organization/kewego,19400000.0,3.0,2003.0,2006.0,2009.0,FRA,Games,1
/organization/key-research,12500000.0,1.0,2001.0,2003.0,2003.0,USA,Architecture,0
/organization/key-ring,1750000.0,2.0,2008.0,2010.0,2011.0,USA,Mobile,1
/organization/keycaptcha,25000.0,1.0,,2012.0,2012.0,,Software,0
/organization/keynected,100000.0,1.0,2014.0,2015.0,2015.0,,Apps,0
/organization/keyneurotek-pharmaceuticals,10869100.0,1.0,,2009.0,2009.0,DEU,Biotechnology,0
/organization/keynoir,1740000.0,1.0,2010.0,2010.0,2010.0,GBR,E-Commerce,1
/organization/keystok,,1.0,2014.0,2014.0,2014.0,FIN,Developer Tools,0
/organization/keystone-technology,1100.0,1.0,2006.0,2010.0,2010.0,,Hardware + Software,0
/organization/khipu-systems,786000.0,1.0,,2008.0,2008.0,NZL,Software,0
/organization/khush,120000.0,2.0,2009.0,2009.0,2010.0,USA,Music,1
/organization/kiala,59926327.2861577,3.0,2000.0,2001.0,2007.0,BEL,Shipping,1
/organization/kibaran-resources,1100000.0,1.0,,2014.0,2014.0,,Clean Technology,0
/organization/kibboko,2500000.0,1.0,,2007.0,2007.0,CAN,Software,0
/organization/kickapps,39007789.0,3.0,2004.0,2006.0,2008.0,USA,Content,1
/organization/kickfire,20000000.0,2.0,2006.0,2001.0,2008.0,USA,Analytics,0
/organization/kickplay,,1.0,2007.0,2007.0,2007.0,USA,Games,0
/organization/kickup,100000.0,1.0,,2015.0,2015.0,,Collaboration,0
/organization/kid-care-years,,1.0,2008.0,2008.0,2008.0,USA,Curated Web,0
/organization/kidaro,14020000.0,2.0,,2005.0,2006.0,USA,Enterprise Software,1
/organization/kidozen,5550000.0,2.0,2012.0,2013.0,2015.0,USA,Cloud Computing,1
/organization/kidpad,,1.0,,2012.0,2012.0,,,0
/organization/kidthing,3000000.0,1.0,2005.0,2008.0,2008.0,USA,E-Commerce,0
/organization/kidzui,18400000.0,6.0,2006.0,2006.0,2011.0,USA,Curated Web,1
/organization/kigo,1800000.0,1.0,2007.0,2013.0,2013.0,USA,SaaS,1
/organization/kiha-software,20000000.0,1.0,2008.0,2010.0,2010.0,USA,Android,0
/organization/kiind-me,745000.0,4.0,2011.0,2012.0,2013.0,CAN,E-Commerce,0
/organization/kiko,50000.0,1.0,,2005.0,2005.0,,Curated Web,1
/organization/kili,514396.0,2.0,,2013.0,2014.0,CAN,Semiconductors,1
/organization/kima-labs,770000.0,1.0,2010.0,2010.0,2010.0,USA,Mobile,1
/organization/kin-housing,300000.0,1.0,2013.0,2013.0,2013.0,IND,Investment Management,0
/organization/kinaxo-biotechnologies,,1.0,,2007.0,2007.0,DEU,Biotechnology,1
/organization/kindermint,179999.0,1.0,2013.0,2014.0,2014.0,USA,E-Commerce,1
/organization/kinderpedia-by-ota,150000.0,1.0,2006.0,2013.0,2013.0,ROM,Education,0
/organization/kinderstreet-corporation,250000.0,1.0,,2002.0,2002.0,USA,Application Platforms,0
/organization/kindo-network,,2.0,2007.0,2008.0,2008.0,GBR,Web Hosting,1
/organization/kinduct,20000.0,1.0,,2015.0,2015.0,,Fitness,0
/organization/kindwave,,1.0,2014.0,2014.0,2014.0,,,0
/organization/kinetic,19311.0,1.0,,2010.0,2010.0,USA,Guides,0
/organization/kinetic-trading-strategies,2999000.0,1.0,,2010.0,2010.0,USA,Analytics,0
/organization/kineto-wireless,114449379.0,12.0,2001.0,2001.0,2012.0,USA,Mobile,1
/organization/king,43000000.0,1.0,2003.0,2005.0,2005.0,GBR,Android,1
/organization/kingfish-labs,500000.0,1.0,2011.0,2012.0,2012.0,USA,Software,1
/organization/kingmaker,,2.0,,2012.0,2012.0,,Curated Web,1
/organization/kinkon,995625.0,1.0,2008.0,2009.0,2009.0,DEU,Curated Web,0
/organization/kinopto,54781.0,1.0,,2012.0,2012.0,,Hardware + Software,0
/organization/kinsheep,7055.0,1.0,2015.0,2015.0,2015.0,,Apps,0
/organization/kintana,,1.0,,2001.0,2001.0,,Information Technology,1
/organization/kintech-lab,900000.0,1.0,1998.0,2012.0,2012.0,RUS,Algorithms,0
/organization/kintera,4480000.0,1.0,,2006.0,2006.0,USA,Internet,1
/organization/kiodex,25000000.0,2.0,,2001.0,2002.0,,Internet,0
/organization/kippt,,1.0,2012.0,2012.0,2012.0,USA,Archiving,1
/organization/kiptronic,7300000.0,3.0,2005.0,2005.0,2008.0,USA,Advertising,1
/organization/kirkland-north,225000.0,2.0,,2008.0,2008.0,USA,Colleges,0
/organization/kirondo,,1.0,,2013.0,2013.0,,E-Commerce,1
/organization/kismet,770000.0,2.0,2011.0,2011.0,2011.0,USA,Mobile,0
/organization/kiss-hugs,50000.0,1.0,2013.0,2014.0,2014.0,,Online Dating,1
/organization/kit-2,,1.0,,2014.0,2014.0,SWE,Publishing,0
/organization/kitboost,,1.0,2013.0,2013.0,2013.0,USA,Games,0
/organization/kite,,1.0,2012.0,2012.0,2012.0,USA,Education,0
/organization/kitenga,200000.0,1.0,2003.0,2010.0,2010.0,USA,Analytics,1
/organization/kites,500000.0,1.0,2012.0,2013.0,2013.0,HKG,Analytics,0
/organization/kitlocate,750000.0,2.0,2011.0,2013.0,2014.0,ISR,Analytics,1
/organization/kiva-systems,11600000.0,2.0,2003.0,2003.0,2006.0,USA,Hardware,1
/organization/kiwapp,1022228.0,2.0,2011.0,2012.0,2013.0,,Application Platforms,0
/organization/kiwii-capital,1500000.0,2.0,2013.0,2014.0,2014.0,MEX,Credit,1
/organization/kiwilogic,,1.0,,1999.0,1999.0,,,1
/organization/kixer,1000000.0,2.0,2014.0,2014.0,2014.0,USA,Advertising,1
/organization/klastech-karpushko-laser-technology,2721229.47739436,1.0,,2007.0,2007.0,,,0
/organization/klatcher,150000.0,1.0,,2007.0,2007.0,USA,Content,0
/organization/kleer,58000000.0,2.0,,2008.0,2008.0,USA,Hardware + Software,1
/organization/klevosti,80000.0,1.0,,2013.0,2013.0,RUS,E-Commerce,0
/organization/klicksports,1200000.0,1.0,2006.0,2008.0,2008.0,USA,Internet,0
/organization/klikki-2,,1.0,,2008.0,2008.0,SWE,Software,1
/organization/klinche-inc,1000000.0,1.0,2013.0,2014.0,2014.0,USA,Construction,0
/organization/kliqed,,1.0,2011.0,2012.0,2012.0,GBR,Mobile,0
/organization/klir-technologies,8700000.0,1.0,2000.0,2005.0,2005.0,USA,Software,0
/organization/klosetshop,30000.0,1.0,2011.0,2011.0,2011.0,,Auctions,0
/organization/klout,40000000.0,10.0,2008.0,2009.0,2013.0,USA,Analytics,1
/organization/kluster,1000000.0,1.0,2008.0,2008.0,2008.0,USA,Collaboration,1
/organization/kneebone,482000.0,2.0,2004.0,2008.0,2010.0,CAN,Software,1
/organization/knetwit-inc,4600000.0,2.0,2007.0,2007.0,2007.0,USA,Curated Web,0
/organization/kngroo,,1.0,2011.0,2011.0,2011.0,USA,Games,0
/organization/knight-carver-wind-group,12000000.0,1.0,,2008.0,2008.0,USA,Clean Technology,1
/organization/kno,94885095.0,7.0,2009.0,2009.0,2011.0,USA,Software,1
/organization/knock-mart,3000000.0,1.0,2014.0,2015.0,2015.0,,Delivery,0
/organization/knockatv,4500000.0,2.0,,2007.0,2007.0,ISR,Content,0
/organization/knok,970000.0,2.0,2011.0,2012.0,2013.0,ESP,Curated Web,0
/organization/knome,28800000.0,4.0,2007.0,2010.0,2014.0,USA,Biotechnology,1
/organization/knotice,500000.0,1.0,2003.0,2006.0,2006.0,USA,App Marketing,1
/organization/knova-software,,1.0,,1999.0,1999.0,USA,Customer Service,1
/organization/knovel,7710995.0,3.0,2001.0,2002.0,2010.0,USA,Enterprise Software,1
/organization/knoware,2000000.0,1.0,1979.0,1984.0,1984.0,,,0
/organization/knowledgestorm,2400000.0,1.0,1998.0,2003.0,2003.0,USA,E-Commerce,1
/organization/knownow,20000000.0,2.0,2000.0,2003.0,2006.0,USA,Curated Web,0
/organization/knox-media-hub,488605.0,2.0,2012.0,2013.0,2015.0,ESP,B2B,0
/organization/knyou,650000.0,2.0,2014.0,2014.0,2015.0,USA,Big Data Analytics,0
/organization/ko-brite,14500000.0,1.0,,2005.0,2005.0,,Lighting,0
/organization/koala-databank,20000.0,1.0,2006.0,2008.0,2008.0,USA,Archiving,0
/organization/koaladeal,410000.0,1.0,2011.0,2012.0,2012.0,USA,E-Commerce,0
/organization/koality,1800000.0,1.0,2012.0,2013.0,2013.0,USA,Engineering Firms,1
/organization/kobo,78812455.0,3.0,2009.0,2009.0,2011.0,CAN,E-Commerce,1
/organization/kochabo,,3.0,2012.0,2012.0,2013.0,AUT,Cooking,1
/organization/koda,4500000.0,2.0,2008.0,2009.0,2010.0,USA,Curated Web,0
/organization/koduco,,1.0,,2010.0,2010.0,USA,Games,0
/organization/kofax,11461000.0,7.0,1991.0,2014.0,2015.0,USA,Software,1
/organization/kohort,3000000.0,1.0,2011.0,2011.0,2011.0,USA,Social Media,0
/organization/koios,,1.0,2015.0,2015.0,2015.0,USA,,0
/organization/koios-works,500000.0,1.0,2014.0,2014.0,2014.0,USA,Gamification,0
/organization/kolis-scientific,15070000.0,1.0,,2007.0,2007.0,USA,,0
/organization/kolkin-corp,,1.0,2013.0,2013.0,2013.0,,,0
/organization/kolonial-cz,,1.0,,2015.0,2015.0,,,0
/organization/kolorific,7000000.0,1.0,2003.0,2007.0,2007.0,USA,Semiconductors,0
/organization/kombe-n-sepe-block,,1.0,,2005.0,2005.0,CMR,Oil & Gas,0
/organization/kommerstate-ru,1450000.0,2.0,2012.0,2012.0,2013.0,,E-Commerce,0
/organization/konarka,106800000.0,4.0,2001.0,2004.0,2010.0,USA,Clean Technology,0
/organization/konaware,2000000.0,1.0,1999.0,2006.0,2006.0,USA,Software,1
/organization/kongregate,19000000.0,4.0,2006.0,2007.0,2013.0,USA,Games,1
/organization/koniku,,2.0,2014.0,2015.0,2015.0,,,0
/organization/kontem,,1.0,,2012.0,2012.0,DEU,Hardware + Software,1
/organization/kontera,36140000.0,5.0,2003.0,2006.0,2013.0,USA,Advertising,1
/organization/kooaba,2920000.0,1.0,2006.0,2010.0,2010.0,CHE,Android,1
/organization/koobee,200000.0,1.0,2014.0,2014.0,2014.0,,Retail Technology,0
/organization/kosan-biosciences,3000000.0,1.0,1995.0,2006.0,2006.0,USA,Biotechnology,1
/organization/kosei,,1.0,2014.0,2014.0,2014.0,USA,Mobile Advertising,1
/organization/kosmix,55237600.0,5.0,2005.0,2005.0,2009.0,USA,Curated Web,1
/organization/kotura,38690547.0,4.0,2004.0,2004.0,2009.0,CHN,Clean Technology,1
/organization/koukoi-games,1000000.0,1.0,2015.0,2015.0,2015.0,,,0
/organization/kout,1600000.0,1.0,2011.0,2013.0,2013.0,USA,Credit Cards,0
/organization/kovio,76500100.0,6.0,2001.0,2005.0,2013.0,USA,Semiconductors,1
/organization/kpa,5000000.0,1.0,,2011.0,2011.0,USA,Consulting,1
/organization/kreatech-diagnostics,5700000.0,2.0,,2009.0,2010.0,NLD,Biotechnology,1
/organization/kriibs,609932.414304433,2.0,2015.0,2015.0,2015.0,ITA,Marketplaces,0
/organization/krikle,15000.0,1.0,2011.0,2011.0,2011.0,USA,Apps,0
/organization/krillion,9650000.0,2.0,2006.0,2006.0,2010.0,USA,Curated Web,1
/organization/krugle,6100000.0,1.0,2006.0,2006.0,2006.0,USA,Search,1
/organization/kryptoncloud,2700000.0,1.0,2015.0,2015.0,2015.0,USA,,0
/organization/ksr,34965544.0,4.0,1997.0,2007.0,2013.0,USA,Enterprise Software,1
/organization/ku6,40000000.0,3.0,,2003.0,2008.0,CHN,Photography,1
/organization/kuaidi-dache,950000000.0,3.0,2012.0,2013.0,2015.0,CHN,Public Transportation,1
/organization/kublax,1340300.0,2.0,2007.0,2008.0,2009.0,GBR,Finance,0
/organization/kudzoo,2000000.0,1.0,,2015.0,2015.0,,,0
/organization/kukunu,400000.0,1.0,2009.0,2010.0,2010.0,GBR,Career Planning,1
/organization/kulabyte,25000.0,1.0,2004.0,2010.0,2010.0,USA,Curated Web,1
/organization/kulina,,1.0,2015.0,2015.0,2015.0,IDN,Marketplaces,0
/organization/kupongid,867000.0,6.0,2010.0,2010.0,2013.0,RUS,Coupons,0
/organization/kuponjo,167600.0,3.0,2010.0,2010.0,2011.0,,Advertising,0
/organization/kupoya,300000.0,1.0,2011.0,2012.0,2012.0,,Advertising,1
/organization/kurani-interactive,275000.0,1.0,2000.0,2010.0,2010.0,USA,iPhone,0
/organization/kutbox,,1.0,2014.0,2014.0,2014.0,,,0
/organization/kuvee,,1.0,,2014.0,2014.0,,,0
/organization/kv-pharmaceutical,265100006.0,4.0,,2010.0,2012.0,USA,Biotechnology,1
/organization/kvault-software-limited,13000000.0,1.0,1999.0,2001.0,2001.0,USA,Email,1
/organization/kvk-team,1000000.0,1.0,,2010.0,2010.0,RUS,Finance,0
/organization/kwiclick,,1.0,,2008.0,2008.0,USA,Curated Web,0
/organization/kwikpik,25000.0,1.0,2011.0,2012.0,2012.0,USA,Mobile,0
/organization/kwindoo,,1.0,,2014.0,2014.0,,,0
/organization/kwiry,2000000.0,2.0,2006.0,2007.0,2008.0,USA,Content,0
/organization/kxen,8000000.0,2.0,1998.0,2004.0,2010.0,USA,Analytics,1
/organization/kyak-interactive,11750000.0,1.0,,2004.0,2004.0,USA,Software,0
/organization/kylin-therapeutics,2057896.0,2.0,,2009.0,2009.0,USA,Biotechnology,0
/organization/kyma-medical-technologies,10000000.0,1.0,2008.0,2013.0,2013.0,ISR,Health Care,1
/organization/kynogon,3000000.0,1.0,2000.0,2006.0,2006.0,FRA,Software,0
/organization/kyp,9100000.0,1.0,,2009.0,2009.0,GBR,Advertising,0
/organization/kyte,23350000.0,5.0,2006.0,2007.0,2012.0,USA,Games,1
/organization/kythera-biopharmaceuticals,98400000.0,4.0,2005.0,2005.0,2011.0,USA,Biotechnology,1
/organization/la-nevera-roja-com,14284977.0,4.0,2011.0,2012.0,2014.0,ESP,Delivery,1
/organization/la-roquette,,1.0,,2008.0,2008.0,,,0
/organization/labmeeting,500000.0,1.0,2007.0,2008.0,2008.0,USA,Curated Web,0
/organization/laborat-rios-noli,155000.0,1.0,,1982.0,1982.0,BRA,Medical,0
/organization/labpixies,1000000.0,1.0,2006.0,2008.0,2008.0,ISR,Curated Web,1
/organization/labrys-biologics,45588234.0,2.0,,2012.0,2013.0,,Biotechnology,1
/organization/lacoon-security,8000000.0,1.0,2011.0,2013.0,2013.0,USA,Software,1
/organization/lafourchette,14820030.0,2.0,,2011.0,2012.0,FRA,Hospitality,1
/organization/lagan,11210000.0,1.0,1994.0,2006.0,2006.0,,Enterprise Software,1
/organization/lagoa,8341441.0,3.0,2012.0,2013.0,2014.0,CAN,3D,1
/organization/lagotek,5063236.0,1.0,2005.0,2010.0,2010.0,USA,Software,0
/organization/lakshmi-overseas-industries,,1.0,,2005.0,2005.0,,,0
/organization/lala,44150000.0,4.0,,2005.0,2008.0,USA,Music,1
/organization/lama-lab,1238066.0,3.0,2009.0,2009.0,2011.0,USA,Enterprise Software,0
/organization/lamina,7000000.0,1.0,,2007.0,2007.0,,,0
/organization/lamppost,11308.0,1.0,2012.0,2012.0,2012.0,GBR,Android,0
/organization/lancope,24600000.0,4.0,2000.0,2002.0,2006.0,USA,Security,1
/organization/land-systems-corp,2500000.0,1.0,2013.0,2014.0,2014.0,USA,Automotive,0
/organization/landingi,260000.0,2.0,2011.0,2013.0,2013.0,POL,Advertising,0
/organization/landis-gyr,265000000.0,2.0,1896.0,2009.0,2010.0,CHE,Clean Technology,1
/organization/lane15-software,12000000.0,2.0,,2001.0,2001.0,USA,Information Technology,1
/organization/langhar,110000.0,2.0,2013.0,2013.0,2013.0,IND,Consumer Goods,0
/organization/langolab,18000.0,1.0,2009.0,2009.0,2009.0,,Education,0
/organization/langtice,10000.0,1.0,,2012.0,2012.0,CZE,Curated Web,0
/organization/language-weaver,4000000.0,1.0,2002.0,2004.0,2004.0,USA,Software,1
/organization/lanthio-pharma,11121112.0,2.0,,2012.0,2014.0,NLD,Biotechnology,1
/organization/lanx,16556606.0,4.0,2003.0,2009.0,2013.0,USA,Biotechnology,1
/organization/lanyrd,1400000.0,1.0,,2011.0,2011.0,GBR,Curated Web,1
/organization/lara-networks,40000000.0,1.0,,2000.0,2000.0,USA,Clean Technology,0
/organization/lascaux-co,700000.0,2.0,2011.0,2010.0,2011.0,USA,Design,1
/organization/laser-light-engines,26615501.0,8.0,2008.0,2009.0,2014.0,USA,Manufacturing,0
/organization/lasso,4000000.0,1.0,,2005.0,2005.0,,Software,1
/organization/lasso-2,1800000.0,1.0,,2015.0,2015.0,,Services,0
/organization/lasso-inc,75000.0,1.0,,2012.0,2012.0,USA,Social Media,0
/organization/lasso-media,1250000.0,1.0,2012.0,2012.0,2012.0,USA,Photography,1
/organization/last-fm,5000000.0,1.0,2002.0,2006.0,2006.0,GBR,Music,1
/organization/last-mile-connections,28000000.0,1.0,,2004.0,2004.0,USA,Internet,0
/organization/last-second-tickets,617646.0,1.0,,2012.0,2012.0,GBR,News,1
/organization/lastwall-networks-inc,400000.0,1.0,2013.0,2014.0,2014.0,,Internet,0
/organization/laszlosystems,49890000.0,10.0,2000.0,2001.0,2011.0,USA,Android,1
/organization/lat49,3800000.0,2.0,2007.0,2007.0,2009.0,CAN,Advertising,0
/organization/late-nite-labs,1100000.0,1.0,2006.0,2011.0,2011.0,USA,Education,1
/organization/latista,1500000.0,3.0,2001.0,2009.0,2013.0,USA,Construction,1
/organization/launchbit,960000.0,2.0,2011.0,2011.0,2012.0,USA,Advertising,1
/organization/launchcenter-39,,1.0,,2000.0,2000.0,,,0
/organization/launchgram,70000.0,2.0,2012.0,2012.0,2012.0,USA,News,1
/organization/launchpad-toys,1117000.0,4.0,2010.0,2011.0,2011.0,USA,Apps,1
/organization/launchrock,800000.0,1.0,2011.0,2011.0,2011.0,USA,Enterprise Software,1
/organization/launchside,25000.0,1.0,2011.0,2011.0,2011.0,USA,Consulting,0
/organization/laureate-pharma,20000000.0,1.0,,2010.0,2010.0,USA,Biotechnology,0
/organization/laurel-networks,80000000.0,2.0,,2001.0,2003.0,USA,Data Security,0
/organization/lavastorm-analytics,10000000.0,1.0,1999.0,1999.0,1999.0,USA,Big Data Analytics,1
/organization/lavedainc,,1.0,,2014.0,2014.0,,,0
/organization/laveem,,1.0,2011.0,2012.0,2012.0,USA,Finance,1
/organization/law-pivot,1600000.0,2.0,2009.0,2010.0,2011.0,USA,Employment,1
/organization/lawpath,2100000.0,3.0,2013.0,2013.0,2015.0,AUS,Cloud Computing,0
/organization/lawpàdí,5000.0,1.0,,2015.0,2015.0,NGA,Advice,0
/organization/layar,17074000.0,2.0,2009.0,2010.0,2010.0,NLD,Browser Extensions,1
/organization/layer-7-technologies,19900000.0,2.0,2003.0,2006.0,2009.0,USA,Cloud Security,1
/organization/layerboom,200000.0,1.0,2009.0,2009.0,2009.0,CAN,Cloud Computing,1
/organization/layered-technologies,51829000.0,3.0,2004.0,2008.0,2014.0,USA,Web Hosting,1
/organization/layergloss,905693.0,3.0,2010.0,2010.0,2013.0,NLD,Apps,0
/organization/lazarus-effect,5000000.0,1.0,,2014.0,2014.0,USA,Health Care,1
/organization/lazarus-therapeutics,100000.0,1.0,2006.0,2010.0,2010.0,USA,Biotechnology,0
/organization/ldn-tv,,1.0,2011.0,2011.0,2011.0,GBR,Content,0
/organization/lead-therapeutics,20000000.0,2.0,,2007.0,2009.0,USA,Biotechnology,0
/organization/leaders2020,,1.0,,2007.0,2007.0,USA,Business Services,0
/organization/leadhit,100000.0,1.0,,2013.0,2013.0,,Lead Generation,0
/organization/leadwerks-software,42000.0,1.0,2006.0,2013.0,2013.0,,,0
/organization/leaf-3,20000.0,1.0,2015.0,2015.0,2015.0,USA,,0
/organization/leaky,,1.0,2010.0,2011.0,2011.0,USA,Auto,1
/organization/leanapps,,1.0,2002.0,2002.0,2002.0,,Finance,0
/organization/leanstream-media,530000.0,1.0,2009.0,2009.0,2009.0,USA,Software,0
/organization/leap,25000.0,1.0,,2011.0,2011.0,USA,Mobile,0
/organization/leap-in-entertainment,,1.0,,2009.0,2009.0,CAN,3D,0
/organization/leapsky-wireless,,1.0,,2011.0,2011.0,SGP,Mobile,0
/organization/learn-something,2000000.0,1.0,1993.0,2006.0,2006.0,USA,EdTech,1
/organization/learnbox,,1.0,2015.0,2015.0,2015.0,HKG,Application Platforms,0
/organization/learndot,610547.0,3.0,2009.0,2010.0,2012.0,CAN,Education,1
/organization/learnvest,72130000.0,5.0,2007.0,2009.0,2014.0,USA,Finance,1
/organization/leaseforlease,,1.0,2015.0,2015.0,2015.0,,,0
/organization/leboutique-com,,1.0,2010.0,2010.0,2010.0,,,0
/organization/lecere,1338750.0,11.0,,2009.0,2011.0,USA,Software,0
/organization/lectus-therapeutics,20288126.0,2.0,,2006.0,2007.0,GBR,Biotechnology,0
/organization/led-lighting-fixtures,16500000.0,1.0,,2007.0,2007.0,USA,Delivery,0
/organization/leegur-oy,1475482.0,1.0,,2002.0,2002.0,SWE,Internet,0
/organization/leetchi,7850000.0,3.0,2009.0,2010.0,2012.0,FRA,Curated Web,1
/organization/lefthand-networks,63500000.0,4.0,,2001.0,2005.0,USA,Software,1
/organization/leftronic,500000.0,2.0,2010.0,2010.0,2010.0,USA,Analytics,1
/organization/leftstuff,86120.0,1.0,2014.0,2014.0,2014.0,,Software,0
/organization/legal-river,,2.0,2009.0,2009.0,2009.0,USA,Intellectual Property,0
/organization/legaljump,25000.0,1.0,2010.0,2013.0,2013.0,USA,Legal,0
/organization/legalpad,20275.0,1.0,2010.0,2013.0,2013.0,ITA,Business Intelligence,0
/organization/legitime-technologies,4000000.0,2.0,2005.0,2007.0,2009.0,USA,Messaging,0
/organization/legolas-media,6550000.0,4.0,2009.0,2009.0,2013.0,USA,Advertising,1
/organization/legra-systems-inc,14000000.0,2.0,2002.0,2002.0,2003.0,USA,Wireless,1
/organization/leisurelink,17100000.0,2.0,2006.0,2007.0,2010.0,USA,Real Estate,1
/organization/leisurelogix,5900000.0,3.0,2006.0,2007.0,2007.0,USA,Maps,0
/organization/lekar-sk,,1.0,2011.0,2011.0,2011.0,SVK,Health Care Information Technology,1
/organization/lelala-ug,13595.0,1.0,2013.0,2013.0,2013.0,DEU,Development Platforms,0
/organization/lema21,4000000.0,2.0,2012.0,2012.0,2013.0,BRA,E-Commerce,1
/organization/lemon,8000000.0,1.0,2011.0,2012.0,2012.0,USA,Mobile,1
/organization/lemoncrate,45000.0,1.0,2011.0,2011.0,2011.0,USA,E-Commerce,0
/organization/lemonquest,2550000.0,1.0,2005.0,2006.0,2006.0,ESP,Entertainment,0
/organization/lenden-club,,1.0,2015.0,2015.0,2015.0,,,0
/organization/lendia,,1.0,,2006.0,2006.0,USA,,0
/organization/lendit-2,1400000.0,1.0,,2015.0,2015.0,KOR,Financial Services,0
/organization/lendix,13545242.0,2.0,2014.0,2014.0,2015.0,,Consumer Lending,0
/organization/lendlayer,400000.0,1.0,2014.0,2014.0,2014.0,,Big Data,1
/organization/lendmed,25000.0,1.0,2015.0,2015.0,2015.0,,Hospitals,0
/organization/lendstreet,,1.0,,2015.0,2015.0,,,0
/organization/lendvo-com,1325000.0,1.0,2015.0,2015.0,2015.0,,,0
/organization/lensar,169521818.0,11.0,2004.0,2009.0,2015.0,USA,Health Care,1
/organization/lensx-lasers,22360000.0,1.0,,2009.0,2009.0,USA,Health Care,1
/organization/leo-app,1500000.0,1.0,2013.0,2013.0,2013.0,USA,Apps,1
/organization/leosphere,28680536.0,2.0,2004.0,2007.0,2014.0,FRA,Manufacturing,0
/organization/leotus,,1.0,2009.0,2009.0,2009.0,USA,Hardware + Software,0
/organization/lessno,6100000.0,2.0,,2007.0,2009.0,,Travel,0
/organization/lessonlab,,2.0,1998.0,2001.0,2002.0,USA,Education,1
/organization/let-it-wave,7180000.0,1.0,2001.0,2006.0,2006.0,FRA,Semiconductors,1
/organization/letmego,,1.0,2007.0,2007.0,2007.0,USA,Hospitality,1
/organization/letmehearya,175000.0,1.0,2011.0,2012.0,2012.0,USA,Consumers,0
/organization/letsbuy-com,6000000.0,1.0,2009.0,2011.0,2011.0,IND,Consumer Electronics,1
/organization/letsdecco,52110.0,1.0,2012.0,2013.0,2013.0,ESP,E-Commerce,0
/organization/letsgroop,100000.0,1.0,2008.0,2009.0,2009.0,BEL,Curated Web,0
/organization/letterme,,1.0,2015.0,2015.0,2015.0,USA,,0
/organization/lettuce,3100000.0,2.0,2012.0,2012.0,2013.0,USA,Curated Web,1
/organization/letv-sports,128000000.0,1.0,,2015.0,2015.0,,,0
/organization/lev-pharmaceuticals,41000000.0,2.0,2003.0,2006.0,2007.0,USA,Biotechnology,1
/organization/levanta,8000000.0,1.0,1998.0,2007.0,2007.0,USA,Software,0
/organization/level,5000000.0,1.0,2012.0,2013.0,2013.0,USA,Software,1
/organization/level-5-networks,30000000.0,1.0,2002.0,2005.0,2005.0,USA,Semiconductors,1
/organization/level-four-software,4580000.0,2.0,1995.0,2005.0,2007.0,GBR,Software,1
/organization/leveragesoftware,6000000.0,1.0,2003.0,2005.0,2005.0,USA,Enterprise Software,1
/organization/leverton-gmbh,5563137.0,1.0,,2015.0,2015.0,,Information Services,0
/organization/lex-machina,10023448.0,4.0,2009.0,2011.0,2013.0,USA,Legal,1
/organization/lexar-media,60000000.0,1.0,1996.0,2005.0,2005.0,USA,Hardware + Software,1
/organization/lexara,1090000.0,1.0,,2009.0,2009.0,GBR,Software,0
/organization/lexia-learning-systems,2000000.0,1.0,1985.0,2004.0,2004.0,USA,EdTech,1
/organization/lexington-software,,1.0,1997.0,1998.0,1998.0,USA,,1
/organization/lexity,5700000.0,2.0,2009.0,2009.0,2011.0,USA,Enterprise Software,1
/organization/lexy,1708000.0,2.0,2006.0,2009.0,2009.0,USA,Audio,0
/organization/leyio,1892250.0,1.0,2008.0,2009.0,2009.0,FRA,Mobile,0
/organization/lfh-brand-identity,494256.736719322,1.0,,2007.0,2007.0,,,0
/organization/lg-test-co,,1.0,2000.0,2000.0,2000.0,,,0
/organization/lgc-wireless,32300000.0,2.0,1996.0,2001.0,2005.0,USA,Public Relations,1
/organization/lgdb-com,,1.0,2006.0,2007.0,2007.0,USA,,0
/organization/lgo,,1.0,,2012.0,2012.0,,,0
/organization/liberator-medical-supply,7000000.0,1.0,1906.0,2010.0,2010.0,USA,Health and Wellness,1
/organization/liberty-dialysis,339959044.0,2.0,,2010.0,2010.0,USA,Health and Wellness,1
/organization/libox,2000000.0,2.0,2008.0,2008.0,2010.0,ISR,Curated Web,0
/organization/librato,15050000.0,3.0,2011.0,2007.0,2013.0,USA,Cloud Computing,1
/organization/libredigital,31100000.0,4.0,,2006.0,2011.0,USA,Digital Media,1
/organization/libretto,145000.0,1.0,,2012.0,2012.0,,Computers,0
/organization/licketyship,1500000.0,2.0,2006.0,2005.0,2007.0,USA,E-Commerce,0
/organization/lieferando,,2.0,2009.0,2008.0,2009.0,,Hospitality,1
/organization/lifeassist-2,50000.0,1.0,,2014.0,2014.0,,,0
/organization/lifeblob,1000000.0,1.0,,2008.0,2008.0,IND,Photo Sharing,1
/organization/lifecake,1400000.0,2.0,2012.0,2012.0,2013.0,GBR,Curated Web,1
/organization/lifeharbor,7800000.0,2.0,,2003.0,2003.0,USA,Software,0
/organization/lifeio,500000.0,1.0,2006.0,2008.0,2008.0,USA,Curated Web,0
/organization/lifemasters-supported-selfcare,15000000.0,1.0,,2008.0,2008.0,USA,Health Care,1
/organization/lifeproof,2764700.0,2.0,2010.0,2011.0,2011.0,USA,Mobile,1
/organization/liferobotics,2200000.0,1.0,,2015.0,2015.0,JPN,,0
/organization/lifeserve-innovations,,1.0,2008.0,2012.0,2012.0,USA,,0
/organization/lifeshield-security,19000000.0,2.0,2004.0,2010.0,2011.0,USA,Security,1
/organization/lifesize-communications,42500000.0,2.0,2003.0,2005.0,2006.0,USA,Software,1
/organization/lifesmart,9400000.0,1.0,2011.0,2015.0,2015.0,CHN,Consumer Electronics,0
/organization/lifestander,31000.0,1.0,2010.0,2010.0,2010.0,USA,Curated Web,0
/organization/lifestyle-fitness,8000000.0,1.0,,2004.0,2004.0,USA,Fitness,0
/organization/lifetable,,1.0,,2012.0,2012.0,CZE,,0
/organization/liftdna,1000000.0,2.0,2009.0,2011.0,2011.0,USA,Advertising,1
/organization/liftopia,7300000.0,4.0,2005.0,2008.0,2013.0,USA,Cloud Computing,0
/organization/lightbox,1200000.0,1.0,2010.0,2011.0,2011.0,GBR,Android,1
/organization/lighter-living,3100000.0,1.0,,2009.0,2009.0,USA,Health and Wellness,0
/organization/lightera,,2.0,1998.0,1998.0,1998.0,USA,Web Hosting,1
/organization/lighthouse-communications,5000000.0,1.0,,2004.0,2004.0,USA,Internet,0
/organization/lightning-gas,100000000.0,1.0,,2002.0,2002.0,,,0
/organization/lightningcast,5000000.0,2.0,,2000.0,2004.0,USA,Curated Web,1
/organization/lightpole,2100000.0,2.0,,2007.0,2008.0,,Mobile,0
/organization/lightside-labs,195000.0,1.0,2013.0,2014.0,2014.0,USA,Software,1
/organization/lightspeed-semiconductor,57500000.0,2.0,,2000.0,2001.0,USA,Design,0
/organization/lightwire,18000000.0,1.0,,2011.0,2011.0,USA,Enterprise Software,1
/organization/lignin-barrier-coating,185185.0,1.0,,2014.0,2014.0,,,0
/organization/lignol,12500000.0,1.0,2005.0,2013.0,2013.0,TUR,Clean Technology,0
/organization/ligocyte-pharmaceuticals,43562640.0,4.0,1998.0,2009.0,2012.0,USA,Biotechnology,1
/organization/liibook,70052.0,1.0,2010.0,2012.0,2012.0,USA,Content,0
/organization/lijit-networks,28300000.0,6.0,2006.0,2007.0,2011.0,USA,Advertising,1
/organization/like,47300000.0,3.0,1986.0,2005.0,2008.0,USA,Photography,1
/organization/likebetter-com,,1.0,,2006.0,2006.0,,Game,0
/organization/likebright-2,,2.0,2011.0,2011.0,2012.0,USA,Chat,0
/organization/likelist,5000000.0,1.0,2008.0,2009.0,2009.0,USA,Advertising Networks,0
/organization/likewise-software,10000000.0,1.0,2004.0,2009.0,2009.0,USA,Identity Management,1
/organization/likez,20000.0,1.0,2012.0,2012.0,2012.0,,Consumer Goods,0
/organization/likvido,250000.0,1.0,,2015.0,2015.0,,,0
/organization/liligo-com,3900000.0,1.0,2006.0,2008.0,2008.0,FRA,Search,1
/organization/lilluxe,1200000.0,1.0,2010.0,2010.0,2010.0,USA,Fashion,0
/organization/limelife,20900000.0,5.0,2004.0,2005.0,2009.0,USA,Advertising,1
/organization/limerick-biopharma,42119415.0,5.0,2004.0,2008.0,2012.0,USA,Biotechnology,0
/organization/limetree-moments-for-life,40968.0,1.0,2011.0,2013.0,2013.0,PRT,Babies,0
/organization/limo-taxi,1000000.0,1.0,,2014.0,2014.0,KOR,Online Rental,0
/organization/lincare,,1.0,1990.0,1990.0,1990.0,USA,,0
/organization/lindexa,50511.0,1.0,,2012.0,2012.0,PER,Marketplaces,0
/organization/linea,4000000.0,1.0,2011.0,2013.0,2013.0,USA,Photography,0
/organization/linegard-med,50000.0,1.0,2015.0,2015.0,2015.0,,Health Care,0
/organization/linerate-systems,6352877.0,3.0,2008.0,2010.0,2012.0,USA,Software,0
/organization/lingoda,,2.0,2013.0,2013.0,2014.0,,Education,0
/organization/lingomotors,,1.0,,2000.0,2000.0,USA,Technology,0
/organization/lingt,,1.0,2009.0,2009.0,2009.0,USA,Software,1
/organization/linguagen,2000000.0,1.0,2002.0,2003.0,2003.0,USA,Biotechnology,0
/organization/linguasys,4670000.0,3.0,2010.0,2011.0,2013.0,USA,Enterprise Software,1
/organization/link-a-media,69218498.0,4.0,2004.0,2008.0,2012.0,USA,Semiconductors,1
/organization/link-medicine,64800003.0,3.0,2005.0,2008.0,2011.0,USA,Health Care,0
/organization/linkcloud,133150.0,1.0,2010.0,2010.0,2010.0,DEU,Advertising,0
/organization/linkedwith,2000000.0,1.0,1999.0,1999.0,1999.0,,Enterprises,0
/organization/linksify,500000.0,1.0,,2009.0,2009.0,USA,Curated Web,0
/organization/linksmart,9700000.0,3.0,2009.0,2009.0,2013.0,USA,Advertising,1
/organization/linkua,,1.0,2007.0,2008.0,2008.0,ESP,Education,0
/organization/linkura,400000.0,1.0,,2015.0,2015.0,SWE,,0
/organization/linprim,140000.0,1.0,,2012.0,2012.0,RUS,Cloud Data Services,0
/organization/linqpay,,1.0,2007.0,2007.0,2007.0,USA,Finance,0
/organization/linqpays-limited,,1.0,2015.0,2015.0,2015.0,MLT,,0
/organization/linux-networx,87000000.0,3.0,1989.0,2004.0,2006.0,USA,Software,1
/organization/lion-biotechnologies,23000000.0,1.0,,2013.0,2013.0,USA,Biotechnology,0
/organization/lionexpo,51133.0,1.0,2011.0,2013.0,2013.0,CZE,Lead Management,0
/organization/lionside,1600000.0,1.0,2009.0,2010.0,2010.0,USA,Games,1
/organization/liposcience,15000000.0,1.0,,2003.0,2003.0,USA,Biotechnology,1
/organization/liposonix,37935003.0,3.0,1999.0,2002.0,2004.0,USA,Biotechnology,1
/organization/liquavista,32408800.0,3.0,2006.0,2006.0,2010.0,NLD,Hardware + Software,1
/organization/liquefied-natural-gas,15200000.0,2.0,,2013.0,2014.0,AUS,Clean Technology,0
/organization/liquid-air-lab,12400000.0,2.0,2002.0,2005.0,2006.0,DEU,Mobile,1
/organization/liquid-biotech,2000000.0,1.0,,2015.0,2015.0,USA,,0
/organization/liquid-computing,43956298.0,4.0,2003.0,2005.0,2009.0,CAN,Public Relations,0
/organization/liquid-engines,14700000.0,2.0,2001.0,2004.0,2006.0,USA,Software,1
/organization/liquid-machines,17500000.0,2.0,,2006.0,2008.0,USA,Enterprise Software,1
/organization/liquidpractice,1985100.0,2.0,,2014.0,2015.0,USA,Business Services,0
/organization/liquidtalk,2430000.0,1.0,2006.0,2007.0,2007.0,USA,Enterprise Software,1
/organization/listedplaces,20000.0,1.0,,2011.0,2011.0,USA,Online Rental,0
/organization/listeggs,100000.0,1.0,2013.0,2013.0,2013.0,USA,,0
/organization/listiki,,1.0,2008.0,2010.0,2010.0,,Curated Web,0
/organization/listo-financial,2800000.0,1.0,,2015.0,2015.0,,Financial Services,0
/organization/litchfield-financial-corporation,,1.0,1988.0,1988.0,1988.0,USA,,0
/organization/litebi,748550.0,1.0,2007.0,2009.0,2009.0,ESP,Business Intelligence,0
/organization/litepoint,,1.0,2001.0,2007.0,2007.0,USA,Consumer Electronics,1
/organization/little-big-things,10000.0,1.0,2010.0,2010.0,2010.0,,Software,0
/organization/little-eye-labs,,1.0,2012.0,2013.0,2013.0,IND,Android,1
/organization/little-products,50000.0,2.0,2011.0,2014.0,2014.0,USA,Consumer Goods,0
/organization/littlecast,2000000.0,2.0,2013.0,2013.0,2014.0,,Apps,0
/organization/littlefeet-inc,3000000.0,1.0,,2002.0,2002.0,,Services,0
/organization/livamp-2,300000.0,1.0,,2015.0,2015.0,,Entertainment,0
/organization/live-current-media,816742.0,3.0,,2009.0,2010.0,CAN,Curated Web,0
/organization/live-matrix,,1.0,2009.0,2009.0,2009.0,USA,Curated Web,1
/organization/live-on-the-go,60000.0,1.0,,2009.0,2009.0,USA,Curated Web,1
/organization/live-painter,,1.0,,2014.0,2014.0,,,0
/organization/live-shuttle,16000.0,1.0,2011.0,2012.0,2012.0,ISL,Mobile,0
/organization/livebid,1500000.0,1.0,,1998.0,1998.0,,Auctions,1
/organization/livebookings,69604550.0,5.0,2005.0,2008.0,2012.0,GBR,Advertising,1
/organization/livecapital,7400000.0,1.0,,2003.0,2003.0,USA,Finance,0
/organization/livedeal,4900000.0,1.0,,2005.0,2005.0,USA,Curated Web,1
/organization/livego,,1.0,1993.0,2010.0,2010.0,,Email,0
/organization/livekick,,1.0,2008.0,2008.0,2008.0,USA,Curated Web,0
/organization/liveloop,,2.0,2010.0,2011.0,2012.0,USA,Collaboration,1
/organization/lively-formerly-hamlet,7300000.0,2.0,2012.0,2012.0,2013.0,USA,Hardware + Software,1
/organization/livemag-ro,233100.0,1.0,,2008.0,2008.0,ROM,E-Commerce,0
/organization/liveminutes,3154164.0,2.0,2011.0,2013.0,2014.0,USA,Curated Web,1
/organization/livemocha,19389998.0,5.0,2007.0,2008.0,2013.0,USA,Education,1
/organization/liveoffice,,1.0,1998.0,2007.0,2007.0,USA,Web Hosting,1
/organization/liveops,81000000.0,4.0,2000.0,2001.0,2014.0,USA,Cloud Computing,1
/organization/liveprofile,2200000.0,1.0,2010.0,2011.0,2011.0,USA,Messaging,0
/organization/liverail,12000000.0,4.0,2007.0,2008.0,2013.0,USA,Advertising,1
/organization/liveramp,16000000.0,4.0,2011.0,2007.0,2013.0,USA,Advertising,1
/organization/liverowing,,1.0,,2014.0,2014.0,,Apps,0
/organization/liverpool-chirochem-limited,883132.175448926,1.0,,2015.0,2015.0,,,0
/organization/liversvp,,1.0,2008.0,2010.0,2010.0,USA,Enterprise Software,0
/organization/livescribe,68000000.0,2.0,2007.0,2007.0,2012.0,USA,Content Syndication,1
/organization/livestar,2000000.0,1.0,2011.0,2011.0,2011.0,,Curated Web,1
/organization/livestub,,1.0,,2008.0,2008.0,CAN,E-Commerce,0
/organization/livevault,35000000.0,3.0,,2000.0,2003.0,USA,Computers,1
/organization/livevol,2000000.0,1.0,2003.0,2010.0,2010.0,USA,Software,1
/organization/livewire-mobile,4420000.0,4.0,1983.0,2011.0,2012.0,USA,Mobile,1
/organization/livingwell-health,3000000.0,1.0,2005.0,2010.0,2010.0,USA,Biotechnology,0
/organization/livio-radio,5796518.0,4.0,2008.0,2010.0,2013.0,USA,Apps,1
/organization/livrada,1410816.0,2.0,2012.0,2012.0,2013.0,USA,Consumer Electronics,0
/organization/lkc,,1.0,,2014.0,2014.0,,,0
/organization/llustre,,1.0,2011.0,2012.0,2012.0,,Design,1
/organization/lmic,4950000.0,1.0,,2004.0,2004.0,USA,Design,0
/organization/lmki,5000000.0,1.0,,1999.0,1999.0,USA,,0
/organization/lnts,,1.0,,2007.0,2007.0,,,0
/organization/loan-servicing-solutions,,1.0,,2007.0,2007.0,USA,Finance,1
/organization/loancity-com,38400000.0,1.0,,1999.0,1999.0,,,0
/organization/loc-aid,39734188.0,7.0,2005.0,2005.0,2014.0,USA,Enterprise Software,1
/organization/local-com,36500000.0,5.0,1999.0,2007.0,2013.0,USA,Advertising,0
/organization/local-food-systems,435000.0,1.0,2011.0,2012.0,2012.0,,Clean Technology,0
/organization/local-marketers,4699999.0,2.0,2005.0,2006.0,2008.0,USA,Advertising,0
/organization/local-media-2,161307.0,1.0,2011.0,2011.0,2011.0,FRA,Advertising,0
/organization/local-motion,6000000.0,2.0,2011.0,2012.0,2013.0,USA,Curated Web,1
/organization/localbacon,875000.0,1.0,2009.0,2010.0,2010.0,USA,Curated Web,0
/organization/localbonus,1025000.0,3.0,2011.0,2012.0,2013.0,USA,Consumers,0
/organization/localmind,650206.0,2.0,2010.0,2011.0,2011.0,USA,Curated Web,0
/organization/localocracy,172500.0,3.0,2009.0,2009.0,2011.0,USA,Curated Web,1
/organization/localvox-media-nearsay,10255000.0,5.0,2010.0,2010.0,2014.0,USA,Local,1
/organization/localyte-com,,1.0,,2007.0,2007.0,USA,Travel,1
/organization/locamoda,8650000.0,3.0,2007.0,2007.0,2011.0,USA,Advertising,1
/organization/locasian,50000.0,1.0,,2007.0,2007.0,SGP,Public Relations,0
/organization/location-based-technologies,11735000.0,5.0,2005.0,2009.0,2011.0,USA,Enterprise Software,0
/organization/location-labs,25800000.0,3.0,,2002.0,2005.0,USA,Location Based Services,1
/organization/locationary,2500000.0,1.0,2009.0,2011.0,2011.0,CAN,Analytics,1
/organization/lockdown-networks,23280000.0,3.0,2001.0,2005.0,2007.0,USA,Security,1
/organization/locket,3200000.0,1.0,2013.0,2015.0,2015.0,USA,Android,1
/organization/lockstream,15000000.0,1.0,1999.0,2000.0,2000.0,USA,Digital Rights Management,1
/organization/locox-com,749596.0,1.0,,2010.0,2010.0,USA,Internet,0
/organization/locu,4600000.0,2.0,2011.0,2011.0,2012.0,USA,Advertising,1
/organization/loehmanns,35000000.0,1.0,1921.0,2009.0,2009.0,USA,Fashion,1
/organization/log607,600000.0,2.0,2007.0,2007.0,2007.0,ITA,Games,1
/organization/logentries,11100000.0,3.0,2010.0,2010.0,2013.0,USA,Application Performance Monitoring,1
/organization/logia-group,2500000.0,1.0,2004.0,2007.0,2007.0,ISR,Mobile,0
/organization/logical-choice-technologies,5000000.0,1.0,1994.0,2013.0,2013.0,USA,EdTech,0
/organization/logiclibrary,,1.0,2000.0,2002.0,2002.0,USA,Software,1
/organization/logicloop,15604.0,1.0,2010.0,2010.0,2010.0,GBR,Software,0
/organization/logilent-learning-systems,14000000.0,1.0,,2001.0,2001.0,USA,,1
/organization/loginza,1000000.0,1.0,,2011.0,2011.0,,Curated Web,1
/organization/loglogic,29300000.0,4.0,2002.0,2004.0,2009.0,USA,Security,1
/organization/logmatrix,,1.0,,2008.0,2008.0,USA,Software,1
/organization/logolineup,325000.0,1.0,,2011.0,2011.0,,E-Commerce,0
/organization/logopro,148775.0,1.0,,2010.0,2010.0,ITA,Design,1
/organization/logrado,120000.0,1.0,2011.0,2013.0,2013.0,USA,Education,1
/organization/lokata-ru,4000000.0,2.0,2012.0,2012.0,2013.0,RUS,Advertising,0
/organization/loki-studios,670000.0,1.0,,2011.0,2011.0,USA,Games,1
/organization/loku,2100000.0,2.0,2010.0,2010.0,2012.0,USA,Curated Web,0
/organization/lolapps,4000000.0,1.0,2008.0,2008.0,2008.0,USA,Content,1
/organization/lombardi-software,20950000.0,2.0,1999.0,2003.0,2007.0,USA,Business Development,1
/organization/london-union,3758211.69254822,1.0,,2015.0,2015.0,,,0
/organization/longboard-media,6000000.0,1.0,2008.0,2011.0,2011.0,USA,Advertising,1
/organization/lonocloud,1500000.0,1.0,2011.0,2011.0,2011.0,USA,Apps,1
/organization/look-io,,1.0,2011.0,2012.0,2012.0,USA,Mobile,1
/organization/lookery,3150000.0,2.0,2007.0,2008.0,2008.0,USA,Advertising,1
/organization/lookflow,,1.0,2009.0,2011.0,2011.0,USA,Photography,1
/organization/lookinhotels,25000.0,1.0,2012.0,2013.0,2013.0,RUS,Hotels,0
/organization/lookstat,500000.0,1.0,2008.0,2009.0,2009.0,USA,E-Commerce,0
/organization/loom,1400000.0,1.0,,2013.0,2013.0,USA,Cloud Computing,1
/organization/loomia,7500000.0,3.0,2004.0,2005.0,2009.0,USA,Curated Web,0
/organization/loomio,80000.0,1.0,2012.0,2014.0,2014.0,NZL,Business Services,0
/organization/loop54,600000.0,1.0,2010.0,2015.0,2015.0,SWE,E-Commerce,0
/organization/loopfuse,1400000.0,1.0,2007.0,2009.0,2009.0,USA,Advertising,1
/organization/loopnet,50000000.0,1.0,1995.0,2009.0,2009.0,USA,Commercial Real Estate,1
/organization/looppay,13000000.0,3.0,2013.0,2013.0,2014.0,USA,Mobile,1
/organization/loopt,39105997.0,5.0,2005.0,2005.0,2010.0,USA,Location Based Services,1
/organization/loosecubes,9030000.0,2.0,2010.0,2010.0,2012.0,USA,Curated Web,0
/organization/loosehead-software,500000.0,1.0,2004.0,2007.0,2007.0,USA,Mobile,0
/organization/loox,78374.0,1.0,2014.0,2014.0,2014.0,GBR,Apps,0
/organization/looxii,97500.0,1.0,2009.0,2009.0,2009.0,USA,Enterprise Software,0
/organization/loraxag,4500000.0,1.0,,2009.0,2009.0,USA,Clean Technology,0
/organization/lore,12123837.0,4.0,2011.0,2011.0,2012.0,USA,Education,1
/organization/lorus-therapeutics,28250000.0,1.0,1986.0,2014.0,2014.0,CAN,Biotechnology,0
/organization/lost-property-heaven,405528.0,1.0,2010.0,2010.0,2010.0,GBR,Curated Web,0
/organization/lottay,675000.0,2.0,2008.0,2009.0,2009.0,,Curated Web,0
/organization/loud-games,225000.0,1.0,2013.0,2014.0,2014.0,USA,Entertainment,0
/organization/loud3r,3529175.0,2.0,2007.0,2009.0,2009.0,USA,Curated Web,0
/organization/loudcaster,53000.0,2.0,2009.0,2009.0,2010.0,USA,Curated Web,0
/organization/loudeye,97200000.0,2.0,,2000.0,2004.0,,Curated Web,1
/organization/love-buddies,,1.0,2013.0,2015.0,2015.0,IND,Events,0
/organization/lovefilm,,3.0,2003.0,2002.0,2003.0,GBR,Games,1
/organization/lovely,4500000.0,4.0,2011.0,2010.0,2014.0,USA,Real Estate,1
/organization/loyalize,3000000.0,1.0,2010.0,2011.0,2011.0,USA,Social Media,0
/organization/loyalty-lab,11000000.0,3.0,2003.0,2005.0,2010.0,USA,Software,1
/organization/lozo,,1.0,2009.0,2012.0,2012.0,,,0
/organization/lp33,,1.0,,2008.0,2008.0,USA,Entertainment,0
/organization/ls9,75000000.0,4.0,2005.0,2007.0,2010.0,USA,Biotechnology,1
/organization/lsa-sports,35000.0,1.0,2010.0,2011.0,2011.0,USA,Sports,0
/organization/lsat-freedom,,1.0,2009.0,2013.0,2013.0,USA,,0
/organization/lssi-data,16000000.0,1.0,,2003.0,2003.0,,Information Services,0
/organization/luca-technologies,98900000.0,3.0,2001.0,2006.0,2008.0,USA,Biotechnology,0
/organization/lucid-commerce,17400000.0,4.0,2005.0,2008.0,2011.0,USA,Advertising,1
/organization/lucid-information-technology,12000000.0,1.0,,2007.0,2007.0,ISR,,0
/organization/lucidera,15600000.0,1.0,2005.0,2007.0,2007.0,USA,Business Intelligence,0
/organization/lucidmedia,18734312.0,3.0,1999.0,2008.0,2011.0,USA,Advertising,1
/organization/lucierna,2106600.0,1.0,2009.0,2011.0,2011.0,ESP,Software,1
/organization/lucky-ant,100000.0,1.0,2011.0,2011.0,2011.0,USA,Crowdsourcing,1
/organization/lucky-pai,40000000.0,2.0,,2006.0,2008.0,CHN,E-Commerce,1
/organization/lucky-sort,500000.0,1.0,2011.0,2012.0,2012.0,USA,Analytics,1
/organization/ludi-labs,,1.0,,2005.0,2005.0,,Services,0
/organization/ludia,1500000.0,1.0,2007.0,2007.0,2007.0,CAN,Facebook Applications,1
/organization/ludic-labs,5000000.0,1.0,,2009.0,2009.0,,Software,1
/organization/lugiron-software,,1.0,2009.0,2009.0,2009.0,USA,Analytics,0
/organization/lululemon-athletica,93000000.0,1.0,1998.0,2005.0,2005.0,CAN,Fitness,0
/organization/luma-io,,1.0,2011.0,2012.0,2012.0,USA,Photography,1
/organization/lumatic,813000.0,4.0,2009.0,2010.0,2012.0,USA,Finance,0
/organization/lumatix,888840.0,1.0,,2011.0,2011.0,DEU,Software,0
/organization/lumena-pharmaceuticals,70550150.0,3.0,2011.0,2012.0,2014.0,USA,Biotechnology,1
/organization/lumend,23200000.0,1.0,1996.0,2003.0,2003.0,,Health Care,1
/organization/lumenergi,27901875.0,4.0,2008.0,2008.0,2012.0,USA,Clean Technology,1
/organization/lumenis,120000000.0,1.0,,2006.0,2006.0,ISR,Biotechnology,1
/organization/lumenos,10020000.0,1.0,,2003.0,2003.0,,Health Care,1
/organization/lumi-mask,27000.0,1.0,2011.0,2011.0,2011.0,USA,Hardware + Software,0
/organization/lumidigm,17199997.0,3.0,2001.0,2005.0,2010.0,USA,Health Care,1
/organization/lumigent,23000000.0,4.0,,2003.0,2009.0,USA,Software,0
/organization/lumimous-banking,,1.0,,2009.0,2009.0,ZAF,Information Technology,1
/organization/luminary-micro,44000000.0,3.0,2004.0,2005.0,2007.0,USA,Semiconductors,1
/organization/luminate,28450000.0,3.0,2008.0,2009.0,2012.0,USA,Advertising,1
/organization/luminator-technology-group,37000000.0,1.0,,2011.0,2011.0,USA,Manufacturing,1
/organization/luminetx,11000000.0,1.0,,2005.0,2005.0,USA,Health Care,1
/organization/luminus-devices,135826373.0,4.0,2002.0,2006.0,2013.0,USA,Manufacturing,1
/organization/luna-innovations,13115002.0,2.0,,2010.0,2014.0,USA,Biotechnology,1
/organization/lupatech,1000000.0,1.0,,1994.0,1994.0,BRA,Energy,0
/organization/luphos-gmbh,,1.0,,2008.0,2008.0,,,1
/organization/lurenjia,,1.0,,2011.0,2011.0,,,0
/organization/luristic,500000.0,1.0,2009.0,2009.0,2009.0,USA,Information Services,0
/organization/lutonix,10000001.0,1.0,,2010.0,2010.0,USA,Health Care,1
/organization/lutz-convenience-food,,1.0,,2014.0,2014.0,,Consumers,0
/organization/luvocracy,11000000.0,1.0,2011.0,2013.0,2013.0,USA,E-Commerce,1
/organization/lux-beauty-club,,1.0,2015.0,2015.0,2015.0,USA,,0
/organization/lux-biosciences,90200000.0,6.0,2005.0,2009.0,2012.0,USA,Biotechnology,0
/organization/luxe-energy,500000000.0,1.0,,2015.0,2015.0,USA,Energy,0
/organization/luxim,55230131.0,3.0,2000.0,1999.0,2009.0,USA,Hardware + Software,1
/organization/luxji,,1.0,,2014.0,2014.0,CHN,,0
/organization/luxola,15600000.0,5.0,2011.0,2012.0,2015.0,SGP,E-Commerce,1
/organization/luxticket-sg,,1.0,,2011.0,2011.0,SGP,E-Commerce,0
/organization/luxury-quotient-india-private-limited,,1.0,2014.0,2015.0,2015.0,CAN,E-Commerce,0
/organization/luxvue-technology,43775000.0,3.0,2009.0,2011.0,2013.0,USA,Hardware + Software,1
/organization/lvl7-systems,49300000.0,3.0,1999.0,2002.0,2005.0,USA,Internet,1
/organization/lvyouquan,78000000.0,1.0,,2015.0,2015.0,JPN,,0
/organization/lycium-networks,8000000.0,1.0,,2002.0,2002.0,ISR,Networking,0
/organization/lymphosign,5900000.0,1.0,2000.0,2003.0,2003.0,CAN,Bio-Pharm,1
/organization/lynda-com,289000000.0,2.0,1995.0,2013.0,2015.0,USA,EdTech,1
/organization/lynoe,80000.0,1.0,2014.0,2015.0,2015.0,,Digital Media,0
/organization/lynx-design,2900000.0,3.0,,2013.0,2014.0,USA,Hardware + Software,1
/organization/lysac-technologies,3784218.0,1.0,1998.0,2004.0,2004.0,CAN,Marketplaces,1
/organization/m-a-com,,1.0,,2011.0,2011.0,USA,Semiconductors,1
/organization/m-audio,,1.0,1988.0,2003.0,2003.0,USA,Creative,1
/organization/m-dot,700000.0,2.0,2012.0,2012.0,2012.0,USA,Apps,1
/organization/m-factor,30150000.0,3.0,2003.0,2007.0,2009.0,USA,SaaS,1
/organization/m-labs,1250000.0,1.0,2013.0,2013.0,2013.0,USA,Advertising,1
/organization/m-metrics,18000000.0,2.0,2004.0,2004.0,2005.0,USA,Demographies,1
/organization/m-path,3650000.0,1.0,2013.0,2014.0,2014.0,USA,Mobile,0
/organization/m-qube,8000000.0,1.0,,2003.0,2003.0,,Curated Web,1
/organization/m2e-power,8000000.0,1.0,,2007.0,2007.0,USA,Energy,0
/organization/m2z-networks,4000000.0,1.0,,2006.0,2006.0,USA,Mobile,0
/organization/m3-technology-group,6500000.0,1.0,2002.0,2007.0,2007.0,USA,Enterprise Software,1
/organization/m3x-media,10500000.0,1.0,2005.0,2009.0,2009.0,USA,Games,0
/organization/m5-labs,500000.0,1.0,2012.0,2013.0,2013.0,CAN,File Sharing,1
/organization/m5-networks,4125014.0,2.0,2000.0,2006.0,2010.0,USA,Contact Centers,1
/organization/m7-networks,3000000.0,1.0,,2004.0,2004.0,USA,Mobile,0
/organization/m86-security,37962332.0,5.0,1995.0,2009.0,2012.0,USA,Security,1
/organization/maaguzi,375000.0,1.0,,2009.0,2009.0,USA,Software,1
/organization/maaya,8000000.0,1.0,,2001.0,2001.0,,E-Commerce,0
/organization/maboo,,1.0,2014.0,2015.0,2015.0,,,0
/organization/macellum,17136.0,1.0,2015.0,2015.0,2015.0,DNK,Analytics,0
/organization/macheen,34394995.0,5.0,2010.0,2010.0,2013.0,USA,Enterprise Software,1
/organization/machine-perception-technologies,2000000.0,1.0,2008.0,2012.0,2012.0,USA,Software,0
/organization/machine-talker,100000.0,1.0,,2010.0,2010.0,USA,Hardware + Software,0
/organization/machine-voice-communication-gmbh,1117938.0,1.0,2014.0,2015.0,2015.0,AUT,Telecommunications,0
/organization/machinerylink,17400000.0,1.0,,2007.0,2007.0,USA,,0
/organization/macromedia,44000000.0,1.0,1992.0,1999.0,1999.0,USA,Software,1
/organization/macromill,,1.0,2000.0,2000.0,2000.0,JPN,Business Analytics,1
/organization/mad-croc,766000.0,2.0,,2006.0,2010.0,USA,Consumer Goods,0
/organization/mad-mimi,110000.0,1.0,,2007.0,2007.0,USA,Curated Web,1
/organization/madada,,1.0,,2015.0,2015.0,CHN,,0
/organization/made-in-w-inc,300000.0,2.0,2014.0,2014.0,2015.0,SAU,B2B,0
/organization/made-it,400000.0,1.0,,2015.0,2015.0,USA,Apps,0
/organization/made2manage-systems,50000000.0,1.0,,2006.0,2006.0,USA,Software,1
/organization/madeleine-market,,1.0,2012.0,2012.0,2012.0,FRA,E-Commerce,0
/organization/madkast,315000.0,2.0,2007.0,2007.0,2007.0,USA,Curated Web,1
/organization/madnet,3000000.0,1.0,,2013.0,2013.0,RUS,Advertising Platforms,1
/organization/magenta-computacion,,1.0,,2010.0,2010.0,CHL,Enterprise Software,1
/organization/magento,22500000.0,1.0,2010.0,2010.0,2010.0,USA,Databases,1
/organization/magic-add-ltd,93846.0,1.0,2011.0,2015.0,2015.0,,Content,0
/organization/magic-rock,100000.0,1.0,2006.0,2006.0,2006.0,USA,Entertainment,0
/organization/magic4,,1.0,,2004.0,2004.0,,Communications Infrastructure,1
/organization/magicrooms-solutions-india-p-ltd,1490000.0,1.0,,2010.0,2010.0,IND,Travel,0
/organization/maginatics,27000000.0,2.0,2010.0,2011.0,2013.0,USA,Enterprises,1
/organization/magix,155000000.0,1.0,,2006.0,2006.0,USA,Software,0
/organization/magma-hq,369311.0,2.0,2010.0,2010.0,2011.0,DNK,News,1
/organization/magme,1000000.0,1.0,2008.0,2009.0,2009.0,CAN,Advertising,0
/organization/magna-energy,500000000.0,1.0,,2015.0,2015.0,,Energy,0
/organization/magnachip-semiconductor,39480000.0,1.0,,2010.0,2010.0,LUX,Semiconductors,0
/organization/magnegas-corporation,5000000.0,1.0,2007.0,2014.0,2014.0,USA,Biotechnology,0
/organization/magnet-tech-磁石科技,1625584.53310503,2.0,2014.0,2014.0,2015.0,,Communications Hardware,0
/organization/magnifinance,234615.0,1.0,,2015.0,2015.0,PRT,Business Services,0
/organization/magpie-friends,,1.0,2008.0,2015.0,2015.0,USA,Advertising,1
/organization/mahi-networks,70100000.0,1.0,,2004.0,2004.0,,Startups,1
/organization/maiden-media-group,400000.0,1.0,2010.0,2011.0,2011.0,USA,Advertising,0
/organization/mail-com-media-corporation,35000000.0,1.0,2004.0,2008.0,2008.0,USA,Curated Web,0
/organization/mailana,18000.0,1.0,,2009.0,2009.0,,Curated Web,0
/organization/mailbox,5000000.0,1.0,,2011.0,2011.0,USA,Email,1
/organization/mailfrontier,11500000.0,2.0,2002.0,2003.0,2006.0,USA,Messaging,1
/organization/mailgun,1100000.0,2.0,2010.0,2010.0,2011.0,USA,Email,1
/organization/mailwriter,,1.0,2009.0,2010.0,2010.0,NLD,Messaging,0
/organization/main-street-genome,2250000.0,1.0,2013.0,2013.0,2013.0,USA,Big Data,1
/organization/maintenancenet,12000000.0,1.0,2004.0,2014.0,2014.0,USA,Business Services,1
/organization/makana-solutions,3000000.0,1.0,2004.0,2007.0,2007.0,USA,Software,1
/organization/makani-power,5000000.0,1.0,2006.0,2008.0,2008.0,USA,Clean Technology,1
/organization/makara,,1.0,,2008.0,2008.0,USA,Cloud Computing,1
/organization/make-it-work,1000000.0,1.0,1995.0,2005.0,2005.0,USA,Computers,0
/organization/makemereach,4385100.0,1.0,,2011.0,2011.0,FRA,Advertising,1
/organization/makeoversolutions,12223336.0,4.0,2007.0,2007.0,2011.0,USA,Advertising,0
/organization/maker-studios,66000000.0,4.0,2009.0,2010.0,2013.0,USA,Games,1
/organization/makerbot,10000000.0,2.0,2009.0,2010.0,2011.0,,DIY,1
/organization/mako-surgical,70100000.0,3.0,2004.0,2007.0,2008.0,USA,Biotechnology,1
/organization/maktoob,5250000.0,1.0,2000.0,2006.0,2006.0,ARE,Social Media,1
/organization/makucell,1668447.0,1.0,2010.0,2012.0,2012.0,USA,Biotechnology,0
/organization/malcovery-security,4575400.0,2.0,2012.0,2013.0,2014.0,USA,Security,1
/organization/mamaherb,,1.0,,2008.0,2008.0,,Curated Web,0
/organization/mamapedia,4600000.0,1.0,2004.0,2005.0,2005.0,USA,Social Media,1
/organization/mamina-shkola,25000.0,1.0,2011.0,2013.0,2013.0,,Education,0
/organization/managed-objects,14500000.0,2.0,1997.0,2006.0,2007.0,USA,Software,1
/organization/manageiq,5400000.0,3.0,2006.0,2009.0,2012.0,USA,Cloud Management,1
/organization/manatron,250005.0,1.0,,2011.0,2011.0,USA,Software,1
/organization/manctl,,1.0,2011.0,2013.0,2013.0,,3D Technology,1
/organization/mandata-management-data-services,,1.0,,2013.0,2013.0,GBR,Software,0
/organization/mandiant,70000000.0,1.0,2004.0,2011.0,2011.0,USA,Security,1
/organization/mangia,1322411.0,2.0,2008.0,2009.0,2010.0,USA,Mobile,0
/organization/mango-reservations,20000.0,1.0,2010.0,2010.0,2010.0,USA,SaaS,0
/organization/mangofizz-jobs,300000.0,1.0,2007.0,2007.0,2007.0,USA,Artificial Intelligence,0
/organization/manhattan-pharmaceuticals,2547500.0,1.0,,2010.0,2010.0,USA,Biotechnology,0
/organization/manicube,5000000.0,1.0,2012.0,2014.0,2014.0,USA,Consulting,1
/organization/mantara,57794854.0,6.0,2003.0,2007.0,2012.0,USA,Software,1
/organization/manymoon,,1.0,,2009.0,2009.0,USA,Curated Web,1
/organization/manzuo-com,45000000.0,3.0,,2010.0,2011.0,CHN,Advertising,1
/organization/maozhao,500000.0,1.0,2011.0,2011.0,2011.0,CHN,Curated Web,0
/organization/map-pharmaceuticals,50000000.0,1.0,2003.0,2007.0,2007.0,USA,Biotechnology,1
/organization/map-roi-systems,2600000.0,1.0,,2004.0,2004.0,USA,Collaboration,0
/organization/map2app,100000.0,2.0,2012.0,2012.0,2013.0,USA,Android,1
/organization/mapflow,5100000.0,3.0,1997.0,2007.0,2013.0,IRL,Enterprise Software,1
/organization/mapiliary,53491.0,1.0,2013.0,2013.0,2013.0,SVK,Logistics,0
/organization/maplin-electronics,8039920.0,1.0,1972.0,2014.0,2014.0,GBR,Consumer Electronics,1
/organization/mapmyfitness,23650000.0,6.0,2007.0,2007.0,2013.0,USA,Android,1
/organization/mapmyindia,,1.0,1992.0,2007.0,2007.0,IND,E-Commerce,1
/organization/mapori,10000.0,1.0,2007.0,2007.0,2007.0,,Property Management,0
/organization/mappyfriends,100000.0,1.0,2009.0,2009.0,2009.0,ARG,Curated Web,0
/organization/maps-indeed,150000.0,1.0,2010.0,2010.0,2010.0,USA,Public Transportation,0
/organization/mapsense,2500000.0,2.0,2013.0,2014.0,2015.0,USA,Geospatial,1
/organization/marakana,200000.0,1.0,2005.0,2007.0,2007.0,USA,Education,1
/organization/maranti-networks,51000000.0,2.0,,2001.0,2004.0,USA,Networking,1
/organization/marathon-technologies,27819986.0,3.0,1993.0,2004.0,2009.0,USA,Software,1
/organization/marcadia-biotech,16000000.0,2.0,,2006.0,2007.0,USA,Biotechnology,1
/organization/marginleft,13300.0,2.0,2007.0,2007.0,2007.0,USA,Curated Web,0
/organization/mariam-medical,500000.0,1.0,2009.0,2015.0,2015.0,,Health and Wellness,0
/organization/mariposa-biotechnology,2427823.0,1.0,2007.0,2013.0,2013.0,USA,Biotechnology,0
/organization/markafoni,7500000.0,1.0,2008.0,2010.0,2010.0,TUR,E-Commerce,1
/organization/marketbright,,2.0,1999.0,2008.0,2010.0,USA,B2B,1
/organization/marketcast,,1.0,,2014.0,2014.0,USA,Entertainment,1
/organization/marketfish,7575000.0,3.0,2008.0,2009.0,2011.0,USA,Advertising,0
/organization/marketlive,20000000.0,1.0,1995.0,2008.0,2008.0,USA,E-Commerce,1
/organization/marketmax-inc,33000000.0,1.0,,2003.0,2003.0,,Retail,1
/organization/marketpage,1000000.0,1.0,,2011.0,2011.0,USA,E-Commerce,0
/organization/marketrx,10250000.0,1.0,,2003.0,2003.0,USA,Analytics,1
/organization/marketshare,96000000.0,6.0,2005.0,2011.0,2015.0,USA,Analytics,1
/organization/marketsnacks,,1.0,2011.0,2013.0,2013.0,,,0
/organization/markettools,83000000.0,2.0,1997.0,2007.0,2008.0,USA,Software,1
/organization/markmonitor,12000000.0,1.0,1999.0,2006.0,2006.0,USA,Enterprise Software,1
/organization/marlytics-llc,50000.0,1.0,2011.0,2012.0,2012.0,USA,Software,0
/organization/marport-deep-sea-technologies,,1.0,,2011.0,2011.0,CAN,Hardware + Software,1
/organization/marquee-dental-partners,35000000.0,1.0,,2015.0,2015.0,USA,Dental,0
/organization/marqui,7500000.0,1.0,,2006.0,2006.0,CAN,Content,1
/organization/marquiss-wind-power,1300000.0,1.0,,2008.0,2008.0,USA,Clean Technology,0
/organization/marro-ws,20000.0,2.0,2009.0,2009.0,2009.0,USA,Social Media,0
/organization/marthascottage,137713.0,1.0,2013.0,2014.0,2014.0,,Distribution,0
/organization/martingale-internet-technologies,301104.0,2.0,2008.0,2008.0,2010.0,GBR,Communities,0
/organization/martini-media-network,41290000.0,5.0,2007.0,2008.0,2013.0,USA,Advertising,1
/organization/martmobi-technologies,251333.0,3.0,2013.0,2014.0,2014.0,USA,E-Commerce,1
/organization/marval-pharma,6516515.0,3.0,,2010.0,2012.0,,Biotechnology,0
/organization/marvin,10000.0,1.0,,2013.0,2013.0,USA,Cars,0
/organization/mascoticlub-barkbeats,594336.0,3.0,2013.0,2014.0,2015.0,,Pets,0
/organization/masergy-communications,61000000.0,2.0,,2003.0,2005.0,USA,Public Relations,1
/organization/mashed-jobs,,1.0,2009.0,2009.0,2009.0,USA,Curated Web,0
/organization/mashery,34700000.0,6.0,2006.0,2007.0,2012.0,USA,Analytics,1
/organization/mashups,160000.0,2.0,2014.0,2014.0,2015.0,USA,Advertising,1
/organization/mass-relevance,5500000.0,2.0,2010.0,2010.0,2012.0,USA,Content,1
/organization/massage-select,,1.0,,2015.0,2015.0,,Delivery,0
/organization/massagio,,2.0,2015.0,2015.0,2015.0,,,0
/organization/massive,10000000.0,2.0,,2004.0,2005.0,,Games,1
/organization/massive-health,2250000.0,1.0,2010.0,2011.0,2011.0,USA,Diabetes,1
/organization/massively-fun,,1.0,2010.0,2010.0,2010.0,USA,Game,0
/organization/mastersaf,,1.0,1998.0,2010.0,2010.0,,,0
/organization/matatena-games,120000.0,1.0,,2011.0,2011.0,USA,Games,0
/organization/matcha,20000.0,2.0,2011.0,2011.0,2012.0,USA,Curated Web,1
/organization/matchbox,2500000.0,2.0,2011.0,2011.0,2013.0,USA,Enterprise Software,1
/organization/matchmate-me,,1.0,2011.0,2012.0,2012.0,USA,Events,1
/organization/matchmine,10000000.0,1.0,2007.0,2007.0,2007.0,USA,Media,0
/organization/matchpin,250000.0,1.0,2009.0,2011.0,2011.0,USA,Advertising,0
/organization/mathsoft-engineering-education,3000000.0,1.0,1984.0,2005.0,2005.0,USA,Software,1
/organization/matisse-networks,52500000.0,2.0,2002.0,2006.0,2007.0,USA,Web Hosting,0
/organization/matomy,1000000.0,1.0,2009.0,2010.0,2010.0,ISR,Advertising,1
/organization/matrics,34500000.0,2.0,,2001.0,2003.0,USA,Logistics,1
/organization/matrix-3,12000000.0,1.0,,2001.0,2001.0,USA,Internet,0
/organization/matrix-semiconductor,52000000.0,1.0,,2003.0,2003.0,USA,3D,1
/organization/matt-pate,60000.0,1.0,2014.0,2015.0,2015.0,,Internet,0
/organization/maufait,25000.0,1.0,2007.0,2008.0,2008.0,USA,Apps,0
/organization/maui-fun-company,,1.0,2002.0,2013.0,2013.0,USA,Entertainment,0
/organization/maui-imaging,6701000.0,2.0,2006.0,2010.0,2015.0,USA,Biotechnology,0
/organization/maven-networks,22000000.0,2.0,,2004.0,2006.0,,Content,1
/organization/mavenir-systems,105258362.0,6.0,2005.0,2006.0,2013.0,USA,Communications Hardware,1
/organization/mavenmagnet,50000.0,1.0,2011.0,2011.0,2011.0,,Business Services,0
/organization/mavent,10000000.0,1.0,1999.0,2006.0,2006.0,USA,Software,1
/organization/maverick-network-solutions,1500000.0,1.0,2006.0,2008.0,2008.0,USA,Credit Cards,1
/organization/max-viz,10800000.0,2.0,2001.0,2002.0,2008.0,USA,Hardware + Software,1
/organization/maximum-throughput,7000000.0,1.0,,2002.0,2002.0,CAN,Hardware + Software,1
/organization/maxoptix-corporation-inc,18000000.0,1.0,,2000.0,2000.0,,Communications Hardware,1
/organization/maxpreps,7000000.0,1.0,,2006.0,2006.0,,Sports,1
/organization/maxta,35000000.0,2.0,2009.0,2013.0,2014.0,USA,Software,0
/organization/maxxathlete,3000000.0,1.0,,2008.0,2008.0,,Curated Web,0
/organization/maxymiser,14777360.0,3.0,2006.0,2009.0,2013.0,USA,Analytics,1
/organization/maya-medical,6920582.0,4.0,2010.0,2010.0,2012.0,USA,Biotechnology,1
/organization/mayasmom,1000000.0,1.0,,2006.0,2006.0,USA,Social Media,1
/organization/mazu-networks,7000000.0,1.0,2000.0,2006.0,2006.0,USA,Security,1
/organization/mbeat-media,1500000.0,1.0,2008.0,2008.0,2008.0,USA,Mobile,0
/organization/mca-solutions,10000000.0,2.0,,2002.0,2004.0,,Enterprise Software,1
/organization/mcafee,,1.0,1987.0,1991.0,1991.0,USA,Security,1
/organization/mcash,6625990.0,1.0,2010.0,2014.0,2014.0,NOR,Mobile,1
/organization/mckinnon-clarke,22000000.0,1.0,1976.0,2010.0,2010.0,GBR,Consulting,0
/organization/mdialog,8027970.0,2.0,2005.0,2007.0,2011.0,CAN,Advertising,1
/organization/mdot-network,2817781.0,3.0,2008.0,2009.0,2010.0,USA,E-Commerce,1
/organization/mdsmartsearch-com,,1.0,,2010.0,2010.0,USA,Dental,0
/organization/mdvip,,1.0,2000.0,2004.0,2004.0,USA,Doctors,1
/organization/me911,1685000.0,2.0,2007.0,2008.0,2010.0,USA,Health and Wellness,0
/organization/mealhi5,366000.0,2.0,2014.0,2014.0,2015.0,USA,Enterprise Software,0
/organization/measureful,,3.0,2012.0,2013.0,2013.0,USA,Analytics,1
/organization/mebelrama-ru,4000000.0,1.0,2011.0,2012.0,2012.0,RUS,E-Commerce,0
/organization/mechanology,8258160.0,1.0,1989.0,2011.0,2011.0,USA,Clean Technology,0
/organization/mecon-associates,,1.0,1983.0,1994.0,1994.0,USA,,0
/organization/med-epad,518140.0,3.0,,2011.0,2013.0,,Mobile,0
/organization/med-tel-international,19000000.0,1.0,,2003.0,2003.0,,Medical,0
/organization/medafor,115000.0,2.0,,2009.0,2012.0,USA,Biotechnology,1
/organization/medcasco,,1.0,,2010.0,2010.0,,,0
/organization/medd,150000.0,2.0,2015.0,2015.0,2015.0,IND,Delivery,0
/organization/medeanalytics,57000000.0,2.0,1994.0,2004.0,2008.0,USA,Analytics,1
/organization/medecoach,165000.0,1.0,,2006.0,2006.0,USA,Life Sciences,0
/organization/medexpress-urgent-care,,1.0,2001.0,2010.0,2010.0,,Biotechnology,1
/organization/medfusion,3000000.0,1.0,,2015.0,2015.0,USA,Billing,1
/organization/medgrc,90000.0,2.0,2013.0,2013.0,2013.0,USA,Dental,0
/organization/media-armor,1780000.0,2.0,2010.0,2011.0,2012.0,USA,Advertising,1
/organization/media-chaperone,1050000.0,2.0,2009.0,2010.0,2011.0,USA,Curated Web,0
/organization/media-publisher,1300000.0,1.0,,2003.0,2003.0,USA,Software,0
/organization/media-temple,16086016.0,2.0,1998.0,2010.0,2012.0,USA,Cloud Computing,1
/organization/media1st,3000000.0,1.0,,2001.0,2001.0,,Corporate Training,0
/organization/mediabank,40500000.0,3.0,2006.0,2007.0,2008.0,USA,Advertising,1
/organization/mediacore,6500000.0,3.0,2010.0,2011.0,2015.0,CAN,Content,1
/organization/medialive,4200000.0,1.0,2000.0,2005.0,2005.0,FRA,Software,1
/organization/mediamap-inc,11500000.0,1.0,,2000.0,2000.0,USA,Public Relations,1
/organization/mediameeting,1420676.0,1.0,,2008.0,2008.0,,Broadcasting,0
/organization/mediamind-2,38000000.0,2.0,,2003.0,2007.0,USA,Advertising,1
/organization/mediaq-inc,38400000.0,2.0,1997.0,2000.0,2002.0,USA,Mobile,1
/organization/mediascrape,5200000.0,3.0,2006.0,2006.0,2008.0,CAN,News,0
/organization/mediastay,21500000.0,3.0,2000.0,2000.0,2011.0,USA,Games,0
/organization/mediatest-digital,1344332.96438862,2.0,2012.0,2013.0,2015.0,,Enterprise Security,0
/organization/mediavast,4715000000.0,2.0,1999.0,2003.0,2006.0,USA,Advertising,1
/organization/mediaxstream,10000000.0,1.0,,2008.0,2008.0,USA,Broadcasting,1
/organization/medicago,10000000.0,1.0,1997.0,2010.0,2010.0,CAN,Biotechnology,0
/organization/medical-note-inc,2013914.0,1.0,2014.0,2015.0,2015.0,,Curated Web,0
/organization/medicard,250000.0,1.0,,2013.0,2013.0,RUS,Clinical Trials,0
/organization/medico-com,,1.0,2010.0,2011.0,2011.0,USA,Consumers,0
/organization/mediconnect-global,3271224.0,3.0,1996.0,2008.0,2009.0,USA,Software,1
/organization/medifocus,5500000.0,2.0,,2013.0,2014.0,USA,Biotechnology,0
/organization/medify,2300000.0,2.0,2011.0,2010.0,2011.0,USA,Health Care,1
/organization/medina-medical,10044994.0,2.0,2010.0,2013.0,2015.0,USA,Hardware + Software,1
/organization/medingo-medical-solutions,27000000.0,1.0,,2007.0,2007.0,USA,Health Care,1
/organization/medio,41000000.0,2.0,2004.0,2005.0,2006.0,USA,Analytics,1
/organization/medipropharma,645000.0,2.0,2006.0,2009.0,2010.0,USA,Biotechnology,0
/organization/medisapiens,1000000.0,1.0,,2010.0,2010.0,FIN,Software,0
/organization/medistream,,1.0,,2014.0,2014.0,USA,Information Services,1
/organization/medius,3693500.0,1.0,,2009.0,2009.0,,Software,0
/organization/medivance,31070000.0,2.0,1998.0,2007.0,2009.0,USA,Biotechnology,1
/organization/medivantix-technologies,100000.0,1.0,2011.0,2011.0,2011.0,USA,Consumers,0
/organization/medivision,3000.0,1.0,2010.0,2010.0,2010.0,USA,Billing,0
/organization/medl-mobile,4000000.0,2.0,2009.0,2011.0,2012.0,USA,App Marketing,0
/organization/medley-health,32999999.0,4.0,,2010.0,2012.0,USA,Health and Wellness,0
/organization/medmanage-systems,24750000.0,4.0,1999.0,2001.0,2007.0,USA,Health Care,1
/organization/medpagetoday,2100000.0,1.0,,2007.0,2007.0,USA,Health Care,1
/organization/medserve,8000000.0,1.0,,2008.0,2008.0,USA,Health Care,1
/organization/medshape,36004847.0,8.0,,2009.0,2014.0,USA,Health Care,0
/organization/medstory,,1.0,,2005.0,2005.0,USA,Advertising,1
/organization/medsynergies,114000000.0,3.0,1996.0,2004.0,2013.0,USA,Consulting,1
/organization/medviser,500000.0,1.0,2014.0,2015.0,2015.0,,Health Care Information Technology,0
/organization/meebo,70000000.0,5.0,2005.0,2005.0,2010.0,USA,Chat,1
/organization/meeets-2,30000.0,1.0,2014.0,2014.0,2014.0,BRA,Events,0
/organization/meetchina-com,10800000.0,1.0,,2000.0,2000.0,,,0
/organization/meetcute,25000.0,1.0,2012.0,2012.0,2012.0,USA,Entertainment,0
/organization/meetings-io,1800000.0,2.0,2010.0,2010.0,2011.0,USA,Curated Web,1
/organization/meetme,13150000.0,2.0,2010.0,2008.0,2010.0,USA,Travel,0
/organization/meetmetix,500000.0,1.0,2011.0,2012.0,2012.0,USA,E-Commerce,1
/organization/meetyl,800000.0,1.0,2012.0,2013.0,2013.0,USA,Finance Technology,1
/organization/meevee,25000000.0,4.0,2000.0,2005.0,2007.0,USA,Games,1
/organization/megapath,26298436.0,3.0,1996.0,2004.0,2015.0,USA,Data Security,1
/organization/meggatel,2225623.0,1.0,2011.0,2013.0,2013.0,USA,Mobile,0
/organization/megisto-systems,18000000.0,1.0,2000.0,2001.0,2001.0,USA,Delivery,0
/organization/mego,7348141.0,5.0,2005.0,2006.0,2011.0,USA,Curated Web,0
/organization/meijob,1500000.0,1.0,2006.0,2007.0,2007.0,,Employment,0
/organization/meinprospekt,,2.0,,2010.0,2011.0,DEU,Travel,1
/organization/meiosys-2,6367607.0,1.0,,2003.0,2003.0,,Data Centers,0
/organization/mekanist,3227861.0,1.0,,2013.0,2013.0,TUR,Apps,1
/organization/meldium,1000000.0,1.0,2012.0,2013.0,2013.0,USA,Consumer Internet,1
/organization/melodeo,7900000.0,1.0,,2007.0,2007.0,USA,Music,1
/organization/melody-management,250000.0,1.0,,2010.0,2010.0,USA,Music,0
/organization/melon-power,16000.0,1.0,2012.0,2012.0,2012.0,USA,Analytics,1
/organization/melon-usemelon,331000.0,5.0,2011.0,2012.0,2013.0,USA,Hardware + Software,1
/organization/memamp,,1.0,,2005.0,2005.0,,Computers,0
/organization/membit-inc,75000.0,1.0,2014.0,2015.0,2015.0,,Apps,0
/organization/membr-inc,,1.0,,2015.0,2015.0,,,0
/organization/memento,27500000.0,5.0,2002.0,2005.0,2011.0,USA,Enterprise Software,1
/organization/memoir-systems,5100000.0,1.0,2009.0,2010.0,2010.0,USA,Semiconductors,1
/organization/memorandom,80000.0,1.0,2011.0,2011.0,2011.0,USA,Messaging,0
/organization/memorang,500000.0,1.0,2014.0,2015.0,2015.0,,Development Platforms,0
/organization/memory-pharmaceuticals,41000000.0,2.0,1997.0,2005.0,2007.0,USA,Biotechnology,1
/organization/mempile-israel,10500000.0,1.0,2000.0,2005.0,2005.0,ISR,Hardware + Software,0
/organization/memstar,,1.0,,1998.0,1998.0,,,0
/organization/mend-2,4300000.0,1.0,2015.0,2015.0,2015.0,USA,,0
/organization/mendel-biotechnology,20234078.0,2.0,1997.0,2007.0,2011.0,USA,Agriculture,1
/organization/mendeley,2125000.0,2.0,2008.0,2009.0,2012.0,GBR,Social Media,1
/organization/mendocino-software,34700000.0,3.0,2003.0,2004.0,2007.0,USA,Software,0
/organization/mental-images,6000000.0,1.0,,2003.0,2003.0,USA,Graphics,1
/organization/mentorwave-technologies,3500000.0,2.0,2002.0,2005.0,2007.0,ISR,Software,1
/organization/meqasa-ltd,500000.0,2.0,2013.0,2013.0,2015.0,,,0
/organization/meraki,80000000.0,5.0,2006.0,2006.0,2012.0,USA,Networking,1
/organization/mercado,24500000.0,2.0,,2004.0,2006.0,USA,SEO,1
/organization/mercado-electrônico,9707638.0,1.0,,2015.0,2015.0,,Internet,0
/organization/mercantila,27000000.0,3.0,,2006.0,2009.0,USA,E-Commerce,1
/organization/mercentcorporation,13200001.0,5.0,2005.0,2005.0,2010.0,USA,Advertising,1
/organization/merch,,1.0,,2015.0,2015.0,,,0
/organization/merchant-exchange,1000000.0,1.0,2011.0,2013.0,2013.0,USA,Curated Web,0
/organization/merchantcircle,14300000.0,2.0,2005.0,2006.0,2007.0,USA,Advice,1
/organization/merchantry,15900000.0,2.0,2004.0,2010.0,2013.0,USA,E-Commerce,1
/organization/mercora,5000000.0,1.0,,2005.0,2005.0,USA,Curated Web,0
/organization/mercury-payment-systems,,1.0,,2010.0,2010.0,USA,E-Commerce,1
/organization/mercury-solar-systems,,1.0,2006.0,2008.0,2008.0,USA,Clean Technology,1
/organization/merge-labs,30000.0,1.0,,2015.0,2015.0,,Android,0
/organization/mergelocal,,1.0,2010.0,2012.0,2012.0,USA,iPhone,0
/organization/mergeoptics,8260000.0,1.0,2000.0,2008.0,2008.0,,Hardware + Software,1
/organization/meridian,1975000.0,2.0,2011.0,2011.0,2012.0,USA,Enterprise Software,1
/organization/meridian-systems,,1.0,1993.0,2000.0,2000.0,USA,Advice,1
/organization/meritage-hospitality-group,4500000.0,1.0,,2003.0,2003.0,USA,Hospitality,0
/organization/meritage-pharma,58972055.0,3.0,2008.0,2008.0,2011.0,USA,Biotechnology,1
/organization/meriton-networks,54000000.0,1.0,2000.0,2005.0,2005.0,CAN,Web Hosting,1
/organization/meritshare,,1.0,2012.0,2013.0,2013.0,USA,Human Resources,1
/organization/merku,2200.0,1.0,2013.0,2013.0,2013.0,RUS,Advertising,0
/organization/merlin-technologies,10000000.0,1.0,,2008.0,2008.0,USA,Employment,0
/organization/mersimo,,1.0,2012.0,2012.0,2012.0,,Advertising,0
/organization/meru-networks,180600000.0,7.0,2002.0,2004.0,2012.0,USA,Communications Hardware,1
/organization/merus-labs,20000000.0,1.0,2012.0,2014.0,2014.0,CAN,Biotechnology,0
/organization/mesalva,,1.0,,2015.0,2015.0,,,0
/organization/mesmo-tv,900000.0,1.0,,2007.0,2007.0,GBR,Ediscovery,1
/organization/mesoft,6000000.0,1.0,2002.0,2007.0,2007.0,USA,Software,0
/organization/messagecast,1500000.0,1.0,2002.0,2005.0,2005.0,USA,Messaging,1
/organization/messagegate,10700000.0,3.0,2001.0,2003.0,2009.0,USA,Messaging,0
/organization/messageme,11900000.0,3.0,2012.0,2012.0,2013.0,USA,Chat,1
/organization/messageone,21250000.0,2.0,,2002.0,2004.0,USA,Messaging,1
/organization/messagevine,6000000.0,1.0,,2001.0,2001.0,USA,Computers,1
/organization/messagingdirect,10000000.0,1.0,,2000.0,2000.0,,,0
/organization/meta-smarter-search,,2.0,2014.0,2014.0,2015.0,USA,,0
/organization/metabar,1000000.0,1.0,,2011.0,2011.0,RUS,News,1
/organization/metacafe,50000000.0,3.0,2003.0,2006.0,2010.0,USA,Entertainment,1
/organization/metacarta,18349000.0,3.0,2001.0,2004.0,2009.0,USA,Content,1
/organization/metacloud,25000000.0,3.0,2011.0,2012.0,2014.0,USA,Cloud Computing,1
/organization/metafor-software,,1.0,2010.0,2012.0,2012.0,CAN,Big Data Analytics,1
/organization/metaforic,10000000.0,2.0,2006.0,2008.0,2011.0,USA,Software,1
/organization/metalincs,8750000.0,1.0,2003.0,2005.0,2005.0,USA,Messaging,1
/organization/metallkraft-as,32540000.0,1.0,1999.0,2008.0,2008.0,NOR,Clean Technology,0
/organization/metamatrix-red-hat,8500000.0,1.0,,2001.0,2001.0,,Services,1
/organization/metamoorephosis-games,5038868.0,4.0,2009.0,2010.0,2012.0,USA,Games,1
/organization/metanotes,,1.0,2007.0,2008.0,2008.0,USA,Curated Web,0
/organization/metaplace,9400000.0,3.0,2006.0,2007.0,2010.0,USA,Facebook Applications,1
/organization/metaresolver,1850000.0,1.0,2012.0,2012.0,2012.0,USA,Advertising,1
/organization/metaserver-inc,10000000.0,1.0,,2002.0,2002.0,USA,Manufacturing,1
/organization/metasolv,21850000.0,1.0,1992.0,2005.0,2005.0,USA,Software,1
/organization/metaspace-studios,,1.0,,2010.0,2010.0,,Games,0
/organization/metastorm,34000000.0,2.0,1996.0,2001.0,2007.0,USA,Enterprise Software,1
/organization/metatomix,27101994.0,4.0,2000.0,2003.0,2010.0,USA,Enterprise Software,1
/organization/metatv,21000000.0,1.0,1999.0,2002.0,2002.0,USA,Telecommunications,1
/organization/metaverse-makeovers,613133.0,1.0,2012.0,2015.0,2015.0,AUS,Beauty,0
/organization/metawebtechnologies,57000000.0,2.0,2005.0,2006.0,2008.0,USA,Curated Web,1
/organization/meteor-entertainment,28000000.0,2.0,2011.0,2012.0,2012.0,USA,Entertainment,0
/organization/meteor-solutions,,1.0,2009.0,2010.0,2010.0,USA,Advertising,1
/organization/meter-solutions,,1.0,,2010.0,2010.0,USA,Hardware + Software,1
/organization/methylgene,60625730.0,2.0,,2011.0,2012.0,CAN,Biotechnology,1
/organization/metranome,2000000.0,1.0,2007.0,2008.0,2008.0,CAN,Mobile,0
/organization/metratech,37500000.0,2.0,1998.0,2004.0,2012.0,USA,Cloud Computing,1
/organization/metreos-corporation,4355000.0,2.0,2001.0,2003.0,2004.0,USA,Networking,1
/organization/metricshub,,1.0,2012.0,2013.0,2013.0,USA,Big Data,1
/organization/metrigo,,1.0,2012.0,2012.0,2012.0,DEU,Advertising,1
/organization/metrixlab,,1.0,1999.0,2008.0,2008.0,USA,Analytics,1
/organization/metro-waste,2750000.0,2.0,1999.0,2003.0,2004.0,,Industrial,0
/organization/metroflats-com,,1.0,2010.0,2010.0,2010.0,USA,Hotels,0
/organization/metropcs-communications,739000000.0,1.0,,2005.0,2005.0,USA,Mobile,1
/organization/meximerica-media,,1.0,2003.0,2006.0,2006.0,USA,Publishing,1
/organization/mexxbooks,625324.0,1.0,2011.0,2011.0,2011.0,GBR,E-Commerce,0
/organization/mezeo-software,4013000.0,1.0,2008.0,2012.0,2012.0,USA,Enterprise Software,1
/organization/mformation-technologies,48131961.0,6.0,1999.0,2004.0,2012.0,USA,Health Diagnostics,1
/organization/mfoundry,40300000.0,4.0,2004.0,2006.0,2011.0,USA,Mobile,1
/organization/mfuse,6490000.0,1.0,,2006.0,2006.0,GBR,Mobile,1
/organization/mginger-com,2000000.0,1.0,,2007.0,2007.0,IND,Business Development,1
/organization/mgmedia,,1.0,2009.0,2011.0,2011.0,ESP,Digital Rights Management,0
/organization/mgv,10000.0,1.0,,2012.0,2012.0,RUS,Analytics,0
/organization/mhelpdesk,500000.0,1.0,2009.0,2014.0,2014.0,USA,Network Security,1
/organization/mi8-corporation,5000000.0,1.0,,2001.0,2001.0,,Application Platforms,1
/organization/miasole,471400000.0,6.0,2001.0,2004.0,2012.0,USA,Clean Technology,1
/organization/micro-power-electronics,9000000.0,1.0,,2004.0,2004.0,USA,Hardware,1
/organization/microbank-software,,1.0,1984.0,1992.0,1992.0,USA,,1
/organization/microbia,90000000.0,2.0,2006.0,2004.0,2007.0,USA,Biotechnology,1
/organization/microblend-technologies,3100000.0,1.0,,2007.0,2007.0,USA,,0
/organization/microcoal,1306512.0,2.0,2006.0,2013.0,2014.0,USA,Clean Technology,0
/organization/microdisplay,18000000.0,1.0,1995.0,2004.0,2004.0,USA,Consumer Electronics,0
/organization/microedge,,1.0,1985.0,2013.0,2013.0,USA,Services,1
/organization/microemissive-displays-group,35280599.0,4.0,1999.0,2002.0,2007.0,GBR,Semiconductors,0
/organization/microfinance-international,22000000.0,1.0,,2010.0,2010.0,USA,Finance,0
/organization/microinox,476000.0,1.0,1980.0,1987.0,1987.0,BRA,Automotive,0
/organization/micromuscle,,1.0,2000.0,2006.0,2006.0,,Biotechnology,0
/organization/microphage,14514449.0,2.0,,2009.0,2011.0,USA,Biotechnology,0
/organization/microsulis,45000000.0,1.0,,2004.0,2004.0,USA,Healthcare Services,0
/organization/microtune,2060000.0,1.0,1996.0,2009.0,2009.0,USA,Semiconductors,1
/organization/microvest,15000000.0,2.0,,2004.0,2004.0,,Finance,0
/organization/mid-america-consulting-group,6367916.0,1.0,1986.0,2010.0,2010.0,USA,Biotechnology,0
/organization/midawi-holdings,5307487.0,2.0,2009.0,2011.0,2014.0,USA,Software,0
/organization/mieple,1400100.0,1.0,2011.0,2013.0,2013.0,USA,Curated Web,0
/organization/miew,60000.0,1.0,2011.0,2011.0,2011.0,JPN,Software,0
/organization/mightyquiz,,1.0,2008.0,2008.0,2008.0,USA,Content,0
/organization/mikestar,,2.0,2007.0,2008.0,2010.0,DEU,Music,0
/organization/mikmak,1500000.0,1.0,2014.0,2015.0,2015.0,,Apps,0
/organization/mikme,839411.881785925,2.0,2014.0,2014.0,2015.0,,,0
/organization/milestone-av-technologies,,1.0,1978.0,2013.0,2013.0,USA,Electronics,1
/organization/milestone-systems,27000000.0,1.0,1998.0,2008.0,2008.0,,Software,1
/organization/milewise,2460000.0,3.0,2010.0,2010.0,2013.0,USA,Travel,1
/organization/military-com,5500000.0,1.0,1999.0,2001.0,2001.0,USA,News,1
/organization/milk,1700000.0,2.0,2011.0,2011.0,2011.0,USA,Apps,1
/organization/milk-and-honey-shoes,,1.0,,2013.0,2013.0,USA,Fashion,0
/organization/mill-group-residential-limited,3449199.45428029,1.0,2013.0,2014.0,2014.0,,,0
/organization/mill-river-labs,900000.0,1.0,2007.0,2008.0,2008.0,USA,Curated Web,1
/organization/millennial-media,240245382.0,5.0,2006.0,2007.0,2013.0,USA,Advertising,1
/organization/millennium-pharmacy-systems,47074808.0,2.0,,2007.0,2011.0,USA,Biotechnology,1
/organization/millennium-trust-co,,1.0,2000.0,2015.0,2015.0,USA,Financial Services,1
/organization/million,5650000.0,1.0,,2006.0,2006.0,GBR,Mobile,1
/organization/million-dollar-earth,30000.0,1.0,2011.0,2011.0,2011.0,USA,Advertising,0
/organization/milo,4950000.0,2.0,2008.0,2008.0,2009.0,USA,Comparison Shopping,1
/organization/milog,5000000.0,2.0,2009.0,2009.0,2011.0,JPN,Android,0
/organization/milyoni,30143747.0,3.0,2009.0,2011.0,2014.0,USA,Games,1
/organization/mimedx-group,36755000.0,3.0,2008.0,2009.0,2013.0,USA,Health Care,0
/organization/mimix-broadband,19800000.0,4.0,,2003.0,2008.0,USA,Semiconductors,1
/organization/mimosa-systems,55420776.0,7.0,2003.0,2005.0,2010.0,USA,Software,1
/organization/mind-pirate-inc,2500000.0,1.0,2012.0,2013.0,2013.0,USA,Augmented Reality,0
/organization/mindbloom,3200000.0,2.0,2008.0,2008.0,2011.0,USA,Mobile,1
/organization/mindfuse,1000000.0,1.0,2006.0,2008.0,2008.0,,Games,0
/organization/mindjolt,22000000.0,1.0,2007.0,2010.0,2010.0,USA,Facebook Applications,1
/organization/mindlikes,22500.0,2.0,2011.0,2011.0,2011.0,RUS,E-Commerce,0
/organization/minds-in-motion-electronics-mime,,1.0,,2009.0,2009.0,,Games,0
/organization/mindset-media,4245714.0,1.0,,2009.0,2009.0,USA,Brand Marketing,1
/organization/mindshare-medical,1253709.0,2.0,2014.0,2014.0,2015.0,,Analytics,0
/organization/mindshift-technologies,44097622.0,4.0,1999.0,2003.0,2011.0,USA,Enterprise Software,1
/organization/mindwork-labs,2380000.0,2.0,2012.0,2012.0,2012.0,GBR,Advertising,1
/organization/mine,600000.0,1.0,2011.0,2012.0,2012.0,USA,Mobile,0
/organization/minefold,,1.0,2011.0,2012.0,2012.0,USA,Games,0
/organization/minekey,3600000.0,2.0,2005.0,2006.0,2007.0,USA,Curated Web,0
/organization/minerp,,1.0,,2012.0,2012.0,,,0
/organization/minerva-worldwide,840000.0,1.0,2011.0,2011.0,2011.0,USA,Software,0
/organization/minggl,1000000.0,1.0,2005.0,2005.0,2005.0,USA,Social Media,0
/organization/mingleplay,300000.0,1.0,2010.0,2010.0,2010.0,USA,Games,0
/organization/mingleverse-laboratories-inc,1840000.0,2.0,2008.0,2009.0,2010.0,CAN,3D,0
/organization/minimonos,550000.0,2.0,2008.0,2010.0,2012.0,NZL,Games,0
/organization/minor-studios,,1.0,,2009.0,2009.0,USA,Software,0
/organization/minoryx-therapeutics,25849354.5253743,3.0,2011.0,2013.0,2015.0,ESP,Biotechnology,1
/organization/minowireless,8500000.0,2.0,2004.0,2006.0,2007.0,USA,Mobile,0
/organization/mint,31775000.0,5.0,2006.0,2006.0,2009.0,USA,Curated Web,1
/organization/mintera,88150000.0,8.0,2000.0,2000.0,2010.0,USA,Hardware + Software,1
/organization/mintra-trainingportal,,1.0,1997.0,2014.0,2014.0,NOR,,1
/organization/mir-vracha,1400000.0,1.0,2011.0,2012.0,2012.0,RUS,Internet,0
/organization/mirabel-medical-systems,9000000.0,1.0,,2005.0,2005.0,USA,Medical Devices,0
/organization/mirage-endoscopy-center,248400.0,2.0,2002.0,2013.0,2014.0,USA,Health and Wellness,0
/organization/mirage-networks,12000000.0,1.0,,2005.0,2005.0,USA,Security,1
/organization/mirapoint-software,10300000.0,1.0,1997.0,2005.0,2005.0,USA,Messaging,1
/organization/mirdeneg,1000000.0,1.0,2013.0,2013.0,2013.0,RUS,Finance,0
/organization/mirifice,1310000.0,1.0,2004.0,2007.0,2007.0,GBR,Software,1
/organization/mirra,8000000.0,1.0,2002.0,2004.0,2004.0,USA,Software,1
/organization/mirror42,1200000.0,1.0,2004.0,2007.0,2007.0,NLD,Business Intelligence,1
/organization/miserware,,2.0,2007.0,2008.0,2010.0,USA,Software,0
/organization/misfit-juicery,,1.0,,2015.0,2015.0,,,0
/organization/misfit-wearables,64396675.0,5.0,2011.0,2011.0,2014.0,,Fitness,1
/organization/mishi,15000000.0,1.0,,2015.0,2015.0,,Apps,0
/organization/miso,5500000.0,3.0,2010.0,2010.0,2011.0,USA,Entertainment,1
/organization/miso-media,3000000.0,2.0,2008.0,2010.0,2011.0,USA,Music,0
/organization/missfresh-e-commerce,41000000.0,2.0,,2015.0,2015.0,,,0
/organization/mission-research,1500000.0,2.0,2002.0,2006.0,2008.0,USA,Nanotechnology,1
/organization/mithridion,4158499.0,2.0,,2009.0,2011.0,USA,Biotechnology,0
/organization/mitochon-systems,640000.0,1.0,2006.0,2010.0,2010.0,USA,Biotechnology,0
/organization/mitodys-therapeutics-ltd,246080.48472387,1.0,2012.0,2013.0,2013.0,,,0
/organization/mitro,2400000.0,2.0,2012.0,2012.0,2013.0,USA,Software,1
/organization/mitrol-2,9000000.0,1.0,1971.0,1980.0,1980.0,,,0
/organization/mitu-2,,1.0,,2015.0,2015.0,,,0
/organization/mixaloo,,1.0,2007.0,2007.0,2007.0,USA,Music,0
/organization/mixamo,11843959.0,4.0,2008.0,2009.0,2014.0,USA,Software,1
/organization/mixandmeet,400000.0,1.0,2006.0,2008.0,2008.0,USA,Social Media,0
/organization/mixer-labs,,2.0,,2008.0,2009.0,USA,Search,1
/organization/mixercast,16950000.0,4.0,,2005.0,2009.0,USA,Curated Web,0
/organization/mixers,100000.0,1.0,2011.0,2011.0,2011.0,ISR,Facebook Applications,0
/organization/mixertech,,1.0,,1984.0,1984.0,,,0
/organization/mixtable,,2.0,2013.0,2013.0,2014.0,DEU,,0
/organization/mixtube,13289.0,1.0,2015.0,2015.0,2015.0,,Music,0
/organization/mixwit,,1.0,,2008.0,2008.0,,Curated Web,0
/organization/mixx,3500000.0,3.0,2007.0,2007.0,2008.0,USA,Curated Web,1
/organization/miyowa,11725600.0,2.0,2003.0,2006.0,2008.0,USA,Social Media,1
/organization/mkn-web-solutions,,1.0,2011.0,2012.0,2012.0,USA,Internet,0
/organization/mktg,5000000.0,1.0,,2009.0,2009.0,USA,Advertising,0
/organization/mktouch,,1.0,2013.0,2015.0,2015.0,,,0
/organization/mmchannel,2977800.0,2.0,2003.0,2008.0,2008.0,ESP,Content,0
/organization/mmj,,1.0,,2012.0,2012.0,,,0
/organization/mo-industries-holdings,,1.0,1992.0,2006.0,2006.0,USA,,1
/organization/mob-ly,1100000.0,1.0,2007.0,2008.0,2008.0,USA,Location Based Services,1
/organization/mob-science,1500000.0,2.0,2008.0,2012.0,2012.0,USA,Games,1
/organization/mobalo-gmbh,285000.0,1.0,2013.0,2015.0,2015.0,DEU,Advertising,0
/organization/mobclix,,1.0,2008.0,2008.0,2008.0,USA,Advertising,1
/organization/mobfox-com,69830.0,1.0,2010.0,2010.0,2010.0,AUT,Advertising,1
/organization/mobiapps,10000000.0,1.0,,2005.0,2005.0,,Mobile,1
/organization/mobicanvas,50000.0,1.0,2011.0,2011.0,2011.0,ZAF,Mobile,0
/organization/mobicious,4000000.0,1.0,2007.0,2007.0,2007.0,USA,Mobile,1
/organization/mobidia-technology,19272264.7272727,7.0,2004.0,2005.0,2014.0,CAN,Mobile,1
/organization/mobile-accord,6600000.0,1.0,2005.0,2013.0,2013.0,USA,E-Commerce,1
/organization/mobile-armor,10000000.0,4.0,2002.0,2007.0,2010.0,USA,Security,1
/organization/mobile-automation-2,5450000.0,4.0,1999.0,1997.0,2000.0,USA,Enterprise Software,1
/organization/mobile-cohesion,4800000.0,1.0,2001.0,2006.0,2006.0,GBR,Software,0
/organization/mobile-complete-2,,1.0,,2006.0,2006.0,,,0
/organization/mobile-embrace,11750000.0,1.0,2009.0,2014.0,2014.0,AUS,Mobile,0
/organization/mobile-patrol,250000.0,1.0,,2011.0,2011.0,,Software,1
/organization/mobile-roadie,,1.0,2008.0,2012.0,2012.0,USA,Android,1
/organization/mobile-theory,,1.0,,2010.0,2010.0,USA,Ad Targeting,1
/organization/mobile365-fka-inphomatch,13500000.0,1.0,,2004.0,2004.0,,Mobile,1
/organization/mobileaccess-networks,37037399.0,5.0,,2005.0,2010.0,USA,Mobile,1
/organization/mobiledevhq,650000.0,3.0,2009.0,2009.0,2012.0,USA,Analytics,1
/organization/mobilemd,4700000.0,1.0,2005.0,2010.0,2010.0,USA,Electronic Health Records,1
/organization/mobileo,3791750.0,1.0,2008.0,2008.0,2008.0,DEU,Location Based Services,0
/organization/mobilespaces,11600000.0,2.0,2011.0,2012.0,2013.0,USA,Cloud Computing,1
/organization/mobilespan,2328000.0,2.0,2011.0,2012.0,2013.0,USA,Enterprise Software,1
/organization/mobileway,17000000.0,1.0,,2003.0,2003.0,GBR,Services,0
/organization/mobilisafe,1200000.0,1.0,2010.0,2011.0,2011.0,USA,Mobile,1
/organization/mobim,3400000.0,1.0,,2009.0,2009.0,CHN,Mobile,0
/organization/mobintent,,1.0,2010.0,2011.0,2011.0,USA,Advertising,0
/organization/mobipocket-com,,1.0,2000.0,2003.0,2003.0,FRA,,1
/organization/mobitrac,8300000.0,1.0,2001.0,2005.0,2005.0,USA,Software,1
/organization/mobius-microsystems,20220000.0,2.0,2004.0,2006.0,2007.0,USA,Hardware + Software,1
/organization/mobivita,135000.0,1.0,2011.0,2012.0,2012.0,RUS,Internet,0
/organization/mobivity,17469155.0,2.0,2006.0,2013.0,2015.0,USA,App Marketing,1
/organization/mobivox,11000000.0,1.0,2007.0,2007.0,2007.0,CAN,Mobile,1
/organization/mobixell,24000000.0,3.0,2000.0,2006.0,2010.0,USA,Mobile,1
/organization/moblwork,1450000.0,1.0,2015.0,2015.0,2015.0,USA,Mobile,0
/organization/moblyng,19130000.0,8.0,2005.0,2007.0,2011.0,USA,Games,0
/organization/mobotap,10000000.0,2.0,2010.0,2011.0,2012.0,USA,Cloud Computing,1
/organization/mobpartner,3500000.0,1.0,2007.0,2011.0,2011.0,FRA,Accounting,1
/organization/mobshop,126080.0,1.0,2008.0,2008.0,2008.0,FRA,E-Commerce,0
/organization/mobsmith,575000.0,2.0,,2010.0,2011.0,USA,Advertising,1
/organization/mobspire,,1.0,2010.0,2012.0,2012.0,USA,Advertising,1
/organization/mobui,,2.0,,2008.0,2009.0,USA,Brand Marketing,1
/organization/mochila,11116771.0,4.0,2001.0,2007.0,2010.0,USA,Advertising,1
/organization/mochimedia,14000000.0,4.0,2005.0,2005.0,2008.0,USA,Advertising,1
/organization/modabound,120000.0,1.0,2013.0,2013.0,2013.0,USA,Colleges,0
/organization/modality,687708.0,1.0,,2009.0,2009.0,USA,Hardware + Software,1
/organization/model-metrics,6482605.0,2.0,2003.0,2008.0,2010.0,USA,CRM,1
/organization/modern-feed,3000000.0,1.0,2007.0,2007.0,2007.0,USA,Games,1
/organization/modernadvisor,2200000.0,1.0,2013.0,2015.0,2015.0,CAN,Investment Management,0
/organization/modest,,1.0,2012.0,2013.0,2013.0,USA,Curated Web,1
/organization/modewalk,1800000.0,1.0,2011.0,2012.0,2012.0,USA,E-Commerce,1
/organization/modiv-media,12155342.0,3.0,1990.0,2007.0,2009.0,USA,Public Relations,1
/organization/modu,85000000.0,3.0,2007.0,2007.0,2009.0,ISR,Mobile,0
/organization/modulus,270000.0,2.0,2012.0,2012.0,2013.0,USA,Application Platforms,1
/organization/modulus-video,18704000.0,3.0,1999.0,2003.0,2005.0,USA,Cable,1
/organization/mofuse,1825000.0,6.0,2007.0,2008.0,2013.0,USA,Mobile,1
/organization/mog,24900000.0,7.0,2005.0,2006.0,2010.0,USA,Internet Radio Market,1
/organization/mogad,500000.0,1.0,2007.0,2007.0,2007.0,USA,Facebook Applications,1
/organization/moglue,1215000.0,3.0,2010.0,2010.0,2013.0,USA,Android,0
/organization/mogotix,115000.0,1.0,2009.0,2010.0,2010.0,USA,Events,0
/organization/mogreet,13988210.0,4.0,2006.0,2007.0,2012.0,USA,Advertising,1
/organization/mohive,2000000.0,1.0,,2005.0,2005.0,NOR,Software,1
/organization/mojave-networks,5000000.0,1.0,2011.0,2013.0,2013.0,USA,Cloud Security,1
/organization/mojo-labs-co,34468.0,2.0,2010.0,2010.0,2010.0,CAN,Apps,0
/organization/moki-tv,,1.0,,2011.0,2011.0,USA,Curated Web,0
/organization/mokono,,1.0,2006.0,2008.0,2008.0,,Advertising,1
/organization/molecular-imprints,44310000.0,4.0,2001.0,2004.0,2014.0,USA,Hardware,1
/organization/molecule-z,12500.0,1.0,,2015.0,2015.0,,Alumni,0
/organization/moli,55600000.0,2.0,2008.0,2007.0,2008.0,USA,Curated Web,0
/organization/momelan-technologies,5000000.0,1.0,2009.0,2011.0,2011.0,USA,Health Care,0
/organization/moment-me,3150000.0,2.0,2012.0,2012.0,2014.0,USA,Curated Web,1
/organization/momo-networks,480000.0,1.0,2009.0,2009.0,2009.0,USA,Education,0
/organization/momondo,8371002.0,2.0,2006.0,2011.0,2014.0,DNK,Social Media,1
/organization/mondeapp,234615.0,1.0,2014.0,2015.0,2015.0,ESP,Application Platforms,0
/organization/mondecafs,135668.0,2.0,2009.0,2009.0,2013.0,FRA,Entertainment,0
/organization/mondo-novo-electronics-ltd,56059.0,1.0,,2014.0,2014.0,ITA,Consumer Goods,0
/organization/moneta-2,10000.0,1.0,2015.0,2015.0,2015.0,,,0
/organization/money-mailer,,1.0,,2015.0,2015.0,USA,Advertising,1
/organization/moneyreef,650000.0,1.0,,2012.0,2012.0,USA,Mobile,1
/organization/moneytree,1600000.0,2.0,2012.0,2013.0,2015.0,JPN,Banking,0
/organization/mongohq,6417000.0,2.0,2011.0,2011.0,2012.0,USA,Cloud Computing,1
/organization/monii,200000.0,1.0,2014.0,2015.0,2015.0,GBR,,0
/organization/monis,,1.0,,1998.0,1998.0,USA,,1
/organization/monkey-analytics,,1.0,,2010.0,2010.0,USA,Analytics,0
/organization/monnier-frères,4616139.0,1.0,,2011.0,2011.0,,E-Commerce,1
/organization/monogram,1240000.0,2.0,2012.0,2012.0,2012.0,USA,iPad,0
/organization/monosphere,28250000.0,3.0,,2003.0,2006.0,,Web Hosting,1
/organization/monroe-hospital,1800000.0,1.0,,2014.0,2014.0,USA,Health Care,0
/organization/monsoon-commerce,3049999.0,1.0,1998.0,2013.0,2013.0,USA,E-Commerce,1
/organization/monster-juice,2000000.0,2.0,2011.0,2011.0,2011.0,,Computers,0
/organization/monster-mosquito,460000.0,2.0,,2009.0,2011.0,USA,Health and Wellness,0
/organization/montalvo-systems,26300000.0,1.0,,2006.0,2006.0,USA,Semiconductors,1
/organization/montavista,24766667.0,2.0,,2006.0,2009.0,USA,Software,1
/organization/monte-cristo,7000000.0,1.0,,2008.0,2008.0,,Games,0
/organization/monterey-design-systems,35200000.0,2.0,1997.0,2000.0,2003.0,USA,Software,1
/organization/monthlys,1000000.0,1.0,2012.0,2012.0,2012.0,USA,Curated Web,0
/organization/monument,16854.0,1.0,2015.0,2015.0,2015.0,,Photography,0
/organization/monumental-games,3250000.0,1.0,2005.0,2009.0,2009.0,GBR,Games,0
/organization/moobella,52000000.0,3.0,,2007.0,2010.0,USA,Manufacturing,0
/organization/moodlerooms,10591238.0,3.0,2005.0,2010.0,2011.0,USA,Education,1
/organization/moondo,6000000.0,1.0,,2007.0,2007.0,,Games,0
/organization/moonfruit,2250000.0,2.0,2000.0,2010.0,2011.0,GBR,Design,1
/organization/moonlighting-3,,1.0,,2014.0,2014.0,,,0
/organization/moonshoot,6760000.0,2.0,2007.0,2010.0,2012.0,USA,Curated Web,0
/organization/mooscool,70000.0,1.0,2012.0,2012.0,2012.0,RUS,Distribution,0
/organization/moove-in,67567.0,1.0,,2013.0,2013.0,,SaaS,0
/organization/mooville,,2.0,,2013.0,2014.0,FRA,,0
/organization/moow-life-all-interesting-nearby,,1.0,2014.0,2015.0,2015.0,,,0
/organization/mopapp,430855.0,2.0,2010.0,2010.0,2011.0,GBR,Analytics,0
/organization/moped,1000000.0,1.0,,2012.0,2012.0,,Messaging,1
/organization/mophie,1000000.0,2.0,2005.0,2006.0,2010.0,USA,Hardware + Software,1
/organization/moppi-com,374157.957825345,2.0,2015.0,2015.0,2015.0,FIN,Customer Service,0
/organization/moprise,2238055.0,2.0,2010.0,2011.0,2011.0,USA,Enterprise Software,0
/organization/mopub,18500000.0,4.0,2010.0,2010.0,2012.0,USA,Advertising,1
/organization/moremagic-solutions,4125000.0,1.0,2001.0,2005.0,2005.0,USA,Finance,1
/organization/morgan-daniels-training-ltd-2,55100.0,1.0,2011.0,2015.0,2015.0,,Education,0
/organization/morgan-everett,930000.0,1.0,2002.0,2008.0,2008.0,GBR,Clean Technology,0
/organization/mork-process,2000000.0,1.0,,2008.0,2008.0,USA,Services,0
/organization/morta-security,1000000.0,1.0,,2013.0,2013.0,USA,Security,1
/organization/mortar-data,3150000.0,4.0,2011.0,2012.0,2013.0,USA,Big Data,1
/organization/mortgageramp,1750000.0,1.0,,2001.0,2001.0,USA,Commercial Real Estate,1
/organization/mosaic-biosciences,3274000.0,2.0,,2011.0,2014.0,USA,Biotechnology,0
/organization/mosaic-storage-systems,1542844.0,3.0,2011.0,2012.0,2014.0,USA,Cloud Computing,0
/organization/mosoro,1500000.0,1.0,2010.0,2012.0,2012.0,USA,Manufacturing,0
/organization/mosso,,1.0,,2007.0,2007.0,USA,Cloud Computing,1
/organization/mosyle,,1.0,2013.0,2015.0,2015.0,,,0
/organization/motally,1999999.0,2.0,,2009.0,2010.0,USA,Mobile,1
/organization/motion-computing,47799995.0,4.0,2001.0,2003.0,2009.0,USA,Software,1
/organization/motion-fx-systems,136726.583293835,1.0,2014.0,2014.0,2014.0,,Film,0
/organization/motion-pt-holdings,30736562.0,1.0,1995.0,2015.0,2015.0,,Fitness,0
/organization/motionbox,17200000.0,3.0,2006.0,2006.0,2009.0,USA,Games,1
/organization/motionmetrics,150000.0,2.0,2013.0,,2014.0,GBR,Hardware + Software,0
/organization/motorola-solutions,1000000000.0,1.0,1928.0,2015.0,2015.0,USA,Public Safety,1
/organization/motribe,,1.0,,2010.0,2010.0,ZAF,Mobile,1
/organization/mountainview-capital-holdings,65000000.0,1.0,,2007.0,2007.0,USA,,0
/organization/movaris,24000000.0,3.0,1998.0,2002.0,2006.0,USA,Software,1
/organization/movaya,500000.0,1.0,2006.0,2007.0,2007.0,USA,Mobile,1
/organization/movea,29468580.2362892,3.0,1989.0,2007.0,2012.0,FRA,Hardware + Software,1
/organization/moveablecode-inc,350000.0,2.0,2010.0,2009.0,2012.0,USA,Android,0
/organization/movenetworks,102083349.0,6.0,,2007.0,2010.0,USA,Content Delivery,1
/organization/moverati,2150000.0,1.0,,2010.0,2010.0,USA,Games,0
/organization/movero-technology,5992316.0,2.0,2003.0,2007.0,2010.0,USA,Enterprise Software,0
/organization/movetis,191229400.0,2.0,2006.0,2007.0,2009.0,BEL,Biotechnology,1
/organization/movida-communications,40000000.0,1.0,2005.0,2007.0,2007.0,,,0
/organization/movieset,6500000.0,2.0,2007.0,2008.0,2008.0,CAN,Curated Web,0
/organization/moviles-com,,1.0,,2009.0,2009.0,ESP,Internet,0
/organization/moving-worlds,412000.0,2.0,2011.0,2013.0,2014.0,USA,Enterprises,0
/organization/movirtu,5500000.0,1.0,2008.0,2010.0,2010.0,GBR,Audio,1
/organization/movity-com,1300000.0,1.0,2009.0,2010.0,2010.0,USA,Curated Web,1
/organization/movolo-com,,2.0,2007.0,2007.0,2010.0,ITA,Travel,0
/organization/movoxx,,1.0,2006.0,2008.0,2008.0,USA,Advertising,1
/organization/moxie-jean,1885539.0,3.0,2011.0,2012.0,2014.0,USA,Babies,1
/organization/moxie-sports-inc,300000.0,1.0,2014.0,2014.0,2014.0,,Real Time,0
/organization/moxsie,4700000.0,2.0,,2008.0,2010.0,USA,E-Commerce,0
/organization/moy-univer,10000.0,1.0,2012.0,2012.0,2012.0,RUS,Education,0
/organization/moya-okruga,25000.0,1.0,2012.0,2013.0,2013.0,RUS,News,0
/organization/mozaico-2,60000.0,2.0,,2014.0,2014.0,MEX,Internet,0
/organization/mozaik-media,500000.0,1.0,2011.0,2012.0,2012.0,IDN,Education,0
/organization/mozy,1900000.0,1.0,2005.0,2005.0,2005.0,USA,Flash Storage,1
/organization/mpay-gateway,9164123.0,4.0,2004.0,2008.0,2012.0,USA,Software,0
/organization/mpayy,,1.0,2007.0,2008.0,2008.0,USA,Billing,1
/organization/mpex-pharmaceuticals,32000000.0,1.0,,2005.0,2005.0,USA,Biotechnology,0
/organization/mportal,4000000.0,1.0,2000.0,2005.0,2005.0,USA,Mobile,1
/organization/mportico,3750000.0,5.0,2006.0,2006.0,2008.0,ISR,Distribution,0
/organization/mpower-com,36000000.0,1.0,1995.0,2001.0,2001.0,USA,Advice,1
/organization/mpower-mobile,5000000.0,1.0,2005.0,2009.0,2009.0,USA,Mobile,0
/organization/mps-llc,85000.0,2.0,2012.0,2012.0,2013.0,,Email Marketing,0
/organization/mr-youth,15100000.0,2.0,2002.0,2002.0,2009.0,USA,Advertising,1
/organization/msdsonline-com,4400000.0,2.0,1996.0,2004.0,2007.0,USA,Service Providers,1
/organization/mskynet,1201000.0,2.0,2010.0,2010.0,2013.0,USA,Mobile,1
/organization/msnap,5000000.0,1.0,2005.0,2006.0,2006.0,USA,Advertising,1
/organization/mspoke,1496950.0,1.0,2006.0,2009.0,2009.0,USA,Curated Web,1
/organization/mspot,2330000.0,1.0,2004.0,2005.0,2005.0,USA,Music,1
/organization/mtem-limited,13234657.0,1.0,,2004.0,2004.0,GBR,Energy Management,1
/organization/mtm-laboratories,81574940.0,4.0,1999.0,1999.0,2010.0,USA,Biotechnology,1
/organization/mtraks,550000.0,1.0,,2007.0,2007.0,USA,Music,0
/organization/mu-dynamics,24000000.0,3.0,2005.0,2005.0,2008.0,USA,Web Hosting,1
/organization/muecs,101000.0,2.0,2008.0,2009.0,2009.0,HKG,Collaboration,0
/organization/muft-internet,61895.0,1.0,2014.0,2014.0,2014.0,IND,Computers,0
/organization/multi-amp-engineering-sdn,,1.0,1998.0,2009.0,2009.0,MYS,Hardware + Software,0
/organization/multi-factor-authentication,4500000.0,1.0,,2007.0,2007.0,,,0
/organization/multicast-media,,1.0,2000.0,2004.0,2004.0,USA,Curated Web,1
/organization/multifonds,,1.0,1995.0,2006.0,2006.0,LUX,Accounting,1
/organization/multigig,37891054.0,3.0,2003.0,2008.0,2010.0,USA,Semiconductors,1
/organization/multimedia,7500000.0,1.0,,2003.0,2003.0,USA,Technology,0
/organization/multiply,26600000.0,4.0,2003.0,2005.0,2008.0,IDN,E-Commerce,0
/organization/multispectral-imaging,8750000.0,1.0,,2005.0,2005.0,,Design,1
/organization/multiwave-photonics,7720000.0,1.0,,2008.0,2008.0,PRT,Hardware + Software,0
/organization/mumboe,4500000.0,1.0,2005.0,2006.0,2006.0,USA,Software,0
/organization/mumsway,,1.0,,2012.0,2012.0,GBR,E-Commerce,0
/organization/munch-on-me-inc,,1.0,2011.0,2011.0,2011.0,USA,Curated Web,1
/organization/munchaway,600000.0,1.0,2007.0,2010.0,2010.0,USA,E-Commerce,0
/organization/mundo-descuento,660000.0,1.0,2015.0,2015.0,2015.0,,Apps,0
/organization/musclepharm,15670000.0,4.0,2008.0,2010.0,2013.0,USA,Health and Wellness,0
/organization/muse-co,3400000.0,1.0,2012.0,2013.0,2013.0,JPN,Curated Web,1
/organization/musefind-2,,1.0,2015.0,2015.0,2015.0,,,0
/organization/musestorm,1429763.0,2.0,2005.0,2006.0,2007.0,USA,Curated Web,0
/organization/music-nation,6493024.0,2.0,,2007.0,2009.0,USA,Music,0
/organization/music-plus-television-network-inc,,1.0,,2006.0,2006.0,,,0
/organization/musicgremlin,11600000.0,2.0,1988.0,2003.0,2005.0,,Hardware + Software,1
/organization/musicnow,42230000.0,5.0,1999.0,1999.0,2003.0,USA,Curated Web,1
/organization/musiwave,3904597.0,1.0,,2002.0,2002.0,FRA,Entertainment,1
/organization/musti-ja-mirri-group,,1.0,,2014.0,2014.0,,,1
/organization/muuto,,1.0,2006.0,2007.0,2007.0,DNK,Home Decor,1
/organization/muv-today-technologies-inc,7300.0,1.0,2015.0,2015.0,2015.0,MEX,Gps,0
/organization/muxlim,,1.0,2006.0,2007.0,2007.0,FIN,Curated Web,0
/organization/muziwave-com,525000.0,2.0,,2012.0,2012.0,USA,Music,0
/organization/muzui,,1.0,,2008.0,2008.0,,Games,0
/organization/mvalent,6000000.0,1.0,,2005.0,2005.0,USA,Software,1
/organization/mvisum,841991.0,1.0,2006.0,2009.0,2009.0,USA,Health and Wellness,1
/organization/mvno-dynamics-limited,,1.0,2010.0,2014.0,2014.0,GBR,Media,0
/organization/mx-logic,4000000.0,1.0,2002.0,2006.0,2006.0,USA,Security,1
/organization/mxenergy,31000000.0,1.0,,2004.0,2004.0,,Energy,0
/organization/my-apps,1700000.0,3.0,2011.0,2012.0,2012.0,RUS,Apps,0
/organization/my-best-interest,375000.0,1.0,2006.0,2008.0,2008.0,USA,Software,0
/organization/my-dentist,,1.0,1983.0,2010.0,2010.0,USA,,1
/organization/my-digital-life,,1.0,,2008.0,2008.0,USA,Mobile,0
/organization/my-eshoe,50000.0,1.0,2008.0,2010.0,2010.0,USA,E-Commerce,0
/organization/my-estore-app,,1.0,,2011.0,2011.0,,E-Commerce,1
/organization/my-perfect-gig,3500000.0,1.0,2007.0,2010.0,2010.0,USA,Consulting,0
/organization/my-social-cloud,1000000.0,1.0,2011.0,2012.0,2012.0,USA,Cloud Computing,1
/organization/my-sourcebox,,1.0,,2008.0,2008.0,USA,Content,0
/organization/my-top,250000.0,1.0,2009.0,2009.0,2009.0,USA,Curated Web,0
/organization/my6sense,7500000.0,4.0,2007.0,2008.0,2013.0,USA,Advertising,1
/organization/myachy,85000.0,2.0,2011.0,2011.0,2012.0,USA,,0
/organization/myalert,36781282.0,2.0,2006.0,2009.0,2010.0,GBR,Clean Technology,1
/organization/mybandstock,,1.0,2009.0,2010.0,2010.0,USA,Games,0
/organization/mybank-2,,1.0,,2013.0,2013.0,,Financial Services,0
/organization/mybeautycompare,48632.0,1.0,,2013.0,2013.0,GBR,Beauty,0
/organization/mybenefitsource,2850000.0,1.0,,2001.0,2001.0,USA,Services,0
/organization/mybuys,37300000.0,4.0,2006.0,2007.0,2013.0,USA,Advertising,1
/organization/mycabbage,1550000.0,2.0,2010.0,2011.0,2012.0,USA,Marketplaces,0
/organization/mycirqle,112000.0,1.0,2011.0,2012.0,2012.0,USA,Software,0
/organization/mycontactcard,60000.0,1.0,2007.0,2009.0,2009.0,USA,Messaging,0
/organization/mycube,15107000.0,2.0,2010.0,2008.0,2011.0,SGP,Content,0
/organization/mydatingtree,10000.0,1.0,2007.0,2010.0,2010.0,USA,Celebrity,0
/organization/mydeco,19679275.0,2.0,2007.0,2007.0,2008.0,GBR,3D,1
/organization/myedu,18700000.0,3.0,2009.0,2009.0,2011.0,USA,Colleges,1
/organization/myfinancialanswers,,1.0,2014.0,2014.0,2014.0,USA,,0
/organization/myfit,1000000.0,2.0,2008.0,2009.0,2009.0,USA,Education,0
/organization/myfitnesspal,18000000.0,1.0,2005.0,2013.0,2013.0,USA,Exercise,1
/organization/myfrontsteps,3000000.0,1.0,2008.0,2008.0,2008.0,CAN,Curated Web,0
/organization/mygola,2658000.0,3.0,2009.0,2010.0,2013.0,USA,Travel,1
/organization/mygreek,,1.0,2008.0,2009.0,2009.0,USA,College Campuses,0
/organization/myhomepage,1094162.0,7.0,2009.0,2009.0,2012.0,GBR,Browser Extensions,0
/organization/myi-diagnostics,,2.0,,2015.0,2015.0,USA,Health Care,0
/organization/myia-2,33333.0,1.0,,2015.0,2015.0,CZE,Events,0
/organization/mykonos-software,4000000.0,1.0,2009.0,2012.0,2012.0,USA,Software,1
/organization/myla,,1.0,1999.0,2007.0,2007.0,GBR,Design,1
/organization/mylabbox,260000.0,1.0,,2015.0,2015.0,,Health Diagnostics,0
/organization/mylifebrand,750000.0,1.0,,2007.0,2007.0,,Social Media,0
/organization/myminilife,430000.0,3.0,2007.0,2006.0,2007.0,USA,Games,1
/organization/mymission2,292384.0,2.0,2008.0,2008.0,2008.0,GBR,Curated Web,0
/organization/myndnet,,1.0,,2007.0,2007.0,USA,Curated Web,0
/organization/mynetwork-llc-3,700000.0,2.0,2013.0,2013.0,2015.0,USA,Networking,0
/organization/mynewplace,20000000.0,2.0,1999.0,2006.0,2006.0,USA,Real Estate,1
/organization/mynines,500000.0,1.0,2009.0,2010.0,2010.0,USA,E-Commerce,0
/organization/myntra,158750000.0,9.0,2007.0,2007.0,2014.0,IND,E-Commerce,1
/organization/myocor-inc,42750000.0,2.0,,2004.0,2004.0,USA,Health Care,1
/organization/myogen,106400000.0,3.0,,2001.0,2003.0,USA,Pharmaceuticals,1
/organization/myomo,12616765.0,3.0,2004.0,2009.0,2015.0,USA,Biotechnology,0
/organization/mypronostic,852115.0,1.0,2007.0,2008.0,2008.0,FRA,Games,0
/organization/mypublisher,8900000.0,1.0,1995.0,2007.0,2007.0,USA,Software,1
/organization/myrio,29500000.0,2.0,1999.0,2001.0,2003.0,USA,Software,0
/organization/myrl,,1.0,,2007.0,2007.0,GBR,Curated Web,0
/organization/mysbx-2,,2.0,,2008.0,2009.0,USA,Curated Web,1
/organization/myscreen,2000000.0,1.0,,2010.0,2010.0,CAN,Advertising,0
/organization/myseasons,10500000.0,1.0,,2000.0,2000.0,,,0
/organization/myshape,28000000.0,4.0,2003.0,2007.0,2010.0,USA,E-Commerce,0
/organization/mysocialnightlife,,1.0,,2011.0,2011.0,,,0
/organization/myspace,37790000.0,1.0,2003.0,2005.0,2005.0,USA,Social Media,1
/organization/mysql,40800000.0,4.0,1995.0,2001.0,2008.0,USA,Databases,1
/organization/mysteryd,350000.0,1.0,2009.0,2009.0,2009.0,CRI,Comics,0
/organization/mytek-network-solutions,800000.0,1.0,2005.0,2012.0,2012.0,USA,Cloud Computing,0
/organization/mytheresa-com,,1.0,2006.0,2010.0,2010.0,DEU,E-Commerce,1
/organization/mytoons,,2.0,,2007.0,2008.0,USA,Film,0
/organization/mytopia,3500000.0,2.0,2007.0,2008.0,2009.0,USA,Games,1
/organization/mytrade,,1.0,,2007.0,2007.0,USA,Auctions,1
/organization/mytrainer,,1.0,,2007.0,2007.0,,Fitness,0
/organization/mywaves,9040000.0,2.0,2005.0,2006.0,2006.0,USA,Mobile,0
/organization/mywealth,2000000.0,1.0,,2009.0,2009.0,USA,Curated Web,0
/organization/mywishboard,880000.0,2.0,2013.0,2012.0,2013.0,RUS,E-Commerce,0
/organization/myxer,6500000.0,1.0,2005.0,2007.0,2007.0,USA,Mobile,0
/organization/myyearbook,17100000.0,2.0,2005.0,2007.0,2008.0,USA,Apps,1
/organization/n-able-technologies,,1.0,2000.0,2011.0,2011.0,CAN,Software,1
/organization/n-sided,378000.0,1.0,2003.0,2006.0,2006.0,USA,Software,0
/organization/n-trig,159968498.0,10.0,1999.0,2006.0,2014.0,ISR,Embedded Hardware and Software,1
/organization/n2-broadband-2,7000000.0,1.0,,2001.0,2001.0,USA,Cable,1
/organization/n2care,20000.0,1.0,2006.0,2012.0,2012.0,USA,Health and Wellness,0
/organization/n2ncommerce,30000000.0,1.0,2006.0,2008.0,2008.0,USA,E-Commerce,0
/organization/naabo,,1.0,2007.0,2009.0,2009.0,IND,Software,0
/organization/nadamobile,2000000.0,1.0,2015.0,2015.0,2015.0,USA,Services,0
/organization/nagi,131350.0,1.0,2006.0,2007.0,2007.0,EST,Photography,0
/organization/nail-the-deal,,1.0,2011.0,2012.0,2012.0,,,1
/organization/nail-your-mortgage,3100000.0,1.0,2009.0,2009.0,2009.0,USA,Banking,0
/organization/naio-technologies,642890.154611161,1.0,,2014.0,2014.0,,,0
/organization/nakaya-microdevices,14360000.0,1.0,1970.0,2008.0,2008.0,,Semiconductors,0
/organization/nalace-corporation,19000.0,1.0,2012.0,2012.0,2012.0,USA,E-Commerce,0
/organization/namaste,815000.0,1.0,2010.0,2014.0,2014.0,USA,Artificial Intelligence,0
/organization/nambii,,1.0,2009.0,2009.0,2009.0,,Curated Web,0
/organization/namedepot-com,,1.0,2009.0,2009.0,2009.0,,,0
/organization/namo-media,1875000.0,1.0,2013.0,2013.0,2013.0,USA,Mobile,1
/organization/nanapi,2700000.0,1.0,2009.0,2013.0,2013.0,,Application Platforms,1
/organization/nanda-technologies,14109347.0,3.0,2006.0,2006.0,2010.0,DEU,Semiconductors,1
/organization/nandio,,1.0,,2014.0,2014.0,,,0
/organization/nano-eprint,963000.0,1.0,2006.0,2009.0,2009.0,GBR,Hardware + Software,0
/organization/nanocloud-software,1000000.0,1.0,2015.0,2015.0,2015.0,,Cloud Computing,0
/organization/nanofactory-instruments,2070000.0,1.0,1999.0,2008.0,2008.0,SWE,Nanotechnology,0
/organization/nanoget,,2.0,2014.0,2015.0,2015.0,GBR,,0
/organization/nanogram,54700000.0,3.0,1996.0,2006.0,2010.0,USA,Nanotechnology,1
/organization/nanogram-devices-corporation,9200000.0,1.0,,2003.0,2003.0,USA,Nanotechnology,1
/organization/nanoh2o,95500000.0,3.0,2005.0,2007.0,2012.0,USA,Nanotechnology,1
/organization/nanoink,100000000.0,2.0,,2008.0,2012.0,USA,Biotechnology,0
/organization/nanomas-technologies,3200000.0,1.0,,2008.0,2008.0,USA,Nanotechnology,0
/organization/nanonexus,14000000.0,1.0,1999.0,2003.0,2003.0,USA,Electronics,0
/organization/nanoopto,24000000.0,3.0,,2003.0,2006.0,USA,Nanotechnology,0
/organization/nanopowers,4500000.0,1.0,2004.0,2010.0,2010.0,CHE,Health Care,0
/organization/nanoradio,91004842.0587586,6.0,2004.0,2005.0,2010.0,SWE,Semiconductors,0
/organization/nanorex,,1.0,2004.0,2011.0,2011.0,KOR,Nanotechnology,0
/organization/nanostim,38000903.0,5.0,2007.0,2011.0,2013.0,USA,Health Care,0
/organization/nanostream-inc,22000000.0,2.0,1999.0,2001.0,2003.0,USA,Medical Devices,0
/organization/nanotecture,6820000.0,1.0,,2005.0,2005.0,GBR,Nanotechnology,0
/organization/nanotex,35000000.0,1.0,,2005.0,2005.0,USA,Nanotechnology,1
/organization/nanotherm,,1.0,,2011.0,2011.0,,,0
/organization/nanox,3000000.0,1.0,,2003.0,2003.0,CAN,Chemicals,0
/organization/nap-app,3086.0,1.0,2015.0,2015.0,2015.0,,Apps,0
/organization/napera-networks,6600000.0,2.0,2006.0,2008.0,2009.0,USA,Networking,1
/organization/napkin-labs,2401536.0,3.0,2009.0,2010.0,2012.0,USA,Collaboration,1
/organization/narr8,9000000.0,2.0,2011.0,2012.0,2013.0,RUS,Apps,0
/organization/narrativewave-inc,1225000.0,2.0,2014.0,2014.0,2015.0,USA,Analytics,0
/organization/narus,38700000.0,2.0,1997.0,2006.0,2009.0,USA,Security,1
/organization/nascentric,13400000.0,2.0,2003.0,2006.0,2007.0,USA,Software,0
/organization/national-medical-solutions,3000000.0,1.0,,2005.0,2005.0,USA,Medical,1
/organization/national-payment-network,4930000.0,2.0,2002.0,2007.0,2009.0,USA,Finance,0
/organization/national-transcript-center,,1.0,2006.0,2006.0,2006.0,USA,Curated Web,1
/organization/national-veterinary-associates,128000000.0,1.0,1996.0,2007.0,2007.0,USA,Medical Professionals,1
/organization/nationalbanana,,1.0,,2007.0,2007.0,USA,Databases,0
/organization/nationalfield,1500000.0,1.0,2009.0,2012.0,2012.0,USA,Enterprises,1
/organization/natives,,1.0,,2015.0,2015.0,,,0
/organization/natsent,70000.0,1.0,2010.0,2010.0,2010.0,USA,Business Services,0
/organization/natural-cleaners-colorado,1900000.0,1.0,2005.0,2008.0,2008.0,USA,Clean Technology,0
/organization/natural-convergence,19114247.0,2.0,2001.0,2004.0,2006.0,CAN,Software,1
/organization/natural-immune-products-limited,277689.944552675,1.0,,2014.0,2014.0,,,0
/organization/naturalmotion,11000000.0,3.0,2001.0,2001.0,2012.0,GBR,Games,1
/organization/naturalpath-media,250000.0,1.0,2006.0,2006.0,2006.0,USA,Advertising,1
/organization/nature-technologies,4000000.0,1.0,2003.0,2006.0,2006.0,USA,Environmental Innovation,1
/organization/naubo,200000.0,1.0,,2007.0,2007.0,USA,News,0
/organization/naurex,162106599.0,5.0,2008.0,2011.0,2014.0,USA,Biotechnology,1
/organization/nauto-inc,2850000.0,1.0,2015.0,2015.0,2015.0,,Automotive,0
/organization/navajo-systems,,1.0,2009.0,2009.0,2009.0,ISR,Security,0
/organization/navarro-discount-pharmacy,,1.0,,2007.0,2007.0,USA,Pharmaceuticals,1
/organization/navegg,,2.0,2008.0,2010.0,2011.0,BRA,Ad Targeting,1
/organization/naverus,14000000.0,2.0,2003.0,2008.0,2009.0,USA,Public Transportation,1
/organization/navic-networks,42000000.0,3.0,2000.0,2000.0,2001.0,USA,Advertising,1
/organization/navigaya,800000.0,1.0,,2010.0,2010.0,,Digital Media,0
/organization/navigenics,43000000.0,2.0,2006.0,2007.0,2010.0,USA,Biotechnology,1
/organization/navihealth,4099999.0,2.0,2011.0,2013.0,2013.0,USA,Health and Wellness,1
/organization/navimedix-2,27000000.0,1.0,,2001.0,2001.0,USA,Health and Wellness,0
/organization/navini-networks,80920000.0,3.0,2000.0,2005.0,2007.0,USA,Web Hosting,1
/organization/navis-holdings,,1.0,1988.0,1998.0,1998.0,USA,,1
/organization/navman,5000000.0,1.0,2001.0,2010.0,2010.0,USA,Mobile,1
/organization/navx,4068970.0,2.0,2005.0,2005.0,2006.0,FRA,Automotive,0
/organization/nayatek,,1.0,,2008.0,2008.0,USA,Archiving,0
/organization/naymit,27034.0,1.0,2011.0,2013.0,2013.0,DEU,Android,0
/organization/nbi-development,5500000.0,1.0,,2006.0,2006.0,USA,,0
/organization/nbo-tv-network,18000000.0,2.0,2010.0,2010.0,2010.0,NZL,News,0
/organization/ncircle-network-security,52300999.0,5.0,1998.0,2001.0,2010.0,USA,Security,1
/organization/ncontact-surgical,51954587.0,6.0,2005.0,2009.0,2014.0,USA,Health Care,1
/organization/nearbuy-systems,3282327.0,3.0,2010.0,2011.0,2012.0,USA,Analytics,1
/organization/nearbynow,19250000.0,3.0,,2006.0,2009.0,USA,Curated Web,1
/organization/neartek,35000000.0,2.0,,2002.0,2003.0,USA,Software,1
/organization/nebel-tv,100000.0,1.0,2013.0,2013.0,2013.0,USA,Bitcoin,0
/organization/nebo,250000.0,2.0,2011.0,2012.0,2012.0,RUS,Software,0
/organization/nebotrade,300000.0,1.0,1993.0,2005.0,2005.0,BEL,Biotechnology,0
/organization/nebuad,30150000.0,2.0,2006.0,2007.0,2007.0,USA,Advertising,0
/organization/nebula,38500000.0,4.0,2011.0,2011.0,2014.0,USA,Cloud Computing,0
/organization/nectar-flowers,250000.0,1.0,2014.0,2015.0,2015.0,,Gift Exchange,0
/organization/needfeed,350000.0,1.0,,2012.0,2012.0,USA,Internet,0
/organization/needish,500000.0,1.0,2007.0,2007.0,2007.0,CHL,Marketplaces,1
/organization/needium,1000000.0,1.0,,2007.0,2007.0,CAN,Enterprise Software,0
/organization/needo-industries-pvt-ltd,10000.0,1.0,2011.0,2015.0,2015.0,PAK,,0
/organization/negobuy,250000.0,1.0,2009.0,2009.0,2009.0,,E-Commerce,0
/organization/nehp,,1.0,,2007.0,2007.0,USA,Semiconductors,1
/organization/nelbee,,1.0,2011.0,2011.0,2011.0,USA,Brokers,0
/organization/nellix,6500000.0,1.0,,2008.0,2008.0,USA,Health Care,1
/organization/nellymoser,5300000.0,1.0,,2005.0,2005.0,USA,Curated Web,0
/organization/nema-labs,2250070.0,2.0,2006.0,2009.0,2009.0,SWE,Health and Wellness,0
/organization/nemedia,2000000.0,1.0,2002.0,2007.0,2007.0,,Advertising,0
/organization/nemerix,60388934.0,3.0,2002.0,2004.0,2007.0,CHE,Gps,0
/organization/nemo-2,,1.0,,2015.0,2015.0,,,0
/organization/nemoptic,13960000.0,1.0,,2006.0,2006.0,FRA,Design,0
/organization/neo-plm,100000.0,1.0,2011.0,2014.0,2014.0,USA,Pharmaceuticals,0
/organization/neo-quotient,35000.0,2.0,2012.0,2012.0,2014.0,IND,Education,0
/organization/neoedge-networks,10000000.0,3.0,2002.0,2007.0,2010.0,CAN,Advertising,1
/organization/neoguide-systems,39000000.0,2.0,2000.0,2003.0,2006.0,USA,Biotechnology,1
/organization/neolane,41874460.8033199,4.0,2001.0,2002.0,2012.0,FRA,Software,1
/organization/neolinear,,1.0,,1997.0,1997.0,,Computers,1
/organization/neomatrix,4225311.0,2.0,1999.0,2007.0,2012.0,USA,Hardware + Software,1
/organization/neomend,61702727.0,5.0,1999.0,2007.0,2011.0,USA,Biotechnology,1
/organization/neon-concierge,135000.0,1.0,2013.0,2013.0,2013.0,USA,Hospitality,0
/organization/neopad,14000000.0,1.0,,2008.0,2008.0,USA,Nanotechnology,0
/organization/neopath-networks,29000000.0,3.0,2002.0,2004.0,2006.0,USA,Enterprise Software,1
/organization/neopolitan-networks,3170000.0,1.0,2002.0,2007.0,2007.0,USA,Curated Web,0
/organization/neosaej,16437900.0,6.0,2006.0,2007.0,2010.0,USA,Banking,0
/organization/neoscale-systems,24000000.0,2.0,2000.0,2003.0,2005.0,USA,Security,0
/organization/neotract,125964844.0,4.0,2004.0,2006.0,2014.0,USA,Health Care,0
/organization/neovasc,25848302.0,2.0,2008.0,2009.0,2014.0,CAN,Hardware + Software,0
/organization/neovision-hypersystems,7000000.0,1.0,1995.0,2001.0,2001.0,USA,Data Visualization,1
/organization/neovista,130003458.0,7.0,,2006.0,2012.0,USA,Health Care,0
/organization/neptune-technologies-bioressource,36125000.0,3.0,,2011.0,2014.0,CAN,Biotechnology,0
/organization/nerdist,,1.0,2008.0,2008.0,2008.0,USA,Public Relations,1
/organization/nerites,2269779.0,2.0,2004.0,2009.0,2010.0,USA,Biotechnology,0
/organization/nerve-com,,1.0,,2011.0,2011.0,USA,Curated Web,1
/organization/nervogrid,866000.0,1.0,2004.0,2010.0,2010.0,FIN,Enterprise Software,1
/organization/ness-computing,20000000.0,2.0,2009.0,2011.0,2012.0,USA,Apps,1
/organization/nest-labs,80000000.0,3.0,2010.0,2010.0,2013.0,USA,Home Automation,1
/organization/nestie,,1.0,2015.0,2015.0,2015.0,USA,,0
/organization/nestpick,11000000.0,3.0,2014.0,2014.0,2015.0,DEU,Online Rental,1
/organization/net-power-technology,3000000.0,1.0,,2008.0,2008.0,,Clean Technology,0
/organization/net-value-holdings,,1.0,,2000.0,2000.0,USA,,0
/organization/netasq,14795722.0,4.0,1998.0,2000.0,2005.0,FRA,Information Security,1
/organization/netbyte-hosting,2500000.0,1.0,2005.0,2009.0,2009.0,USA,Domains,0
/organization/netchemia,6500000.0,1.0,2001.0,2013.0,2013.0,USA,Enterprise Software,1
/organization/netcipia,200000.0,1.0,2006.0,2007.0,2007.0,USA,Blogging Platforms,0
/organization/netcom-systems,,1.0,1988.0,1997.0,1997.0,USA,,1
/organization/netcontinuum,41000000.0,2.0,1999.0,2001.0,2005.0,USA,Enterprise Software,1
/organization/netcordia,13000000.0,2.0,2000.0,2005.0,2006.0,USA,Information Technology,1
/organization/netdevices,25000000.0,1.0,2003.0,2005.0,2005.0,USA,Software,1
/organization/neteffect,103030000.0,5.0,1999.0,2000.0,2007.0,USA,Semiconductors,1
/organization/neterion,57680000.0,4.0,2001.0,2003.0,2008.0,USA,Hardware + Software,1
/organization/netezza,40000000.0,2.0,2000.0,2002.0,2003.0,USA,Analytics,1
/organization/netgamix-inc,132885.0,3.0,2010.0,2011.0,2012.0,USA,Digital Media,0
/organization/netgen-2,33000.0,1.0,,2012.0,2012.0,USA,Construction,0
/organization/netgraviton,4000000.0,1.0,,2008.0,2008.0,USA,Optimization,0
/organization/nethra-imaging,14000000.0,1.0,2003.0,2006.0,2006.0,USA,Semiconductors,0
/organization/netifice-communications,55000000.0,1.0,,2005.0,2005.0,USA,Communications Hardware,0
/organization/netilla-networks,12500000.0,2.0,,2001.0,2003.0,,Technology,1
/organization/netkey,12500000.0,2.0,1983.0,2001.0,2004.0,USA,Computers,1
/organization/netli,18000000.0,1.0,2000.0,2006.0,2006.0,USA,Web Hosting,1
/organization/netlogic-microsystems,32000000.0,1.0,1995.0,2002.0,2002.0,USA,Hardware,1
/organization/netmagic-solutions,36000000.0,2.0,1999.0,2008.0,2010.0,IND,Web Hosting,1
/organization/netmanage,2700000.0,1.0,1990.0,2007.0,2007.0,USA,Software,1
/organization/netmotion-wireless,10800000.0,1.0,2001.0,2002.0,2002.0,USA,Mobile,1
/organization/netologiya-groups,2700000.0,2.0,,2014.0,2015.0,RUS,Online Education,0
/organization/netpro,,1.0,,2004.0,2004.0,,Computers,1
/organization/netprospex,27500000.0,7.0,2006.0,2006.0,2014.0,USA,Analytics,1
/organization/netqos,5000000.0,1.0,1999.0,2003.0,2003.0,USA,Networking,1
/organization/netrada,,1.0,,2013.0,2013.0,DEU,E-Commerce,1
/organization/netragon,381000.0,1.0,1999.0,2006.0,2006.0,DEU,Software,0
/organization/netrake,40000000.0,2.0,2000.0,2002.0,2004.0,USA,Software,1
/organization/netretail-holding,56428000.0,2.0,2000.0,2008.0,2010.0,NLD,Finance,1
/organization/netscaler,13000000.0,6.0,1997.0,1998.0,2004.0,USA,Security,1
/organization/netscape,,1.0,1994.0,1995.0,1995.0,USA,News,1
/organization/netscreen-technologies,30000000.0,1.0,1997.0,2001.0,2001.0,USA,Security,1
/organization/netspend,5330000.0,3.0,1999.0,2001.0,2004.0,USA,Mobile,0
/organization/netspira-networks,,1.0,,2002.0,2002.0,,,1
/organization/netstreams,20950000.0,3.0,,2004.0,2009.0,USA,Games,1
/organization/nettle,500000.0,1.0,2010.0,2011.0,2011.0,USA,Android,0
/organization/netvibes,16000000.0,2.0,2005.0,2006.0,2006.0,FRA,Social Media,1
/organization/netviewer,23980000.0,3.0,2001.0,2005.0,2008.0,DEU,Software,1
/organization/netvision,6316226.0,4.0,1995.0,2009.0,2010.0,USA,Software,1
/organization/netwitness,5689647.0,1.0,2006.0,2010.0,2010.0,USA,Software,1
/organization/network-chemistry,6000000.0,1.0,2002.0,2005.0,2005.0,USA,Software,0
/organization/network-game-interaction,10000000.0,1.0,2005.0,2007.0,2007.0,CHN,Advertising,0
/organization/network-intelligence,12000000.0,1.0,1996.0,2009.0,2009.0,USA,Security,1
/organization/network-photonics,106500000.0,1.0,,2000.0,2000.0,USA,Networking,0
/organization/network-physics,16630000.0,2.0,1999.0,2003.0,2006.0,USA,Enterprise Software,1
/organization/network-security-technology-2,10000000.0,1.0,,2003.0,2003.0,USA,Security,0
/organization/network18,10000000.0,1.0,,2009.0,2009.0,IND,Public Relations,1
/organization/networker,51133.0,1.0,2012.0,2013.0,2013.0,,Event Management,0
/organization/networks-in-motion,15000000.0,2.0,2000.0,2004.0,2006.0,USA,Maps,1
/organization/netzoptiker,1783990.0,1.0,,2010.0,2010.0,DEU,E-Commerce,1
/organization/netzvacation,,1.0,,2009.0,2009.0,,Travel,0
/organization/neul,18829964.0,3.0,2010.0,2011.0,2012.0,GBR,Internet of Things,1
/organization/neuralitic-systems,18000000.0,3.0,2007.0,2008.0,2011.0,CAN,Mobile,1
/organization/neurelis,4283950.0,3.0,2007.0,2010.0,2015.0,USA,Biotechnology,1
/organization/neurobionics,6000000.0,1.0,,2004.0,2004.0,USA,Biotechnology,0
/organization/neurologica,17000000.0,2.0,2004.0,2008.0,2012.0,USA,Manufacturing,1
/organization/neuromed-pharmaceuticals,85300000.0,2.0,1998.0,2003.0,2007.0,CAN,Biotechnology,1
/organization/neuronation-de,2544538.0,2.0,2011.0,2011.0,2013.0,DEU,Health and Wellness,1
/organization/neuronex,1899999.0,2.0,,2010.0,2011.0,USA,Biotechnology,1
/organization/neuroptics,1746627.0,2.0,,2011.0,2014.0,USA,Biotechnology,0
/organization/neuropure,500000.0,1.0,,2007.0,2007.0,USA,Biotechnology,0
/organization/neurosearch,14330000.0,1.0,1989.0,2009.0,2009.0,DNK,Biotechnology,0
/organization/neurotechnologies,,1.0,2015.0,2015.0,2015.0,,,0
/organization/neurotherapeutics-pharma,58200000.0,3.0,2006.0,2009.0,2011.0,USA,Biotechnology,0
/organization/neurovista,61300600.0,4.0,,2007.0,2010.0,USA,Health Care,0
/organization/neven-vision,4750000.0,3.0,2003.0,2003.0,2005.0,USA,Software,1
/organization/nevis-networks,1624800.0,1.0,2002.0,2010.0,2010.0,USA,Security,0
/organization/nevo-energy,4100000.0,1.0,,2010.0,2010.0,USA,Clean Technology,0
/organization/new-ed-inc,80000.0,1.0,2015.0,2015.0,2015.0,,Consumers,0
/organization/new-game-technologies,2189440.0,1.0,2008.0,2009.0,2009.0,IRL,Software,0
/organization/new-idea-center,1000000.0,1.0,,2003.0,2003.0,,Design,0
/organization/new-media-gateway,,1.0,2000.0,2007.0,2007.0,USA,Software,1
/organization/new-media-venture-partners,17000000.0,1.0,,2000.0,2000.0,,,0
/organization/new-net,1100000.0,3.0,2000.0,2000.0,2003.0,USA,Domains,1
/organization/new-zealand-free-classifieds,2100000.0,1.0,2010.0,2011.0,2011.0,NZL,Advertising,0
/organization/newbay,13426775.0,2.0,2002.0,2004.0,2007.0,IRL,Mobile,1
/organization/newbiotics,11000000.0,1.0,,2001.0,2001.0,USA,Health Care,0
/organization/newbrandanalytics,35032734.0,3.0,2010.0,2011.0,2014.0,USA,Analytics,1
/organization/newcare-solutions,1617252.0,4.0,2011.0,2011.0,2014.0,USA,Hardware + Software,1
/organization/newfield-design,662000.0,1.0,2008.0,2012.0,2012.0,USA,Manufacturing,0
/organization/newhope-bariatrics,18500000.0,1.0,,2006.0,2006.0,,,0
/organization/newmarket-international,,1.0,1985.0,1999.0,1999.0,USA,Hospitality,1
/organization/newmerix,12000000.0,2.0,2002.0,2006.0,2007.0,USA,Enterprise Software,0
/organization/neworld-education-group,20000000.0,1.0,,2007.0,2007.0,CHN,Education,0
/organization/neworld-inc,83415.0,1.0,2013.0,2015.0,2015.0,,Apps,0
/organization/newport-media,66000000.0,3.0,2005.0,2005.0,2006.0,USA,Semiconductors,1
/organization/newriver,20580000.0,1.0,,2006.0,2006.0,USA,Finance,1
/organization/newsbasis,545000.0,1.0,2009.0,2009.0,2009.0,USA,Public Relations,0
/organization/newsbytes,50000.0,1.0,2013.0,2015.0,2015.0,,Apps,0
/organization/newscale,42200000.0,4.0,,2002.0,2009.0,USA,Enterprise Software,1
/organization/newsfixed-uk,,1.0,2012.0,2014.0,2014.0,GBR,Broadcasting,1
/organization/newslabs,,1.0,,2010.0,2010.0,IRL,Curated Web,0
/organization/newsle,4299997.0,4.0,2011.0,2012.0,2013.0,USA,Curated Web,1
/organization/newspage,7600000.0,1.0,,2001.0,2001.0,SGP,Apps,1
/organization/newsvine,1250000.0,1.0,2005.0,2005.0,2005.0,USA,News,1
/organization/newsy,3500000.0,2.0,2008.0,2010.0,2011.0,USA,Internet,1
/organization/newton-peripherals,400000.0,1.0,2005.0,2010.0,2010.0,USA,Hardware + Software,0
/organization/newtrade-technologies,2500000.0,1.0,,2001.0,2001.0,CAN,Transportation,1
/organization/newvem,4000000.0,3.0,,2011.0,2013.0,ISR,Cloud Computing,1
/organization/newworld-communications-2,150000000.0,1.0,,2000.0,2000.0,,Technology,0
/organization/nexage,19500000.0,3.0,2006.0,2008.0,2012.0,USA,Advertising,1
/organization/nexcura,4000000.0,1.0,,2002.0,2002.0,USA,Health Care,1
/organization/nexdentist,975000.0,1.0,2013.0,2013.0,2013.0,USA,Dental,0
/organization/nexgen-energy,11500000.0,1.0,,2014.0,2014.0,CAN,Clean Technology,0
/organization/nexgen-storage,12000000.0,2.0,2010.0,2010.0,2011.0,USA,Software,1
/organization/nexgenix,15000000.0,1.0,,2000.0,2000.0,USA,Services,0
/organization/nexgenvs,,1.0,,2007.0,2007.0,USA,Mobile,0
/organization/nexplanar,43000000.0,5.0,2008.0,2008.0,2013.0,USA,Semiconductors,1
/organization/nexsan,24500000.0,2.0,2000.0,2003.0,2009.0,GBR,Enterprise Software,1
/organization/next-big-sound,7949997.0,4.0,2008.0,2009.0,2012.0,USA,Analytics,1
/organization/next-new-networks,27063781.0,4.0,2007.0,2007.0,2010.0,USA,Curated Web,1
/organization/nextbio,16100000.0,3.0,2004.0,2005.0,2009.0,USA,Enterprise Software,1
/organization/nextcode-health,15000000.0,1.0,2013.0,2013.0,2013.0,USA,Biotechnology,1
/organization/nextdigest,390000.0,1.0,2009.0,2011.0,2011.0,USA,Advertising,0
/organization/nextera,38800000.0,1.0,1985.0,2010.0,2010.0,USA,Clean Technology,0
/organization/nextext,120000.0,1.0,2015.0,2015.0,2015.0,,Chat,0
/organization/nextfit,1135000.0,1.0,2001.0,2010.0,2010.0,USA,Health and Wellness,0
/organization/nextg-networks,49800000.0,1.0,,2008.0,2008.0,USA,Mobile,1
/organization/nextgreatplace,4000000.0,2.0,2010.0,2012.0,2013.0,USA,Travel,0
/organization/nexthop-technologies,8800000.0,2.0,2000.0,2006.0,2007.0,USA,Software,1
/organization/nextio,64600000.0,5.0,2003.0,2005.0,2012.0,USA,Hardware + Software,0
/organization/nextmedium,9500000.0,2.0,2004.0,2005.0,2006.0,USA,Advertising,0
/organization/nextpeer,2900000.0,1.0,2011.0,2013.0,2013.0,ISR,Games,1
/organization/nextpoint-networks,35000000.0,2.0,1998.0,2005.0,2006.0,USA,Web Hosting,1
/organization/nextprinciples,3174999.0,4.0,2010.0,2012.0,2013.0,USA,Software,1
/organization/nextracker,40515968.0,3.0,,2014.0,2015.0,USA,Renewable Energies,1
/organization/nextwave-pharmaceuticals,86819000.0,3.0,,2007.0,2012.0,USA,Biotechnology,1
/organization/nexus-biosystems,5000000.0,1.0,,2009.0,2009.0,USA,Biotechnology,1
/organization/nexus-dx,9000000.0,1.0,,2009.0,2009.0,USA,Biotechnology,1
/organization/nexus-energyhomes,1500000.0,1.0,,2011.0,2011.0,USA,Clean Technology,0
/organization/nexverse-networks,15000000.0,1.0,,2001.0,2001.0,,Internet,1
/organization/nexx-systems,25397925.0,4.0,2001.0,2004.0,2009.0,USA,Semiconductors,1
/organization/nexxo-financial,11160000.0,2.0,,2008.0,2013.0,USA,Finance,1
/organization/nfi-studios,350000.0,1.0,2004.0,2010.0,2010.0,USA,Advertising,1
/organization/nfocus-neuromedical,7542266.0,2.0,1997.0,2010.0,2011.0,USA,Design,1
/organization/nfr-security,7500000.0,1.0,,2003.0,2003.0,,Computers,1
/organization/nfware,,1.0,,2015.0,2015.0,DEU,Networking,0
/organization/ng-advantage,6000000.0,2.0,2011.0,2013.0,2013.0,USA,Clean Technology,1
/organization/ngmoco,44800000.0,4.0,2008.0,2008.0,2010.0,USA,Games,1
/organization/ngt4u-inc,1200000.0,1.0,2009.0,2010.0,2010.0,USA,Curated Web,0
/organization/ni2,,1.0,,2008.0,2008.0,,,0
/organization/nicholson-hartung-consulting,,1.0,,2013.0,2013.0,,,0
/organization/nicira,41815432.0,4.0,2007.0,2009.0,2011.0,USA,Web Hosting,1
/organization/nickis-com,,1.0,1985.0,2015.0,2015.0,,,0
/organization/niffler,1000000.0,1.0,,2015.0,2015.0,IND,Discounts,1
/organization/night-owl,25000.0,1.0,,2015.0,2015.0,USA,Apps,0
/organization/niid-to,,1.0,2008.0,2009.0,2009.0,GBR,Curated Web,0
/organization/niio,850000.0,1.0,2013.0,2013.0,2013.0,ISR,Art,0
/organization/nile-guide,13000000.0,3.0,2006.0,2006.0,2010.0,USA,Career Planning,1
/organization/nimble-tv,8150000.0,3.0,2010.0,2011.0,2012.0,USA,Software,1
/organization/nimblefish,12950000.0,2.0,1999.0,2005.0,2009.0,USA,Advertising,1
/organization/nimbula,20750000.0,2.0,2008.0,2010.0,2010.0,USA,Cloud Computing,1
/organization/nimbus-communications,125000000.0,1.0,,2007.0,2007.0,IND,,0
/organization/nimbuz,761787.0,1.0,2011.0,2013.0,2013.0,USA,Software,1
/organization/nimbuzz,25000000.0,3.0,2006.0,2005.0,2008.0,,Chat,1
/organization/nimsoft,22300000.0,2.0,2002.0,2007.0,2008.0,GBR,Cloud Computing,1
/organization/ning,134000002.0,5.0,2004.0,2007.0,2009.0,USA,Communities,1
/organization/nippo,21189.0,1.0,,2011.0,2011.0,LVA,Advertising,0
/organization/niron-magnetics,1500000.0,1.0,2014.0,2014.0,2014.0,,Manufacturing,0
/organization/nirvana-2,,1.0,,2014.0,2014.0,,,0
/organization/nirvanix,70000000.0,5.0,2007.0,2007.0,2012.0,USA,Cloud Computing,0
/organization/nishan-systems,70000000.0,2.0,1998.0,1999.0,2000.0,USA,Electronics,0
/organization/nistevo,8000000.0,1.0,,2003.0,2003.0,USA,Transportation,1
/organization/nitinol-devices-components,40000000.0,2.0,1991.0,2011.0,2011.0,USA,Health Care,0
/organization/nitric-bio,18458739.0,4.0,,2006.0,2012.0,USA,Biotechnology,0
/organization/nitronex,78047934.0,6.0,,2001.0,2012.0,USA,Semiconductors,1
/organization/nitrosecurity,29000001.0,6.0,1999.0,2005.0,2010.0,USA,Security,1
/organization/niume-limited,267477.981990194,2.0,2012.0,2015.0,2015.0,,Application Platforms,0
/organization/nivio,21000000.0,1.0,2004.0,2012.0,2012.0,IND,App Stores,0
/organization/nixle,10000000.0,1.0,2007.0,2010.0,2010.0,USA,Messaging,1
/organization/nlighten-technologies,4996500.0,1.0,,2010.0,2010.0,USA,Hardware + Software,0
/organization/nmotive-research,15079.0,1.0,2012.0,2013.0,2013.0,,Eyewear,0
/organization/nmt-medical,5759760.0,1.0,,2010.0,2010.0,USA,Biotechnology,0
/organization/no-capital-llc,,1.0,2015.0,2015.0,2015.0,USA,Consulting,0
/organization/no-chains,,1.0,2012.0,2012.0,2012.0,USA,Mobile,0
/organization/no-wires-needed,,1.0,1994.0,1999.0,1999.0,NLD,,0
/organization/nobel-learning,9900000.0,2.0,,2003.0,2003.0,USA,,1
/organization/nobot,1649028.0,3.0,2009.0,2009.0,2010.0,JPN,Advertising,1
/organization/nodeable,2000000.0,1.0,2011.0,2011.0,2011.0,USA,Analytics,1
/organization/nodefly,800000.0,1.0,2011.0,2012.0,2012.0,CAN,Curated Web,1
/organization/nokeena,31828793.0,3.0,2008.0,2008.0,2010.0,USA,Media,1
/organization/nolio,5000000.0,1.0,,2008.0,2008.0,ISR,Software,1
/organization/nomadica-brainstorming,600000.0,1.0,1990.0,2010.0,2010.0,ESP,Incubators,0
/organization/nomermail-ru,100000.0,1.0,,2012.0,2012.0,RUS,Email,0
/organization/nomi,13000000.0,2.0,2012.0,2013.0,2013.0,USA,Analytics,1
/organization/nonlinear-dynamics,2374240.0,1.0,1989.0,2012.0,2012.0,GBR,Software,1
/organization/nonoba,,1.0,2008.0,2008.0,2008.0,DNK,Games,0
/organization/nonstop-games,2900000.0,1.0,2011.0,2013.0,2013.0,SGP,Consumers,1
/organization/norak-biosciences,13000000.0,1.0,,2002.0,2002.0,USA,Biotechnology,0
/organization/nordic-windpower,54000000.0,3.0,2007.0,2007.0,2010.0,USA,Clean Technology,0
/organization/nordnav-technologies,,1.0,,2005.0,2005.0,SWE,,0
/organization/norrom-ltd,24616.0,1.0,2015.0,2015.0,2015.0,,3D,0
/organization/north-american-palladium,4500000.0,1.0,1993.0,2014.0,2014.0,CAN,Engineering Firms,0
/organization/north-by-south,,1.0,2007.0,2008.0,2008.0,USA,Content,0
/organization/northstar-systems-international,29500000.0,2.0,2001.0,2004.0,2007.0,USA,Software,1
/organization/note,50000.0,1.0,2013.0,2013.0,2013.0,,Entertainment,0
/organization/notehall,,2.0,2008.0,2009.0,2009.0,USA,Curated Web,1
/organization/notewagon,250000.0,2.0,2010.0,2011.0,2011.0,CAN,Curated Web,1
/organization/notice-kiosk,300000.0,1.0,2011.0,2012.0,2012.0,USA,Business Services,0
/organization/notifo,,1.0,,2010.0,2010.0,USA,Mobile,0
/organization/notify-technology,248502.0,1.0,1994.0,2009.0,2009.0,USA,Mobile,1
/organization/nova-lignum,,1.0,,2014.0,2014.0,NLD,Biotechnology,0
/organization/nova-weigh,,1.0,1980.0,2005.0,2005.0,,,0
/organization/novacardia-inc,48000000.0,1.0,2001.0,2006.0,2006.0,USA,Healthcare Services,1
/organization/novacem,2393578.0,1.0,,2011.0,2011.0,GBR,Clean Technology,0
/organization/novacept,30000000.0,1.0,1995.0,2002.0,2002.0,USA,Health Care,1
/organization/novafora,12000000.0,1.0,2004.0,2007.0,2007.0,USA,Software,0
/organization/novaled,32466630.0,3.0,,2005.0,2011.0,DEU,Clean Technology,1
/organization/novamed-pharmaceuticals,18800000.0,2.0,,2007.0,2008.0,CHN,Health Care,1
/organization/novamin-technology-inc,2500000.0,1.0,,2008.0,2008.0,USA,Dental,1
/organization/novare-surgical,16000000.0,1.0,1999.0,2006.0,2006.0,USA,Health Care,0
/organization/novarra,70000000.0,2.0,1999.0,2001.0,2007.0,USA,Mobile,1
/organization/novashunt,25000000.0,1.0,,2011.0,2011.0,GBR,Health Care,0
/organization/novasys,49500000.0,1.0,,2008.0,2008.0,USA,Biotechnology,0
/organization/novasys-medical,70447308.0,3.0,,2004.0,2012.0,USA,Health Care,0
/organization/novatris,1570886.0,1.0,1995.0,2001.0,2001.0,FRA,Business Intelligence,1
/organization/noveda-technologies-inc,8952784.0,2.0,2006.0,2011.0,2013.0,USA,Software,0
/organization/novelo,80000.0,2.0,2011.0,2011.0,2011.0,PER,E-Commerce,0
/organization/novient,25000000.0,1.0,,2001.0,2001.0,,Internet,1
/organization/novimedicine,20000.0,1.0,,2012.0,2012.0,USA,Health and Wellness,0
/organization/novioponics,16227.0,1.0,2014.0,2015.0,2015.0,NLD,Health Care,0
/organization/novira-therapeutics,39495233.0,4.0,2009.0,2011.0,2014.0,USA,Biotechnology,1
/organization/novusedge,6500000.0,1.0,,2006.0,2006.0,USA,Security,0
/organization/now-computing-2,620000.0,2.0,2012.0,2012.0,2013.0,,Games,0
/organization/nowbox,,2.0,2005.0,2010.0,2010.0,USA,Mobile,0
/organization/nowpublic,12000000.0,3.0,2005.0,2005.0,2007.0,CAN,News,1
/organization/noxsudor-therapeutics-limited,285885.553557431,1.0,,2015.0,2015.0,,,0
/organization/noza,2800000.0,3.0,2006.0,2006.0,2008.0,USA,Humanitarian,1
/organization/nozomi-photonics,8000000.0,1.0,2002.0,2005.0,2005.0,,Hardware + Software,0
/organization/npario,5000000.0,1.0,2010.0,2011.0,2011.0,USA,Analytics,0
/organization/nprogress,1700000.0,1.0,2010.0,2011.0,2011.0,USA,Mobile,0
/organization/npulse-software,4000000.0,1.0,,2002.0,2002.0,,Software,0
/organization/npulse-technologies,2947189.0,3.0,2011.0,2012.0,2013.0,USA,Web Hosting,1
/organization/nr-energy,315000.0,1.0,,2014.0,2014.0,USA,Energy,0
/organization/nscaled,8500000.0,2.0,2009.0,2012.0,2013.0,USA,Cloud Computing,1
/organization/nsfw-corporation,850000.0,3.0,2011.0,2011.0,2013.0,USA,E-Books,1
/organization/nsite,6000000.0,1.0,1998.0,2004.0,2004.0,USA,Business Productivity,1
/organization/ntag,20300000.0,2.0,,2005.0,2007.0,USA,Public Relations,1
/organization/ntelagent,2050000.0,2.0,2003.0,2008.0,2009.0,USA,Health Care,1
/organization/ntensify,,1.0,,2015.0,2015.0,USA,,0
/organization/ntirety,1000000.0,1.0,2001.0,2008.0,2008.0,USA,Analytics,1
/organization/ntr-global,34000000.0,1.0,2000.0,2008.0,2008.0,ESP,Enterprise Software,1
/organization/nubot,,1.0,2013.0,2013.0,2013.0,,,0
/organization/nubridges,5500000.0,1.0,,2004.0,2004.0,,Security,1
/organization/nuclear-solutions,500000.0,1.0,,2002.0,2002.0,,Technology,0
/organization/nucleator,,1.0,,2015.0,2015.0,,,0
/organization/nuconomy,3300000.0,2.0,2006.0,2007.0,2008.0,USA,Advertising,1
/organization/nucore-technologies-inc,20000000.0,1.0,,2001.0,2001.0,USA,Technology,1
/organization/nuevo-midstream,65000000.0,1.0,,2011.0,2011.0,USA,Clean Technology,1
/organization/nuevostage,60000.0,1.0,2010.0,2011.0,2011.0,USA,Concerts,0
/organization/nuflick,70000.0,2.0,2011.0,2011.0,2013.0,MEX,Games,0
/organization/nugg-it,600000.0,1.0,2011.0,2013.0,2013.0,USA,Manufacturing,0
/organization/nukona,206800.0,3.0,,2010.0,2011.0,USA,Enterprise Software,1
/organization/numara,5653146.71998477,1.0,1997.0,2006.0,2006.0,FRA,Software,0
/organization/numberfire,775000.0,2.0,2010.0,2011.0,2012.0,USA,Big Data,1
/organization/nume-health,2175000.0,2.0,,2011.0,2012.0,USA,Biotechnology,0
/organization/numonyx,150000000.0,1.0,2008.0,2008.0,2008.0,CHE,Hardware,1
/organization/nupathe,93062500.0,5.0,,2006.0,2012.0,USA,Biotechnology,1
/organization/nupremis,10000000.0,1.0,,2001.0,2001.0,USA,Developer APIs,0
/organization/nurien-software,25000000.0,2.0,,2008.0,2009.0,KOR,Social Media,0
/organization/nuro-pharma,738384.0,2.0,2012.0,2012.0,2013.0,USA,Biotechnology,0
/organization/nusym-technology,8100000.0,2.0,2004.0,2008.0,2010.0,USA,Semiconductors,1
/organization/nutech-solutions,1630257.58069775,1.0,1999.0,2007.0,2007.0,USA,Software,1
/organization/nutshellmail,807260.0,3.0,2007.0,2008.0,2009.0,USA,Email,1
/organization/nutzvieh24,,1.0,,2010.0,2010.0,DEU,Finance,0
/organization/nuventix,47400000.0,6.0,2003.0,2005.0,2014.0,USA,Clean Energy,1
/organization/nuview-systems,7100000.0,2.0,1994.0,2009.0,2010.0,USA,Human Resources,1
/organization/nuvista-energy,39700000.0,1.0,2003.0,2013.0,2013.0,CAN,Clean Technology,0
/organization/nuvo-research,3100000.0,1.0,,2014.0,2014.0,CAN,Biotechnology,0
/organization/nuvola,330000.0,1.0,2013.0,2014.0,2014.0,USA,Cloud Computing,0
/organization/nuvosun,17459444.0,2.0,2008.0,2010.0,2011.0,USA,Clean Technology,1
/organization/nuvox,165500000.0,2.0,,2001.0,2002.0,USA,Public Relations,1
/organization/nvelo,7650097.0,2.0,2010.0,2010.0,2011.0,USA,Software,1
/organization/nxtm,,1.0,,2011.0,2011.0,,Games,0
/organization/nxvision,2299586.0,3.0,2006.0,2006.0,2009.0,GBR,Photography,0
/organization/ny-slice,470248.0,1.0,,2014.0,2014.0,,Delivery,0
/organization/nymgo-s-a,5000000.0,1.0,2008.0,2010.0,2010.0,LUX,Application Platforms,0
/organization/o2-ireland,3859800.0,1.0,2002.0,2013.0,2013.0,IRL,Services,1
/organization/o21c-co,,1.0,,2004.0,2004.0,USA,Semiconductors,0
/organization/o2gen-solutions,,1.0,,2013.0,2013.0,,,0
/organization/o4,20250000.0,2.0,1982.0,2009.0,2011.0,USA,Software,1
/organization/oakland-single-parents-network,5000.0,1.0,2010.0,2011.0,2011.0,USA,Curated Web,0
/organization/oakleaf-waste-management,30000000.0,1.0,,2003.0,2003.0,USA,Recycling,1
/organization/oakley-networks,28000000.0,2.0,,2005.0,2006.0,USA,Cyber Security,1
/organization/oasmia-pharmaceutical,19198952.0,2.0,,2010.0,2015.0,SWE,Biotechnology,0
/organization/oasys-mobile,8000000.0,1.0,1984.0,2005.0,2005.0,USA,Mobile,0
/organization/oatsystems,12500000.0,1.0,,2006.0,2006.0,USA,Software,1
/organization/ob-hospitalist-group,58573491.0,3.0,2006.0,2010.0,2014.0,USA,Delivery,1
/organization/oberon-media,36000000.0,2.0,2003.0,2008.0,2010.0,USA,Games,1
/organization/objectfx,9400008.0,2.0,1994.0,2001.0,2009.0,USA,Software,1
/organization/objective-logistics,9000000.0,4.0,2009.0,2010.0,2013.0,USA,Analytics,1
/organization/objectworld-communications,6500000.0,1.0,1994.0,2006.0,2006.0,CAN,Software,1
/organization/oblicore,9000000.0,1.0,2000.0,2004.0,2004.0,USA,Software,1
/organization/oblix,,1.0,1996.0,2004.0,2004.0,USA,Software,0
/organization/ocarina-networks,34300000.0,3.0,2007.0,2007.0,2009.0,USA,Storage,1
/organization/ocata-therapeutics,10000000.0,1.0,,2015.0,2015.0,USA,Biotechnology,1
/organization/ocean-s-edge,,1.0,,2006.0,2006.0,,,0
/organization/oceana-therapeutics,3000000.0,1.0,,2009.0,2009.0,USA,Biotechnology,1
/organization/ocelus,812931.0,1.0,2007.0,2010.0,2010.0,GBR,Biotechnology,0
/organization/oco,10000000.0,1.0,,2007.0,2007.0,USA,Analytics,1
/organization/octagon-research-solutions-inc,3800000.0,1.0,,2003.0,2003.0,USA,Outsourcing,1
/organization/octave-communications,17000000.0,1.0,1998.0,2001.0,2001.0,USA,Audio,1
/organization/octavian,15000000.0,2.0,2003.0,2005.0,2007.0,USA,Software,0
/organization/octoshape,4840000.0,1.0,2003.0,2010.0,2010.0,DNK,Hardware + Software,1
/organization/oculan,5000000.0,1.0,,2003.0,2003.0,USA,Intelligent Systems,0
/organization/oculeve,32305473.0,4.0,2011.0,2012.0,2014.0,USA,Biotechnology,1
/organization/oculex-pharmaceuticals,,1.0,,2002.0,2002.0,USA,Pharmaceuticals,1
/organization/oculus-vr,93400000.0,3.0,2012.0,2012.0,2013.0,USA,Consumer Electronics,1
/organization/oculus360,1499999.0,1.0,2012.0,2013.0,2013.0,USA,Analytics,0
/organization/ocutrack-technologies,,1.0,,2015.0,2015.0,,,0
/organization/odeo,,1.0,2005.0,2005.0,2005.0,USA,Curated Web,1
/organization/odin-medical-technologies,24000000.0,3.0,1996.0,1999.0,2002.0,,Medical,1
/organization/odinotvet,500000.0,1.0,,2011.0,2011.0,,Advertising,0
/organization/odojo,,1.0,,2009.0,2009.0,,Social Media,1
/organization/odysii,20000000.0,1.0,,2008.0,2008.0,ISR,Digital Signage,1
/organization/odyssey-mobile-interaction,200000.0,2.0,2010.0,2010.0,2013.0,GBR,Advertising,1
/organization/ofercity,30000.0,1.0,2010.0,2010.0,2010.0,MEX,Curated Web,0
/organization/oferton-liveshopping,,1.0,,2010.0,2010.0,,,1
/organization/off-away,3250000.0,2.0,2009.0,2010.0,2010.0,USA,Travel,1
/organization/offbeat-guides,,1.0,2007.0,2008.0,2008.0,USA,Travel,0
/organization/offeriq,,1.0,,2010.0,2010.0,USA,Advertising,1
/organization/offerlounge,120000.0,1.0,2008.0,2008.0,2008.0,USA,Advertising,0
/organization/offermatic,4500000.0,2.0,2010.0,2010.0,2011.0,USA,Credit Cards,0
/organization/offermatica,7000000.0,1.0,1996.0,2005.0,2005.0,USA,Software,1
/organization/offermobi,1000000.0,1.0,2010.0,2011.0,2011.0,USA,Advertising,1
/organization/office-depot,,1.0,1986.0,1989.0,1989.0,USA,E-Commerce,1
/organization/official-limited-virtual,170604000.0,1.0,2009.0,2009.0,2009.0,GBR,Music,0
/organization/officialvirtualdj,34752500.0,1.0,2009.0,2009.0,2009.0,GBR,Music,0
/organization/offisync,1000000.0,1.0,2010.0,2010.0,2010.0,USA,Collaboration,1
/organization/offpeak-games,32082.0,1.0,2014.0,2015.0,2015.0,AUS,Augmented Reality,0
/organization/oggifinogi,2000000.0,1.0,,2010.0,2010.0,USA,Advertising,1
/organization/ogone,500000.0,2.0,1996.0,2000.0,2010.0,BEL,E-Commerce,1
/organization/ogorod,1400000.0,2.0,2009.0,2009.0,2011.0,RUS,Interest Graph,0
/organization/ohai,6000000.0,1.0,2008.0,2009.0,2009.0,USA,Game,0
/organization/ohlalapps,385980.0,1.0,2013.0,2013.0,2013.0,ESP,Android,0
/organization/ohlife,,1.0,,2010.0,2010.0,,Email,0
/organization/ohloh,,1.0,2004.0,2007.0,2007.0,USA,Curated Web,1
/organization/ohmdata,185000.0,1.0,2013.0,2014.0,2014.0,USA,Databases,1
/organization/okairos,20500000.0,1.0,2007.0,2010.0,2010.0,CHE,Biotechnology,1
/organization/okcupid,6000000.0,1.0,2003.0,2007.0,2007.0,USA,Curated Web,1
/organization/okdj-fm,549970.0,1.0,2011.0,2013.0,2013.0,USA,Crowdsourcing,0
/organization/okeanos-technologies,,1.0,,2013.0,2013.0,,,0
/organization/okena,12400000.0,1.0,,2001.0,2001.0,,Clean Technology,1
/organization/okeo,500000.0,1.0,,2012.0,2012.0,,Advertising,0
/organization/olah-viq-software-solutions,,1.0,2010.0,2010.0,2010.0,IND,Cloud Computing,0
/organization/olaworks,4000000.0,1.0,2006.0,2007.0,2007.0,KOR,Software,1
/organization/old-line-bank,12000000.0,1.0,1989.0,2013.0,2013.0,USA,Finance,0
/organization/olea-medical,5462100.0,1.0,,2012.0,2012.0,FRA,Software,1
/organization/oleole,5000000.0,1.0,2006.0,2007.0,2007.0,USA,Advertising,0
/organization/olista,24000000.0,2.0,2004.0,2006.0,2008.0,ISR,Analytics,0
/organization/olive-medical-corporation,2071500.0,3.0,2009.0,2009.0,2011.0,USA,Manufacturing,0
/organization/oliver-co-designs-inc,,1.0,,2012.0,2012.0,,,0
/organization/olivetree,965846.896222592,1.0,,2015.0,2015.0,,Collaboration,0
/organization/olliance-group,,1.0,,2004.0,2004.0,USA,Consulting,1
/organization/ology-media,3175000.0,2.0,2011.0,2010.0,2013.0,USA,Interest Graph,0
/organization/olook,,5.0,2011.0,2011.0,2014.0,BRA,Brand Marketing,1
/organization/ombu,185000.0,2.0,2011.0,2012.0,2013.0,USA,Mobile,0
/organization/omega-point-research,3172815.0,1.0,2013.0,2015.0,2015.0,USA,Product Search,0
/organization/omek-interactive,15800000.0,4.0,2007.0,2008.0,2012.0,ISR,Software,1
/organization/omg,,1.0,,2008.0,2008.0,AUS,Curated Web,1
/organization/omgpop,16600000.0,5.0,2006.0,2006.0,2011.0,USA,Auctions,1
/organization/ommven,120000.0,1.0,2010.0,2010.0,2010.0,GBR,E-Commerce,0
/organization/omneon,10500000.0,1.0,1998.0,2004.0,2004.0,USA,Games,1
/organization/omnidrive,800000.0,1.0,2005.0,2006.0,2006.0,USA,File Sharing,0
/organization/omnigy,20000.0,1.0,,2013.0,2013.0,,Digital Signage,0
/organization/omnikles,3960000.0,1.0,2000.0,2005.0,2005.0,FRA,Software,1
/organization/omnilink-systems,12209831.0,2.0,2003.0,2007.0,2012.0,USA,Hardware + Software,1
/organization/omnino-llp,,1.0,2008.0,2008.0,2008.0,,,0
/organization/omniperception,,1.0,,2005.0,2005.0,GBR,Biometrics,0
/organization/omnisio,,1.0,,2008.0,2008.0,USA,File Sharing,1
/organization/omniture,79350000.0,4.0,1996.0,2004.0,2009.0,USA,Advertising,1
/organization/omrix-biopharmaceuticals,4840000.0,1.0,1995.0,2005.0,2005.0,ISR,Biotechnology,1
/organization/omthera-pharmaceuticals,60158333.0,4.0,,2009.0,2013.0,USA,Biotechnology,1
/organization/omtool-ltd,,1.0,1991.0,1996.0,1996.0,USA,,0
/organization/on2,5240000.0,1.0,1992.0,2005.0,2005.0,USA,Content,1
/organization/onaro,17750000.0,2.0,,2004.0,2008.0,USA,Software,1
/organization/onavo,13000000.0,2.0,2010.0,2011.0,2012.0,USA,Mobile,1
/organization/once-upon-a-time,3792418.19753948,1.0,,2015.0,2015.0,GBR,,0
/organization/oncethere-inc,975000.0,1.0,2015.0,2015.0,2015.0,,Internet,0
/organization/oncoethix,19000000.0,1.0,2007.0,2013.0,2013.0,CHE,Biotechnology,1
/organization/oncofactor-corporation,3100000.0,2.0,,2011.0,2013.0,USA,Biotechnology,0
/organization/oncore-biopharma,1000000.0,1.0,2012.0,2014.0,2014.0,USA,Biotechnology,1
/organization/ondeego,,1.0,2007.0,2007.0,2007.0,USA,Mobile,0
/organization/one-jackson,4000000.0,2.0,2012.0,2012.0,2012.0,USA,E-Commerce,1
/organization/one-season,3750000.0,2.0,2007.0,2007.0,2009.0,USA,All Markets,0
/organization/one-song,20000.0,1.0,2009.0,2009.0,2009.0,USA,Music,0
/organization/one-source-networks,,1.0,2006.0,2013.0,2013.0,USA,Infrastructure,1
/organization/one-step-solutions,30000.0,1.0,2011.0,2012.0,2012.0,AUS,iPad,0
/organization/one-world-virtual,,1.0,,2011.0,2011.0,USA,Software,0
/organization/one2start,500000.0,1.0,,2013.0,2013.0,,Consulting,0
/organization/oneassist-consumer-solutions,9251000.0,3.0,2011.0,2011.0,2015.0,IND,SaaS,0
/organization/onechip-photonics,64344698.0,4.0,,2009.0,2012.0,CAN,Semiconductors,0
/organization/onedrum,1614202.0,1.0,2008.0,2010.0,2010.0,GBR,Enterprise Software,1
/organization/oneevent-technologies,1875000.0,1.0,2014.0,2015.0,2015.0,USA,Baby Safety,0
/organization/oneforty,2345000.0,4.0,2009.0,2009.0,2010.0,USA,App Stores,1
/organization/onelook-2,,1.0,2015.0,2015.0,2015.0,,,0
/organization/onemove-technologies,11833393.0,5.0,,2006.0,2012.0,,B2B,1
/organization/oneneck-it-services,12800000.0,1.0,1997.0,2005.0,2005.0,USA,Consulting,1
/organization/onerecovery,16000000.0,2.0,2007.0,2010.0,2013.0,USA,Game Mechanics,1
/organization/oneriot,27300000.0,3.0,2006.0,2006.0,2009.0,USA,Advertising,1
/organization/oneroomrate-com,4000000.0,2.0,2007.0,2008.0,2009.0,USA,Curated Web,0
/organization/oneschool,750000.0,1.0,,2012.0,2012.0,USA,Colleges,0
/organization/onesmile-holdco,1100000.0,1.0,2015.0,2015.0,2015.0,USA,Health and Wellness,0
/organization/onetruefan,1200000.0,1.0,2010.0,2010.0,2010.0,USA,Curated Web,1
/organization/onetxt,2000000.0,1.0,2008.0,2009.0,2009.0,USA,E-Commerce,1
/organization/onewave-inc,243068175.0,1.0,1993.0,1996.0,1996.0,,Internet,0
/organization/onex-communications,20000000.0,1.0,,2000.0,2000.0,USA,Communications Hardware,1
/organization/onfocus-healthcare,4332943.0,5.0,1985.0,2010.0,2014.0,USA,Consulting,1
/organization/onforce,26750000.0,3.0,2003.0,2006.0,2011.0,USA,Enterprise Software,1
/organization/oni-systems,24250000.0,7.0,1997.0,2003.0,2009.0,USA,Health and Wellness,1
/organization/onko-solutions-llc,1750000.0,3.0,2014.0,2013.0,2015.0,USA,Health Diagnostics,0
/organization/online-dealer,25000.0,1.0,,2013.0,2013.0,RUS,E-Commerce,0
/organization/onlive,56500000.0,3.0,2007.0,2007.0,2011.0,USA,Cloud Computing,1
/organization/only-apartments,4700000.0,1.0,2003.0,2014.0,2014.0,ESP,E-Commerce,0
/organization/onnetworks,16000000.0,2.0,,2006.0,2007.0,USA,Games,0
/organization/onosys-online-ordering,500000.0,1.0,2003.0,2008.0,2008.0,USA,Software,1
/organization/onpath-technologies,12850012.0,4.0,,2007.0,2012.0,USA,Hardware + Software,1
/organization/onqueue-technologies,750003.0,1.0,,2009.0,2009.0,USA,E-Commerce,1
/organization/onrequest-images,19000000.0,3.0,2002.0,2005.0,2010.0,USA,Photo Editing,0
/organization/onshore-ems-2,2000000.0,1.0,2014.0,2015.0,2015.0,USA,Electronics,0
/organization/onsite-access,70000000.0,1.0,1996.0,2000.0,2000.0,USA,Communications Infrastructure,1
/organization/onslip,917495.0,2.0,2010.0,2010.0,2011.0,SWE,Financial Services,0
/organization/onstate,5500000.0,1.0,,2009.0,2009.0,USA,Web Hosting,1
/organization/onstor,96250000.0,5.0,2000.0,2002.0,2009.0,USA,Web Hosting,1
/organization/onswipe,6000000.0,3.0,2010.0,2011.0,2012.0,USA,Advertising,1
/organization/ontela-2,4500000.0,2.0,2006.0,2006.0,2009.0,USA,Mobile,1
/organization/ontheair,880000.0,1.0,,2012.0,2012.0,USA,Messaging,1
/organization/onthego-platforms,3090852.0,4.0,2012.0,2013.0,2015.0,USA,Augmented Reality,1
/organization/onthelist,100000.0,1.0,,2013.0,2013.0,RUS,Events,0
/organization/onvantage,18000000.0,1.0,2004.0,2006.0,2006.0,USA,Software,1
/organization/onward-behavioral-health,9250150.0,1.0,2009.0,2012.0,2012.0,USA,Biotechnology,1
/organization/oobedoo-ltd,1396590.79247142,1.0,,2015.0,2015.0,,,0
/organization/oodle,24621060.0,5.0,2004.0,2006.0,2015.0,USA,Social Media,1
/organization/oodles1card-com,35000.0,2.0,2012.0,2013.0,2013.0,USA,Advertising,0
/organization/oohilove,,1.0,2009.0,2010.0,2010.0,USA,Auctions,0
/organization/oonair,3098400.0,2.0,2009.0,2010.0,2013.0,ESP,Journalism,0
/organization/ooyala,122000000.0,7.0,2007.0,2007.0,2013.0,USA,Analytics,1
/organization/op3nvoice,120000.0,1.0,2011.0,2013.0,2013.0,GBR,Developer APIs,0
/organization/opal-therapeutics,6000000.0,1.0,2005.0,2005.0,2005.0,AUS,Biotechnology,0
/organization/opalis-software,8500000.0,1.0,1999.0,2005.0,2005.0,CAN,Software,1
/organization/opdemand,2650000.0,3.0,2011.0,2011.0,2014.0,USA,Enterprise Software,1
/organization/open-air-publishing,970000.0,2.0,2011.0,2011.0,2012.0,USA,Apps,0
/organization/open-environment-corporation,870578950.0,2.0,1992.0,1994.0,2001.0,,Computers,0
/organization/open-harbor,10000000.0,1.0,1999.0,2001.0,2001.0,USA,Marketing Automation,1
/organization/open-home-pro,35265.0,1.0,2010.0,2011.0,2011.0,USA,iPad,1
/organization/open-kernel-labs,14264323.0,6.0,2006.0,2007.0,2012.0,USA,Enterprises,1
/organization/open-me,,1.0,2013.0,2013.0,2013.0,USA,E-Commerce,0
/organization/open-mile,9000000.0,2.0,2011.0,2011.0,2012.0,USA,Automotive,1
/organization/open-plug,15000000.0,1.0,2002.0,2006.0,2006.0,FRA,Android,0
/organization/open-range-communications,10000000.0,1.0,,2011.0,2011.0,USA,Public Relations,0
/organization/open-services,8000000.0,1.0,,2003.0,2003.0,,Software,0
/organization/open-source-food,10000.0,1.0,2007.0,2007.0,2007.0,JPN,Content,1
/organization/open-sports-network,11221875.0,3.0,2007.0,2009.0,2010.0,USA,Fantasy Sports,0
/organization/open-telematic-platform,16691.0,1.0,,2015.0,2015.0,,Cars,0
/organization/open-xchange,37800000.0,3.0,2005.0,2006.0,2013.0,DEU,Collaboration,0
/organization/openair,16000000.0,1.0,1999.0,2000.0,2000.0,USA,Software,1
/organization/openchime,700000.0,1.0,2010.0,2011.0,2011.0,USA,Curated Web,0
/organization/opendns,51260000.0,5.0,2005.0,2005.0,2014.0,USA,Security,1
/organization/opendoors-su,13000.0,1.0,,2012.0,2012.0,RUS,Property Management,0
/organization/openera,250000.0,1.0,2011.0,2012.0,2012.0,CAN,Cloud Computing,1
/organization/openfeint,3000000.0,1.0,2008.0,2010.0,2010.0,USA,Games,1
/organization/openfinance,607200.0,1.0,2002.0,2006.0,2006.0,ESP,Finance,1
/organization/openlane,10000000.0,1.0,,2008.0,2008.0,USA,Curated Web,1
/organization/openpages,50000000.0,2.0,1996.0,2000.0,2004.0,USA,Enterprise Software,1
/organization/openpeople,242880.0,1.0,,2006.0,2006.0,DEU,Social Media,0
/organization/openreach-2,7000000.0,1.0,,2004.0,2004.0,USA,Networking,0
/organization/openroost-inc,80000.0,1.0,2014.0,2014.0,2014.0,USA,Consumers,0
/organization/openservice,4600000.0,1.0,,2000.0,2000.0,USA,,0
/organization/openspirit,4000000.0,1.0,2000.0,2007.0,2007.0,USA,Software,1
/organization/opentable,48000000.0,3.0,1998.0,1999.0,2000.0,USA,Business Services,1
/organization/opentrust,3850000.0,1.0,2000.0,2005.0,2005.0,FRA,Software,1
/organization/operative-mind,250000.0,1.0,2009.0,2010.0,2010.0,,Advertising,0
/organization/ophthonix,92253803.0,7.0,2000.0,2004.0,2011.0,USA,Biotechnology,0
/organization/opicos,1000000.0,1.0,,2012.0,2012.0,ARG,Polling,0
/organization/opinionaided,7240578.0,3.0,2010.0,2011.0,2013.0,USA,Advice,0
/organization/opinions-h,15000.0,1.0,2009.0,2010.0,2010.0,IND,Advertising,0
/organization/oplus-technologies,10000000.0,1.0,1993.0,2003.0,2003.0,ISR,Semiconductors,1
/organization/opnet-technologies-inc,,1.0,1986.0,1997.0,1997.0,USA,Hardware + Software,1
/organization/opposing-views,2250000.0,2.0,2007.0,2008.0,2011.0,USA,Curated Web,1
/organization/opsens,8500000.0,1.0,,2014.0,2014.0,CAN,Software,0
/organization/opsmatic,3000000.0,1.0,2013.0,2013.0,2013.0,USA,Enterprise Software,1
/organization/opstechnology,4000000.0,1.0,1999.0,2004.0,2004.0,USA,Accounting,1
/organization/opsware,186000000.0,3.0,1999.0,1999.0,2000.0,USA,Software,1
/organization/opta-sportsdata,2950000.0,1.0,2001.0,2008.0,2008.0,GBR,Sports,1
/organization/optate,8300000.0,2.0,,2001.0,2002.0,USA,Health Care,1
/organization/optiant,517018.0,1.0,2000.0,2009.0,2009.0,USA,Web Hosting,1
/organization/optical-entertainment-network,2700000.0,1.0,,2006.0,2006.0,USA,Entertainment,0
/organization/optier,118100000.0,9.0,2005.0,2003.0,2013.0,USA,Analytics,1
/organization/optify,10849999.0,3.0,2008.0,2008.0,2012.0,USA,B2B,0
/organization/optillion,15000000.0,1.0,,2002.0,2002.0,,Optical Communications,0
/organization/optimal,7600000.0,3.0,2008.0,2008.0,2013.0,USA,Advertising,1
/organization/optimal-solutions-integration,225000.0,1.0,,2014.0,2014.0,USA,Information Technology,1
/organization/optimedica,81235886.0,4.0,2004.0,2005.0,2013.0,USA,Biotechnology,1
/organization/optimenga777,428000.0,1.0,2012.0,2013.0,2013.0,RUS,Consulting,0
/organization/optimer-pharmaceuticals,34200000.0,2.0,,2005.0,2005.0,USA,Biotechnology,1
/organization/optimus3,1475000.0,4.0,2010.0,2009.0,2010.0,USA,E-Commerce,0
/organization/optinel-systems,22400000.0,1.0,,2002.0,2002.0,USA,Manufacturing,1
/organization/optinuity,6000000.0,1.0,2004.0,2007.0,2007.0,USA,Enterprise Software,1
/organization/optionease,4000000.0,3.0,2006.0,2007.0,2011.0,USA,Software,1
/organization/optionsxpress,90000000.0,1.0,2000.0,2004.0,2004.0,USA,Brokers,1
/organization/optisolar,132000000.0,1.0,2002.0,2008.0,2008.0,USA,Clean Technology,1
/organization/optisynx,196000.0,1.0,,2008.0,2008.0,GBR,Hardware + Software,0
/organization/optiva-2,21000000.0,1.0,1997.0,2003.0,2003.0,USA,Manufacturing,0
/organization/optivia,500000.0,1.0,,2007.0,2007.0,USA,,0
/organization/optixconnect,250000.0,1.0,,2011.0,2011.0,,Social Media,0
/organization/optomec,6029991.0,1.0,,2015.0,2015.0,,,0
/organization/optyn,209250.0,3.0,2013.0,2013.0,2014.0,USA,Advertising,1
/organization/opun,1240000.0,1.0,2015.0,2015.0,2015.0,GBR,Home & Garden,0
/organization/opus-medical,13600000.0,1.0,,2003.0,2003.0,,,0
/organization/opvista,43000000.0,2.0,2000.0,2006.0,2007.0,USA,Cable,0
/organization/opzi,1015000.0,2.0,2010.0,2010.0,2010.0,USA,Games,0
/organization/or-productivity-2,1430670.45062561,1.0,2011.0,2014.0,2014.0,,,0
/organization/orabrush,3500000.0,3.0,2010.0,2010.0,2011.0,USA,Advertising,1
/organization/orad-hi-tech-systems-ltd,6600000.0,1.0,1993.0,2010.0,2010.0,ISR,3D,1
/organization/orahealth,2089110.0,1.0,2011.0,2011.0,2011.0,USA,Health and Wellness,0
/organization/orange-line-media,414961.0,1.0,,2009.0,2009.0,,Curated Web,0
/organization/orangescape,1000000.0,1.0,2003.0,2012.0,2012.0,IND,Cloud Computing,0
/organization/orangesoda,7500000.0,3.0,2006.0,2006.0,2010.0,USA,Advertising,1
/organization/orasi-medical,5269376.0,2.0,2007.0,2009.0,2010.0,USA,Health Care,0
/organization/orative-corporation,6000000.0,1.0,2002.0,2003.0,2003.0,USA,Enterprise Software,1
/organization/orbiscom,17500000.0,1.0,1999.0,2001.0,2001.0,IRL,Web Development,1
/organization/orbit-media,500000.0,1.0,2010.0,2010.0,2010.0,USA,Audio,0
/organization/orbnetworks,4000000.0,1.0,2004.0,2004.0,2004.0,USA,Software,0
/organization/orchestra-corporation,31000000.0,3.0,1976.0,2004.0,2007.0,USA,Software,1
/organization/orchestrate-io,4220000.0,3.0,2013.0,2013.0,2014.0,USA,Cloud Computing,1
/organization/orderborder,100000.0,1.0,2010.0,2011.0,2011.0,USA,Consumer Electronics,0
/organization/ordermotion,12400000.0,3.0,1994.0,2006.0,2008.0,USA,Software,1
/organization/ordertopia,,1.0,2009.0,2009.0,2009.0,USA,E-Commerce,0
/organization/orderup,10025000.0,3.0,2009.0,2011.0,2014.0,USA,Delivery,1
/organization/ordr-in,1398000.0,5.0,2011.0,2011.0,2014.0,USA,E-Commerce,0
/organization/orex-computed-radiography-ltd,5000000.0,1.0,,2001.0,2001.0,,Health Diagnostics,1
/organization/orga-zone-ag,,1.0,2015.0,2015.0,2015.0,,,0
/organization/organ-transport-systems,70000.0,1.0,,2006.0,2006.0,USA,Health Diagnostics,1
/organization/organic-filter,11456.0,1.0,,2013.0,2013.0,,Clean Technology,0
/organization/orgger,150000.0,1.0,2011.0,2011.0,2011.0,CHN,Curated Web,0
/organization/orgoo,,1.0,2005.0,2007.0,2007.0,USA,Curated Web,0
/organization/oriel-therapeutics,26500000.0,1.0,,2007.0,2007.0,USA,Biotechnology,0
/organization/origami-labs,5163408.0,2.0,2011.0,2011.0,2012.0,USA,Mobile,1
/organization/origen-therapeutics,5743342.0,2.0,1997.0,2007.0,2010.0,USA,Biotechnology,0
/organization/origin-digital,5500000.0,1.0,1997.0,2007.0,2007.0,USA,Games,1
/organization/origin-healthcare-solutions,,1.0,1991.0,2010.0,2010.0,USA,Health and Wellness,1
/organization/ornis,8035277.0,3.0,1990.0,2000.0,2003.0,FRA,Cloud Computing,1
/organization/orphidia-2,50000.0,2.0,,2015.0,2015.0,USA,Health Care,0
/organization/orsus,3000000.0,1.0,,2005.0,2005.0,USA,Software,1
/organization/ortega-infosystems,11800000.0,1.0,1998.0,2002.0,2002.0,USA,Information Security,0
/organization/orthocone,122000.0,1.0,,2010.0,2010.0,SWE,Hardware + Software,0
/organization/orthohelix-surgical-designs,30754692.0,5.0,2005.0,2006.0,2010.0,USA,Hardware + Software,1
/organization/orthomimetics,9812643.91877748,1.0,2005.0,2006.0,2006.0,,Biotechnology,1
/organization/orthopedic-development-corporation,1000000.0,1.0,,2006.0,2006.0,USA,,0
/organization/orthos,1327461.0,1.0,,2010.0,2010.0,GBR,Biotechnology,0
/organization/orthoscan,8325000.0,2.0,2002.0,2008.0,2010.0,USA,Biotechnology,1
/organization/ortiva-wireless,41346439.0,6.0,2004.0,2005.0,2011.0,USA,Mobile,1
/organization/oryon-technologies,1695250.0,1.0,2002.0,2014.0,2014.0,USA,Fashion,0
/organization/oslo-software,5540000.0,2.0,,2006.0,2008.0,FRA,Software,0
/organization/osteobiologics,9200000.0,1.0,1993.0,2003.0,2003.0,USA,Biotechnology,0
/organization/otherinbox,3800000.0,4.0,2008.0,2008.0,2010.0,USA,Email,1
/organization/otterology,850000.0,4.0,2011.0,2013.0,2013.0,USA,Mobile,1
/organization/ottomatika,2256477.0,1.0,,2014.0,2014.0,USA,Auto,1
/organization/ouicar,3859800.0,1.0,2007.0,2014.0,2014.0,FRA,Automotive,1
/organization/ounce-labs,23500000.0,3.0,2002.0,2004.0,2008.0,USA,Software,1
/organization/ourhouse-com,85300000.0,4.0,1999.0,1999.0,2000.0,USA,Curated Web,0
/organization/outerbay-technologies,29000000.0,3.0,1997.0,2002.0,2005.0,USA,Software,1
/organization/outline,892000.0,6.0,2011.0,2011.0,2013.0,USA,Analytics,0
/organization/outline-app,20118.0,1.0,2012.0,2012.0,2012.0,IRL,CRM,0
/organization/outright,7500000.0,2.0,2008.0,2008.0,2009.0,USA,Accounting,1
/organization/outside-in,14400000.0,5.0,2006.0,2007.0,2009.0,USA,Communities,1
/organization/outside-the-classroom,2000000.0,1.0,2000.0,2002.0,2002.0,USA,Curated Web,1
/organization/outsmart,17000000.0,1.0,2001.0,2005.0,2005.0,,Mobile,1
/organization/outspark,23300000.0,3.0,2007.0,2007.0,2009.0,USA,Games,1
/organization/outtrippin,20000.0,1.0,2013.0,2013.0,2013.0,AUS,Online Travel,0
/organization/ouya,33600000.0,3.0,2012.0,2012.0,2015.0,USA,Games,1
/organization/oval-medical-technologies-limited,1877418.0013762,1.0,,2014.0,2014.0,,,0
/organization/ovastasis,,1.0,,2015.0,2015.0,,,0
/organization/overblog,,1.0,2004.0,2006.0,2006.0,FRA,Blogging Platforms,1
/organization/oversi,20800000.0,4.0,2004.0,2004.0,2010.0,ISR,Hardware + Software,1
/organization/overstock-drugstore,2111760.0,2.0,1995.0,2009.0,2011.0,USA,E-Commerce,0
/organization/overture-services,,2.0,1998.0,1998.0,1999.0,GBR,Advertising,1
/organization/overwatch-2,,1.0,,2015.0,2015.0,,Enterprise Security,0
/organization/overwatch-geospatial-operations,,1.0,,1988.0,1988.0,USA,Technology,1
/organization/ovivo-mobile-communications,2180048.0,5.0,2011.0,2013.0,2013.0,GBR,Advertising,0
/organization/owlr,40000.0,1.0,,2013.0,2013.0,CHL,Education,0
/organization/ownenergy,28800000.0,3.0,2007.0,2008.0,2012.0,USA,Clean Technology,1
/organization/oxehealth,3359105.0,1.0,2012.0,2014.0,2014.0,GBR,Software,0
/organization/oxford-automotive,75000000.0,1.0,1995.0,2003.0,2003.0,USA,Automotive,0
/organization/oxford-sciences-innovation-osi,174443498.0,1.0,,2015.0,2015.0,GBR,Innovation Management,0
/organization/oxford-semiconductor,10000000.0,1.0,1992.0,2006.0,2006.0,USA,Semiconductors,1
/organization/oxilia,223245.0,1.0,2013.0,2015.0,2015.0,,Application Platforms,0
/organization/oxitec,36611963.0,6.0,2002.0,2005.0,2014.0,GBR,Biotechnology,1
/organization/oxonica,22455181.0,2.0,,2005.0,2007.0,GBR,Health Diagnostics,1
/organization/oxxon-therapeutics,23566995.0,1.0,1999.0,2003.0,2003.0,GBR,Bio-Pharm,1
/organization/oxygen-solutions,,1.0,,1998.0,1998.0,GBR,,0
/organization/oxynade,1514366.0,3.0,2007.0,2007.0,2008.0,BEL,Curated Web,0
/organization/oyco-systems,1190000.0,1.0,,2008.0,2008.0,,Curated Web,0
/organization/oyster-hotel-reviews,20400000.0,3.0,2008.0,2008.0,2011.0,USA,Travel,1
/organization/oysterbooks-com,17000000.0,2.0,2012.0,2012.0,2014.0,USA,E-Books,0
/organization/oz-communications,34000000.0,2.0,1991.0,2004.0,2006.0,CAN,Software,1
/organization/ozmo-devices,41289900.0,6.0,2004.0,2006.0,2012.0,USA,Hardware + Software,0
/organization/ozone-purification-ltd,,1.0,,2015.0,2015.0,,,0
/organization/p-cube,,1.0,1999.0,2002.0,2002.0,USA,Information Services,1
/organization/p21,13623000.0,1.0,,2009.0,2009.0,DEU,Clean Technology,1
/organization/p2p-protect-co,,1.0,,2015.0,2015.0,,Services,0
/organization/p3-new-media,,1.0,2007.0,2008.0,2008.0,USA,,0
/organization/pa-semi,86000000.0,3.0,,2006.0,2009.0,USA,Semiconductors,1
/organization/paceline-systems,20000000.0,1.0,,2001.0,2001.0,,Computers,0
/organization/pacer-electronics,,1.0,1975.0,1996.0,1996.0,USA,,1
/organization/pacific-pathway,,1.0,,2007.0,2007.0,USA,,0
/organization/pacinian,350000.0,1.0,2007.0,2008.0,2008.0,USA,Hardware + Software,0
/organization/packet-island,2000000.0,1.0,,2006.0,2006.0,USA,SaaS,1
/organization/packetexchange,15000000.0,2.0,2001.0,2004.0,2008.0,GBR,Cloud Computing,1
/organization/packetfront,59514142.9704608,2.0,2001.0,2004.0,2008.0,SWE,Internet,1
/organization/packethop,10000000.0,1.0,2002.0,2005.0,2005.0,USA,Automotive,0
/organization/packetmotion-inc,21170000.0,4.0,2002.0,2006.0,2010.0,USA,Enterprise Software,1
/organization/packettrap,5500000.0,1.0,2006.0,2007.0,2007.0,USA,Apps,1
/organization/packetvideo,105500000.0,2.0,1998.0,2009.0,2013.0,USA,Software,1
/organization/pactas-gmbh,,1.0,,2011.0,2011.0,DEU,Billing,0
/organization/padcom,10000000.0,1.0,1989.0,2005.0,2005.0,USA,Mobile,1
/organization/paddle-mobile-payments,235536.0,1.0,2012.0,2012.0,2012.0,GBR,Mobile,0
/organization/pagatodo-mobile,,1.0,2011.0,2011.0,2011.0,MEX,Mobile,0
/organization/page-foundry,8100000.0,4.0,,2010.0,2011.0,USA,Software,0
/organization/pageflakes,4100000.0,2.0,2006.0,2006.0,2008.0,USA,Curated Web,1
/organization/pagelever,,1.0,2010.0,2011.0,2011.0,USA,Public Relations,1
/organization/pageonce,47000000.0,4.0,2007.0,2008.0,2013.0,USA,Mobile,1
/organization/pagopago,800000.0,1.0,2011.0,2011.0,2011.0,BRA,Advertising,0
/organization/painceptor-pharma,20677966.1016949,1.0,,2007.0,2007.0,,,0
/organization/paisley,10000000.0,1.0,,2004.0,2004.0,USA,Software,1
/organization/palisade-systems,8175324.0,4.0,1996.0,2005.0,2011.0,USA,Enterprise Software,1
/organization/palm,100000000.0,1.0,1992.0,2008.0,2008.0,USA,Mobile,1
/organization/panaya,69000000.0,6.0,2006.0,2006.0,2015.0,USA,Software,1
/organization/pancetera,5000000.0,1.0,,2009.0,2009.0,USA,Enterprise Software,1
/organization/pando-networks,19119999.0,3.0,2004.0,2006.0,2008.0,USA,Content Delivery,1
/organization/panelfly,1210000.0,2.0,,2011.0,2011.0,USA,Mobile,0
/organization/pango-networks,10000000.0,1.0,1999.0,2005.0,2005.0,USA,Enterprise Software,1
/organization/pani-networks,,1.0,2014.0,2015.0,2015.0,,,0
/organization/panoptic-security,,1.0,,2010.0,2010.0,USA,Software,1
/organization/panoramic-power,26500000.0,5.0,2009.0,2011.0,2014.0,ISR,Clean Technology,1
/organization/panta-systems,9500000.0,1.0,2002.0,2005.0,2005.0,USA,Enterprise Software,0
/organization/pantec-biosolutions,5591715.97633136,1.0,,2007.0,2007.0,LIE,Bio-Pharm,0
/organization/pantheon-park,,1.0,,2015.0,2015.0,GBR,,0
/organization/panther-express,21750000.0,2.0,2005.0,2006.0,2008.0,USA,Audio,1
/organization/panvidea,2700000.0,1.0,2007.0,2010.0,2010.0,USA,Cloud Computing,1
/organization/papa-gino-s,1024999.0,1.0,,2004.0,2004.0,USA,Food Processing,0
/organization/paperdodo-inc,50000.0,1.0,2013.0,2015.0,2015.0,CAN,Billing,0
/organization/paperkarma,8000000.0,2.0,2010.0,2012.0,2013.0,USA,Apps,1
/organization/papershare,2400000.0,2.0,2011.0,2011.0,2013.0,USA,Advertising,1
/organization/papirus,500000.0,1.0,,2012.0,2012.0,,Apps,0
/organization/paprika-lab,3200000.0,2.0,2007.0,2009.0,2010.0,KOR,B2B,1
/organization/para-protect-inc,1100000.0,1.0,,1999.0,1999.0,USA,,0
/organization/paraccel,84491709.0,6.0,2007.0,2007.0,2012.0,USA,Analytics,1
/organization/paracor-medical,44000000.0,1.0,1999.0,2007.0,2007.0,USA,Health Care,0
/organization/paragon-networks-international,12500000.0,1.0,1985.0,2001.0,2001.0,USA,Internet,1
/organization/paragon-software-2,,1.0,,1998.0,1998.0,GBR,,0
/organization/parakey,,1.0,,2007.0,2007.0,USA,Curated Web,1
/organization/parallel-universe,,2.0,2012.0,2012.0,2014.0,,Software,0
/organization/parallocity,,3.0,,2005.0,2012.0,IND,Analytics,0
/organization/parametric-dining,320000.0,2.0,2012.0,2012.0,2013.0,USA,Analytics,0
/organization/parascale,11370000.0,1.0,2005.0,2008.0,2008.0,USA,Enterprise Software,1
/organization/parastructure,2500000.0,1.0,2012.0,2013.0,2013.0,USA,Big Data,1
/organization/paratek,50000000.0,3.0,,2004.0,2008.0,USA,Mobile,1
/organization/parature,30234350.0,3.0,2000.0,2006.0,2010.0,USA,Customer Service,1
/organization/paratus-clinical,,1.0,,2015.0,2015.0,AUS,,0
/organization/parentplus,100000.0,1.0,,2007.0,2007.0,,Biotechnology,0
/organization/parents-r-people,90000.0,1.0,,2008.0,2008.0,USA,Parenting,0
/organization/pareto-networks,6294996.0,2.0,2007.0,2009.0,2010.0,USA,Enterprise Software,1
/organization/parfemy-cz,,1.0,,2014.0,2014.0,,,0
/organization/parkables,16691.0,1.0,,2015.0,2015.0,,Mobile,0
/organization/parking-in-motion,8297000.0,2.0,2009.0,2011.0,2012.0,USA,Android,1
/organization/parklet,1500000.0,1.0,2012.0,2015.0,2015.0,USA,Analytics,1
/organization/parklu,,1.0,2011.0,2014.0,2014.0,,,0
/organization/parkner,12500.0,1.0,,2015.0,2015.0,,Alumni,0
/organization/parkvu,870000.0,3.0,2008.0,2010.0,2012.0,USA,Mobile,0
/organization/parlance,,1.0,,2015.0,2015.0,,,0
/organization/parlano,4500000.0,1.0,2000.0,2004.0,2004.0,USA,Enterprise Software,1
/organization/paronk-consulting-llc,,1.0,2015.0,2015.0,2015.0,USA,Consulting,0
/organization/parse,7000000.0,2.0,2011.0,2011.0,2011.0,USA,Android,1
/organization/parstream,13600000.0,2.0,2011.0,2012.0,2013.0,USA,Analytics,1
/organization/particle,900000.0,1.0,2008.0,2012.0,2012.0,USA,Curated Web,1
/organization/particle-code,3000000.0,1.0,2010.0,2010.0,2010.0,USA,Software,1
/organization/partnerbyte,100000.0,1.0,,2006.0,2006.0,TUR,Software,0
/organization/partnerpedia,,1.0,1996.0,2009.0,2009.0,,App Stores,1
/organization/parts,,2.0,,2015.0,2015.0,AUS,Analytics,0
/organization/partyindk,,1.0,,2015.0,2015.0,DNK,Media,0
/organization/passbox,5000000.0,1.0,2011.0,2012.0,2012.0,USA,Curated Web,0
/organization/passlogix,11500000.0,1.0,1996.0,2002.0,2002.0,USA,Enterprise Software,1
/organization/passpack,646740.0,2.0,2008.0,2008.0,2009.0,ITA,Curated Web,1
/organization/passwordbank,3500000.0,2.0,2008.0,2008.0,2009.0,FRA,Security,1
/organization/passwordbox,8200000.0,2.0,2012.0,2012.0,2013.0,USA,File Sharing,1
/organization/pasteuria-bioscience,8350000.0,3.0,2003.0,2005.0,2009.0,USA,Finance,1
/organization/path,74800000.0,5.0,2010.0,2010.0,2014.0,USA,Mobile,1
/organization/path-logic,2500000.0,1.0,,2010.0,2010.0,USA,Biotechnology,1
/organization/path-to,1500000.0,1.0,2011.0,2012.0,2012.0,USA,Curated Web,0
/organization/path101,550000.0,2.0,,2008.0,2009.0,USA,Career Management,0
/organization/pathbrite,11700000.0,4.0,2012.0,2011.0,2014.0,USA,EdTech,1
/organization/pathcentral,14907283.0,3.0,,2010.0,2012.0,USA,Enterprise Software,1
/organization/pathlore,10000000.0,1.0,,2001.0,2001.0,,Information Technology,0
/organization/pathscale,15000000.0,1.0,,2004.0,2004.0,USA,Computers,1
/organization/pathway-medical-technologies,52433800.0,2.0,,2009.0,2010.0,USA,Health Care,1
/organization/pathway-therapeutics,24400000.0,5.0,2008.0,2008.0,2013.0,USA,Biotechnology,0
/organization/patient-safety-technologies,15788674.0,3.0,,2009.0,2010.0,USA,Health and Wellness,1
/organization/patientkeeper,93708653.0,10.0,1996.0,2000.0,2012.0,USA,Physicians,1
/organization/patton-surgical,,1.0,2003.0,2004.0,2004.0,USA,,1
/organization/paver-downes-associates,3008197.0,2.0,1997.0,2006.0,2010.0,GBR,Messaging,0
/organization/pawaa-software,409299.0,1.0,2007.0,2009.0,2009.0,USA,Data Security,1
/organization/pawisda-systems,,1.0,,2009.0,2009.0,DEU,,1
/organization/pawspot,600000.0,1.0,2005.0,2007.0,2007.0,USA,Pets,0
/organization/pawzii,35000.0,1.0,2013.0,2014.0,2014.0,USA,Pets,0
/organization/pax-streamline,6000000.0,1.0,,2008.0,2008.0,USA,Clean Technology,0
/organization/paxfire,2200000.0,3.0,2003.0,2003.0,2005.0,USA,Software,0
/organization/pay-by-touch,25000000.0,1.0,2002.0,2004.0,2004.0,USA,Biometrics,0
/organization/pay-with-cover,7000000.0,2.0,,2013.0,2014.0,USA,E-Commerce,1
/organization/paybubble,30000.0,1.0,,2011.0,2011.0,,Mobile,0
/organization/paycycle,8500000.0,1.0,,2005.0,2005.0,USA,Enterprise Software,1
/organization/paydiant,34600000.0,3.0,2010.0,2011.0,2013.0,USA,Mobile Commerce,1
/organization/paydivvy,1310000.0,3.0,2009.0,2009.0,2012.0,USA,Social Media,1
/organization/payease,14500000.0,1.0,2000.0,2006.0,2006.0,USA,E-Commerce,1
/organization/paymentusa-2,,1.0,,2000.0,2000.0,USA,Business Services,0
/organization/paymio,50000.0,1.0,2009.0,2009.0,2009.0,USA,Finance,0
/organization/paymo,5000000.0,1.0,,2008.0,2008.0,USA,Games,1
/organization/payorpass,660000.0,1.0,2012.0,2012.0,2012.0,USA,E-Commerce,0
/organization/paypal,197000000.0,5.0,1998.0,1999.0,2001.0,USA,E-Commerce,1
/organization/payparade,200000.0,2.0,2007.0,2008.0,2009.0,USA,Advertising,0
/organization/payscale,33386478.0,8.0,2002.0,2004.0,2011.0,USA,Databases,1
/organization/payvment,7750000.0,3.0,2009.0,2009.0,2010.0,USA,Developer APIs,1
/organization/paywhere-pte-ltd,482786.0,1.0,,2012.0,2012.0,SGP,E-Commerce,1
/organization/pcb-ng-2,485000.0,1.0,,2015.0,2015.0,,Electronics,0
/organization/pcd-partners,,1.0,,2011.0,2011.0,USA,Health Care,0
/organization/peak-2,12700000.0,2.0,2000.0,2002.0,2006.0,USA,Business Services,1
/organization/peak-surgical,29000000.0,2.0,,2006.0,2008.0,USA,Health Care,1
/organization/peakdale-molecular,1967780.86792255,1.0,1992.0,2008.0,2008.0,GBR,Life Sciences,0
/organization/peakstream,22000000.0,2.0,2005.0,2005.0,2006.0,USA,Software,1
/organization/peanutlabs,4200000.0,2.0,2005.0,2006.0,2008.0,USA,Social Media,1
/organization/pearescope,325000.0,2.0,2009.0,2010.0,2011.0,USA,Facebook Applications,0
/organization/pearl-llc,400000.0,1.0,,2015.0,2015.0,,Apps,0
/organization/pearl-therapeutics,247500100.0,7.0,2006.0,2007.0,2013.0,USA,Biotechnology,1
/organization/pebbles-interfaces,11450000.0,2.0,2010.0,2011.0,2013.0,ISR,Hardware + Software,1
/organization/peco-pallet,,1.0,1997.0,2011.0,2011.0,USA,,0
/organization/pedestal-inc,55000000.0,2.0,2000.0,1999.0,2000.0,USA,Marketplaces,0
/organization/pedestal-networks,20000000.0,1.0,2001.0,2004.0,2004.0,USA,Internet,1
/organization/pedestal-software,5280000.0,1.0,,2003.0,2003.0,USA,Software,0
/organization/pedidosya,7500000.0,4.0,2009.0,2011.0,2013.0,URY,E-Commerce,1
/organization/peek-co,5576096.0,3.0,2007.0,2008.0,2011.0,USA,Apps,0
/organization/peekaboo-mobile,,1.0,2010.0,2010.0,2010.0,USA,Mobile,1
/organization/peer39,29915001.0,7.0,2006.0,2006.0,2012.0,USA,Advertising,1
/organization/peeraspect,100000.0,1.0,2012.0,2015.0,2015.0,,B2B,0
/organization/peerflix,10000000.0,2.0,,2005.0,2005.0,USA,Advertising,1
/organization/peerindex,3799671.0,3.0,2009.0,2009.0,2014.0,GBR,Analytics,1
/organization/peerme,5000000.0,1.0,2004.0,2005.0,2005.0,USA,Games,0
/organization/peerpong,2800000.0,1.0,2006.0,2010.0,2010.0,USA,Curated Web,0
/organization/pegase-medical,2795031.05590062,1.0,,2007.0,2007.0,CAN,,0
/organization/pegasus-technologies,9800000.0,2.0,1991.0,2005.0,2006.0,ISR,Hardware + Software,1
/organization/pelago,22400000.0,3.0,2005.0,2006.0,2008.0,USA,Gps,1
/organization/pellet-art,9500000.0,1.0,2004.0,2007.0,2007.0,,,0
/organization/pencil-labs,,1.0,,2013.0,2013.0,USA,iOS,1
/organization/penguin-computing,19392757.0,6.0,1998.0,2006.0,2011.0,USA,Software,1
/organization/peninsula-pharmaceuticals-inc,80000000.0,2.0,2001.0,2002.0,2004.0,USA,Bio-Pharm,1
/organization/penistone-road,,1.0,,2015.0,2015.0,GBR,,0
/organization/pentaho,71995394.0,5.0,2004.0,2005.0,2012.0,USA,Analytics,1
/organization/people-and-pages,,1.0,,2008.0,2008.0,,Software,0
/organization/people-capital,2500000.0,1.0,2008.0,2009.0,2009.0,USA,Credit Cards,0
/organization/people-operating-technology,500000.0,1.0,2009.0,2009.0,2009.0,,Entrepreneur,0
/organization/people-over-pixels,1000000.0,1.0,,2015.0,2015.0,,Services,0
/organization/people-to-remember,25000.0,1.0,2010.0,2010.0,2010.0,USA,E-Commerce,0
/organization/peopleadmin,,1.0,2000.0,2008.0,2008.0,USA,Education,1
/organization/peoplecube,17000000.0,1.0,1995.0,2007.0,2007.0,USA,Software,1
/organization/peopleeasy-com-2,,1.0,2015.0,2015.0,2015.0,,,0
/organization/peoplefilter,4500000.0,1.0,2000.0,2006.0,2006.0,USA,Software,1
/organization/peoples-software-company,,1.0,2008.0,2008.0,2008.0,USA,Finance,0
/organization/peoplestring,175000.0,1.0,,2009.0,2009.0,USA,Software,1
/organization/pepcom,50326957.0,1.0,,2002.0,2002.0,DEU,Broadcasting,1
/organization/pepfeed,,1.0,2014.0,2015.0,2015.0,,,0
/organization/pepper-4,,1.0,2010.0,2010.0,2010.0,,Application Platforms,0
/organization/peppercoin,10000000.0,1.0,2001.0,2005.0,2005.0,USA,Software,1
/organization/peptimmune,68760000.0,3.0,,2003.0,2008.0,USA,Biotechnology,1
/organization/percello,12000000.0,1.0,2007.0,2008.0,2008.0,ISR,Semiconductors,1
/organization/perceptis,7500000.0,2.0,2004.0,2010.0,2013.0,USA,BPO Services,1
/organization/perceptive-pixel,250000.0,1.0,,2009.0,2009.0,USA,Security,1
/organization/perch-goods,750000.0,1.0,,2015.0,2015.0,USA,Consumer Goods,0
/organization/percutaneous-valve-technologies-pvt,19500000.0,2.0,1999.0,2001.0,2003.0,USA,Health Care Information Technology,1
/organization/peregrine-semiconductor,40600000.0,2.0,1990.0,2003.0,2004.0,USA,Semiconductors,1
/organization/perfect-audience,1100000.0,1.0,,2012.0,2012.0,USA,Advertising,1
/organization/perfect-escapes,2500000.0,1.0,2006.0,2007.0,2007.0,USA,Travel,0
/organization/perfect-market,30600000.0,3.0,2007.0,2008.0,2011.0,USA,Advertising,1
/organization/perfect-world-2,95000.0,1.0,,2015.0,2015.0,GBR,Consumer Goods,0
/organization/performable,3000000.0,1.0,2009.0,2010.0,2010.0,USA,Advertising,1
/organization/performance-technology,1060000.0,1.0,,2005.0,2005.0,USA,Software,1
/organization/performaworks,13000000.0,1.0,1999.0,2003.0,2003.0,USA,Software,1
/organization/periscape,14000.0,1.0,,2010.0,2010.0,USA,Social Media,0
/organization/periscope-co,,1.0,2014.0,2014.0,2014.0,,Apps,1
/organization/perlecan-pharma-private,52500000.0,1.0,,2005.0,2005.0,IND,Bio-Pharm,0
/organization/permeo,12000000.0,2.0,2001.0,2002.0,2003.0,USA,Information Services,1
/organization/permissiontv,9000000.0,3.0,2005.0,2004.0,2007.0,USA,Entertainment,0
/organization/persay,4700000.0,2.0,2000.0,2006.0,2008.0,USA,Security,1
/organization/perser-corp,4000.0,1.0,2011.0,2011.0,2011.0,USA,Android,0
/organization/personal-heroes,175000.0,1.0,,2015.0,2015.0,,Information Technology,0
/organization/personal-on-demand,250000.0,1.0,2007.0,2008.0,2008.0,,Curated Web,0
/organization/personal-web-systems,1200000.0,1.0,,2009.0,2009.0,USA,Software,0
/organization/personalized-media,340419.0,1.0,2012.0,2012.0,2012.0,USA,Advertising,0
/organization/perspecsys,20000000.0,3.0,2009.0,2010.0,2013.0,CAN,Cloud Security,1
/organization/persystent-technology,25892230.0,5.0,2002.0,2003.0,2010.0,USA,Software,1
/organization/pertrac-financial-solutions,63000000.0,1.0,1996.0,2005.0,2005.0,USA,Analytics,1
/organization/pervasis-therapeutics,40030000.0,4.0,,2004.0,2009.0,USA,Biotechnology,0
/organization/perzo,5500000.0,2.0,2012.0,2013.0,2014.0,USA,Collaboration,1
/organization/pet360,18000000.0,1.0,2011.0,2011.0,2011.0,USA,Pets,1
/organization/petizens-com,250000.0,1.0,2007.0,2007.0,2007.0,,Pets,0
/organization/petlynx-corporation,6579383.0,3.0,2001.0,2001.0,2011.0,CAN,Subscription Service,0
/organization/petopia-com,45000000.0,2.0,,1999.0,2000.0,,,0
/organization/petra-solar,53999987.0,2.0,2006.0,2007.0,2010.0,USA,Clean Technology,0
/organization/petravm,6000000.0,2.0,2008.0,2009.0,2011.0,USA,Software,0
/organization/petsmart,,2.0,1986.0,1991.0,1991.0,USA,Enterprises,1
/organization/petvet-technologies-inc,,1.0,2015.0,2015.0,2015.0,USA,,0
/organization/pevion-biotech,29160000.0,1.0,,2007.0,2007.0,,Biotechnology,0
/organization/pext,,1.0,,2015.0,2015.0,,Apps,0
/organization/pgp-corporation,65277712.0,5.0,1996.0,2002.0,2010.0,USA,Software,1
/organization/pgp-trustcenter,8500000.0,1.0,1997.0,2007.0,2007.0,USA,Security,1
/organization/ph03nix-new-media,1100000.0,1.0,,2009.0,2009.0,CAN,Games,0
/organization/phanfare,5000000.0,4.0,,2005.0,2007.0,USA,Curated Web,0
/organization/pharmacopeia,7630000.0,1.0,1993.0,2005.0,2005.0,USA,Biotechnology,1
/organization/pharmacy-tv-network,1200000.0,1.0,,2005.0,2005.0,,Independent Pharmacies,0
/organization/pharmanation,25000000.0,1.0,,2007.0,2007.0,USA,Curated Web,0
/organization/pharmedium-healthcare,,1.0,,2007.0,2007.0,USA,Pharmaceuticals,1
/organization/pharmion,40000000.0,1.0,,2002.0,2002.0,USA,Pharmaceuticals,1
/organization/phase-eight,,1.0,,2011.0,2011.0,GBR,Fashion,1
/organization/phase-forward,25000000.0,1.0,1997.0,2000.0,2000.0,USA,Clinical Trials,1
/organization/phasebridge,,1.0,,2005.0,2005.0,USA,,0
/organization/phd-virtual-technologies,4000000.0,3.0,2005.0,2011.0,2013.0,USA,Enterprise Software,1
/organization/pheed,3500000.0,2.0,2012.0,2012.0,2013.0,USA,iOS,1
/organization/phenex-pharmaceuticals,12921240.0,2.0,2002.0,2005.0,2010.0,DEU,Biotechnology,1
/organization/phenomix,72955935.0,3.0,,2002.0,2010.0,USA,Biotechnology,0
/organization/philanthropedia,500000.0,1.0,,2009.0,2009.0,USA,Nonprofits,1
/organization/phillips---temro-industries,5000000.0,1.0,,2002.0,2002.0,USA,Design,1
/organization/phoenix-technologies,20300000.0,1.0,1979.0,2010.0,2010.0,USA,Software,1
/organization/phokki,45000.0,1.0,2008.0,2008.0,2008.0,,Art,0
/organization/phonetell,1000000.0,1.0,2009.0,2010.0,2010.0,USA,Apps,0
/organization/phonitive,534000.0,1.0,2010.0,2013.0,2013.0,FRA,Advertising,0
/organization/photobox,5000000.0,2.0,2000.0,2005.0,2007.0,GBR,E-Commerce,1
/organization/photobucket,38986432.0,11.0,2003.0,2005.0,2015.0,USA,Curated Web,1
/organization/photofix-uk,16090.0,1.0,2011.0,2011.0,2011.0,GBR,Advertising,0
/organization/photon-fluid,,2.0,,2014.0,2014.0,USA,3D Printing,0
/organization/photonic-materials,25795004.0,4.0,,2001.0,2004.0,GBR,Electronics,0
/organization/photop-technologies,13500000.0,1.0,2003.0,2007.0,2007.0,CHN,Hardware + Software,1
/organization/photorocket,1725834.0,2.0,2009.0,2010.0,2010.0,USA,Photography,0
/organization/photosecure,,1.0,1998.0,2002.0,2002.0,USA,,1
/organization/photothera,80500000.0,2.0,1997.0,2006.0,2009.0,USA,Biotechnology,0
/organization/photoworks,6500000.0,1.0,,2004.0,2004.0,USA,Curated Web,1
/organization/photpharmics,4140000.0,2.0,,2012.0,2015.0,USA,Health Care,0
/organization/php-fog,9900000.0,3.0,2010.0,2010.0,2011.0,USA,Apps,1
/organization/phrazit,,1.0,2008.0,2008.0,2008.0,,Curated Web,0
/organization/phu-nhuan-jewelry-joint-stock-company,13680000.0,1.0,1988.0,2008.0,2008.0,,Jewelry,0
/organization/phurnace-software,10000000.0,2.0,2007.0,2007.0,2008.0,USA,Software,1
/organization/phyflex-networks,20190000.0,2.0,2000.0,2004.0,2005.0,USA,Web Hosting,1
/organization/phylogy,3000000.0,1.0,2003.0,2009.0,2009.0,USA,Web Hosting,0
/organization/phylos,25000000.0,1.0,,2001.0,2001.0,USA,Biotechnology,0
/organization/physicians-formula,,1.0,1937.0,2003.0,2003.0,USA,Cosmetics,1
/organization/physiostream,,1.0,,2007.0,2007.0,USA,,0
/organization/physiowave,3960155.0,1.0,,2015.0,2015.0,USA,Health and Wellness,0
/organization/physware,11544000.0,4.0,2006.0,2008.0,2012.0,USA,Enterprise Software,1
/organization/pi-corporation,9400000.0,1.0,2003.0,2006.0,2006.0,USA,Enterprise Software,1
/organization/piauto,250000.0,1.0,2011.0,2011.0,2011.0,USA,Automotive,0
/organization/pibox,100000.0,1.0,2014.0,2014.0,2014.0,UKR,Apps,0
/organization/pic5,25000.0,1.0,,2013.0,2013.0,,Photo Editing,0
/organization/picad-media,3915000.0,2.0,2008.0,2010.0,2010.0,USA,Advertising,1
/organization/picapp,3200000.0,1.0,2008.0,2008.0,2008.0,USA,Blogging Platforms,1
/organization/picateers,12100000.0,2.0,2005.0,2006.0,2008.0,USA,Curated Web,0
/organization/pick-a-student,40000.0,1.0,,2011.0,2011.0,USA,All Students,0
/organization/pickie,1000000.0,2.0,2011.0,2012.0,2012.0,USA,E-Commerce,1
/organization/pickingo,1300000.0,1.0,,2015.0,2015.0,IND,B2B,1
/organization/picklify,13000.0,1.0,2012.0,2012.0,2012.0,USA,E-Commerce,0
/organization/pickpark,15574.0,1.0,,2008.0,2008.0,DEU,Software,0
/organization/pickrset,100000.0,1.0,,2007.0,2007.0,USA,Concerts,0
/organization/pickspal,15000000.0,4.0,,2005.0,2007.0,USA,Games,1
/organization/picloud,1400000.0,1.0,2009.0,2010.0,2010.0,USA,Cloud Computing,1
/organization/picochip,120500000.0,7.0,2000.0,2001.0,2010.0,GBR,Software,1
/organization/picolight,49500000.0,3.0,1995.0,2004.0,2006.0,USA,Web Hosting,1
/organization/picomize,12000.0,1.0,,2011.0,2011.0,USA,Advertising,0
/organization/picostorm-code-labs,401201.0,1.0,2009.0,2011.0,2011.0,CAN,Curated Web,0
/organization/pict,1400000.0,2.0,2012.0,2012.0,2013.0,USA,E-Commerce,1
/organization/pictela,3499997.0,4.0,2008.0,2009.0,2010.0,USA,Advertising,1
/organization/pictorama,,1.0,2011.0,2012.0,2012.0,DEU,E-Commerce,0
/organization/pictorious-photo,25000.0,1.0,2011.0,2012.0,2012.0,USA,Mobile,0
/organization/picturae,,1.0,,2011.0,2011.0,NLD,,0
/organization/pictureiq,16000000.0,1.0,1998.0,2000.0,2000.0,USA,Software,0
/organization/piczo,11000000.0,1.0,1990.0,2007.0,2007.0,USA,Social Media,1
/organization/pieceable,,1.0,2011.0,2011.0,2011.0,USA,Mobile,1
/organization/pier-inc,2000000.0,1.0,2014.0,2014.0,2014.0,USA,Apps,0
/organization/pigmata-media,5000.0,1.0,2007.0,2008.0,2008.0,PHL,Interface Design,0
/organization/piictu,1730000.0,3.0,2011.0,2011.0,2012.0,USA,Crowdsourcing,1
/organization/piki,20000.0,1.0,,2010.0,2010.0,MEX,Crowdsourcing,0
/organization/pikum,5920000.0,2.0,2007.0,2007.0,2008.0,GBR,Gambling,0
/organization/pilot-ai-labs,,1.0,2015.0,2015.0,2015.0,,Artificial Intelligence,0
/organization/pilot-software-inc-,11000000.0,2.0,2002.0,2002.0,2003.0,,Business Development,1
/organization/pin-or-peg,15580.0,1.0,,2011.0,2011.0,GBR,E-Commerce,0
/organization/pinch-media,560001.0,3.0,2008.0,2008.0,2010.0,USA,Advertising,1
/organization/pinchd,,1.0,2009.0,2009.0,2009.0,,Consumer Internet,0
/organization/pinevio,22664.0,1.0,,2011.0,2011.0,USA,Interest Graph,0
/organization/ping-fm,,2.0,1986.0,2008.0,2009.0,USA,Curated Web,1
/organization/pingco-com,1000000.0,1.0,,2006.0,2006.0,CHN,Software,0
/organization/pingtune-2,1600000.0,1.0,,2013.0,2013.0,,Music,1
/organization/pinion-gg,,2.0,2009.0,2012.0,2013.0,AUS,Games,1
/organization/pinkdingo,1400000.0,1.0,2009.0,2011.0,2011.0,USA,Curated Web,0
/organization/pinkelstar,500000.0,1.0,2010.0,2010.0,2010.0,NLD,Android,0
/organization/pinnacle-engines,13500000.0,2.0,2007.0,2011.0,2014.0,USA,Clean Technology,0
/organization/pinpoint-networks,,1.0,,2002.0,2002.0,,,0
/organization/pinpoint-selling,2373417.72151899,1.0,,2007.0,2007.0,USA,,0
/organization/pinscriptive-inc,615000.0,1.0,2015.0,2015.0,2015.0,,Analytics,0
/organization/pinstant-karma,,1.0,,2012.0,2012.0,USA,Social Media,0
/organization/pintex-pharmaceuticals,7250000.0,1.0,2000.0,2002.0,2002.0,USA,Pharmaceuticals,1
/organization/pintics,10000.0,1.0,2012.0,2012.0,2012.0,USA,Curated Web,0
/organization/pioneer-surgical-technology,61000000.0,3.0,,2006.0,2008.0,,Health Care,1
/organization/pipeline-biomedical-holdings,11200000.0,2.0,,2012.0,2013.0,USA,Biotechnology,1
/organization/pipette,,1.0,,2011.0,2011.0,USA,Health and Wellness,1
/organization/piramed,13200000.0,1.0,2001.0,2003.0,2003.0,GBR,Biotechnology,1
/organization/pirate-pay,115000.0,1.0,,2012.0,2012.0,,Content,0
/organization/piston-cloud-computing,28830989.0,7.0,2011.0,2011.0,2015.0,USA,Cloud Computing,1
/organization/pitchbrite,200000.0,1.0,2011.0,2011.0,2011.0,USA,Curated Web,1
/organization/pittsburgh-center-for-kidney-research,5800000.0,1.0,,2013.0,2013.0,,Education,0
/organization/pivot,13100000.0,3.0,2004.0,2004.0,2012.0,USA,Financial Services,1
/organization/pivot-medical,42725003.0,4.0,,2009.0,2011.0,USA,Health Care,1
/organization/pivotal-therapeutics,7498349.0,1.0,,2014.0,2014.0,CAN,Biotechnology,0
/organization/pivotlink-formerly-seatab,45585068.0,6.0,1998.0,2007.0,2013.0,USA,Analytics,1
/organization/pixable,6100000.0,2.0,2009.0,2010.0,2011.0,USA,Digital Media,1
/organization/pixelapse,,2.0,2011.0,2012.0,2012.0,USA,Collaboration,1
/organization/pixeloptics,92505372.0,4.0,2005.0,2008.0,2013.0,USA,Health Care,0
/organization/pixelpipe,2300000.0,2.0,2008.0,2007.0,2011.0,USA,Blogging Platforms,0
/organization/pixelplay,2000000.0,1.0,2002.0,2004.0,2004.0,,Entertainment,1
/organization/pixily,1000000.0,1.0,2007.0,2011.0,2011.0,USA,Document Management,0
/organization/pixim,90832109.0,8.0,,2001.0,2011.0,USA,Hardware + Software,1
/organization/pixsense,7400000.0,2.0,2003.0,2006.0,2007.0,USA,Mobile,0
/organization/pixstream,8470000.0,1.0,,1999.0,1999.0,CAN,App Stores,1
/organization/pixtronix,53700000.0,6.0,2005.0,2005.0,2011.0,USA,Displays,1
/organization/pizzatime,,1.0,2010.0,2013.0,2013.0,CZE,Curated Web,1
/organization/placeavote-com,500000.0,2.0,2014.0,2014.0,2015.0,,Governance,0
/organization/placeblogger,5000000.0,1.0,,2007.0,2007.0,,Curated Web,0
/organization/placeling,,1.0,2011.0,2011.0,2011.0,CAN,Mobile,0
/organization/placemark,,2.0,,2004.0,2009.0,USA,Investment Management,1
/organization/placetel,,1.0,2007.0,2010.0,2010.0,DEU,Telecommunications,1
/organization/placevine,500000.0,1.0,2007.0,2009.0,2009.0,USA,Advertising,1
/organization/plan-a-drink,,1.0,,2012.0,2012.0,USA,Meeting Software,0
/organization/planandoo,50000.0,1.0,,2012.0,2012.0,ARG,Career Planning,0
/organization/plandai-biotechnology,15300000.0,1.0,,2014.0,2014.0,USA,Biotechnology,0
/organization/planet-metrics,2300000.0,1.0,2007.0,2008.0,2008.0,USA,Clean Technology,0
/organization/planet-organic,,1.0,,2007.0,2007.0,,,1
/organization/planeta-ru,1000000.0,1.0,,2013.0,2013.0,RUS,Crowdfunding,0
/organization/planetfeedback,6000000.0,1.0,1999.0,1999.0,1999.0,USA,,0
/organization/planex,50000.0,1.0,,2012.0,2012.0,,Small and Medium Businesses,0
/organization/planhq,250000.0,1.0,2007.0,2007.0,2007.0,NZL,Business Development,0
/organization/planitax,17500000.0,3.0,1999.0,2003.0,2006.0,USA,Finance,1
/organization/planitmapper,25000.0,1.0,,2014.0,2014.0,USA,Outdoors,0
/organization/plansoft-corporation,24000000.0,1.0,,1999.0,1999.0,,,0
/organization/planspot,720750.0,1.0,2011.0,2011.0,2011.0,NLD,Advertising,0
/organization/plasmasi,2806096.0,5.0,2009.0,2010.0,2014.0,USA,Clean Technology,0
/organization/plasmyd,15000.0,1.0,2011.0,2013.0,2013.0,USA,Life Sciences,1
/organization/plastic-jungle,23400000.0,4.0,2006.0,2009.0,2012.0,USA,E-Commerce,1
/organization/plastio,30000.0,1.0,,2012.0,2012.0,,Internet,0
/organization/plastiques-wolinak,200000.0,1.0,,2010.0,2010.0,,Advanced Materials,0
/organization/plateau-systems,18000000.0,1.0,1996.0,2001.0,2001.0,USA,Career Management,1
/organization/platform-solutions,37000000.0,1.0,1999.0,2007.0,2007.0,USA,Hardware + Software,1
/organization/platial,3400000.0,2.0,,2005.0,2007.0,USA,Maps,0
/organization/platinum-software-corporation,,1.0,1984.0,1988.0,1988.0,USA,Accounting,0
/organization/plato-networks,29527669.0,3.0,1996.0,2007.0,2010.0,USA,Semiconductors,0
/organization/platogo,,2.0,2008.0,2008.0,2009.0,AUT,Games,1
/organization/platypus-technology,7000000.0,1.0,,2002.0,2002.0,,Storage,0
/organization/plaxo,28300000.0,4.0,2002.0,2002.0,2007.0,USA,Contact Management,1
/organization/play-with-pictures,100000.0,1.0,2012.0,2012.0,2012.0,FRA,Facebook Applications,0
/organization/play140,500000.0,1.0,,2010.0,2010.0,USA,Games,1
/organization/playar,92138.0,2.0,2014.0,2014.0,2015.0,,Apps,0
/organization/playcafe,,1.0,2006.0,2007.0,2007.0,USA,Games,0
/organization/playcez,530000.0,2.0,2010.0,2012.0,2013.0,IND,Mobile,0
/organization/playcrafter,,1.0,,2008.0,2008.0,,Games,0
/organization/playd8,60000.0,1.0,2011.0,2011.0,2011.0,USA,Babies,0
/organization/playdemic,4378812.0,2.0,2010.0,2012.0,2013.0,GBR,Games,1
/organization/playdom,76000000.0,2.0,2008.0,2009.0,2010.0,USA,Apps,1
/organization/playerduel,21189.0,2.0,2011.0,2011.0,2012.0,USA,Mobile,0
/organization/playerize,1000000.0,1.0,,2012.0,2012.0,USA,Games,1
/organization/playfire,2100000.0,1.0,2007.0,2009.0,2009.0,GBR,Games,1
/organization/playfirst,37720000.0,5.0,2004.0,2004.0,2013.0,USA,Games,1
/organization/playfish,21000000.0,3.0,2007.0,2008.0,2008.0,GBR,Apps,1
/organization/playhaven,30800000.0,6.0,2014.0,2008.0,2014.0,USA,Advertising,1
/organization/playnomics,6000000.0,3.0,2009.0,2009.0,2013.0,USA,Apps,1
/organization/playon-sports,10000000.0,2.0,2008.0,2010.0,2011.0,USA,Games,1
/organization/playphilo-com,,1.0,,2010.0,2010.0,USA,Curated Web,1
/organization/playroom,,1.0,2012.0,2014.0,2014.0,CHN,,0
/organization/playsay,820000.0,3.0,2008.0,2008.0,2011.0,USA,EdTech,1
/organization/playspan,46300000.0,4.0,2006.0,2007.0,2010.0,USA,Game,1
/organization/playtika,1500000.0,1.0,,2010.0,2010.0,ISR,Entertainment,1
/organization/plazes,4695100.0,2.0,2006.0,2006.0,2007.0,,Curated Web,1
/organization/pld-space,1320474.84275345,1.0,2011.0,2013.0,2013.0,ESP,Aerospace,0
/organization/pleg,2500000.0,1.0,,2003.0,2003.0,USA,Software,0
/organization/plehn-analytics,150000.0,1.0,,2012.0,2012.0,,Analytics,0
/organization/plethora-technology,1000000.0,1.0,2000.0,2005.0,2005.0,USA,Software,0
/organization/plexistor-2,,1.0,2013.0,2014.0,2014.0,,Software,0
/organization/plextronics,54847500.0,10.0,2002.0,2004.0,2013.0,USA,Clean Technology,1
/organization/plexxikon,46000000.0,1.0,2000.0,2004.0,2004.0,USA,Biotechnology,1
/organization/pliant-technology,50300006.0,3.0,2006.0,2008.0,2010.0,USA,Enterprise Software,1
/organization/plibber,500000.0,1.0,,2013.0,2013.0,,Advertising,0
/organization/plink-entertainment-inc,95000.0,1.0,2015.0,2015.0,2015.0,,Entertainment,0
/organization/plink-search,100000.0,1.0,2009.0,2009.0,2009.0,GBR,Computer Vision,1
/organization/plista,3800000.0,3.0,2008.0,2008.0,2010.0,DEU,Ad Targeting,1
/organization/plix,400000.0,1.0,2011.0,2012.0,2012.0,,Advertising,0
/organization/plixi,2600000.0,1.0,2009.0,2010.0,2010.0,USA,Curated Web,1
/organization/plizy,5200000.0,2.0,2010.0,2011.0,2012.0,USA,Ediscovery,0
/organization/pluck,17000000.0,3.0,2003.0,2004.0,2006.0,USA,Curated Web,1
/organization/plug-apps,20000.0,1.0,,2014.0,2014.0,,Apps,0
/organization/plug-dj,1250000.0,1.0,2012.0,2013.0,2013.0,USA,Curated Web,0
/organization/pluggedin,2000000.0,1.0,2006.0,2008.0,2008.0,USA,Music,0
/organization/plugre-com,250000.0,1.0,2015.0,2015.0,2015.0,USA,,0
/organization/plum-baby,,1.0,,2007.0,2007.0,,,1
/organization/plumtree-software,23000000.0,1.0,1996.0,2000.0,2000.0,USA,Software,1
/organization/plumtv,29600000.0,3.0,2002.0,2006.0,2012.0,USA,Media,0
/organization/plumwillow,705000.0,2.0,2010.0,2010.0,2011.0,,Curated Web,0
/organization/pluq,450000.0,1.0,2007.0,2007.0,2007.0,,Curated Web,0
/organization/plura-processing,750000.0,1.0,2007.0,2008.0,2008.0,USA,Cloud Computing,0
/organization/plurchase,,1.0,,2009.0,2009.0,USA,Curated Web,0
/organization/pluromed,2437899.0,3.0,2003.0,2010.0,2012.0,USA,Hardware + Software,1
/organization/plusmo,4410000.0,1.0,2006.0,2008.0,2008.0,USA,Mobile,1
/organization/plustxt,,1.0,,2012.0,2012.0,IND,Messaging,1
/organization/pmdsoft,,1.0,1999.0,1999.0,1999.0,USA,Health Care,0
/organization/pneumrx,60000000.0,2.0,2004.0,2007.0,2011.0,USA,Health Care,1
/organization/poachit,2800000.0,2.0,2011.0,2013.0,2014.0,USA,Coupons,0
/organization/pocket-bounty,150000.0,2.0,2011.0,2013.0,2013.0,USA,Mobile,0
/organization/pocket-communications-northeast,125000000.0,2.0,2006.0,2008.0,2009.0,USA,Mobile,0
/organization/pocket-money-2,100000.0,1.0,2014.0,2014.0,2014.0,USA,Education,0
/organization/pocketfungames,,1.0,,2009.0,2009.0,,Games,0
/organization/pocketmobile,6350000.0,1.0,,2008.0,2008.0,SWE,Mobile,1
/organization/pocketvillage,,2.0,2010.0,2010.0,2010.0,DEU,Leisure,0
/organization/pockitship,,1.0,,2015.0,2015.0,USA,Shipping,0
/organization/podbridge,8500000.0,1.0,,2007.0,2007.0,USA,,0
/organization/podcast-llc,,1.0,,2008.0,2008.0,,,0
/organization/podcast-ready,2490000.0,2.0,2005.0,2006.0,2010.0,USA,Software,1
/organization/podio,4600000.0,3.0,2009.0,2009.0,2011.0,DNK,Enterprise 2.0,1
/organization/pointabout,,1.0,,2010.0,2010.0,USA,Android,1
/organization/pointright,5000000.0,1.0,,2015.0,2015.0,,Financial Services,0
/organization/pokelabo,12000000.0,1.0,2007.0,2010.0,2010.0,JPN,Software,1
/organization/pokemall,,1.0,2015.0,2015.0,2015.0,KOR,,0
/organization/poken-call,50000.0,1.0,2011.0,2011.0,2011.0,,Facebook Applications,0
/organization/poland-com,,1.0,,1999.0,1999.0,,,0
/organization/polar,2880000.0,2.0,,2013.0,2014.0,USA,Apps,1
/organization/polarlake,7000000.0,1.0,1999.0,2005.0,2005.0,IRL,Enterprise Software,1
/organization/polarrose,5100000.0,1.0,2004.0,2006.0,2006.0,SWE,Browser Extensions,0
/organization/pole-star,1080000.0,1.0,,2008.0,2008.0,USA,Software,0
/organization/polimax,94000.0,1.0,,1983.0,1983.0,,,0
/organization/polimetrix,7530000.0,2.0,2004.0,2004.0,2006.0,USA,Analytics,1
/organization/poliris,70599032.7932507,1.0,,2005.0,2005.0,FRA,Internet Marketing,0
/organization/political-technologies,599997.0,2.0,2009.0,2009.0,2011.0,USA,Curated Web,0
/organization/poll-me-ltd,114924.0,1.0,2011.0,2011.0,2011.0,GBR,Advertising,0
/organization/pollex-mobile-holdings,,1.0,,2005.0,2005.0,,,0
/organization/pollsb,2000000.0,2.0,2007.0,2007.0,2009.0,ISR,Identity,0
/organization/pollvaultr,60000.0,1.0,2012.0,2012.0,2012.0,USA,Software,0
/organization/polo-motorrad,,2.0,,2012.0,2015.0,,,0
/organization/polychromix,5900000.0,2.0,,2005.0,2007.0,USA,Telecommunications,1
/organization/polyglots-inc,350000.0,2.0,2014.0,2014.0,2015.0,,Entertainment,0
/organization/polymita-technologies,3091250.0,1.0,2002.0,2006.0,2006.0,ESP,Business Development,1
/organization/polyserve,73500000.0,5.0,1999.0,2000.0,2006.0,USA,Software,1
/organization/polytouch-medical,830000.0,1.0,,2010.0,2010.0,ISR,Health Care,0
/organization/polyvore,22100000.0,3.0,2007.0,2007.0,2012.0,USA,Curated Web,1
/organization/pombai,65118.0,2.0,2012.0,2012.0,2012.0,LTU,Internet,0
/organization/pomogatel,500000.0,1.0,2009.0,2012.0,2012.0,RUS,Consulting,0
/organization/ponfac,182055.0,1.0,,1999.0,1999.0,BRA,Data Center Automation,0
/organization/ponte-solutions,7500000.0,1.0,2001.0,2007.0,2007.0,USA,Software,1
/organization/pontiflex,23949992.0,5.0,2008.0,2009.0,2014.0,USA,Advertising,1
/organization/poolami,25000.0,1.0,,2012.0,2012.0,USA,Mobile,0
/organization/pop-5,6000000.0,1.0,2014.0,2015.0,2015.0,,,0
/organization/pop-products,400000.0,1.0,2015.0,2015.0,2015.0,,Technology,0
/organization/popcap-games,29866459.0,2.0,2000.0,2009.0,2009.0,USA,Games,1
/organization/popcuts,,1.0,,2008.0,2008.0,USA,Ediscovery,0
/organization/popjam,,1.0,2008.0,2008.0,2008.0,GBR,Blogging Platforms,0
/organization/pops,1500000.0,1.0,2011.0,2012.0,2012.0,ISR,Mobile,0
/organization/popset,,1.0,2012.0,2012.0,2012.0,USA,Collaboration,0
/organization/poptank-studios,810000.0,2.0,2007.0,2009.0,2010.0,USA,Games,0
/organization/poptip,2410000.0,3.0,2012.0,2012.0,2013.0,USA,Big Data,1
/organization/popularmedia,12250000.0,2.0,2003.0,2007.0,2008.0,USA,Advertising,1
/organization/popularo,,1.0,2007.0,2007.0,2007.0,USA,Curated Web,0
/organization/population-genetics-technologies,20629520.0,6.0,,2008.0,2013.0,GBR,Biotechnology,0
/organization/portafare,,1.0,2011.0,2011.0,2011.0,USA,Apps,0
/organization/portalplayer,42000000.0,1.0,,2002.0,2002.0,USA,Entertainment,1
/organization/portico-learning-solutions,3400000.0,2.0,,2006.0,2008.0,USA,Software,1
/organization/portico-systems,14950000.0,3.0,,2006.0,2009.0,USA,Health Care,1
/organization/porticor-cloud-security,2000000.0,2.0,2012.0,2012.0,2013.0,USA,Cloud Computing,1
/organization/portland-software-services-limited,4100000.0,2.0,2012.0,2013.0,2015.0,,Employer Benefits Programs,0
/organization/portware,,1.0,2000.0,2014.0,2014.0,USA,Artificial Intelligence,1
/organization/positive-networks,2350000.0,1.0,,2007.0,2007.0,USA,Security,1
/organization/positivefeedback,13550000.0,4.0,2007.0,2010.0,2013.0,USA,Ad Targeting,1
/organization/positron-dynamics,350000.0,1.0,,2012.0,2012.0,USA,Manufacturing,0
/organization/posmetrics,,1.0,2012.0,2013.0,2013.0,USA,E-Commerce,0
/organization/possibility-space,1500000.0,1.0,,2007.0,2007.0,USA,Games,0
/organization/postabon-2,1049999.0,1.0,2009.0,2010.0,2010.0,USA,Software,0
/organization/postagain,600000.0,1.0,,2012.0,2012.0,ARE,,0
/organization/postcard-on-the-run,3882595.0,3.0,2011.0,2011.0,2012.0,USA,Apps,0
/organization/postcron,143083.0,2.0,2011.0,2012.0,2012.0,ARG,Facebook Applications,1
/organization/postdeck,540000.0,1.0,2010.0,2011.0,2011.0,USA,News,0
/organization/posterbee,254220.0,1.0,2010.0,2010.0,2010.0,,Enterprise Software,0
/organization/posterous,10140000.0,5.0,2008.0,2008.0,2013.0,USA,Blogging Platforms,1
/organization/postini,,1.0,1999.0,2001.0,2001.0,USA,Curated Web,1
/organization/postling,700000.0,3.0,2009.0,2009.0,2011.0,USA,Messaging,1
/organization/postly,,1.0,2014.0,2015.0,2015.0,,,0
/organization/postpath,24300000.0,2.0,2003.0,2004.0,2007.0,USA,Messaging,1
/organization/postrocket,610000.0,2.0,2012.0,2011.0,2012.0,USA,Analytics,0
/organization/postx,11000000.0,1.0,,2001.0,2001.0,USA,Software,1
/organization/potentia-power-systems,12000000.0,1.0,,2002.0,2002.0,CAN,Semiconductors,0
/organization/poundworld,44579707.0,1.0,,2014.0,2014.0,GBR,Retail,1
/organization/povo,,1.0,2007.0,2007.0,2007.0,USA,Advertising,0
/organization/power-africa,40000.0,1.0,,2014.0,2014.0,CHL,Energy,0
/organization/power-analog-microelectronics,6000000.0,1.0,2004.0,2007.0,2007.0,USA,Hardware + Software,0
/organization/power-analytics-corporation,384180.0,1.0,1983.0,2009.0,2009.0,USA,Energy,1
/organization/power-com,6000000.0,1.0,2006.0,2008.0,2008.0,USA,Curated Web,0
/organization/power-content,150000.0,1.0,2010.0,2012.0,2012.0,RUS,Content Creators,0
/organization/power-efficiency,5295000.0,2.0,,2009.0,2010.0,USA,Clean Technology,0
/organization/power-one,60000000.0,1.0,,2009.0,2009.0,USA,Clean Energy,1
/organization/power2switch,1575000.0,3.0,2009.0,2010.0,2011.0,USA,Clean Energy,1
/organization/powercloud-systems,6000000.0,2.0,2008.0,2010.0,2011.0,USA,Cloud Computing,1
/organization/powerdms,5300000.0,1.0,2001.0,2014.0,2014.0,USA,Software,0
/organization/powerdsine,71000000.0,6.0,1994.0,1996.0,2002.0,USA,Industrial Automation,1
/organization/powered,19398821.0,3.0,1999.0,2006.0,2010.0,USA,Business Services,1
/organization/powerid,12000000.0,1.0,,2007.0,2007.0,ISR,,0
/organization/powerlase,13103215.9035603,1.0,,2005.0,2005.0,GBR,Energy,1
/organization/powerplan,110100000.0,1.0,,2010.0,2010.0,USA,Software,1
/organization/powerplayninja-llc,,1.0,2015.0,2015.0,2015.0,,,0
/organization/powerreviews,75120312.0,7.0,,2005.0,2014.0,USA,Analytics,1
/organization/powerset,33000000.0,3.0,2006.0,2006.0,2007.0,USA,Search,1
/organization/powersicel,2500000.0,1.0,2001.0,2003.0,2003.0,USA,Education,1
/organization/powersmart,,1.0,1998.0,2000.0,2000.0,USA,,1
/organization/powervation,39496651.0,7.0,2006.0,2007.0,2014.0,USA,Hardware + Software,1
/organization/pownce,,1.0,2007.0,2008.0,2008.0,USA,Curated Web,1
/organization/powur-pbc,750000.0,1.0,2015.0,2015.0,2015.0,USA,Clean Energy,0
/organization/poynt,6261912.0,2.0,2007.0,2011.0,2011.0,CAN,Mobile,1
/organization/pps,59640000.0,4.0,2005.0,2005.0,2011.0,CHN,Photography,1
/organization/ppt-reasearch,3000000.0,1.0,,2008.0,2008.0,USA,Clean Technology,0
/organization/pptv,706500000.0,5.0,2004.0,2005.0,2013.0,CHN,Photography,1
/organization/pr2go-com,403729.0,1.0,,2010.0,2010.0,,Public Relations,0
/organization/practical-ehr-solutions,250000.0,1.0,2010.0,2011.0,2011.0,USA,Biotechnology,0
/organization/prairielaw-com,1150000.0,1.0,,1999.0,1999.0,,,0
/organization/praized-media-inc,,1.0,,2009.0,2009.0,,Search,0
/organization/precise-software,6776999.0,7.0,,2008.0,2013.0,USA,Architecture,1
/organization/precision-dermatology,115400002.0,3.0,2010.0,2010.0,2013.0,USA,Biotechnology,1
/organization/precision-toxicilogy,14500000.0,1.0,,2015.0,2015.0,USA,Analytics,1
/organization/preclick,2150000.0,2.0,2001.0,2005.0,2007.0,USA,Software,1
/organization/precog,2818000.0,4.0,2010.0,2011.0,2013.0,USA,Analytics,1
/organization/precyse,12020000.0,2.0,1999.0,2010.0,2010.0,USA,Consulting,1
/organization/predictify,4300000.0,1.0,2007.0,2008.0,2008.0,USA,Advertising,0
/organization/prediction-dynamics,552270.0,1.0,2000.0,2001.0,2001.0,IRL,Finance,0
/organization/predilytics,20500009.0,3.0,2011.0,2012.0,2014.0,USA,Health and Wellness,1
/organization/preedo,50000.0,1.0,,2008.0,2008.0,SWE,Software,0
/organization/prefound,12500.0,1.0,2015.0,2015.0,2015.0,USA,Communities,0
/organization/preglem,57968922.8844951,2.0,,2007.0,2007.0,GBR,Biotechnology,1
/organization/prematics,10786338.0,1.0,,2009.0,2009.0,USA,Biotechnology,1
/organization/premier-healthcare-exchange,4000000.0,1.0,,2010.0,2010.0,USA,Health and Wellness,1
/organization/premitech,4010000.0,1.0,1999.0,2007.0,2007.0,DNK,Software,0
/organization/premium-advert-solutions,2000.0,1.0,,2010.0,2010.0,USA,Advertising,0
/organization/preno,18000.0,1.0,,2013.0,2013.0,,Apps,0
/organization/prenova,15650000.0,3.0,2002.0,2006.0,2008.0,USA,Clean Technology,1
/organization/prep-biopharm,32449220.8323998,1.0,,2015.0,2015.0,GBR,,0
/organization/prepay,,1.0,2011.0,2011.0,2011.0,USA,Finance,0
/organization/prepayme,50000.0,1.0,,2012.0,2012.0,USA,Payments,0
/organization/prepchamps,1200000.0,1.0,2007.0,2008.0,2008.0,USA,Curated Web,0
/organization/prescreen,1000000.0,1.0,2011.0,2011.0,2011.0,USA,Games,0
/organization/presence-networks,490007.121436832,1.0,,2007.0,2007.0,GBR,Software,0
/organization/presence-online,3400000.0,1.0,,2001.0,2001.0,,Consulting,0
/organization/presenceid,4500000.0,1.0,2005.0,2005.0,2005.0,USA,Analytics,0
/organization/presidio-networked-solutions,,1.0,,2011.0,2011.0,USA,Health and Wellness,1
/organization/presidio-reinsurance-group,50000000.0,1.0,,2007.0,2007.0,USA,,1
/organization/presidium-learning,9500000.0,2.0,,2008.0,2009.0,USA,EdTech,1
/organization/press,70000.0,1.0,2011.0,2011.0,2011.0,USA,Collaboration,0
/organization/press-box,25000.0,1.0,,2015.0,2015.0,,Games,0
/organization/press-sense,14000000.0,3.0,2001.0,2005.0,2008.0,ISR,Software,1
/organization/pressflip,110000.0,1.0,2007.0,2008.0,2008.0,USA,Artificial Intelligence,0
/organization/pressquote,500000.0,1.0,2012.0,2012.0,2012.0,IND,News,0
/organization/presstler,25000.0,1.0,2011.0,2012.0,2012.0,,Curated Web,0
/organization/prestiamoci,1287243.0,2.0,2007.0,2013.0,2014.0,ITA,Finance,1
/organization/prestolite-electric-beijing,33500000.0,1.0,1991.0,2010.0,2010.0,USA,Hardware + Software,1
/organization/preventes-fr,100000.0,1.0,,2007.0,2007.0,GBR,E-Commerce,0
/organization/preventsys,10000000.0,2.0,2002.0,2004.0,2005.0,USA,Security,0
/organization/price-interactive,,1.0,1996.0,1998.0,1998.0,USA,,1
/organization/price-legacy-corp,100000000.0,1.0,1994.0,2001.0,2001.0,USA,,1
/organization/priceadvice,300000.0,1.0,,2011.0,2011.0,USA,Curated Web,0
/organization/pricearea,,2.0,2010.0,2010.0,2012.0,SGP,E-Commerce,1
/organization/pricebets,175916.0,1.0,2011.0,2011.0,2011.0,ESP,Sports,0
/organization/pricematch,10381850.0,2.0,2012.0,2013.0,2015.0,FRA,Hotels,1
/organization/pricetag,,1.0,,2011.0,2011.0,EST,Local Businesses,0
/organization/prim,,1.0,2013.0,2013.0,2013.0,USA,E-Commerce,0
/organization/prima-it,,1.0,2013.0,2013.0,2013.0,,,0
/organization/primadiag,205380.022390845,1.0,,2014.0,2014.0,,,0
/organization/primaeva-medical,14250000.0,3.0,,2006.0,2009.0,USA,Health Care,1
/organization/primal-sensors-2,50000.0,1.0,2014.0,2015.0,2015.0,,,0
/organization/primesense,29400000.0,3.0,2005.0,2006.0,2011.0,ISR,3D,1
/organization/primesport,,1.0,,2014.0,2014.0,USA,Sports,1
/organization/primewire,1000000.0,1.0,,2001.0,2001.0,,,1
/organization/primis-marketing-group,,1.0,,2003.0,2003.0,USA,Marketing Automation,0
/organization/primocare,50000.0,1.0,,2011.0,2011.0,USA,Health Care,0
/organization/princeton-softech,21000000.0,1.0,1989.0,2002.0,2002.0,USA,Data Privacy,1
/organization/print-inc,11400000.0,2.0,1999.0,2004.0,2004.0,USA,Printing,1
/organization/printechnologics,,1.0,,2010.0,2010.0,DEU,Hardware + Software,0
/organization/printed-piece,15000.0,1.0,2010.0,2010.0,2010.0,USA,Curated Web,0
/organization/printool,,1.0,2014.0,2015.0,2015.0,RUS,3D Printing,0
/organization/prior-knowledge,1400000.0,1.0,2011.0,2012.0,2012.0,USA,Analytics,1
/organization/prism-pharmaceuticals,15000000.0,1.0,,2013.0,2013.0,USA,Biotechnology,1
/organization/privatecore,2250000.0,1.0,2011.0,2012.0,2012.0,USA,Data Security,1
/organization/prixing,534480.0,1.0,2011.0,2011.0,2011.0,FRA,E-Commerce,0
/organization/prizm-payment-services,8000000.0,1.0,2008.0,2011.0,2011.0,IND,Finance,1
/organization/prizzm,,1.0,2011.0,2011.0,2011.0,CHE,CRM,0
/organization/pro-3-games,259989.0,1.0,2010.0,2010.0,2010.0,AUT,Game,0
/organization/pro-options-marketing,100000.0,1.0,2009.0,2009.0,2009.0,PAK,Consulting,0
/organization/proacta,38500445.0,3.0,2004.0,2007.0,2011.0,USA,Biotechnology,0
/organization/proactivenet,15000000.0,1.0,,2001.0,2001.0,USA,Business Services,1
/organization/probe-manufacturing,1000000.0,1.0,,2011.0,2011.0,USA,Hardware + Software,0
/organization/proberry,150000.0,1.0,2008.0,2013.0,2013.0,RUS,Bridging Online and Offline,0
/organization/problemcity-com,10000.0,1.0,2011.0,2011.0,2011.0,CAN,Curated Web,0
/organization/procera-networks,4195000.0,1.0,2001.0,2009.0,2009.0,SGP,Mobile,1
/organization/process4e,,1.0,,2000.0,2000.0,,,0
/organization/processclaims,4000000.0,1.0,2000.0,2001.0,2001.0,USA,Business Productivity,1
/organization/prochon-biotech,3950000.0,1.0,,2010.0,2010.0,USA,Biotechnology,1
/organization/proclarity-corporation,7750000.0,1.0,1995.0,2002.0,2002.0,USA,Analytics,1
/organization/proday,20000.0,1.0,,2015.0,2015.0,,Apps,0
/organization/prodess,,1.0,,2013.0,2013.0,NOR,Leisure,0
/organization/productbuzz,7500000.0,1.0,,2000.0,2000.0,,,0
/organization/producteev,1310000.0,3.0,2008.0,2008.0,2010.0,USA,Collaboration,1
/organization/productopia,16000000.0,1.0,,2000.0,2000.0,,,0
/organization/proděti-cz,,1.0,,2014.0,2014.0,,,0
/organization/professional-aptitude-council,2908830.0,2.0,,2009.0,2010.0,USA,Consulting,1
/organization/profibrix,33000000.0,3.0,2004.0,2007.0,2011.0,NLD,Biotechnology,1
/organization/proficient-systems,5000000.0,1.0,2000.0,2003.0,2003.0,USA,Computers,1
/organization/profind,6500000.0,2.0,,2005.0,2007.0,USA,Tracking,1
/organization/profitline,7000000.0,1.0,1992.0,2007.0,2007.0,USA,Hardware + Software,1
/organization/profitpoint,1250000.0,1.0,,2010.0,2010.0,USA,E-Commerce,1
/organization/profounder,460000.0,3.0,2009.0,2008.0,2011.0,USA,Finance,0
/organization/progene-biomedical,5000000.0,1.0,,2004.0,2004.0,USA,Pharmaceuticals,0
/organization/proginet,568700.0,1.0,,2009.0,2009.0,USA,Enterprise Software,1
/organization/prognos-health,5000.0,1.0,2015.0,2015.0,2015.0,,Diagnostics,0
/organization/progow-corp,875000.0,1.0,2014.0,2015.0,2015.0,USA,Employment,0
/organization/programeter,315380.0,1.0,2006.0,2008.0,2008.0,EST,Software,0
/organization/progress-financial-corporation,4400000.0,1.0,,2007.0,2007.0,,,0
/organization/progress-putnam-lovell-advisors,,1.0,,2002.0,2002.0,,,0
/organization/progressive-book-club,1600000.0,1.0,2008.0,2009.0,2009.0,USA,Social Media,0
/organization/progressive-finance,,1.0,2000.0,2012.0,2012.0,USA,Financial Services,1
/organization/project-hi-fi,300000.0,1.0,2006.0,2006.0,2006.0,USA,,0
/organization/project-slice,38025999.0,4.0,2010.0,2010.0,2013.0,USA,Curated Web,1
/organization/project-sport-llc,,1.0,2008.0,2014.0,2014.0,USA,,0
/organization/prolexic,51900000.0,3.0,2003.0,2011.0,2013.0,USA,Enterprise Software,1
/organization/prolify,4000000.0,1.0,2002.0,2005.0,2005.0,ISR,Messaging,0
/organization/prolor-biotech,26399991.0,2.0,,2009.0,2010.0,ISR,Biotechnology,1
/organization/prometei,100000.0,1.0,2015.0,2015.0,2015.0,,Big Data,0
/organization/prometheus-laboratories,260000000.0,1.0,1995.0,2010.0,2010.0,USA,Biotechnology,1
/organization/promiseup,210000.0,1.0,2012.0,2012.0,2012.0,RUS,Mobile,0
/organization/prompt-associates,,1.0,1989.0,1992.0,1992.0,USA,,1
/organization/promuc,350001.0,1.0,,2014.0,2014.0,,Assisitive Technology,0
/organization/pronewtech-s-a,66230.0,1.0,2009.0,2009.0,2009.0,BEL,Consulting,0
/organization/pronoise,,1.0,2011.0,2012.0,2012.0,USA,Entertainment,0
/organization/propagenix,2300000.0,1.0,,2014.0,2014.0,USA,Biotechnology,0
/organization/propel-software,10120000.0,1.0,,2004.0,2004.0,USA,Computers,1
/organization/propeller,1250000.0,1.0,2013.0,2013.0,2013.0,USA,Application Platforms,0
/organization/properr,477899.064683259,1.0,2015.0,2015.0,2015.0,,Property Management,0
/organization/propertybridge,2000000.0,1.0,2003.0,2006.0,2006.0,USA,Real Estate,1
/organization/propertypaths-com,100000.0,1.0,2014.0,2014.0,2014.0,,Property Management,0
/organization/propharma-group,,1.0,2001.0,2015.0,2015.0,USA,,0
/organization/proquo,13000000.0,2.0,,2006.0,2008.0,,Curated Web,0
/organization/prosbee-inc,240000.0,2.0,2012.0,2012.0,2013.0,JPN,Social Media,0
/organization/prose,150000.0,1.0,2014.0,2014.0,2014.0,,Creative,0
/organization/prosensa,73272800.0,4.0,2002.0,2007.0,2014.0,NLD,Biotechnology,1
/organization/prosight,,1.0,,1989.0,1989.0,USA,Software,1
/organization/prosofttraining-com,3000000.0,1.0,,1999.0,1999.0,,,0
/organization/prosonix,45049261.0,2.0,2006.0,2011.0,2012.0,GBR,Biotechnology,1
/organization/prospecthills,2700000.0,1.0,,2007.0,2007.0,USA,Information Technology,0
/organization/prosperity-financial-services-pte-ltd,370000.0,2.0,2006.0,2006.0,2007.0,SGP,Finance,0
/organization/prospxt,,1.0,2015.0,2015.0,2015.0,USA,,0
/organization/prostor-systems,26400000.0,3.0,2004.0,2005.0,2010.0,USA,Information Technology,1
/organization/protec,12500.0,1.0,,2015.0,2015.0,,Alumni,0
/organization/protecode,4190878.0,1.0,2007.0,2008.0,2008.0,CAN,Intellectual Property,1
/organization/protection-one,250000000.0,1.0,1988.0,2015.0,2015.0,USA,Security,1
/organization/protective-systems,788800.0,1.0,2007.0,2010.0,2010.0,USA,Security,0
/organization/protego-networks,6300000.0,1.0,2002.0,2004.0,2004.0,USA,Data Security,1
/organization/protein-forest,24010000.0,4.0,2002.0,2003.0,2009.0,USA,Biotechnology,1
/organization/protez-pharmaceuticals,15000000.0,1.0,,2005.0,2005.0,,Health and Wellness,1
/organization/protiva-biotherapeutics,8250000.0,2.0,2000.0,2006.0,2007.0,USA,Biotechnology,1
/organization/protoexchange,133000.0,2.0,2012.0,2013.0,2013.0,USA,Hardware,0
/organization/protogeo,1600000.0,1.0,2012.0,2013.0,2013.0,FIN,Mobile,1
/organization/protonex-technology-corporation,181000000.0,5.0,2000.0,2000.0,2013.0,USA,Batteries,1
/organization/prototypo,53000.0,1.0,2013.0,2014.0,2014.0,FRA,Creative,0
/organization/provade,18384392.0,5.0,2004.0,2006.0,2010.0,USA,Enterprise Software,1
/organization/provigent-inc,40000000.0,4.0,2000.0,2004.0,2008.0,USA,Semiconductors,1
/organization/provision-communications,3164252.71049446,2.0,,2008.0,2010.0,GBR,Hardware + Software,0
/organization/proxeon,2410000.0,1.0,,2009.0,2009.0,DNK,Biotechnology,1
/organization/proxima-therapeutics,31000000.0,2.0,,2001.0,2002.0,USA,Health Care,1
/organization/proximal-data,7999996.0,4.0,2011.0,2012.0,2013.0,USA,Intelligent Systems,1
/organization/proximex,1392000.0,1.0,2004.0,2010.0,2010.0,USA,Software,1
/organization/proximic,10411000.0,4.0,2006.0,2006.0,2010.0,USA,Advertising,1
/organization/proxsys,,1.0,,2007.0,2007.0,USA,Biotechnology,1
/organization/prsm-healthcare,105000.0,2.0,2011.0,2012.0,2013.0,USA,Biotechnology,0
/organization/pruffi,400000.0,1.0,2010.0,2012.0,2012.0,RUS,Human Resources,0
/organization/prusland-sl,1314175.0,3.0,,2009.0,2010.0,ESP,Advertising,0
/organization/prylos,1097000.0,2.0,,2005.0,2007.0,FRA,Software,0
/organization/ps-xo,,1.0,,2013.0,2013.0,USA,Entertainment,1
/organization/psa-inc,7000000.0,1.0,,1999.0,1999.0,USA,,0
/organization/psc-info-group,,1.0,,2002.0,2002.0,USA,,1
/organization/psicofxp-com,1150000.0,1.0,2000.0,2011.0,2011.0,ARG,Curated Web,0
/organization/psiloquest,7000000.0,1.0,,2004.0,2004.0,USA,Publishing,0
/organization/psonar-limited,883178.013505848,2.0,2008.0,2013.0,2014.0,,Entertainment,0
/organization/pss-systems,23000000.0,2.0,,2007.0,2008.0,USA,Legal,1
/organization/psychiatric-solutions,25000000.0,1.0,1988.0,2003.0,2003.0,USA,Health Care,1
/organization/psytechnics,11600000.0,1.0,,2004.0,2004.0,GBR,Public Relations,1
/organization/publer,180000.0,2.0,,2013.0,2014.0,UKR,Business Services,0
/organization/public-earth,4000000.0,2.0,2008.0,2008.0,2010.0,USA,Gps,0
/organization/public-media-works,2099590.0,2.0,,2011.0,2011.0,USA,Curated Web,0
/organization/public-post,,1.0,,2008.0,2008.0,,,0
/organization/publicstuff,6552136.0,3.0,2009.0,2011.0,2012.0,USA,Curated Web,1
/organization/publikdemand,,1.0,2012.0,2012.0,2012.0,USA,Consumers,0
/organization/publishd,153058.100855085,1.0,2014.0,2015.0,2015.0,GBR,Online Shopping,0
/organization/puentes-company,100000.0,1.0,2012.0,2013.0,2013.0,USA,Curated Web,0
/organization/puick,85870.0785711219,1.0,2015.0,2015.0,2015.0,,Computers,0
/organization/pulpo-media,,2.0,2008.0,2009.0,2009.0,USA,Advertising,1
/organization/pulsant,25733401.0,1.0,,2014.0,2014.0,GBR,Data Centers,1
/organization/pulsar-5,945084.628282818,1.0,,2015.0,2015.0,,,0
/organization/pulse,9800000.0,2.0,2010.0,2010.0,2011.0,USA,iPhone,1
/organization/pulse-electronics,121044236.0,3.0,1947.0,2012.0,2014.0,USA,Hardware + Software,1
/organization/pulse-entertainment,5800000.0,1.0,1994.0,2007.0,2007.0,USA,3D,1
/organization/pulse-technologies,,1.0,,2009.0,2009.0,ARE,Hardware + Software,0
/organization/pult,,1.0,2011.0,2012.0,2012.0,GBR,Games,0
/organization/pumant,1200000.0,1.0,,2005.0,2005.0,GBR,Android,0
/organization/pumodo,173121.0,1.0,2012.0,2013.0,2013.0,DNK,Mobile,0
/organization/pump-engineering,1300000.0,1.0,,2008.0,2008.0,USA,Energy,1
/organization/pumpaudio,2500000.0,1.0,2001.0,2007.0,2007.0,,Artists Globally,1
/organization/punc,,1.0,,2013.0,2013.0,,Health and Wellness,0
/organization/punch-entertainment,2932278.0,2.0,2005.0,2006.0,2009.0,USA,Chat,0
/organization/punchd,50000.0,1.0,2011.0,2011.0,2011.0,USA,Android,1
/organization/punchtab,11500000.0,3.0,2011.0,2011.0,2014.0,USA,Analytics,1
/organization/puntocome,52584.0,1.0,,2011.0,2011.0,PER,Internet,0
/organization/pupmunch,65687.1975651945,1.0,2014.0,2014.0,2014.0,FRA,Internet of Things,0
/organization/puppod-inc,20000.0,1.0,2015.0,2015.0,2015.0,,Computers,0
/organization/purcell-systems,25000000.0,2.0,,2007.0,2007.0,USA,Design,1
/organization/pure-digital-technologies,68200000.0,6.0,2001.0,2002.0,2008.0,USA,Hardware + Software,1
/organization/pure-energies-group,15000000.0,3.0,2009.0,2013.0,2014.0,CAN,Clean Technology,1
/organization/pure-klimaschutz,1250000.0,1.0,,2009.0,2009.0,CHE,Clean Technology,0
/organization/pure-networks,19500000.0,3.0,2002.0,2004.0,2006.0,USA,Web Hosting,1
/organization/pure-wave-networks,17000000.0,3.0,2003.0,2008.0,2013.0,USA,Mobile,1
/organization/purecars,10000000.0,2.0,2007.0,2013.0,2013.0,USA,Automotive,1
/organization/pureenergy-solutions,7729998.0,1.0,2005.0,2009.0,2009.0,USA,Hardware + Software,0
/organization/puresight,3100000.0,1.0,1998.0,2003.0,2003.0,ISR,Internet,1
/organization/purevideo,8450000.0,3.0,,2005.0,2007.0,USA,Curated Web,0
/organization/purewire,4750000.0,3.0,2007.0,2007.0,2008.0,USA,Enterprise Software,1
/organization/purple-labs,12670000.0,1.0,2001.0,2007.0,2007.0,CHE,Mobile,1
/organization/push-io,200010.0,1.0,2009.0,2013.0,2013.0,USA,Software,1
/organization/pushbutton-labs,,1.0,,2008.0,2008.0,USA,Games,0
/organization/pushing-green,150000.0,1.0,2009.0,2010.0,2010.0,USA,Finance,0
/organization/pushkart,250000.0,1.0,2010.0,2010.0,2010.0,USA,Consumers,0
/organization/putplace,1566000.0,1.0,2006.0,2008.0,2008.0,IRL,Curated Web,0
/organization/pyke,,1.0,,2015.0,2015.0,,,0
/organization/pylba,1700000.0,1.0,2012.0,2013.0,2013.0,USA,Mobile,0
/organization/pyxis-technology,18720000.0,4.0,,2006.0,2010.0,USA,Software,1
/organization/q-cells-se,12383031.0,1.0,1999.0,2004.0,2004.0,DEU,Sales and Marketing,1
/organization/q-go,,1.0,1999.0,2004.0,2004.0,NLD,CRM,1
/organization/q-interactive,1500000.0,1.0,1995.0,2005.0,2005.0,USA,Advertising,1
/organization/q-layer,10669070.0,2.0,2005.0,2006.0,2007.0,BEL,Software,1
/organization/q-medical-centers,200000.0,1.0,2012.0,2013.0,2013.0,USA,Health and Wellness,0
/organization/q1-labs,34400000.0,3.0,2001.0,2003.0,2007.0,USA,Security,1
/organization/q4bis,6000000.0,1.0,,2007.0,2007.0,USA,Software,0
/organization/qbotix,23500000.0,3.0,2010.0,2012.0,2014.0,USA,Clean Technology,0
/organization/qc-corp,,1.0,1971.0,2014.0,2014.0,USA,Manufacturing,1
/organization/qderopateo-communications,3400000.0,1.0,,2010.0,2010.0,CHN,Messaging,0
/organization/qdration,,1.0,,2015.0,2015.0,,Environmental Innovation,0
/organization/qifang,200000.0,1.0,,2007.0,2007.0,CHN,Finance,0
/organization/qik,16600000.0,5.0,2006.0,2008.0,2011.0,USA,Mobile,1
/organization/qikwell-technologies,3000000.0,2.0,2011.0,2014.0,2014.0,IND,Health and Wellness,1
/organization/qinetiq,,1.0,,2002.0,2002.0,USA,Aerospace,1
/organization/qingdao-diancang-technology-infomation-co-ltd,31529.1644771414,1.0,,2011.0,2011.0,,Outsourcing,0
/organization/qingguo-2,,1.0,,2012.0,2012.0,,,0
/organization/qire,,1.0,,2010.0,2010.0,GBR,Messaging,0
/organization/qitio,500000.0,1.0,,2007.0,2007.0,POL,Hardware + Software,0
/organization/qiwi-post,1000000.0,1.0,,2012.0,2012.0,RUS,Delivery,0
/organization/qlika,1720000.0,2.0,2012.0,2013.0,2013.0,USA,Analytics,1
/organization/qloud,600000.0,2.0,2007.0,2006.0,2007.0,USA,Music,1
/organization/qlusters,26360000.0,2.0,2001.0,2004.0,2007.0,USA,Data Centers,0
/organization/qmcodes,300000.0,2.0,2007.0,2007.0,2008.0,AUS,CRM,0
/organization/qonceptual,,1.0,2013.0,2014.0,2014.0,,Enterprise Software,0
/organization/qoof,1700000.0,1.0,2006.0,2008.0,2008.0,ISR,E-Commerce,0
/organization/qovia,23260000.0,3.0,2002.0,2003.0,2006.0,USA,Software,1
/organization/qpass,12700000.0,3.0,,2002.0,2004.0,USA,Software,1
/organization/qpondirect,300000.0,1.0,2006.0,2008.0,2008.0,USA,Curated Web,0
/organization/qpyn,891177.0,1.0,2003.0,2008.0,2008.0,GBR,Mobile,0
/organization/qrcao,7207.0,1.0,2011.0,2011.0,2011.0,POL,Contact Management,0
/organization/qrgl,1000000.0,1.0,,2012.0,2012.0,RUS,Loyalty Programs,0
/organization/qrxpharma,24497760.0,3.0,,2003.0,2013.0,AUS,Biotechnology,0
/organization/qsecure,49000000.0,5.0,2003.0,2005.0,2009.0,USA,Security,0
/organization/qt-software,6700000.0,1.0,1994.0,2005.0,2005.0,NOR,Software,1
/organization/qu-stay-curious,50000.0,1.0,,2015.0,2015.0,USA,Analytics,0
/organization/quaero,154053900.0,1.0,2006.0,2008.0,2008.0,FRA,Digital Media,0
/organization/qualilife,692000.0,1.0,,2008.0,2008.0,,Software,0
/organization/quallaby-corporation,44000000.0,4.0,,1999.0,2003.0,,Infrastructure,1
/organization/quandoo,39500000.0,5.0,2012.0,2013.0,2014.0,,Local Businesses,1
/organization/quanlight,4000000.0,2.0,,2006.0,2007.0,,Semiconductors,0
/organization/quant-the-news,150000.0,1.0,2007.0,2007.0,2007.0,USA,Finance,0
/organization/quantalife,28712619.0,3.0,2008.0,2009.0,2011.0,USA,Biotechnology,1
/organization/quantasol,1908237.0,1.0,,2009.0,2009.0,GBR,Nanotechnology,1
/organization/quanthouse,,1.0,,2011.0,2011.0,FRA,Finance,1
/organization/quantira-technologies,,1.0,,2001.0,2001.0,,,0
/organization/quantisense,99875.0,1.0,,2009.0,2009.0,USA,Analytics,1
/organization/quantiva,7000000.0,1.0,,2001.0,2001.0,,Services,0
/organization/quantivo,9400000.0,2.0,2005.0,2008.0,2009.0,USA,Analytics,1
/organization/quantumshift-communications,50500000.0,2.0,1997.0,1999.0,2001.0,USA,Information Technology,1
/organization/quantus-holdings,278500.0,1.0,,2012.0,2012.0,USA,Software,0
/organization/quantuvis,1403970.0,1.0,2013.0,2014.0,2014.0,,Health Care Information Technology,0
/organization/quartics,35638334.0,5.0,2003.0,2006.0,2010.0,USA,Hardware + Software,0
/organization/quattro-wireless,28300000.0,3.0,2006.0,2007.0,2009.0,USA,Advertising,1
/organization/qubecell,,1.0,2012.0,2013.0,2013.0,IND,Finance,1
/organization/qubell,1800000.0,1.0,2012.0,2014.0,2014.0,USA,Software,1
/organization/qubrit,50000.0,1.0,2010.0,2010.0,2010.0,GBR,Curated Web,0
/organization/qubulus,,1.0,2010.0,2012.0,2012.0,SWE,Public Transportation,0
/organization/queerfeed-media,130000.0,1.0,,2009.0,2009.0,CAN,Curated Web,0
/organization/quellan,39231994.0,18.0,2001.0,2001.0,2009.0,USA,Semiconductors,1
/organization/queplix,1500000.0,1.0,2004.0,2009.0,2009.0,USA,Enterprise Software,0
/organization/query-hunter,,1.0,2011.0,2011.0,2011.0,CAN,Analytics,0
/organization/questbox,15000.0,1.0,2014.0,2014.0,2014.0,RUS,Recruiting,0
/organization/questia-media,90000000.0,1.0,,2000.0,2000.0,USA,Education,1
/organization/questli,,1.0,2011.0,2011.0,2011.0,USA,Apps,0
/organization/questra,12500000.0,1.0,,2006.0,2006.0,USA,M2M,1
/organization/quewey,250000.0,1.0,,2011.0,2011.0,USA,Curated Web,0
/organization/quic-financial-technologies,10000000.0,1.0,1998.0,2006.0,2006.0,CAN,Finance,0
/organization/quick-hit,18950000.0,5.0,2008.0,2008.0,2011.0,USA,Sports,0
/organization/quickcue,1800000.0,1.0,2011.0,2012.0,2012.0,USA,Software,1
/organization/quickmedx,2700000.0,1.0,,2002.0,2002.0,USA,Health Diagnostics,0
/organization/quickoffice,30250000.0,5.0,1993.0,2005.0,2009.0,USA,App Stores,1
/organization/quidsi,78500000.0,6.0,2005.0,2006.0,2010.0,USA,E-Commerce,1
/organization/quietrevolution,10234700.0,1.0,2005.0,2008.0,2008.0,GBR,Clean Technology,1
/organization/quigo,35000000.0,5.0,2000.0,2004.0,2007.0,USA,Advertising,1
/organization/quik-io,1280000.0,2.0,2011.0,2011.0,2012.0,USA,Software,1
/organization/quikcycle,8900000.0,1.0,1998.0,2007.0,2007.0,USA,Software,0
/organization/quil-2,150000.0,1.0,2015.0,2015.0,2015.0,,Communities,0
/organization/quincy-apparel,,1.0,,2012.0,2012.0,,Fashion,0
/organization/quindell,1173661.0,1.0,2000.0,2015.0,2015.0,GBR,Consulting,1
/organization/quintessence-biosciences,1486000.0,1.0,2000.0,2012.0,2012.0,USA,Biotechnology,0
/organization/quintessent-communications,15000000.0,1.0,1997.0,2000.0,2000.0,USA,,1
/organization/quintiles,526000000.0,2.0,,2009.0,2013.0,USA,Biotechnology,1
/organization/quintiq,,1.0,,2011.0,2011.0,USA,Enterprise Software,1
/organization/quipley-inc,115000.0,1.0,2014.0,2015.0,2015.0,,Coupons,0
/organization/quipper,10061414.0,3.0,2010.0,2011.0,2014.0,GBR,Android,1
/organization/quirky,185325006.0,8.0,2009.0,2006.0,2014.0,USA,Crowdsourcing,0
/organization/qumas,10000000.0,1.0,,2005.0,2005.0,USA,Software,1
/organization/qumu,24750000.0,3.0,2003.0,2006.0,2010.0,USA,Software,1
/organization/quokky,909202.0,3.0,2013.0,2014.0,2015.0,,Document Management,0
/organization/quorum-systems,30000000.0,2.0,,2005.0,2006.0,USA,Semiconductors,1
/organization/quosis,260000.0,1.0,2004.0,2007.0,2007.0,FIN,Software,0
/organization/quote-digital,7756.0,1.0,2015.0,2015.0,2015.0,,Freelancers,0
/organization/quotient-clinical,62661128.6164423,1.0,,2008.0,2008.0,GBR,Bio-Pharm,1
/organization/quotify-technology,935000.0,1.0,2008.0,2010.0,2010.0,USA,Enterprise Software,0
/organization/quova,21000000.0,1.0,2000.0,2001.0,2001.0,NLD,Advertising,1
/organization/quture,562500.0,1.0,,2014.0,2014.0,USA,Health and Wellness,1
/organization/qwaq,7000000.0,1.0,,2007.0,2007.0,USA,Enterprise Software,0
/organization/qwiki,10500000.0,3.0,2009.0,2010.0,2011.0,USA,Photography,1
/organization/qype,23084124.0,4.0,2005.0,2005.0,2010.0,DEU,Curated Web,1
/organization/r-health,,1.0,1998.0,2013.0,2013.0,USA,Software,0
/organization/r3dway,,1.0,2015.0,2015.0,2015.0,,E-Commerce,0
/organization/race-cloud,605092.0,4.0,,2014.0,2014.0,BGR,Automotive,0
/organization/rachis-corporation,,1.0,1997.0,2001.0,2001.0,USA,Television,1
/organization/rackn-inc,800000.0,1.0,2014.0,2015.0,2015.0,USA,Application Platforms,0
/organization/rackup,3500000.0,2.0,2008.0,2008.0,2009.0,USA,Auctions,0
/organization/rad-power-bikes,320365.0,1.0,2007.0,2015.0,2015.0,USA,,0
/organization/radar-networks,24000000.0,4.0,,2006.0,2009.0,USA,Advertising,1
/organization/radian6,9000000.0,2.0,2006.0,2007.0,2008.0,CAN,CRM,1
/organization/radiance,26000000.0,1.0,,2008.0,2008.0,,Web Hosting,1
/organization/radiant-communications,4140000.0,1.0,,2010.0,2010.0,CAN,Web Hosting,1
/organization/radiate-inc,1550000.0,1.0,,2005.0,2005.0,USA,Information Technology,0
/organization/radiation-watch,3760000.0,1.0,,2006.0,2006.0,,Technology,0
/organization/radioframe,95369999.0,5.0,,2001.0,2008.0,USA,Mobile,0
/organization/radiological-assistance-consulting-and-engineering,3800000.0,1.0,,2004.0,2004.0,USA,Clean Technology,0
/organization/radlive,7650000.0,1.0,2005.0,2007.0,2007.0,ISR,Hardware + Software,0
/organization/radnor-holdings,120000000.0,1.0,,2005.0,2005.0,USA,Manufacturing,0
/organization/raffstar,,1.0,,2008.0,2008.0,USA,Curated Web,0
/organization/raft-international,1760000.0,1.0,,2005.0,2005.0,GBR,Enterprise Software,1
/organization/raidarrr,18852.0,1.0,2012.0,2012.0,2012.0,USA,Apps,0
/organization/raidcore,5000000.0,1.0,2000.0,2003.0,2003.0,USA,Design,0
/organization/rainbo-limited,,1.0,2015.0,2015.0,2015.0,,,0
/organization/rainfinity,15000000.0,1.0,1998.0,1999.0,1999.0,USA,Software,1
/organization/rainstor,26284825.0,5.0,2004.0,2009.0,2012.0,USA,Analytics,1
/organization/raise-partner,5695176.0,3.0,2001.0,2001.0,2012.0,SGP,Analytics,0
/organization/rakuten-mediaforge,1500000.0,1.0,2005.0,2006.0,2006.0,USA,Advertising,1
/organization/rally-games,,1.0,,2012.0,2012.0,,,0
/organization/rally-software,68850000.0,5.0,2001.0,2006.0,2011.0,USA,Enterprise Software,1
/organization/ramesys-e-business-services,24250000.0,1.0,1984.0,2009.0,2009.0,GBR,Software,1
/organization/rampedmedia,,1.0,2006.0,2007.0,2007.0,USA,Curated Web,0
/organization/ranberry,628000.0,1.0,,2012.0,2012.0,RUS,Technology,0
/organization/random-array-ltd,248997.0,1.0,2014.0,2014.0,2014.0,GBR,Marketplaces,0
/organization/randv,20000000.0,1.0,,2008.0,2008.0,CHN,Advertising,0
/organization/range-fuels,186190000.0,2.0,,2008.0,2008.0,USA,Clean Technology,0
/organization/rangespan,5000000.0,1.0,2011.0,2012.0,2012.0,GBR,Analytics,1
/organization/rank-productions,650000.0,2.0,2009.0,2009.0,2012.0,MYS,Career Management,0
/organization/ranomics,50000.0,1.0,,2015.0,2015.0,USA,Databases,0
/organization/rapid-mobile,4183800.0,2.0,2004.0,2005.0,2008.0,GBR,Mobile,0
/organization/rapid5-networks,53000000.0,1.0,,2000.0,2000.0,,Internet,0
/organization/rapidblue-solutions,2035650.0,1.0,2007.0,2011.0,2011.0,FIN,Analytics,1
/organization/rapidengines,1379372.0,2.0,2010.0,2011.0,2012.0,USA,Software,1
/organization/rapidmind,10866000.0,2.0,2004.0,2006.0,2007.0,CAN,Software,1
/organization/rapidvalue-solutions-inc,4184999.0,1.0,2008.0,2014.0,2014.0,USA,Mobile,0
/organization/rapleaf,16000000.0,4.0,2006.0,2006.0,2011.0,USA,Messaging,1
/organization/rapport,25500000.0,2.0,2001.0,2005.0,2007.0,USA,Hardware + Software,0
/organization/rapportive,1000000.0,1.0,2010.0,2010.0,2010.0,USA,Email,1
/organization/rapt,14620000.0,3.0,,2006.0,2013.0,USA,Software,1
/organization/raptor-products,250000.0,1.0,,2015.0,2015.0,USA,,0
/organization/raser-technologies,30000000.0,1.0,2003.0,2009.0,2009.0,USA,Clean Technology,0
/organization/rasyonel-r-d,220000.0,3.0,2013.0,2013.0,,TUR,Embedded Hardware and Software,0
/organization/ratepoint,24500000.0,4.0,2006.0,2007.0,2010.0,USA,Customer Service,0
/organization/rathergather,,1.0,,2008.0,2008.0,USA,News,0
/organization/ratify,2000000.0,1.0,2010.0,2012.0,2012.0,USA,Software,0
/organization/rav-antivirus-2,100000.0,1.0,1994.0,1994.0,1994.0,,Internet,1
/organization/rave-review,200000.0,1.0,2014.0,2014.0,2014.0,,Promotional,0
/organization/raven-biotechnologies,88300000.0,2.0,1999.0,2003.0,2005.0,USA,Biotechnology,1
/organization/ravn,,1.0,2011.0,2011.0,2011.0,USA,Adventure Travel,0
/organization/rawdata,1400000.0,1.0,2009.0,2012.0,2012.0,USA,Advertising,0
/organization/rawxies,512000.0,1.0,2011.0,2015.0,2015.0,USA,Food Processing,0
/organization/raysat,37000000.0,2.0,1997.0,2004.0,2005.0,USA,Automotive,1
/organization/rayspan,12500000.0,1.0,2006.0,2009.0,2009.0,USA,Mobile,0
/organization/rayv,16030566.0,4.0,2005.0,2007.0,2015.0,USA,Games,1
/organization/razor-insights,350000.0,1.0,2010.0,2011.0,2011.0,USA,Health and Wellness,1
/organization/razorsight,38890000.0,6.0,2001.0,2006.0,2014.0,USA,Automotive,1
/organization/rbn,9500000.0,1.0,,2004.0,2004.0,USA,Design,0
/organization/rcr-enterprises,,1.0,,2003.0,2003.0,,,0
/organization/rcs-techno,10000.0,1.0,2014.0,2014.0,2014.0,,Digital Media,0
/organization/rdio,125700000.0,6.0,2008.0,2009.0,2014.0,USA,Music,0
/organization/re-bello,,1.0,2012.0,2015.0,2015.0,,Fashion,0
/organization/re3w,1000000.0,1.0,,2004.0,2004.0,USA,Internet,0
/organization/reactivity,8550000.0,1.0,1998.0,2006.0,2006.0,USA,Enterprise Software,1
/organization/readly,2400000.0,1.0,2013.0,2015.0,2015.0,SWE,Apps,0
/organization/readmill,,1.0,2010.0,2012.0,2012.0,,Consumers,1
/organization/readness-com,25000.0,1.0,2009.0,2009.0,2009.0,GBR,Blogging Platforms,0
/organization/readspeaker,,1.0,1999.0,2008.0,2008.0,NLD,Software,1
/organization/ready-solar,1000000.0,1.0,2004.0,2010.0,2010.0,USA,Clean Technology,1
/organization/readyforce,14200000.0,2.0,2010.0,2010.0,2010.0,USA,Curated Web,1
/organization/readyforzero,4777000.0,3.0,2010.0,2010.0,2011.0,USA,Finance,1
/organization/real-girls-media-network-inc,13196231.0,2.0,2006.0,2006.0,2008.0,USA,Software,1
/organization/real-media,,1.0,,2000.0,2000.0,USA,Advertising,1
/organization/real-time-content,,1.0,2006.0,2007.0,2007.0,USA,Advertising,1
/organization/real5d,1200000.0,1.0,,2012.0,2012.0,USA,3D,0
/organization/reald,72000000.0,3.0,1980.0,2007.0,2008.0,USA,Broadcasting,1
/organization/realgravity,3625000.0,3.0,,2009.0,2011.0,USA,Enterprise Software,1
/organization/realine-technology,500000.0,1.0,,2014.0,2014.0,USA,B2B,0
/organization/reality-crowd-tv-media-corporation,90000.0,2.0,2013.0,2013.0,2015.0,USA,Crowdfunding,0
/organization/realitywave,1100000.0,2.0,,1999.0,2001.0,USA,Technology,1
/organization/realtargeting,,1.0,2013.0,2013.0,2013.0,,Advertising,1
/organization/realtime-technology,10354400.0,1.0,1999.0,2008.0,2008.0,DEU,Software,0
/organization/realtravel,1800000.0,2.0,,2005.0,2008.0,USA,Social Network Media,1
/organization/realty-compass,,1.0,2012.0,2013.0,2013.0,IND,Real Estate,1
/organization/reasult,,1.0,,2013.0,2013.0,,Real Estate,0
/organization/reaxion-corporation,2000000.0,1.0,2001.0,2005.0,2005.0,USA,Games,1
/organization/rebelmonkey,1000000.0,1.0,2007.0,2008.0,2008.0,USA,Games,0
/organization/reble,,1.0,,2007.0,2007.0,USA,Music,0
/organization/recardio,3000000.0,1.0,,2015.0,2015.0,USA,Bio-Pharm,0
/organization/recargax,,1.0,,2012.0,2012.0,,,0
/organization/receept,,1.0,2011.0,2011.0,2011.0,USA,,0
/organization/recellular,15000000.0,2.0,,2008.0,2010.0,USA,Mobile,1
/organization/receptos,73480066.0,4.0,2007.0,2009.0,2012.0,USA,Biotechnology,1
/organization/reclaims,50000.0,1.0,2009.0,2010.0,2010.0,USA,Legal,0
/organization/reclamefolder,,1.0,2012.0,2015.0,2015.0,,,0
/organization/reclip-it,840000.0,2.0,2012.0,2011.0,2012.0,USA,Curated Web,1
/organization/recobell,,1.0,2013.0,2014.0,2014.0,KOR,Big Data,1
/organization/recommerce-ag,,1.0,,2014.0,2014.0,CHE,,0
/organization/recon-instruments,17000000.0,3.0,2008.0,2012.0,2014.0,CAN,Consumer Electronics,1
/organization/reconnex,16000000.0,1.0,2002.0,2006.0,2006.0,USA,Data Security,1
/organization/recordant,12000000.0,2.0,2005.0,2006.0,2007.0,USA,Software,0
/organization/recurrent-energy,85000000.0,2.0,,2007.0,2008.0,USA,Clean Technology,1
/organization/recurve,14000000.0,2.0,2005.0,2008.0,2010.0,USA,Clean Technology,1
/organization/recycling-technologies-limited,831065.378900446,1.0,,2015.0,2015.0,,,0
/organization/red,2323.0,1.0,,2000.0,2000.0,USA,Nonprofits,1
/organization/red-aril,,1.0,2009.0,2009.0,2009.0,USA,Advertising,1
/organization/red-bend-software,33199999.0,4.0,1999.0,2004.0,2008.0,USA,Software,1
/organization/red-blue-voice,25000.0,1.0,2011.0,2011.0,2011.0,USA,Software,0
/organization/red-hot-labs,1500000.0,1.0,2012.0,2013.0,2013.0,USA,Apps,1
/organization/red-innova,52840.0,1.0,2008.0,2013.0,2013.0,ESP,Enterprise Software,0
/organization/red-lambda,15208650.0,4.0,2005.0,2010.0,2014.0,USA,Software,0
/organization/red-m-group,9620000.0,2.0,1999.0,2001.0,2005.0,GBR,Mobile,1
/organization/red-seraphim,50000.0,1.0,,2011.0,2011.0,USA,Entrepreneur,0
/organization/red-swoosh,1730000.0,1.0,,2006.0,2006.0,,Finance,1
/organization/redbeacon,7400000.0,1.0,2008.0,2010.0,2010.0,USA,Curated Web,1
/organization/redbus-in,8328770.0,3.0,2006.0,2009.0,2012.0,IND,Curated Web,1
/organization/redcloud-security,6920000.0,2.0,,2011.0,2012.0,USA,Design,1
/organization/reddit,50100000.0,2.0,2005.0,2005.0,2014.0,USA,News,1
/organization/reddwerks,2150000.0,3.0,2003.0,2009.0,2010.0,USA,Software,1
/organization/redeemr-inc,250000.0,3.0,2011.0,2011.0,2012.0,USA,Social Media,0
/organization/redesign-mobile,50000.0,1.0,,2014.0,2014.0,,Finance,0
/organization/redfern-broadband-networks,11000000.0,1.0,,2003.0,2003.0,USA,Design,1
/organization/redkite-financial-markets,,2.0,2009.0,2011.0,2012.0,GBR,Finance,1
/organization/redpath-integrated-pathology,9300718.0,4.0,2004.0,2006.0,2013.0,USA,Biotechnology,1
/organization/redsiren,17700000.0,1.0,,2003.0,2003.0,USA,Security,1
/organization/redstamp,,1.0,2005.0,2012.0,2012.0,USA,Education,1
/organization/reduce-data,500000.0,1.0,2012.0,2013.0,2013.0,USA,Advertising,1
/organization/redux,8110454.0,5.0,2007.0,2007.0,2012.0,USA,Ediscovery,1
/organization/redvax,,1.0,,2009.0,2009.0,,,1
/organization/redwood-systems,42250000.0,5.0,2008.0,2008.0,2012.0,USA,Clean Technology,1
/organization/reef-point-systems,52000000.0,3.0,1998.0,2005.0,2007.0,USA,Security,0
/organization/reelation,85000.0,1.0,,2011.0,2011.0,,Online Dating,0
/organization/reelbig,25000.0,1.0,2013.0,2014.0,2014.0,USA,Gambling,0
/organization/reeplay-it,,1.0,,2009.0,2009.0,,,0
/organization/rees46,30000.0,1.0,,2013.0,2013.0,RUS,E-Commerce,0
/organization/reesio,1583500.0,4.0,2012.0,2013.0,2015.0,USA,Finance,1
/organization/refer-ly,1300000.0,2.0,2012.0,2012.0,2013.0,USA,Curated Web,0
/organization/refferedagent-com,275000.0,1.0,2002.0,2002.0,2002.0,USA,Real Estate,0
/organization/reffpedia,3500000.0,1.0,2010.0,2010.0,2010.0,,Search,0
/organization/reflectent-software,13500000.0,2.0,2000.0,2003.0,2004.0,USA,Computers,1
/organization/reflectum,,1.0,2012.0,2012.0,2012.0,,,1
/organization/refocus-group,14000000.0,1.0,,2004.0,2004.0,USA,Development Platforms,0
/organization/refresh-io,10000000.0,1.0,2011.0,2013.0,2013.0,USA,Software,1
/organization/refund-exchange,177000.0,1.0,,2005.0,2005.0,GBR,Security,0
/organization/refunder,,1.0,,2014.0,2014.0,,,0
/organization/refurbthat-limited,584479.181076221,1.0,2007.0,2014.0,2014.0,,Computers,0
/organization/regen,1602500.0,1.0,2008.0,2010.0,2010.0,USA,Clean Technology,0
/organization/register-com,,1.0,,2014.0,2014.0,USA,Domains,1
/organization/registrylove,,1.0,,2012.0,2012.0,USA,Curated Web,0
/organization/rehab-documentation,3949998.0,3.0,1995.0,2013.0,2013.0,USA,Software,1
/organization/rehab-management-services,,1.0,1976.0,1995.0,1995.0,USA,Healthcare Services,1
/organization/rehabtics,100000.0,1.0,2012.0,2013.0,2013.0,USA,Fitness,0
/organization/reinnervate,4734165.0,2.0,2002.0,2010.0,2011.0,GBR,Biotechnology,1
/organization/relateiq,69000000.0,4.0,2011.0,2011.0,2014.0,USA,Enterprise Software,1
/organization/relationship-analytics,125000.0,2.0,2012.0,2013.0,2013.0,USA,Analytics,0
/organization/relativity-technologies,7500000.0,2.0,1997.0,2004.0,2005.0,USA,Software,1
/organization/relay-2,700000.0,1.0,,2013.0,2013.0,CAN,Messaging,1
/organization/relayhealth,48400000.0,4.0,,2000.0,2004.0,USA,Health Care,1
/organization/reldata-inc,4000000.0,1.0,2005.0,2011.0,2011.0,USA,Enterprise Software,1
/organization/relead,,1.0,2011.0,2011.0,2011.0,USA,Analytics,0
/organization/relevate,,1.0,,2008.0,2008.0,USA,,1
/organization/reliant-pharmaceuticals,115000000.0,1.0,,2003.0,2003.0,,Health Diagnostics,1
/organization/reliant-technologies,15000000.0,1.0,2001.0,2007.0,2007.0,USA,Biotechnology,1
/organization/relicore,14000000.0,1.0,,2002.0,2002.0,USA,Data Centers,1
/organization/relion,54000000.0,5.0,1995.0,2004.0,2013.0,USA,Clean Technology,1
/organization/relocality,,1.0,2010.0,2013.0,2013.0,USA,Big Data,0
/organization/relola,600000.0,1.0,2014.0,2015.0,2015.0,,Real Estate,0
/organization/relume-technologies,7800000.0,3.0,1994.0,2009.0,2012.0,USA,Manufacturing,1
/organization/remail,,1.0,2008.0,2009.0,2009.0,,Messaging,1
/organization/rembrandt-productions,250000.0,1.0,2013.0,2014.0,2014.0,USA,Digital Media,0
/organization/remedy-systems,,1.0,2009.0,2012.0,2012.0,USA,Finance,1
/organization/remember-the-member,50000.0,1.0,,2012.0,2012.0,USA,Mobile,0
/organization/rememberit-com,1700000.0,1.0,,1999.0,1999.0,USA,,0
/organization/remote-assistant,51713.0,1.0,2013.0,2013.0,2013.0,,iPhone,0
/organization/remotemdx,50444588.0,3.0,,2009.0,2010.0,USA,Mobile,0
/organization/remotium,1000000.0,1.0,2012.0,2013.0,2013.0,USA,Enterprises,1
/organization/remotv,2700000.0,3.0,2007.0,2007.0,2008.0,USA,File Sharing,0
/organization/rempex-pharmaceuticals,67500000.0,1.0,,2011.0,2011.0,USA,Biotechnology,1
/organization/renaissance-learning,40000000.0,1.0,1984.0,2014.0,2014.0,USA,Education,1
/organization/renal-solutions,32700000.0,2.0,2000.0,2002.0,2003.0,USA,Medical,1
/organization/renal-treatment-centers,,1.0,1988.0,1990.0,1990.0,USA,,0
/organization/renal-ventures-management,30000000.0,1.0,,2011.0,2011.0,USA,Health and Wellness,1
/organization/rendition-networks-3,20000000.0,1.0,,2000.0,2000.0,USA,Technology,0
/organization/renegade-games,,1.0,,2009.0,2009.0,GBR,Games,0
/organization/renkoo,9000000.0,2.0,,2006.0,2008.0,USA,Chat,0
/organization/renovar,1200000.0,1.0,1999.0,2006.0,2006.0,USA,Biotechnology,0
/organization/renovo,33000000.0,1.0,,2002.0,2002.0,GBR,Biotechnology,0
/organization/rent-college-pads,450000.0,1.0,2013.0,2015.0,2015.0,,,0
/organization/rent-com,34300000.0,3.0,2000.0,2000.0,2001.0,USA,Curated Web,1
/organization/rent2cash-com,40000.0,1.0,,2014.0,2014.0,,Application Platforms,0
/organization/rentbureau,,1.0,2006.0,2008.0,2008.0,USA,Software,1
/organization/rentcolumn-communications,5026.0,1.0,2012.0,2013.0,2013.0,CAN,Advertising,0
/organization/rentelligence,62500.0,1.0,2011.0,2012.0,2012.0,USA,Apps,0
/organization/rentenna,200000.0,1.0,,2013.0,2013.0,USA,Consumer Internet,1
/organization/rentjuice,6923782.0,3.0,2008.0,2008.0,2011.0,USA,Real Estate,1
/organization/rentmineonline,68246.0,2.0,2007.0,2007.0,2009.0,USA,Facebook Applications,1
/organization/rentnegotiator-com,,1.0,2009.0,2009.0,2009.0,,Real Estate,0
/organization/rentstuff-com,675000.0,2.0,2010.0,2011.0,2012.0,USA,Curated Web,1
/organization/renutra-natural-health-products,,1.0,1995.0,2004.0,2004.0,USA,,0
/organization/repka-com,175000.0,2.0,2012.0,2012.0,2013.0,RUS,E-Commerce Platforms,0
/organization/replay-solutions,15200000.0,2.0,2004.0,2006.0,2008.0,USA,Software,0
/organization/replidyne,13000000.0,1.0,,2002.0,2002.0,USA,Bio-Pharm,1
/organization/repost-network,,1.0,,2015.0,2015.0,,,0
/organization/reppler,500000.0,1.0,,2010.0,2010.0,USA,Curated Web,1
/organization/repromedix,,1.0,,2014.0,2014.0,,,0
/organization/republic-project,1000000.0,1.0,2008.0,2012.0,2012.0,USA,Advertising,1
/organization/requisite-technology,30000000.0,1.0,1993.0,2000.0,2000.0,USA,Document Management,1
/organization/rerecipe,100000.0,1.0,2010.0,2010.0,2010.0,USA,Curated Web,0
/organization/rescoper,,1.0,2013.0,2015.0,2015.0,,,0
/organization/reservemyhome,,1.0,2007.0,2007.0,2007.0,USA,Travel,0
/organization/resolute-solutions-corporation,7600000.0,1.0,,2007.0,2007.0,USA,Business Services,0
/organization/resonant-vibes,350000.0,1.0,2004.0,2008.0,2008.0,USA,Curated Web,0
/organization/resonext-communications,25000000.0,1.0,,2002.0,2002.0,,Semiconductors,0
/organization/respirics,4247540.0,4.0,,2005.0,2010.0,USA,Biotechnology,0
/organization/response-genetics-inc,12000000.0,1.0,,2014.0,2014.0,USA,Biotechnology,1
/organization/response-networks,4000000.0,1.0,,2001.0,2001.0,,Business Services,0
/organization/responsebase,,1.0,,2001.0,2001.0,USA,Internet Marketing,1
/organization/responsible-city,,1.0,,2011.0,2011.0,USA,Loyalty Programs,0
/organization/responsight,38126.0,1.0,,2015.0,2015.0,,Intelligent Systems,0
/organization/responsys,51900000.0,3.0,1998.0,2000.0,2003.0,USA,Search Marketing,1
/organization/resqu,679000.0,1.0,,2010.0,2010.0,SWE,Software,0
/organization/ressq-technologies,868050.0,1.0,2009.0,2013.0,2013.0,USA,Software,0
/organization/restaurant-technologies-inc,25000000.0,1.0,,2004.0,2004.0,USA,Oil,1
/organization/restauranttrade,5000000.0,1.0,,2002.0,2002.0,,Hospitality,0
/organization/resteel,,1.0,,2008.0,2008.0,NLD,,0
/organization/restomesto,200000.0,1.0,2011.0,2012.0,2012.0,RUS,Coupons,0
/organization/restore-medical-2,26500000.0,1.0,1999.0,2004.0,2004.0,USA,Medical,1
/organization/retail-convergence,25000000.0,1.0,2008.0,2008.0,2008.0,USA,E-Commerce,1
/organization/retail-labs-pvt-ltd,,1.0,2014.0,2015.0,2015.0,,Consumer Goods,0
/organization/retail-optimization,2844942.0,3.0,,2007.0,2010.0,USA,Analytics,1
/organization/retailo,,3.0,2007.0,2007.0,2011.0,DEU,E-Commerce,1
/organization/retalika,,1.0,,2008.0,2008.0,,,0
/organization/retargeter,1500000.0,2.0,2009.0,2013.0,2013.0,USA,Advertising,1
/organization/retel-technologies,1000000.0,2.0,2007.0,2009.0,2009.0,USA,Analytics,1
/organization/retewi,49247.0,1.0,,2012.0,2012.0,,Medical,0
/organization/retickr,1550000.0,2.0,2011.0,2011.0,2012.0,USA,Curated Web,0
/organization/retrevo,15100000.0,4.0,2006.0,2006.0,2008.0,USA,Blogging Platforms,1
/organization/retroficiency,7340000.0,1.0,2009.0,2011.0,2011.0,USA,Clean Technology,1
/organization/retsly,540315.0,3.0,2013.0,2013.0,2014.0,CAN,Property Management,1
/organization/reva-systems,39000000.0,3.0,2003.0,2006.0,2009.0,USA,Hardware + Software,1
/organization/revalesio,24150000.0,2.0,2000.0,2012.0,2014.0,USA,Biotechnology,0
/organization/reveal,1000000.0,2.0,,2013.0,2013.0,USA,Chat,1
/organization/reveal-imaging-technologies,37600000.0,4.0,2002.0,2003.0,2008.0,USA,Security,1
/organization/revealr-software-limited,,1.0,,2013.0,2013.0,GBR,Apps,1
/organization/revel-touch,10000000.0,2.0,2011.0,2011.0,2012.0,USA,E-Commerce,1
/organization/revera,11200000.0,1.0,,2005.0,2005.0,USA,Semiconductors,1
/organization/reverb-technologies,12789996.0,5.0,2008.0,2008.0,2013.0,USA,B2B,1
/organization/reverse-medical,15500000.0,2.0,,2009.0,2010.0,USA,Biotechnology,1
/organization/revetto,20000.0,1.0,2009.0,2009.0,2009.0,USA,Brand Marketing,0
/organization/reviews,4229.71288708922,1.0,,2015.0,2015.0,GEO,,0
/organization/reviewspotter,100000.0,1.0,2007.0,2007.0,2007.0,USA,E-Commerce,0
/organization/revision3,9000000.0,2.0,2005.0,2006.0,2007.0,USA,Games,1
/organization/revistronic,1960000.0,1.0,,2005.0,2005.0,ESP,Content,0
/organization/revit-technology-corporation,7000000.0,1.0,1997.0,2001.0,2001.0,,Construction,0
/organization/revnetics,,1.0,2009.0,2010.0,2010.0,USA,Mobile,0
/organization/revodeals,25000.0,1.0,2010.0,2010.0,2010.0,USA,Curated Web,0
/organization/revol-technologies,,1.0,,2015.0,2015.0,CAN,,0
/organization/revolt-technology,16033882.1642302,2.0,,2009.0,2011.0,USA,Hardware + Software,0
/organization/revolution-computing,38695399.0,5.0,2007.0,2008.0,2013.0,USA,Analytics,1
/organization/revolutionmoney,107225000.0,3.0,,2007.0,2009.0,USA,Finance,1
/organization/revolv,7318000.0,3.0,2012.0,2012.0,2013.0,USA,Home Automation,1
/organization/revver,12700000.0,2.0,2004.0,2005.0,2006.0,USA,Content,1
/organization/reward-gateway,257944298.0,2.0,2006.0,2010.0,2015.0,GBR,Cloud Computing,1
/organization/rewardable,,1.0,2012.0,2012.0,2012.0,USA,Crowdsourcing,0
/organization/rewarding-return,50000.0,1.0,2007.0,2008.0,2008.0,,E-Commerce,0
/organization/rewarding-visits,1561337.12911738,3.0,2012.0,2012.0,2015.0,GBR,Advertising,0
/organization/rewardsnap,2667.0,1.0,2009.0,2009.0,2009.0,USA,Software,0
/organization/rewind-me,800000.0,2.0,2011.0,2012.0,2012.0,USA,Finance,0
/organization/rexahn-pharmaceuticals,5000000.0,1.0,,2013.0,2013.0,USA,Biotechnology,0
/organization/rexly,20000.0,1.0,2010.0,2011.0,2011.0,USA,Curated Web,1
/organization/rf-it-solutions,4890000.0,1.0,2005.0,2006.0,2006.0,AUT,Software,1
/organization/rf-solutions-2,,4.0,1997.0,2000.0,2003.0,,,0
/organization/rf-surgical-systems,29620000.0,4.0,2004.0,2010.0,2014.0,USA,Health Care,1
/organization/rfinity,4000000.0,1.0,2008.0,2011.0,2011.0,USA,Mobile,0
/organization/rhapsody-networks,50000000.0,2.0,,2000.0,2001.0,,,0
/organization/rhetorical-group-plc,6303109.0,1.0,,2001.0,2001.0,,Innovation Engineering,1
/organization/rhetorical-systems,6282049.0,1.0,2000.0,2001.0,2001.0,GBR,Software,0
/organization/rhomobile,,2.0,2008.0,2011.0,2011.0,USA,Entertainment,1
/organization/rhythm-networks,7850000.0,1.0,,2005.0,2005.0,USA,Services,0
/organization/rhythm-newmedia,28932322.0,4.0,2005.0,2010.0,2012.0,USA,Advertising,1
/organization/rhythmia-medical,14700000.0,3.0,2004.0,2007.0,2010.0,USA,Health Care,1
/organization/ribbit,21000000.0,3.0,2005.0,2006.0,2008.0,USA,Audio,1
/organization/ricardo-ch,,1.0,1999.0,1999.0,1999.0,CHE,E-Commerce,1
/organization/richfx,33000000.0,1.0,1998.0,2000.0,2000.0,USA,Advertising,1
/organization/ridecharge,10700000.0,3.0,2007.0,2008.0,2014.0,USA,Android,1
/organization/ridejoy,1300000.0,1.0,2011.0,2012.0,2012.0,USA,Bridging Online and Offline,0
/organization/ridepal,3700000.0,2.0,2011.0,2012.0,2013.0,USA,Career Management,0
/organization/ridescout,2600000.0,2.0,2011.0,2012.0,2014.0,USA,Apps,1
/organization/riff-digital-inc,,1.0,2014.0,2015.0,2015.0,USA,Music,0
/organization/right-hemisphere,21999969.0,3.0,1997.0,2005.0,2009.0,USA,Enterprise Software,1
/organization/right-media,45000000.0,1.0,2003.0,2006.0,2006.0,USA,Advertising,1
/organization/right90,22000000.0,3.0,2003.0,2005.0,2008.0,USA,Sales and Marketing,1
/organization/rightnow-technologies,15000000.0,2.0,1997.0,1999.0,2001.0,USA,CRM,1
/organization/rightpath-payments,500000.0,1.0,2003.0,2006.0,2006.0,USA,Software,0
/organization/rightsflow,1500000.0,1.0,2007.0,2009.0,2009.0,USA,Accounting,1
/organization/rightsignature,,1.0,,2008.0,2008.0,USA,Document Management,1
/organization/riglobe-revolution-wireless-global,11000.0,1.0,2015.0,2015.0,2015.0,,Internet,0
/organization/rima,,1.0,,2013.0,2013.0,,,0
/organization/ringadoc,1900000.0,3.0,2010.0,2012.0,2013.0,USA,Software,1
/organization/ringcube-technologies,46667457.0,5.0,2005.0,2006.0,2010.0,USA,Software,1
/organization/riot-games,15000000.0,2.0,2007.0,2008.0,2009.0,USA,Games,1
/organization/ripcode,36500000.0,5.0,2006.0,2006.0,2010.0,USA,Software,0
/organization/ripple-commerce,650000.0,1.0,2012.0,2012.0,2012.0,USA,E-Commerce,0
/organization/ripple-technologies,540000.0,1.0,1998.0,2001.0,2001.0,USA,Software,1
/organization/ripple-tv,26000000.0,4.0,2006.0,2007.0,2009.0,USA,Advertising,1
/organization/ripplefunction,20000.0,1.0,2010.0,2010.0,2010.0,USA,Advertising,0
/organization/riptech-inc,23000000.0,1.0,,2000.0,2000.0,USA,Defense,1
/organization/risesmart,23600000.0,5.0,2007.0,2008.0,2014.0,USA,Enterprise Software,1
/organization/rising-tide-games,,1.0,2014.0,2015.0,2015.0,,,0
/organization/rita-medical-systems-inc,9000000.0,1.0,1994.0,2003.0,2003.0,USA,Health Care Information Technology,1
/organization/river-ranch-fresh-foods,,1.0,,2004.0,2004.0,USA,Food Processing,0
/organization/riverbed-technology,28400000.0,4.0,2002.0,1999.0,2006.0,USA,Communications Hardware,1
/organization/riverglass-inc,6400000.0,2.0,2003.0,2007.0,2008.0,USA,Software,0
/organization/rivermine-software,23700000.0,3.0,1999.0,2005.0,2009.0,USA,Software,1
/organization/riverrock-energy,125000000.0,1.0,,2014.0,2014.0,USA,Energy,0
/organization/rivet-app,,1.0,2015.0,2015.0,2015.0,USA,Application Platforms,0
/organization/rivet-games,,1.0,,2011.0,2011.0,USA,Games,0
/organization/rivet-sway,2350000.0,2.0,2011.0,2011.0,2013.0,USA,E-Commerce,0
/organization/rivono,,1.0,,2012.0,2012.0,USA,Games,0
/organization/rivulet-communications,33076264.0,3.0,2004.0,2007.0,2009.0,USA,Enterprise Software,1
/organization/rlx-technologies,21100000.0,2.0,1999.0,2004.0,2005.0,USA,Hardware + Software,1
/organization/rmdmgroup,100000.0,1.0,,2010.0,2010.0,CHN,Development Platforms,0
/organization/rmg-networks,25000000.0,1.0,2006.0,2015.0,2015.0,USA,Advertising,1
/organization/rmi-corporation,20000000.0,1.0,1983.0,2006.0,2006.0,USA,Infrastructure,1
/organization/rml-information-services-ltd,,1.0,,2013.0,2013.0,,,0
/organization/rna-networks,7000000.0,1.0,,2009.0,2009.0,USA,E-Commerce,1
/organization/roadhop,40000.0,1.0,2010.0,2010.0,2010.0,SGP,Public Transportation,0
/organization/roadnet,43043483.0,1.0,1983.0,2011.0,2011.0,USA,Fleet Management,1
/organization/roam-i-t,1900000.0,1.0,1998.0,2001.0,2001.0,CAN,Enterprise Software,0
/organization/roamz,3500000.0,1.0,2011.0,2011.0,2011.0,AUS,Location Based Services,0
/organization/roar-for-good,50000.0,1.0,,2015.0,2015.0,,Women,0
/organization/robin-2,,1.0,,2014.0,2014.0,,,0
/organization/robodrom,20000.0,1.0,,2012.0,2012.0,,Entertainment,0
/organization/robodynamics,600000.0,2.0,2003.0,2003.0,2006.0,USA,Hardware + Software,0
/organization/roboed,20000.0,1.0,,2012.0,2012.0,RUS,Education,0
/organization/robotdough-software,415000.0,2.0,2009.0,2010.0,2011.0,USA,Software,0
/organization/robotgalaxy,12000000.0,2.0,2006.0,2007.0,2008.0,USA,Games,0
/organization/robotronica,155000.0,1.0,,2013.0,2013.0,RUS,Education,0
/organization/roc2loc,2000000.0,1.0,,2008.0,2008.0,USA,Mobile,0
/organization/rock-city-apps,975000.0,2.0,2011.0,2011.0,2013.0,USA,Social Media,0
/organization/rock-mobile,,1.0,,2003.0,2003.0,,,0
/organization/rock-the-post,1400000.0,1.0,2010.0,2012.0,2012.0,USA,Crowdfunding,1
/organization/rockcart,,1.0,2014.0,2014.0,2014.0,,,0
/organization/rocker-tools,50000.0,1.0,,2015.0,2015.0,,Construction,0
/organization/rocket-heater-gamera,27391.4567872378,1.0,,2015.0,2015.0,,,0
/organization/rocket-network,10300000.0,1.0,,2001.0,2001.0,USA,Internet,0
/organization/rockethub,,2.0,2009.0,2010.0,2011.0,USA,Brand Marketing,1
/organization/rocketmiles,8500000.0,2.0,2012.0,2013.0,2014.0,USA,E-Commerce,1
/organization/rocketon,6300000.0,2.0,2007.0,2007.0,2008.0,USA,Software,0
/organization/rockford-foresters-baseball-team,,1.0,2008.0,2008.0,2008.0,USA,Sports,0
/organization/rockmelt,39875000.0,3.0,2009.0,2009.0,2011.0,USA,Browser Extensions,1
/organization/rockola-media-group,2037750.0,1.0,2007.0,2010.0,2010.0,ESP,News,0
/organization/rocky-mountain-ventures,60000.0,1.0,2009.0,2009.0,2009.0,USA,Hardware + Software,0
/organization/rodeco-ict-services,720480.0,1.0,2004.0,2005.0,2005.0,NLD,Hospitality,0
/organization/rohati-systems,23000000.0,2.0,,2007.0,2008.0,USA,Software,1
/organization/rollad,800000.0,1.0,,2012.0,2012.0,RUS,Ad Targeting,0
/organization/rollbase,300000.0,1.0,2007.0,2007.0,2007.0,USA,Cloud Computing,1
/organization/rollcall-roll-to,1000000.0,1.0,2010.0,2010.0,2010.0,USA,Mobile,1
/organization/rollstream,7500000.0,3.0,2005.0,2005.0,2008.0,USA,Enterprises,1
/organization/rome-corporation,14000000.0,1.0,2001.0,2006.0,2006.0,USA,Software,1
/organization/rontal-applications,3500000.0,1.0,2003.0,2007.0,2007.0,ISR,Security,1
/organization/roofs-by-nicholas,,1.0,,2010.0,2010.0,,,0
/organization/rooftopcomedy,2500000.0,1.0,2006.0,2007.0,2007.0,USA,Audio,1
/organization/roomiepics,150000.0,1.0,2010.0,2010.0,2010.0,,Games,0
/organization/roomish,30000.0,1.0,2012.0,2012.0,2012.0,CAN,Travel,0
/organization/rooms2night-llc,,1.0,2014.0,2015.0,2015.0,,,0
/organization/roomtag,300000.0,1.0,2008.0,2010.0,2010.0,USA,Enterprise Software,1
/organization/roost,13500000.0,2.0,2007.0,2007.0,2008.0,USA,Local Based Services,1
/organization/rooster-teeth,2400000.0,1.0,2003.0,2014.0,2014.0,USA,Entertainment,1
/organization/roozz-com,1397531.0,3.0,2010.0,2010.0,2012.0,DNK,Cloud Computing,0
/organization/ropatec,3611685.0,2.0,2007.0,2008.0,2012.0,ITA,Clean Technology,0
/organization/ror-media,,1.0,2008.0,2010.0,2010.0,USA,Apps,0
/organization/rosalind,25000.0,1.0,,2013.0,2013.0,,Bioinformatics,0
/organization/rotohog,8000000.0,2.0,,2007.0,2009.0,USA,Sports,0
/organization/roundarch,10000000.0,1.0,2000.0,2000.0,2000.0,USA,Internet,1
/organization/roundcorner,,1.0,2009.0,2013.0,2013.0,USA,Colleges,0
/organization/router-solutions,,1.0,,2004.0,2004.0,,,0
/organization/routershare,120000.0,2.0,2011.0,2011.0,2013.0,USA,File Sharing,0
/organization/rover-apps,300000.0,1.0,2009.0,2010.0,2010.0,USA,Software,1
/organization/roving-planet,15500000.0,2.0,2001.0,2004.0,2005.0,USA,Web Hosting,1
/organization/row-sham-bow,8390222.0,5.0,2011.0,2011.0,2014.0,USA,Games,1
/organization/row44,103000000.0,3.0,2004.0,2008.0,2012.0,USA,Web Hosting,0
/organization/roxro-pharma,42700000.0,1.0,1999.0,2007.0,2007.0,USA,Biotechnology,0
/organization/royaltyshare,11500000.0,4.0,2005.0,2006.0,2008.0,USA,Games,0
/organization/rozo-systems,854551.299528369,1.0,2010.0,2014.0,2014.0,FRA,Information Technology,0
/organization/rpath,32500000.0,4.0,2005.0,2006.0,2010.0,USA,Cloud Computing,0
/organization/rpo,44000000.0,3.0,2005.0,2006.0,2010.0,USA,Hardware + Software,0
/organization/rss-solutions,1600000.0,1.0,,2003.0,2003.0,,Information Technology,0
/organization/rtn-stealth-software,352134.0,1.0,,2011.0,2011.0,,Computers,0
/organization/rubina-real-estate,,1.0,2012.0,2012.0,2012.0,,,0
/organization/ruby-revolver,19311.0,1.0,,2010.0,2010.0,,Brand Marketing,0
/organization/rubybox,,1.0,,2012.0,2012.0,ZAF,Beauty,1
/organization/ruckus,57900000.0,5.0,,2004.0,2009.0,,Games,1
/organization/rudder,2000000.0,1.0,2006.0,2008.0,2008.0,USA,Finance,0
/organization/rue-la-la,22000000.0,1.0,2008.0,2012.0,2012.0,USA,Fashion,1
/organization/ruecentrale,242567.483517851,1.0,,2014.0,2014.0,,,0
/organization/rules-based-medicine,25000000.0,1.0,,2007.0,2007.0,USA,Biotechnology,1
/organization/rumgr,500000.0,1.0,2011.0,2012.0,2012.0,USA,E-Commerce,1
/organization/run-the-campaign,401000.0,1.0,2008.0,2010.0,2010.0,USA,Curated Web,0
/organization/run2sport,2500000.0,1.0,,2012.0,2012.0,,Sports,0
/organization/runa,10200000.0,2.0,2009.0,2010.0,2012.0,USA,Advertising,1
/organization/runalong,130295.0,1.0,2008.0,2008.0,2008.0,SWE,Curated Web,0
/organization/rundown,,1.0,2011.0,2011.0,2011.0,,Content,0
/organization/runivermag,,1.0,,2009.0,2009.0,RUS,E-Commerce,0
/organization/runmyprocess,2200000.0,1.0,2007.0,2010.0,2010.0,FRA,Business Development,1
/organization/runtastic,214185.0,3.0,2009.0,2010.0,2012.0,AUT,Android,1
/organization/rupture,3000000.0,1.0,,2007.0,2007.0,USA,Games,1
/organization/ruralco-holdings,25000000.0,1.0,,2013.0,2013.0,AUS,Agriculture,0
/organization/rush-points-llc,250000.0,1.0,2012.0,2012.0,2012.0,,Advertising,0
/organization/russian-logistic-service,20000000.0,1.0,,2006.0,2006.0,,Consulting,0
/organization/russian-quantum-center,6700000.0,1.0,,2012.0,2012.0,RUS,Education,0
/organization/russian-towers-2,100000000.0,1.0,,2012.0,2012.0,RUS,Financial Services,0
/organization/rustic-crust,1500000.0,1.0,,2007.0,2007.0,USA,Food Processing,0
/organization/rustoria,2000000.0,1.0,,2013.0,2013.0,RUS,Blogging Platforms,0
/organization/rutt-ett,600000.0,1.0,2004.0,2015.0,2015.0,SWE,Digital Media,0
/organization/rwaq,540000.0,1.0,,2013.0,2013.0,SAU,Education,0
/organization/rxcentric,5000000.0,1.0,,2001.0,2001.0,USA,Digital Media,0
/organization/ryla,9120018.0,2.0,2001.0,2007.0,2009.0,USA,E-Commerce,1
/organization/ryma,10000000.0,2.0,2000.0,2005.0,2008.0,CAN,Business Services,0
/organization/rypple,13000000.0,3.0,2008.0,2008.0,2010.0,CAN,Collaboration,1
/organization/s-a-c,,1.0,,2015.0,2015.0,DNK,,0
/organization/s-bio,143500000.0,3.0,2000.0,2008.0,2010.0,SGP,Biotechnology,0
/organization/s-pack-and-print-pcl,4110000.0,1.0,1990.0,2004.0,2004.0,,,0
/organization/s2c-global-systems,1875000.0,1.0,2001.0,2014.0,2014.0,USA,Mining Technologies,0
/organization/s5-wireless,14000000.0,2.0,2003.0,2005.0,2006.0,USA,Semiconductors,1
/organization/sa-ignite,1982609.0,3.0,2006.0,2011.0,2014.0,USA,Biotechnology,0
/organization/saaspoint,2010000.0,2.0,2005.0,2009.0,2011.0,GBR,Enterprise Software,1
/organization/saatchiart,11150004.0,3.0,2010.0,2010.0,2013.0,USA,Curated Web,1
/organization/sabal-medical,500000.0,2.0,,2008.0,2010.0,USA,Health Care,1
/organization/saber-seven,4000000.0,1.0,,2009.0,2009.0,USA,Curated Web,0
/organization/saber-software-corporation,,1.0,1986.0,1990.0,1990.0,USA,,0
/organization/sabeus-photonics,16000000.0,1.0,,2001.0,2001.0,,Communications Hardware,0
/organization/sabirmedical,6539000.0,1.0,,2010.0,2010.0,ESP,Biotechnology,0
/organization/sabre,645496464.0,1.0,1960.0,2014.0,2014.0,USA,Curated Web,1
/organization/sabrix,27200000.0,3.0,2002.0,2002.0,2007.0,USA,Enterprise Software,1
/organization/sadra-medica,62000000.0,4.0,2003.0,2004.0,2010.0,USA,Health Care,1
/organization/safaba-translation-solutions,,3.0,2009.0,2012.0,2014.0,USA,Software,1
/organization/safe-harbour,,1.0,2012.0,2012.0,2012.0,,,1
/organization/safe-id-solutions,9100000.0,1.0,2003.0,2005.0,2005.0,DEU,Security,0
/organization/safeboot,,1.0,1991.0,2005.0,2005.0,USA,Software,1
/organization/safeguard-interactive,,1.0,,1996.0,1996.0,,,1
/organization/safend,16400000.0,3.0,2003.0,2005.0,2008.0,ISR,Enterprise Software,1
/organization/safenet,138899314.0,1.0,1983.0,2010.0,2010.0,USA,Security,1
/organization/saferent,17650000.0,2.0,,2000.0,2001.0,,Credit,1
/organization/safetool,4660000.0,1.0,,2008.0,2008.0,SWE,Security,0
/organization/safetycertified,260000.0,1.0,1999.0,2009.0,2009.0,USA,Education,1
/organization/safetyweb,8750000.0,2.0,2009.0,2009.0,2010.0,USA,Enterprise Software,1
/organization/safeview,16000000.0,1.0,,2004.0,2004.0,USA,Security,1
/organization/saffron-digital,,3.0,2006.0,2005.0,2011.0,GBR,Games,1
/organization/saffron-technologies,11143.0,1.0,2015.0,2015.0,2015.0,PHL,Innovation Management,0
/organization/saffron-technology,7540888.0,2.0,1999.0,2010.0,2014.0,USA,Software,1
/organization/sage-electrochromics,16000000.0,1.0,,2007.0,2007.0,USA,,1
/organization/sagefire,2198284.0,1.0,2003.0,2011.0,2011.0,USA,Software,0
/organization/sagence-group,,1.0,2009.0,2011.0,2011.0,USA,Analytics,0
/organization/sailplay,,2.0,,2013.0,2014.0,RUS,Curated Web,0
/organization/sakti3,50200000.0,6.0,2007.0,2009.0,2015.0,USA,Hardware + Software,1
/organization/salad-labs,825000.0,1.0,2011.0,2013.0,2013.0,USA,Celebrity,0
/organization/sales-com,27000000.0,1.0,,1999.0,1999.0,,,0
/organization/sales-eyeos-com,1445300.0,1.0,2005.0,2011.0,2011.0,ESP,Cloud Computing,1
/organization/salesconx,1300000.0,1.0,2008.0,2008.0,2008.0,USA,Advertising Networks,1
/organization/salescrunch,1400000.0,1.0,2010.0,2011.0,2011.0,USA,Analytics,1
/organization/salesforce-japan,,1.0,2000.0,2000.0,2000.0,JPN,Cloud Computing,1
/organization/salesjob,,1.0,2013.0,2013.0,2013.0,,,0
/organization/salespush-com,290000.0,2.0,2008.0,2008.0,2008.0,GBR,Automotive,0
/organization/salestools-io,100000.0,1.0,2014.0,2015.0,2015.0,DNK,Business Development,0
/organization/salient-surgical-technologies,45000000.0,2.0,1999.0,2003.0,2010.0,USA,Health Care,1
/organization/salira-optical-network-systems,7000000.0,1.0,,2002.0,2002.0,USA,Networking,0
/organization/salix-pharmaceuticals,750000000.0,1.0,,2014.0,2014.0,USA,Health and Wellness,1
/organization/sally,30000.0,1.0,2015.0,2015.0,2015.0,USA,Media,0
/organization/salmedix-inc,45000000.0,1.0,,2005.0,2005.0,,Biotechnology,1
/organization/salonium,,1.0,2009.0,2010.0,2010.0,LTU,Beauty,1
/organization/salonmeister-gmbh,407902.0,2.0,2012.0,2013.0,2013.0,DEU,Beauty,1
/organization/salorix,3502000.0,2.0,2009.0,2009.0,2011.0,USA,Advertising,0
/organization/salted-earth,550000.0,2.0,2015.0,2015.0,2015.0,,,0
/organization/saltlick-labs,15000.0,1.0,2008.0,2008.0,2008.0,USA,Android,0
/organization/salty-film-ltd,3824458.99305771,1.0,,2014.0,2014.0,,,0
/organization/saluspot,1470436.0,2.0,2011.0,2012.0,2013.0,ESP,Health and Wellness,1
/organization/salveo-specialty-pharmacy,19250000.0,2.0,2011.0,2011.0,2011.0,USA,Biotechnology,1
/organization/samares,2715200.0,1.0,,2011.0,2011.0,ITA,Clean Technology,0
/organization/samba-ventures,,1.0,,2009.0,2009.0,BRA,Finance,0
/organization/sampa,1310000.0,2.0,2005.0,2007.0,2008.0,USA,Curated Web,0
/organization/samy-salon,,1.0,,2004.0,2004.0,,Beauty,0
/organization/san-diego-opera,1000000.0,1.0,,2014.0,2014.0,USA,Music,0
/organization/san-valley-systems,31000000.0,1.0,,2000.0,2000.0,,,0
/organization/sana-security,22000000.0,2.0,2000.0,2004.0,2007.0,USA,Security,1
/organization/sancastle-technologies,20000000.0,1.0,,2000.0,2000.0,USA,Technology,0
/organization/sand-2,116568047.0,11.0,2007.0,2008.0,2014.0,USA,Mobile,0
/organization/sandal-plc,233014.874429033,1.0,,2014.0,2014.0,,,0
/organization/sandburst-corporation,47000000.0,2.0,,2001.0,2004.0,USA,Data Integration,1
/organization/sandforce,46000000.0,4.0,2006.0,2007.0,2010.0,USA,Enterprise Software,1
/organization/sandlinks,5000000.0,1.0,,2006.0,2006.0,USA,Public Relations,0
/organization/sanera-systems,100800000.0,4.0,,2000.0,2003.0,USA,Networking,1
/organization/sangart,365872959.0,6.0,1998.0,2007.0,2012.0,USA,Biotechnology,0
/organization/sanitors,,1.0,1978.0,1997.0,1997.0,USA,,1
/organization/sankalpa-yoga-community,,1.0,2014.0,2014.0,2014.0,USA,Sporting Goods,0
/organization/sanovia-corporation,17100000.0,4.0,2003.0,2005.0,2010.0,USA,Software,1
/organization/sanrad,21000000.0,3.0,,2004.0,2010.0,USA,Web Hosting,1
/organization/sanrise-inc-,115000000.0,1.0,1999.0,2001.0,2001.0,,,0
/organization/sansa-security,10000000.0,1.0,2000.0,2007.0,2007.0,ISR,Security,1
/organization/santaris-pharma,42000735.31214,2.0,2003.0,2007.0,2012.0,DNK,Biotechnology,1
/organization/santarus,51400000.0,1.0,,2003.0,2003.0,USA,Biotechnology,1
/organization/santevet,12327835.0,1.0,2003.0,2011.0,2011.0,FRA,Health and Insurance,0
/organization/santur-corporation,56100000.0,3.0,2000.0,2005.0,2009.0,USA,Hardware + Software,1
/organization/sapato-ru,20000000.0,3.0,2010.0,2010.0,2011.0,RUS,E-Commerce,1
/organization/sape,10000000.0,1.0,,2013.0,2013.0,,Consulting,0
/organization/saperion,,1.0,1985.0,2003.0,2003.0,,Manufacturing,1
/organization/sapheon,35771750.0,6.0,2007.0,2008.0,2013.0,USA,Health Care,1
/organization/sapiens,55004618.0,3.0,2011.0,2011.0,2013.0,DEU,Health Care,1
/organization/sapient,25765820.0,2.0,1990.0,2009.0,2012.0,USA,Consulting,1
/organization/saplo,840000.0,3.0,2008.0,2009.0,2012.0,SWE,Analytics,1
/organization/sarcode-corporation,98000000.0,3.0,2006.0,2006.0,2011.0,USA,Biotechnology,1
/organization/sarsys,10000.0,1.0,2004.0,2010.0,2010.0,,Open Source,0
/organization/sarvamail,250000.0,1.0,,2008.0,2008.0,USA,Email,0
/organization/satellier,10000000.0,1.0,2000.0,2007.0,2007.0,,Consulting,0
/organization/satiety,62800000.0,3.0,2000.0,2007.0,2009.0,USA,Health Care,0
/organization/satisfaction,20850000.0,5.0,2007.0,2007.0,2011.0,USA,Curated Web,1
/organization/satmex,96250000.0,1.0,1997.0,2011.0,2011.0,MEX,Public Relations,1
/organization/satnav-technologies,7000000.0,1.0,2004.0,2008.0,2008.0,IND,Public Transportation,0
/organization/satomi,,1.0,,2014.0,2014.0,USA,Graphics,0
/organization/satori-pharmaceuticals,47315000.0,5.0,2005.0,2005.0,2012.0,USA,Health Care,0
/organization/satoris,5200000.0,1.0,,2008.0,2008.0,USA,Biotechnology,0
/organization/saucepan,,1.0,2014.0,2014.0,2014.0,CHN,Hospitality,0
/organization/savage-beast-technologies,7700000.0,1.0,2000.0,2004.0,2004.0,USA,Music,0
/organization/savaje-technologies,101650000.0,4.0,1999.0,2003.0,2007.0,USA,Software,1
/organization/savasti,,1.0,2015.0,2015.0,2015.0,,,0
/organization/savefans,500000.0,1.0,2008.0,2011.0,2011.0,USA,Concerts,1
/organization/savored,3750000.0,2.0,2010.0,2010.0,2011.0,USA,Hospitality,1
/organization/savtira-corporation,,2.0,,2011.0,2011.0,USA,Cloud Computing,0
/organization/savvion,21700000.0,1.0,1994.0,2002.0,2002.0,USA,Business Development,1
/organization/say-hey,95000.0,1.0,,2009.0,2009.0,USA,Messaging,0
/organization/saynow,7510000.0,2.0,2005.0,2007.0,2014.0,USA,Messaging,1
/organization/sayswap,550000.0,2.0,2007.0,2006.0,2007.0,USA,E-Commerce,0
/organization/sazneo,350000.0,2.0,2009.0,2010.0,2011.0,GBR,Messaging,1
/organization/scaffold,450000.0,2.0,2011.0,2011.0,2012.0,USA,Bridging Online and Offline,0
/organization/scalado,656000.0,1.0,2000.0,2005.0,2005.0,SWE,Software,1
/organization/scale-eight,49500000.0,2.0,,2000.0,2001.0,,,0
/organization/scale8,25000000.0,1.0,1999.0,2001.0,2001.0,USA,,0
/organization/scaleform,2000000.0,2.0,2004.0,2005.0,2010.0,USA,Software,1
/organization/scaleio,12000000.0,3.0,2011.0,2011.0,2012.0,USA,Software,1
/organization/scalent-systems,26991390.0,2.0,2003.0,2007.0,2009.0,USA,Cloud Computing,1
/organization/scali,9116657.0,2.0,1997.0,2003.0,2006.0,USA,Software,1
/organization/scan,15200000.0,3.0,2011.0,2012.0,2013.0,USA,Software,1
/organization/scan-target,1323100.0,1.0,,2009.0,2009.0,,Software,0
/organization/scanr,14200000.0,2.0,2005.0,2007.0,2009.0,USA,Mobile,0
/organization/scansafe,28500000.0,2.0,2004.0,2007.0,2009.0,JPN,Information Security,1
/organization/scanscout,17500000.0,5.0,2005.0,2006.0,2009.0,USA,Advertising,1
/organization/scansocial,1000.0,1.0,,2010.0,2010.0,,News,0
/organization/scenechat,250000.0,1.0,2009.0,2011.0,2011.0,USA,Advertising,0
/organization/scentric,23000000.0,8.0,2004.0,2004.0,2008.0,,Computers,1
/organization/schedit,300000.0,1.0,2011.0,2011.0,2011.0,,Curated Web,0
/organization/schemalogic,18687288.0,3.0,2001.0,2005.0,2010.0,USA,Enterprise Software,1
/organization/schematic-labs,5675000.0,4.0,2010.0,2010.0,2013.0,USA,Games,1
/organization/scholarpro,1065000.0,3.0,2011.0,2010.0,2012.0,USA,Search,0
/organization/schoolfeed,1750000.0,2.0,,2010.0,2012.0,USA,Education,0
/organization/schoolnet,44500000.0,3.0,1998.0,2006.0,2009.0,USA,Education,1
/organization/schoolwires,12000000.0,1.0,2000.0,2009.0,2009.0,USA,Education,1
/organization/schooner-information-technology-inc,35000000.0,2.0,2007.0,2008.0,2009.0,USA,Databases,1
/organization/schumon-co,,1.0,2015.0,2015.0,2015.0,CAN,,0
/organization/scintera-networks,25035451.0,4.0,2001.0,2004.0,2013.0,USA,Semiconductors,1
/organization/scioderm,37000000.0,3.0,2012.0,2013.0,2014.0,USA,Biotechnology,1
/organization/scion-cardio-vascular,200000.0,1.0,1996.0,2011.0,2011.0,USA,Health and Wellness,0
/organization/sciquest,,1.0,1995.0,2004.0,2004.0,USA,Software,1
/organization/scl,5325912.0,1.0,,2005.0,2005.0,GBR,Big Data Analytics,0
/organization/scoopler-inc,1020000.0,2.0,2008.0,2008.0,2009.0,,Internet,0
/organization/scopial-fashion,,1.0,2009.0,2009.0,2009.0,IND,Fashion,0
/organization/scoreloop,2800000.0,2.0,,2009.0,2009.0,DEU,Games,1
/organization/scott-snibbe-studio,100000.0,1.0,2011.0,2013.0,2013.0,USA,Apps,1
/organization/scout-analytics,2991652.0,3.0,2008.0,2006.0,2013.0,USA,Analytics,1
/organization/scout-com,5000000.0,1.0,2001.0,2004.0,2004.0,USA,Games,1
/organization/scout-media,45000.0,1.0,2001.0,2015.0,2015.0,USA,Advertising,1
/organization/scoutlabs,4000000.0,3.0,,2006.0,2009.0,USA,Brand Marketing,1
/organization/scoville,400000.0,1.0,2010.0,2010.0,2010.0,GBR,Curated Web,1
/organization/scramblermail,,1.0,,2007.0,2007.0,USA,Curated Web,0
/organization/scrapblog,11500000.0,5.0,2006.0,2006.0,2010.0,USA,Curated Web,1
/organization/screamin-daily-deals,450000.0,1.0,2010.0,2010.0,2010.0,USA,Curated Web,1
/organization/screamingsports,1250000.0,1.0,,2007.0,2007.0,USA,Networking,0
/organization/screen-tonic,6833750.0,1.0,2001.0,2006.0,2006.0,,Advertising,1
/organization/screenhero,1800000.0,1.0,2013.0,2013.0,2013.0,USA,Collaboration,1
/organization/screenscape-networks,4000000.0,2.0,2007.0,2007.0,2010.0,CAN,Advertising,0
/organization/scribble-press,1150000.0,1.0,2006.0,2010.0,2010.0,USA,Art,1
/organization/scribe-software,,1.0,1996.0,2006.0,2006.0,USA,Cloud Data Services,1
/organization/scribestorm,225000.0,1.0,,2006.0,2006.0,USA,Media,0
/organization/scroll-kit,222000.0,1.0,,2010.0,2010.0,USA,Curated Web,0
/organization/scrybe-2,,1.0,,2007.0,2007.0,USA,,0
/organization/sculapio,56974.0,1.0,,2015.0,2015.0,,Health and Wellness,0
/organization/scup,,3.0,2009.0,2009.0,2014.0,BRA,SaaS,1
/organization/scuter,110995.593474939,1.0,2015.0,2015.0,2015.0,ITA,Electric Vehicles,0
/organization/sdh-group,915000.0,1.0,,2003.0,2003.0,USA,Business Services,0
/organization/sdi-solution,130000.0,1.0,,2012.0,2012.0,RUS,,0
/organization/sdl-enterprise-technologies,6000000.0,1.0,1998.0,2005.0,2005.0,USA,Software,0
/organization/seadragon-software,2000000.0,1.0,2003.0,2005.0,2005.0,,Software,1
/organization/seahorse-bioscience,31746594.0,4.0,2000.0,2009.0,2013.0,USA,Biotechnology,1
/organization/seamicro,35000000.0,2.0,,2009.0,2011.0,USA,Web Hosting,1
/organization/seamless-2,51000000.0,3.0,,2000.0,2011.0,USA,Delivery,1
/organization/seamlessreceipts,1750000.0,2.0,2009.0,2009.0,2011.0,USA,Messaging,1
/organization/search-and-share,,1.0,,2015.0,2015.0,,,0
/organization/search-technologies-ru,,2.0,2004.0,2004.0,2013.0,RUS,Search,0
/organization/search123,3500000.0,1.0,,1999.0,1999.0,GBR,Advertising,1
/organization/searchandise,14500000.0,2.0,,2008.0,2010.0,USA,Advertising,1
/organization/searcheeze,305000.0,1.0,2011.0,2011.0,2011.0,USA,Curated Web,0
/organization/searchme,46914300.0,6.0,2005.0,2005.0,2009.0,USA,Search,0
/organization/searchtophone,265000.0,2.0,,2007.0,2007.0,USA,Finance,0
/organization/seatme,,2.0,2011.0,2012.0,2012.0,USA,Software,0
/organization/seatninja,375000.0,3.0,2012.0,2012.0,2012.0,USA,Mobile,0
/organization/seatswapr,10000.0,1.0,2012.0,2012.0,2012.0,USA,Transportation,0
/organization/seawell-networks,17412208.0,5.0,2008.0,2010.0,2013.0,CAN,Software,1
/organization/sec-watch,,1.0,,2009.0,2009.0,USA,Finance,0
/organization/secerno,19800000.0,2.0,2003.0,2006.0,2008.0,GBR,Databases,1
/organization/second-brain,1500000.0,1.0,2007.0,2007.0,2007.0,NOR,Content,0
/organization/second-half-playbook,500000.0,1.0,2010.0,2010.0,2010.0,USA,Curated Web,0
/organization/second-porch,1725000.0,2.0,2009.0,2009.0,2010.0,USA,Real Estate,1
/organization/second-street-2,80000.0,1.0,,2013.0,2013.0,RUS,E-Commerce,0
/organization/second-wind,4000000.0,1.0,,2007.0,2007.0,USA,Clean Technology,1
/organization/secondmarket,34150000.0,5.0,2004.0,2006.0,2011.0,USA,Finance,1
/organization/secret,35025000.0,3.0,2013.0,2013.0,2014.0,USA,Apps,0
/organization/secretbuilders,2300000.0,1.0,2007.0,2010.0,2010.0,USA,Games,0
/organization/secure-computing,69900000.0,1.0,1984.0,2005.0,2005.0,USA,Security,1
/organization/secure-data-in-motion,8000000.0,1.0,1999.0,2004.0,2004.0,USA,Software,1
/organization/secure-element,5000000.0,1.0,,2003.0,2003.0,USA,Computers,1
/organization/secure-fortress,982000.0,1.0,,2008.0,2008.0,USA,Security,0
/organization/secure-islands-technologies,11100000.0,2.0,2006.0,2006.0,2014.0,ISR,Security,1
/organization/secure-media-solutions,4000000.0,1.0,1996.0,2005.0,2005.0,USA,Games,1
/organization/secure-software,9250000.0,1.0,2001.0,2005.0,2005.0,USA,Software,1
/organization/securecare-technologies-inc,51250.0,1.0,1999.0,2009.0,2009.0,USA,Public Relations,0
/organization/secureinfo,5000000.0,1.0,,2007.0,2007.0,USA,Software,1
/organization/securenet-payment-systems,18000000.0,2.0,1997.0,2012.0,2014.0,USA,E-Commerce,1
/organization/securepipe-inc-trustwave,,1.0,1996.0,2004.0,2004.0,USA,Network Security,1
/organization/secureworks,73500000.0,3.0,1999.0,2000.0,2015.0,USA,Security,1
/organization/securican-general-insurance-company,6172958.05406414,1.0,,2005.0,2005.0,CAN,Health and Insurance,0
/organization/securify,15000000.0,1.0,1998.0,2004.0,2004.0,USA,Hardware + Software,1
/organization/secusmart,,2.0,2007.0,2007.0,2008.0,DEU,Mobile Security,1
/organization/secustream-technologies,796000.0,1.0,2006.0,2007.0,2007.0,NOR,Software,1
/organization/seec,1300000.0,1.0,1988.0,2003.0,2003.0,USA,Software,1
/organization/seecontrol,5117500.0,2.0,2004.0,2005.0,2012.0,USA,Analytics,1
/organization/seek-adore,112243.0,1.0,2010.0,2013.0,2013.0,GBR,E-Commerce,0
/organization/seemedia,50000.0,1.0,2012.0,2012.0,2012.0,RUS,E-Commerce,0
/organization/seeo,40600000.0,3.0,2007.0,2009.0,2014.0,USA,Clean Technology,1
/organization/seeqpod,7000000.0,1.0,2005.0,2008.0,2008.0,USA,Music,1
/organization/seequestor-limited,1374845.44435734,1.0,,2015.0,2015.0,,,0
/organization/seergate,,1.0,2006.0,2007.0,2007.0,USA,Banking,1
/organization/seesaw-2,,1.0,,2012.0,2012.0,USA,Mobile,1
/organization/seesaw-com,31551894.0,2.0,2007.0,2007.0,2009.0,GBR,Advertising,1
/organization/seesaw-networks,23138876.0,7.0,2005.0,2006.0,2011.0,USA,Advertising,0
/organization/seesmic,16000000.0,3.0,2007.0,2007.0,2011.0,USA,Android,1
/organization/seetoo,1000000.0,1.0,2007.0,2007.0,2007.0,USA,Chat,0
/organization/seewhy,17986943.0,8.0,2003.0,2004.0,2012.0,USA,Advertising,1
/organization/segway,161040000.0,3.0,2001.0,2007.0,2009.0,USA,Clean Technology,1
/organization/seiratherm,,1.0,,2012.0,2012.0,DEU,Health Care,0
/organization/seismotech,1000000.0,1.0,2010.0,2012.0,2012.0,RUS,Data Centers,0
/organization/sejourning,377730.678026567,1.0,,2014.0,2014.0,,,0
/organization/selah-genomics,900000.0,1.0,2012.0,2013.0,2013.0,USA,Biotechnology,1
/organization/selah-technologies,1600000.0,1.0,2006.0,2008.0,2008.0,USA,Manufacturing,1
/organization/selatra,4443800.0,2.0,2002.0,2005.0,2005.0,IRL,Apps,1
/organization/selectminds,5500000.0,1.0,2000.0,2007.0,2007.0,USA,Internet Marketing,1
/organization/selectron,7962962.0,1.0,1956.0,2009.0,2009.0,CHE,Industrial,0
/organization/selenokhod,166000.0,1.0,,2013.0,2013.0,,Aerospace,0
/organization/sellaband,5000000.0,1.0,2006.0,2008.0,2008.0,,Music,0
/organization/selligy,2828000.0,2.0,2011.0,2012.0,2013.0,USA,CRM,1
/organization/sellplex,40000.0,1.0,2013.0,2013.0,2013.0,GBR,E-Commerce,0
/organization/selo-reserva,225000.0,2.0,2012.0,2012.0,2013.0,BRA,E-Commerce,0
/organization/selsahara,3750000.0,2.0,2010.0,2013.0,2014.0,MYS,Agriculture,0
/organization/selstor,39422003.0,3.0,,2008.0,2012.0,SWE,Security,1
/organization/sema-software,,1.0,1984.0,2014.0,2014.0,,,0
/organization/semafore-pharmaceuticals,9500000.0,1.0,,2007.0,2007.0,,,0
/organization/semanticator,,1.0,,2008.0,2008.0,USA,Advertising,0
/organization/semantra,9100000.0,3.0,2003.0,2006.0,2008.0,USA,Analytics,0
/organization/semantria,,1.0,2011.0,2011.0,2011.0,USA,Data Mining,1
/organization/sembraire,50000.0,1.0,2012.0,2012.0,2012.0,PER,Clean Technology,0
/organization/semequip,26000000.0,1.0,2000.0,2005.0,2005.0,USA,Semiconductors,1
/organization/semetric,4700000.0,1.0,2008.0,2013.0,2013.0,GBR,Analytics,1
/organization/semilev,,1.0,2010.0,2010.0,2010.0,DEU,Semiconductors,0
/organization/semisouth,39000000.0,4.0,2000.0,2005.0,2010.0,USA,Electronics,0
/organization/semplice-energy,1230000.0,1.0,,2007.0,2007.0,GBR,Renewable Energies,0
/organization/semprus-biosciences,27000000.0,3.0,2006.0,2008.0,2011.0,USA,Biotechnology,1
/organization/semtek-innovative-technologies-corporation,17590000.0,2.0,1999.0,2007.0,2009.0,USA,Hardware + Software,1
/organization/sence7,18800000.0,2.0,,2001.0,2004.0,USA,Business Services,1
/organization/sencera,15600000.0,1.0,,2009.0,2009.0,USA,Clean Technology,0
/organization/send-it-later,13000000.0,2.0,2013.0,2015.0,2015.0,,Customer Service,0
/organization/send-the-trend,3000000.0,1.0,2010.0,2011.0,2011.0,USA,E-Commerce,1
/organization/sendia,10400000.0,3.0,2002.0,2002.0,2005.0,USA,Mobile,1
/organization/sendmail,2943368.0,1.0,1998.0,2009.0,2009.0,USA,Software,1
/organization/sendme,34500000.0,4.0,2006.0,2006.0,2009.0,USA,Mobile,0
/organization/sendmehome-com,50000.0,1.0,2008.0,2008.0,2008.0,USA,Blogging Platforms,0
/organization/sendoid,,1.0,2011.0,2011.0,2011.0,USA,File Sharing,1
/organization/sendori,2500000.0,2.0,2006.0,2006.0,2007.0,USA,Enterprise Software,1
/organization/senergen-devices,2500000.0,1.0,2007.0,2008.0,2008.0,USA,Clean Technology,0
/organization/senesco-technologies,38425000.0,3.0,,2010.0,2013.0,USA,Biotechnology,0
/organization/senforce-technologies,12400000.0,1.0,,2004.0,2004.0,USA,Business Services,1
/organization/senior-care-centers,5000000.0,1.0,2008.0,2013.0,2013.0,USA,Health and Wellness,1
/organization/senior-home-care,,1.0,1994.0,2003.0,2003.0,USA,Health and Wellness,1
/organization/seniorliving-net,562000.0,3.0,,2009.0,2013.0,USA,Elder Care,1
/organization/seniorsource,100000.0,1.0,2012.0,2013.0,2013.0,,Curated Web,0
/organization/senit,1000000.0,1.0,2015.0,2015.0,2015.0,,Bitcoin,0
/organization/sensa-io,50000.0,1.0,,2015.0,2015.0,,Nutrition,0
/organization/sensable-technologies,34300000.0,3.0,1993.0,2000.0,2011.0,USA,Software,1
/organization/sensage,39918369.0,7.0,2004.0,2005.0,2012.0,GBR,Security,1
/organization/sense-home,,1.0,,2014.0,2014.0,,,0
/organization/sense-networks,9000000.0,2.0,2003.0,2008.0,2009.0,USA,Advertising,1
/organization/sensehere-technology,,1.0,,2010.0,2010.0,CHN,Internet of Things,0
/organization/sensible-lender,10655679.4771613,1.0,,2015.0,2015.0,GBR,,0
/organization/sensicore,12000000.0,1.0,,2005.0,2005.0,,Clean Technology,1
/organization/sensigen,250000.0,1.0,,2007.0,2007.0,USA,Biotechnology,1
/organization/sensima-technology,,2.0,,2012.0,2013.0,CHE,Electrical Distribution,1
/organization/sensinode,1368100.0,1.0,,2011.0,2011.0,FIN,Software,1
/organization/sensition,7856.0,1.0,,2015.0,2015.0,,,0
/organization/sensitive-object,6040000.0,1.0,2003.0,2009.0,2009.0,FRA,Hardware + Software,1
/organization/sensobi,12000.0,1.0,,2009.0,2009.0,USA,Android,1
/organization/sensor-medical-technology,6220000.0,2.0,2011.0,2012.0,2013.0,USA,Biotechnology,0
/organization/sensordynamics,36760000.0,1.0,2002.0,2007.0,2007.0,,Semiconductors,1
/organization/sensorlogic,30501799.0,5.0,2002.0,2004.0,2010.0,USA,Enterprise Software,1
/organization/sensorwave,1000000.0,1.0,,2008.0,2008.0,USA,Consumer Electronics,0
/organization/sensory-networks,21000000.0,4.0,2003.0,2004.0,2008.0,AUS,Software,1
/organization/sentab-ltd,963067.0,2.0,2013.0,2013.0,2014.0,,Networking,0
/organization/sentech,2800000.0,1.0,,2001.0,2001.0,,Marketplaces,0
/organization/sentence-lab,88731.0,3.0,2012.0,2012.0,2013.0,KOR,Cloud Data Services,0
/organization/sentillion,29450000.0,3.0,1998.0,1999.0,2001.0,USA,Health and Wellness,1
/organization/sentiment-strategies-llc,425000000.0,2.0,2006.0,2007.0,2009.0,,Anything Capital Intensive,0
/organization/sentinelo,,1.0,2010.0,2014.0,2014.0,,,0
/organization/sentito-networks,39000000.0,4.0,2000.0,2003.0,2006.0,USA,Software,0
/organization/sentrigo,9500000.0,3.0,2006.0,2007.0,2010.0,USA,Accounting,1
/organization/sentry-wireless,1107075.0,1.0,2006.0,2007.0,2007.0,IRL,Mobile,0
/organization/seoshop,1615000.0,3.0,2008.0,2008.0,2013.0,NLD,E-Commerce,1
/organization/seplat-petroleum-development-company,500000000.0,1.0,2009.0,2014.0,2014.0,NZL,Energy,0
/organization/sepspensor,3263734.0,9.0,2003.0,2007.0,2012.0,USA,Restaurants,0
/organization/sequence-design,25970000.0,3.0,1995.0,2002.0,2007.0,USA,Software,1
/organization/sequenta,41460000.0,4.0,2008.0,2010.0,2014.0,USA,Biotechnology,1
/organization/sequoia-communications,74000000.0,7.0,2000.0,2004.0,2009.0,USA,Semiconductors,0
/organization/sequoia-media-group,8800000.0,1.0,,2007.0,2007.0,USA,Curated Web,0
/organization/sequoia-pharmaceuticals,60800000.0,3.0,2002.0,2005.0,2009.0,USA,Biotechnology,0
/organization/seragon-pharmaceuticals,30000000.0,1.0,2013.0,2013.0,2013.0,USA,Biotechnology,1
/organization/seranoa-networks,15750000.0,1.0,,2002.0,2002.0,USA,Semiconductors,1
/organization/serebra-learning,420000.0,1.0,,2010.0,2010.0,CAN,Education,1
/organization/serenex,56000000.0,2.0,,2005.0,2007.0,USA,Biotechnology,1
/organization/serenify,225000.0,1.0,2013.0,2014.0,2014.0,USA,Cyber Security,0
/organization/serica-technologies,12000000.0,1.0,1998.0,2007.0,2007.0,USA,Biotechnology,1
/organization/serious-3,7000000.0,2.0,,2007.0,2007.0,USA,Publishing,0
/organization/serious-business,4000000.0,1.0,2008.0,2008.0,2008.0,USA,Facebook Applications,1
/organization/sermo,41000000.0,4.0,2005.0,2006.0,2011.0,,Apps,1
/organization/serus,21100000.0,4.0,2000.0,2005.0,2008.0,USA,Enterprise Software,1
/organization/serverengines,51937902.0,1.0,,2010.0,2010.0,USA,Semiconductors,1
/organization/service-metrics-inc,,1.0,,1998.0,1998.0,,Customer Service,1
/organization/service-partner-one,1316573.83602073,2.0,2015.0,2015.0,2015.0,,,0
/organization/servicemaster-home-service-center,30000000.0,2.0,2000.0,1999.0,2001.0,USA,Services,1
/organization/servicemesh,15000000.0,2.0,2008.0,2011.0,2013.0,USA,Automotive,1
/organization/servigistics,18000000.0,1.0,,2002.0,2002.0,USA,Software,1
/organization/servio,9356180.0,2.0,2009.0,2010.0,2013.0,USA,Advertising,1
/organization/servishero,510000.0,1.0,2015.0,2015.0,2015.0,MYS,Apps,0
/organization/servo-software,3011408.0,1.0,2008.0,2009.0,2009.0,USA,Mobile,1
/organization/servtag,,1.0,,2007.0,2007.0,,Location Based Services,0
/organization/sessionbox,,1.0,2013.0,2013.0,2013.0,USA,Analytics,1
/organization/sessions,20000.0,2.0,2012.0,2012.0,2013.0,USA,Health and Wellness,1
/organization/setem-technologies,4609282.0,3.0,2012.0,2012.0,2014.0,USA,Software,0
/organization/setjam,694000.0,3.0,2009.0,2009.0,2010.0,USA,Curated Web,1
/organization/setmedia,10000000.0,2.0,2007.0,2011.0,2012.0,USA,Advertising,1
/organization/seven-dreamers-laboratories-inc,12131192.0,1.0,2014.0,2015.0,2015.0,,Design,0
/organization/sevensnap,,1.0,2009.0,2010.0,2010.0,,App Stores,0
/organization/sezmi,95892257.0,6.0,2007.0,2007.0,2011.0,USA,Games,1
/organization/sezwho,1000000.0,1.0,2006.0,2007.0,2007.0,USA,Blogging Platforms,1
/organization/sgx-pharmaceuticals,25000000.0,1.0,1998.0,2007.0,2007.0,USA,Biotechnology,1
/organization/sha-sha,,1.0,,2012.0,2012.0,ARE,News,1
/organization/shahiya,500000.0,1.0,2010.0,2012.0,2012.0,LBN,Cooking,1
/organization/shake,4000000.0,2.0,2012.0,2012.0,2013.0,USA,Entrepreneur,1
/organization/shake-on,112363.338090048,1.0,2015.0,2015.0,2015.0,NLD,Big Data Analytics,0
/organization/shantiniketan-incorporated,3100000.0,2.0,2011.0,2008.0,2011.0,USA,Retirement,0
/organization/shape-pharmaceuticals,3000000.0,1.0,2008.0,2010.0,2010.0,USA,Biotechnology,1
/organization/sharecruit,,1.0,2014.0,2014.0,2014.0,,Human Resources,0
/organization/sharegrove,,1.0,2008.0,2009.0,2009.0,USA,Curated Web,1
/organization/shareholder-insite,4825002.0,2.0,2008.0,2012.0,2013.0,USA,Document Management,1
/organization/sharelook,30000.0,1.0,2011.0,2011.0,2011.0,POL,Advice,0
/organization/sharethe,1551791.0,2.0,2013.0,2012.0,2014.0,GBR,Soccer,0
/organization/sharetivity,2000000.0,1.0,,2006.0,2006.0,USA,Curated Web,0
/organization/shareyourcart,65853.0,2.0,2011.0,2013.0,2013.0,BGR,Advertising,1
/organization/sharingforce,101463.0,1.0,2011.0,2012.0,2012.0,CAN,Advertising,0
/organization/shashi-kumar,35500000.0,2.0,2015.0,2015.0,2015.0,,,0
/organization/shattered-reality-interactive,1100000.0,2.0,2006.0,2008.0,2009.0,USA,Games,0
/organization/shearwater-international,118000.0,1.0,2013.0,2015.0,2015.0,,All Students,0
/organization/shelby-tv,3925000.0,4.0,2011.0,2011.0,2012.0,USA,Mobile,1
/organization/shelfari,1000000.0,1.0,2006.0,2007.0,2007.0,USA,Social Media,1
/organization/shenzhenware,,1.0,,2015.0,2015.0,,,0
/organization/shezlong,16000.0,1.0,2014.0,2014.0,2014.0,,,0
/organization/shhmooze,33101.0,2.0,2010.0,2012.0,2012.0,GBR,Android,0
/organization/shicon,,1.0,,2009.0,2009.0,ITA,Creative,1
/organization/shieldeffect,650000.0,1.0,2005.0,2005.0,2005.0,,Security,0
/organization/shift,14000000.0,4.0,2010.0,2011.0,2013.0,USA,Advertising,1
/organization/shimmeo,450000.0,1.0,2014.0,2015.0,2015.0,USA,Mobile,0
/organization/shiny-ads,500000.0,1.0,2009.0,2011.0,2011.0,CAN,Advertising,1
/organization/ship-duck,410172.0,1.0,2012.0,2014.0,2014.0,GBR,Brand Marketing,0
/organization/ship-mate,,1.0,2009.0,2011.0,2011.0,USA,Social Travel,1
/organization/shipwire,10000000.0,2.0,2006.0,2007.0,2011.0,USA,Enterprise Software,1
/organization/shnergle,113638.0,1.0,2012.0,2013.0,2013.0,GBR,Curated Web,0
/organization/shnups,,1.0,2015.0,2015.0,2015.0,,,0
/organization/shocking-technologies,55900000.0,6.0,2006.0,2007.0,2012.0,USA,Hardware + Software,0
/organization/shoebuy,9000000.0,1.0,1999.0,2004.0,2004.0,USA,E-Commerce,1
/organization/shoedazzle,66000000.0,4.0,2009.0,2009.0,2012.0,USA,Fashion,1
/organization/shoefitr,1255000.0,4.0,2010.0,2009.0,2011.0,USA,E-Commerce,1
/organization/shoes-for-crews,120000000.0,1.0,1984.0,2004.0,2004.0,USA,Public Safety,1
/organization/shoes4you,,2.0,2011.0,2011.0,2011.0,BRA,E-Commerce,0
/organization/shohoz,,1.0,,2015.0,2015.0,,Online Travel,0
/organization/shook,,1.0,2012.0,2012.0,2012.0,ISR,E-Commerce,0
/organization/shoot-it,200000.0,1.0,,2009.0,2009.0,USA,Messaging,1
/organization/shop-com,25000000.0,1.0,1997.0,2005.0,2005.0,IRL,E-Commerce,1
/organization/shop-hers,3500000.0,2.0,2012.0,2012.0,2013.0,USA,Fashion,1
/organization/shop-new-age,421742.0,1.0,2009.0,2014.0,2014.0,GBR,E-Commerce,0
/organization/shop-points,750000.0,1.0,2011.0,2012.0,2012.0,RUS,Advertising,0
/organization/shop-roll,50000.0,1.0,,2015.0,2015.0,,Apps,0
/organization/shopandsave,,1.0,2008.0,2010.0,2010.0,USA,Classifieds,0
/organization/shopatron,10000000.0,2.0,2001.0,2007.0,2012.0,USA,E-Commerce,1
/organization/shopcliq,375000.0,1.0,2012.0,2012.0,2012.0,BRA,Curated Web,1
/organization/shopco,2000000.0,2.0,,2015.0,2015.0,DEU,,0
/organization/shopflick,8000000.0,2.0,2007.0,2008.0,2008.0,USA,Brand Marketing,1
/organization/shopigniter,12500000.0,3.0,2009.0,2010.0,2014.0,USA,Social Media,1
/organization/shopit,31490.0,1.0,2006.0,2008.0,2008.0,USA,E-Commerce,0
/organization/shopkick,26700000.0,4.0,2009.0,2009.0,2014.0,USA,Mobile,1
/organization/shopliment,24765.0,1.0,2013.0,2013.0,2013.0,,Online Shopping,0
/organization/shoplocal,21350000.0,6.0,1999.0,1999.0,2002.0,USA,Advertising,1
/organization/shoplocket,1000000.0,2.0,2011.0,2012.0,2012.0,TUR,E-Commerce,0
/organization/shoplogic,250000.0,1.0,2011.0,2011.0,2011.0,USA,Analytics,1
/organization/shopmagazine-solutions,735817.0,2.0,2014.0,2014.0,2015.0,,E-Commerce,0
/organization/shopmium,7700000.0,2.0,2010.0,2011.0,2013.0,FRA,E-Commerce,1
/organization/shopnation,800000.0,1.0,2010.0,2010.0,2010.0,USA,Consumers,1
/organization/shopo,,1.0,2011.0,2011.0,2011.0,IND,E-Commerce,1
/organization/shoppilot,400000.0,1.0,,2013.0,2013.0,RUS,E-Commerce,0
/organization/shoprunner,75000000.0,1.0,2010.0,2013.0,2013.0,USA,E-Commerce,1
/organization/shopss-com,25000000.0,1.0,,1999.0,1999.0,,,0
/organization/shopwell,11339553.0,6.0,2008.0,2010.0,2015.0,USA,Curated Web,1
/organization/shopwiki,6250000.0,1.0,2005.0,2006.0,2006.0,USA,Price Comparison,1
/organization/shopzilla,74500000.0,3.0,1996.0,1998.0,2000.0,GBR,Advertising,1
/organization/shortlist,310000.0,1.0,2011.0,2011.0,2011.0,USA,Curated Web,0
/organization/shotblock-technologies,126546.0,1.0,2015.0,2015.0,2015.0,,Assisitive Technology,0
/organization/shoutitout,3900000.0,4.0,2009.0,2010.0,2011.0,USA,Curated Web,0
/organization/shoutlet,29200000.0,4.0,2010.0,2010.0,2015.0,USA,Enterprise Software,1
/organization/shoutly,2600000.0,1.0,2011.0,2012.0,2012.0,SWE,Advertising,0
/organization/show-de-ingressos,1500.0,1.0,2009.0,2009.0,2009.0,BRA,E-Commerce,1
/organization/showme-tv,,1.0,2010.0,2010.0,2010.0,,Social Media,0
/organization/showthere,,1.0,2015.0,2015.0,2015.0,,,0
/organization/showuhow,3000000.0,1.0,,2010.0,2010.0,USA,Enterprise Software,1
/organization/shozu,36000000.0,3.0,2001.0,2005.0,2008.0,GBR,Mobile,1
/organization/shunra-software,11500000.0,1.0,,2004.0,2004.0,USA,Information Technology,1
/organization/shut-down,,1.0,2013.0,2013.0,2013.0,USA,Art,0
/organization/shutl,8685807.0,6.0,2009.0,2008.0,2012.0,GBR,E-Commerce,1
/organization/shuttlewizard-com,300000.0,1.0,2013.0,2013.0,2013.0,,Online Scheduling,0
/organization/shym-technology,17750000.0,1.0,,2001.0,2001.0,USA,Business Services,0
/organization/si-bone,82120000.0,5.0,2008.0,2009.0,2015.0,USA,Health Care,0
/organization/sibeam,113750000.0,6.0,2004.0,2004.0,2010.0,USA,Mobile,1
/organization/sickey-digital,,1.0,,2015.0,2015.0,,,0
/organization/sicortex,43105472.0,3.0,,2004.0,2009.0,USA,Computers,0
/organization/sicubo,885000.0,1.0,,2007.0,2007.0,ESP,Software,0
/organization/sidecar-me,5100000.0,2.0,2010.0,2010.0,2011.0,USA,Facebook Applications,0
/organization/sidestep,32000000.0,4.0,1999.0,1999.0,2007.0,USA,Hotels,1
/organization/sidetour,4000000.0,3.0,2011.0,2011.0,2013.0,USA,Collaborative Consumption,1
/organization/sidustar-international,650000.0,1.0,,2000.0,2000.0,USA,Cloud Computing,0
/organization/sierra-atlantic-hitachi-consulting-corp,700000.0,1.0,,2010.0,2010.0,USA,Business Intelligence,1
/organization/sierra-design-automation,19000000.0,2.0,2003.0,2003.0,2006.0,USA,Semiconductors,1
/organization/sierra-logic,37250000.0,2.0,2001.0,2002.0,2003.0,USA,Semiconductors,1
/organization/sierra-monolithics,25200000.0,2.0,1986.0,2000.0,2002.0,USA,Public Relations,1
/organization/sierra-nevada-solar,4500000.0,1.0,,2007.0,2007.0,,,0
/organization/sieve,,1.0,2010.0,2014.0,2014.0,BRA,B2B,1
/organization/sifteo,13500000.0,3.0,2009.0,2009.0,2010.0,USA,Entertainment,1
/organization/sige-semiconductor,28500000.0,2.0,1996.0,2005.0,2007.0,CAN,Semiconductors,1
/organization/sight-visit,981078.0,1.0,2013.0,2014.0,2014.0,,Education,0
/organization/sigma-labs,2342500.0,2.0,2010.0,2011.0,2013.0,USA,Biotechnology,0
/organization/sigma-networks-2,145000000.0,1.0,,2001.0,2001.0,USA,Networking,0
/organization/signal-point-holdings,10700000.0,1.0,2012.0,2014.0,2014.0,USA,Telecommunications,0
/organization/signaldemand,37500000.0,3.0,2004.0,2005.0,2008.0,USA,Software,1
/organization/signalmatch,,1.0,,2007.0,2007.0,USA,Facebook Applications,0
/organization/signature-genomic-laboratories,,1.0,2003.0,2008.0,2008.0,,,0
/organization/signav-pty-ltd,1850000.0,1.0,,2006.0,2006.0,AUS,Mobile,0
/organization/signeon,,1.0,2009.0,2015.0,2015.0,,,0
/organization/signicast,,1.0,1959.0,2008.0,2008.0,USA,,0
/organization/signnow,2500000.0,2.0,2010.0,2011.0,2012.0,USA,Curated Web,1
/organization/signstorey,18500000.0,1.0,,2005.0,2005.0,USA,News,1
/organization/siimpel-corporation,56494609.0,6.0,2000.0,2005.0,2009.0,USA,Hardware + Software,1
/organization/sikorsky-aircraft,54600000.0,3.0,2007.0,2009.0,2010.0,USA,Manufacturing,1
/organization/silico-corp,250000.0,1.0,2010.0,2010.0,2010.0,USA,Consulting,0
/organization/silicon-alley-media,,1.0,,2008.0,2008.0,,,0
/organization/silicon-biosystems,9550000.0,2.0,,2007.0,2010.0,ITA,Semiconductors,1
/organization/silicon-clocks,26100000.0,3.0,2004.0,2006.0,2009.0,USA,Manufacturing,1
/organization/silicon-hive,17000000.0,2.0,2003.0,2007.0,2008.0,NLD,Semiconductors,0
/organization/silicon-jelly-2,,1.0,,2014.0,2014.0,,,0
/organization/silicon-metrics,13000000.0,2.0,,1999.0,2000.0,USA,,1
/organization/silicon-navigator-corporation,,2.0,,2004.0,2007.0,USA,Software,0
/organization/silicon-optix,45000000.0,2.0,,2003.0,2004.0,,Electronics,1
/organization/silicon-spice,95300000.0,4.0,1996.0,1997.0,2000.0,,Design,0
/organization/silicon-storage-technology,58401855.0,1.0,1989.0,2010.0,2010.0,USA,Semiconductors,1
/organization/silicon-wave-inc,52000000.0,1.0,,2000.0,2000.0,,Internet,1
/organization/siliconblue-technologies,57005567.0,3.0,,2008.0,2011.0,USA,Semiconductors,1
/organization/siliconstor,9000000.0,1.0,2002.0,2005.0,2005.0,USA,Semiconductors,1
/organization/siliconsystems,,1.0,,2004.0,2004.0,,,1
/organization/silistix,6000000.0,1.0,2003.0,2007.0,2007.0,GBR,Semiconductors,0
/organization/silphium-biotechnology,,1.0,,2015.0,2015.0,,,0
/organization/silver-creek-systems,6000000.0,1.0,1997.0,2005.0,2005.0,USA,Software,1
/organization/silver-lining-limited,300000.0,1.0,2005.0,2011.0,2011.0,USA,Software,0
/organization/silver-tail-systems,22100000.0,3.0,2008.0,2008.0,2011.0,USA,Analytics,1
/organization/silverback-systems,46000000.0,3.0,2000.0,2001.0,2006.0,USA,Web Hosting,1
/organization/silverback-technologies,31000000.0,3.0,1999.0,2000.0,2006.0,USA,Software,1
/organization/silverlink-communications,12600032.0,3.0,2001.0,2004.0,2012.0,USA,Software,1
/organization/silverpop,40000000.0,2.0,1999.0,2008.0,2013.0,USA,Advertising,1
/organization/silversky,108000000.0,3.0,1997.0,2000.0,2007.0,USA,Information Technology,1
/organization/silverstorm-technologies,39000000.0,2.0,2000.0,2002.0,2006.0,USA,Web Hosting,1
/organization/silvigen,3478433.0,1.0,,2008.0,2008.0,GBR,Clean Technology,0
/organization/simbionix,7000000.0,1.0,1997.0,2008.0,2008.0,USA,Health and Wellness,1
/organization/simgym,6500.0,1.0,,2009.0,2009.0,USA,Fitness,0
/organization/similarity-systems,7000000.0,1.0,2001.0,2005.0,2005.0,IRL,Software,1
/organization/simopsstudios,3427334.0,2.0,2006.0,2009.0,2010.0,USA,Curated Web,0
/organization/simperium,,2.0,2010.0,2010.0,2010.0,USA,Mobile,1
/organization/simplegeo,9807367.0,3.0,2009.0,2009.0,2010.0,USA,Advertising,1
/organization/simplehoney,,1.0,,2011.0,2011.0,USA,Hotels,1
/organization/simplepons,1000000.0,1.0,2011.0,2011.0,2011.0,USA,Coupons,0
/organization/simplestar,7100000.0,2.0,2001.0,2003.0,2005.0,USA,Photography,1
/organization/simplex-solutions,142000.0,1.0,1997.0,2007.0,2007.0,GBR,Consulting,1
/organization/simplicita-software,2100000.0,1.0,,2006.0,2006.0,USA,Software,1
/organization/simplicity,135000000.0,1.0,,2003.0,2003.0,,Heavy Industry,0
/organization/simplifymd,6983000.0,4.0,2006.0,2010.0,2014.0,USA,Hardware + Software,0
/organization/simplr-just-for-campus,,1.0,2015.0,2015.0,2015.0,,,0
/organization/simply-social,,1.0,,2012.0,2012.0,USA,Social Media Management,1
/organization/simplybox,899999.0,1.0,,2009.0,2009.0,USA,Software,1
/organization/simplyprose,45000.0,2.0,2015.0,2015.0,2015.0,USA,Internet,0
/organization/simqly,24950.9801450685,1.0,2015.0,2015.0,2015.0,NZL,Data Mining,0
/organization/simtek,14920000.0,2.0,1986.0,2005.0,2006.0,USA,Semiconductors,1
/organization/simtrol,562250.0,1.0,1988.0,2009.0,2009.0,USA,Software,0
/organization/simuform,729000.0,1.0,2005.0,2006.0,2006.0,DEU,Software,0
/organization/simulation-sciences,,1.0,1979.0,1993.0,1993.0,USA,,0
/organization/simulscribe,5700000.0,3.0,2003.0,2004.0,2007.0,USA,Messaging,0
/organization/sinapis-pharma,1092283.0,3.0,,2009.0,2014.0,USA,Biotechnology,0
/organization/sincerely,3000000.0,1.0,2011.0,2011.0,2011.0,USA,Social Media,1
/organization/sincuru,25000.0,1.0,2013.0,2014.0,2014.0,GBR,Subscription Businesses,0
/organization/sindelantal,1851372.0,2.0,2010.0,2010.0,2011.0,ESP,Delivery,1
/organization/sindelantal-mx,3216500.0,1.0,2012.0,2013.0,2013.0,,Discounts,1
/organization/singlefeed,,1.0,,2007.0,2007.0,USA,Curated Web,1
/organization/singlepipe-communications,6300000.0,2.0,,2009.0,2010.0,,Public Relations,1
/organization/singleplatform,4575000.0,3.0,2010.0,2010.0,2011.0,USA,Content,1
/organization/singly,8950000.0,3.0,2010.0,2011.0,2013.0,USA,Analytics,1
/organization/singshot-media,1040000.0,1.0,,2006.0,2006.0,USA,Music,1
/organization/sinimanes,530000.0,3.0,2011.0,2012.0,2013.0,ARG,E-Commerce,1
/organization/sinohub,10710000.0,3.0,,2009.0,2010.0,CHN,Hardware + Software,0
/organization/sinotech-group,,1.0,,2007.0,2007.0,CHN,Advertising,0
/organization/sinovac-biotech,9600000.0,1.0,2001.0,2014.0,2014.0,USA,Biotechnology,0
/organization/sionex,28400000.0,3.0,2001.0,2002.0,2005.0,USA,Hardware + Software,0
/organization/sioptica,,2.0,2013.0,2013.0,2015.0,DEU,Hardware + Software,0
/organization/sipera-systems,39730000.0,4.0,2003.0,2005.0,2010.0,USA,Security,1
/organization/siperian,32000000.0,2.0,2000.0,2004.0,2008.0,USA,Analytics,1
/organization/sipp-international-industries,4200000.0,1.0,2011.0,2011.0,2011.0,USA,Hospitality,0
/organization/sipphone,6000000.0,1.0,,2006.0,2006.0,USA,Software,0
/organization/sipx,6400000.0,2.0,2012.0,2012.0,2013.0,USA,Education,1
/organization/sirenas-marine-discovery,1325000.0,1.0,2011.0,2014.0,2014.0,USA,Medical,0
/organization/sirenserv,4000000.0,4.0,1998.0,2000.0,2003.0,USA,Web Tools,1
/organization/sirenza-microdevices-inc,,1.0,1992.0,1999.0,1999.0,USA,Broadcasting,0
/organization/siri,24000000.0,2.0,2007.0,2008.0,2009.0,USA,Consumer Electronics,1
/organization/sirific-wireless,35800000.0,2.0,2000.0,2004.0,2007.0,USA,Semiconductors,1
/organization/sirigen,15948800.0,7.0,,2008.0,2012.0,GBR,Biotechnology,1
/organization/sirna-therapeutics,76000000.0,2.0,,2003.0,2005.0,USA,Biotechnology,0
/organization/siros-technologies,17000000.0,1.0,,2002.0,2002.0,USA,Information Technology,0
/organization/sirs-lab,13213123.2740358,1.0,,2006.0,2006.0,DEU,Biotechnology,0
/organization/sirtris-pharmaceuticals,82000000.0,4.0,2004.0,2004.0,2006.0,USA,Biotechnology,1
/organization/sistina-software,10000000.0,2.0,,2003.0,2003.0,USA,Software,1
/organization/site9,1650000.0,4.0,1998.0,2006.0,2012.0,USA,Software,0
/organization/sitebrand,477000.0,1.0,2000.0,2010.0,2010.0,CAN,Software,1
/organization/sitecert,,1.0,,2013.0,2013.0,,Information Technology,0
/organization/sitemasher,4640537.0,2.0,2007.0,2007.0,2008.0,USA,Enterprise Software,1
/organization/siterra,7000000.0,1.0,2001.0,2005.0,2005.0,USA,Software,1
/organization/sitesmith-acquired-by-mfn,3600000.0,1.0,,1999.0,1999.0,USA,,1
/organization/sitestar,,1.0,1999.0,1999.0,1999.0,USA,Web Hosting,0
/organization/siteware,935279.0,1.0,2010.0,2015.0,2015.0,,Business Services,0
/organization/sitime,105517223.0,7.0,2005.0,2007.0,2014.0,USA,Computers,1
/organization/siving-egil-kvaleberg,7700000.0,2.0,1983.0,2007.0,2011.0,NOR,Software,0
/organization/six-apart,22600000.0,3.0,2001.0,2003.0,2006.0,JPN,Blogging Platforms,1
/organization/six-degrees-games,17999998.0,3.0,2006.0,2008.0,2011.0,USA,Games,0
/organization/six-times-seven,2300000.0,1.0,,2011.0,2011.0,USA,E-Commerce,1
/organization/sixintel,250000.0,1.0,2011.0,2011.0,2011.0,USA,Software,0
/organization/sixtron,13410000.0,3.0,2004.0,2004.0,2009.0,CAN,Clean Technology,0
/organization/sizz,,1.0,2011.0,2011.0,2011.0,,,0
/organization/sjs,2500000.0,1.0,1984.0,2008.0,2008.0,CAN,Construction,1
/organization/skataz,150000.0,1.0,2007.0,2009.0,2009.0,USA,Hardware + Software,0
/organization/skedo,200000.0,1.0,2010.0,2010.0,2010.0,BRA,SaaS,0
/organization/skill-life,25000.0,2.0,2007.0,2008.0,2010.0,USA,Education,0
/organization/skilledwizard,275000.0,2.0,2012.0,2013.0,2013.0,USA,Curated Web,0
/organization/skillpages,22085400.0,3.0,2011.0,2010.0,2012.0,IRL,Apps,1
/organization/skillsbite-com,120000.0,1.0,2010.0,2011.0,2011.0,GBR,Education,0
/organization/skillslate,1100000.0,1.0,2009.0,2010.0,2010.0,USA,Curated Web,1
/organization/skillstrak-ltd,640000.0,1.0,2006.0,2008.0,2008.0,GBR,Software,0
/organization/skinkers,23414268.0,3.0,1999.0,2006.0,2007.0,GBR,Peer-to-Peer,1
/organization/skinmedica,68438712.0,5.0,1999.0,2002.0,2009.0,USA,Biotechnology,1
/organization/skribit,,1.0,2007.0,2008.0,2008.0,USA,Curated Web,0
/organization/sky-medical-technology,,1.0,,2013.0,2013.0,,,0
/organization/skybox-imaging,91000000.0,3.0,2009.0,2009.0,2012.0,USA,Aerospace,1
/organization/skydata-systems,4000000.0,1.0,,2008.0,2008.0,USA,Mobile,0
/organization/skyeng,13000.0,1.0,2012.0,2012.0,2012.0,RUS,Education,0
/organization/skyera,51600000.0,1.0,2010.0,2013.0,2013.0,USA,Enterprise Software,1
/organization/skyfire,40800000.0,5.0,2006.0,2007.0,2012.0,USA,Enterprise Software,1
/organization/skygrid,13250000.0,2.0,2005.0,2006.0,2008.0,USA,Content,0
/organization/skyhook-wireless,16800000.0,3.0,2003.0,2004.0,2007.0,USA,Consumer Electronics,1
/organization/skylight-financial-2,3400000.0,1.0,,2001.0,2001.0,USA,Services,1
/organization/skylight-healthcare-systems,23750000.0,4.0,1999.0,2002.0,2013.0,USA,Health and Wellness,1
/organization/skylines,700000.0,1.0,,2011.0,2011.0,NLD,Android,0
/organization/skype,76805032.0,5.0,2003.0,2002.0,2010.0,LUX,Messaging,1
/organization/skyphrase,250000.0,2.0,2011.0,2012.0,2013.0,,Analytics,1
/organization/skypilot-networks,92800000.0,5.0,2000.0,2001.0,2008.0,USA,Web Hosting,1
/organization/skyrider,17000000.0,2.0,2003.0,2006.0,2008.0,USA,Advertising,0
/organization/skyrockit,2600000.0,1.0,2001.0,2011.0,2011.0,USA,Mobile,0
/organization/skysheet,,1.0,2009.0,2009.0,2009.0,,Enterprise Software,0
/organization/skystream-networks,,1.0,,2003.0,2003.0,,Content Delivery,1
/organization/skywater-beverage-company-llc,125000.0,1.0,2014.0,2015.0,2015.0,USA,Business Development,0
/organization/skywave-mobile,12300000.0,1.0,1997.0,2002.0,2002.0,CAN,Gps,1
/organization/skyway-software,4000000.0,1.0,2001.0,2007.0,2007.0,USA,Software,0
/organization/slapvid,,1.0,2007.0,2007.0,2007.0,USA,Games,0
/organization/slate-river-resources,30000000.0,1.0,2005.0,2005.0,2005.0,,Manufacturing,0
/organization/sleep-nation,7150000.0,1.0,2011.0,2012.0,2012.0,USA,Biotechnology,0
/organization/sleep-solutions,33100000.0,3.0,,2002.0,2009.0,USA,Health Care,0
/organization/sleeperbot-blitz-studios,680000.0,1.0,2014.0,2015.0,2015.0,USA,Content Delivery,0
/organization/sleepys,,1.0,,2012.0,2012.0,USA,E-Commerce,1
/organization/slicklogin,20000.0,1.0,,2013.0,2013.0,USA,Security,1
/organization/slide,78000000.0,4.0,2005.0,2005.0,2008.0,USA,Photography,1
/organization/slidejar,292207.0,1.0,2013.0,2013.0,2013.0,CAN,Software,0
/organization/sliderocket,7000000.0,2.0,2006.0,2007.0,2009.0,USA,Enterprise Software,1
/organization/slideshare,3000000.0,2.0,2006.0,2008.0,2008.0,USA,Curated Web,1
/organization/slideslive,120000.0,1.0,,2013.0,2013.0,CZE,Events,0
/organization/slimesandwich,2750000.0,2.0,2009.0,2009.0,2010.0,USA,3D,0
/organization/slingmedia,14500000.0,2.0,2004.0,2004.0,2005.0,USA,Hardware + Software,1
/organization/slinkset,15000.0,1.0,,2008.0,2008.0,USA,News,1
/organization/slipstream,20000.0,1.0,2010.0,2010.0,2010.0,USA,Curated Web,0
/organization/sloning-biotechnology,10691320.0,2.0,,2005.0,2007.0,DEU,Biotechnology,1
/organization/slr-technology-solutions,150000.0,1.0,2006.0,2006.0,2006.0,GBR,Email,0
/organization/small-bone-innovations,244000000.0,6.0,2009.0,2008.0,2011.0,USA,Health Care,1
/organization/small-world-labs,1000000.0,1.0,2005.0,2008.0,2008.0,USA,Communities,1
/organization/smallaa,3000000.0,1.0,2008.0,2008.0,2008.0,USA,Facebook Applications,0
/organization/smalltown,4000000.0,1.0,2005.0,2005.0,2005.0,USA,Advertising,0
/organization/smapper-technologies-gmbh,9664366.0,2.0,2005.0,2007.0,2010.0,AUT,Health Diagnostics,0
/organization/smart-balloon,3650000.0,2.0,,2009.0,2010.0,JOR,Games,0
/organization/smart-fertilizer,750000.0,1.0,,2014.0,2014.0,,Analytics,0
/organization/smart-living-studios,127839.0,1.0,2009.0,2012.0,2012.0,USA,Software,0
/organization/smart-museum,170000.0,2.0,,2012.0,2012.0,,,0
/organization/smart-orbis,100000.0,1.0,,2014.0,2014.0,,Startups,0
/organization/smartbound-technologies,250000.0,1.0,2012.0,2014.0,2014.0,USA,Education,0
/organization/smartcells,5220000.0,4.0,,2006.0,2009.0,USA,Biotechnology,1
/organization/smartclip-llc,,1.0,2008.0,2008.0,2008.0,DEU,Advertising,1
/organization/smartdate,7800000.0,2.0,2010.0,2010.0,2010.0,FRA,Curated Web,0
/organization/smartdocs-teknowmics,248811.0,1.0,2010.0,2010.0,2010.0,JPN,Software,0
/organization/smarterer,6350000.0,5.0,2010.0,2011.0,2014.0,USA,Education,1
/organization/smarterphone,5000000.0,1.0,,2011.0,2011.0,NOR,Software,1
/organization/smartfocus,30000000.0,1.0,1999.0,2012.0,2012.0,GBR,App Marketing,1
/organization/smartfundit-com,5170000.0,1.0,2006.0,2008.0,2008.0,GBR,Finance,0
/organization/smartprice-com,4000000.0,1.0,1999.0,2001.0,2001.0,USA,Telecommunications,0
/organization/smartree,200000.0,1.0,2000.0,2006.0,2006.0,,Human Resources,1
/organization/smartsignal,250000.0,1.0,1999.0,2005.0,2005.0,USA,Software,1
/organization/smartsynch,81670000.0,6.0,,2001.0,2011.0,USA,Web Hosting,1
/organization/smarttaxi,173433.0,1.0,,2015.0,2015.0,,Public Transportation,0
/organization/smartthings,15500000.0,2.0,2012.0,2012.0,2013.0,USA,Home Automation,1
/organization/smarttime-software,,1.0,1986.0,2004.0,2004.0,USA,Software,0
/organization/smartturn,5000000.0,1.0,2004.0,2008.0,2008.0,USA,Advertising,0
/organization/smartyants,501550.0,2.0,2007.0,2009.0,2011.0,USA,Education,1
/organization/smartypants-vitamins,19500978.0,6.0,2009.0,2010.0,2015.0,USA,E-Commerce,0
/organization/smartzyme,4000000.0,1.0,2013.0,2015.0,2015.0,USA,Biotechnology,0
/organization/smash-com,400000.0,1.0,2014.0,2014.0,2014.0,,Content,0
/organization/smilebox,14399999.0,4.0,2005.0,2006.0,2010.0,USA,Consumer Internet,1
/organization/smish,2000000.0,1.0,2009.0,2010.0,2010.0,USA,Apps,0
/organization/smith-tinker,29000000.0,1.0,2007.0,2009.0,2009.0,USA,Games,0
/organization/smooch-labs-inc,5000000.0,1.0,2014.0,2015.0,2015.0,,Apps,1
/organization/smoothie-2,30000.0,1.0,,2015.0,2015.0,,Apps,0
/organization/smoothshapes,15000000.0,1.0,,2007.0,2007.0,USA,,0
/organization/smr-site,60000.0,1.0,2009.0,2009.0,2009.0,USA,Curated Web,0
/organization/smt-research-and-development,10500000.0,1.0,2004.0,2011.0,2011.0,ISR,Health Care,0
/organization/snacksquare,30000.0,1.0,2010.0,2010.0,2010.0,USA,Advertising,0
/organization/snap-rewards,,1.0,,2013.0,2013.0,,,0
/organization/snapafilm,3000.0,1.0,2015.0,2015.0,2015.0,,Apps,0
/organization/snapette,1500000.0,1.0,2011.0,2011.0,2011.0,USA,Fashion,1
/organization/snapfinger,,2.0,2008.0,2007.0,2010.0,USA,Enterprise Software,1
/organization/snapfish,43500000.0,2.0,1999.0,1999.0,2000.0,USA,Photography,1
/organization/snapguide,10000000.0,3.0,2011.0,2011.0,2013.0,USA,Curated Web,1
/organization/snapin-software,22300000.0,2.0,2003.0,2005.0,2006.0,USA,Software,1
/organization/snapjoy,,1.0,2011.0,2011.0,2011.0,USA,Curated Web,1
/organization/snaplayout,650000.0,1.0,,2007.0,2007.0,USA,Identity,0
/organization/snapnames,8800000.0,3.0,2000.0,2001.0,2001.0,USA,Domains,1
/organization/snapone-inc,,1.0,2009.0,2013.0,2013.0,USA,Cloud Data Services,0
/organization/snappytv,2859260.0,3.0,2010.0,2012.0,2013.0,USA,Cloud Computing,1
/organization/snaptalent,,1.0,2007.0,2008.0,2008.0,USA,Advertising,0
/organization/snaptell,4000000.0,1.0,2006.0,2007.0,2007.0,USA,Advertising,1
/organization/snaptracs,2500000.0,1.0,2010.0,2014.0,2014.0,USA,Curated Web,1
/organization/snaptu,6000000.0,1.0,1994.0,2010.0,2010.0,GBR,Mobile,1
/organization/snapvine,12000000.0,2.0,2005.0,2006.0,2007.0,USA,Audio,1
/organization/snip-ly,,1.0,2010.0,2010.0,2010.0,USA,Curated Web,0
/organization/snipclip-share-your-world-through-music,,1.0,2014.0,2015.0,2015.0,,,0
/organization/snipd,15000.0,1.0,2008.0,2008.0,2008.0,USA,Curated Web,0
/organization/snipi,4074999.0,3.0,2007.0,2009.0,2013.0,USA,E-Commerce,0
/organization/snipshot,,2.0,2005.0,2006.0,2007.0,,Curated Web,1
/organization/snipsnap-app,2845000.0,3.0,2011.0,2012.0,2013.0,USA,Coupons,1
/organization/snizl-ltd,324280.0,1.0,2014.0,2014.0,2014.0,GBR,Apps,0
/organization/snocap,25000000.0,3.0,,2002.0,2006.0,USA,Content,1
/organization/snowball-factory,5250000.0,2.0,2009.0,2010.0,2011.0,USA,Analytics,1
/organization/snowflake-technologies,6000000.0,1.0,,2006.0,2006.0,USA,Business Development,0
/organization/snowman,10400000.0,1.0,1996.0,2013.0,2013.0,IND,Logistics,0
/organization/snrlabs,2076250.0,1.0,,2009.0,2009.0,USA,Software,1
/organization/snupi-technologies,12776691.0,4.0,2012.0,2012.0,2015.0,USA,Consumer Electronics,1
/organization/so1-gmbh,,1.0,2012.0,2013.0,2013.0,DEU,Artificial Intelligence,0
/organization/sochat,2000000.0,1.0,,2015.0,2015.0,,,0
/organization/social-collective,20000.0,1.0,2009.0,2009.0,2009.0,USA,Advertising,0
/organization/social-fabrics,,1.0,,2009.0,2009.0,ISR,Incentives,0
/organization/social-games-herald,5000.0,1.0,2010.0,2010.0,2010.0,,Facebook Applications,0
/organization/social-gameworks,120000.0,1.0,2008.0,2008.0,2008.0,USA,Games,0
/organization/social-genius,1320384.0,1.0,2010.0,2011.0,2011.0,USA,Social Commerce,0
/organization/social-iq-networks,4300000.0,4.0,2011.0,2011.0,2013.0,USA,Brand Marketing,1
/organization/social-market-analytics,410000.0,2.0,2012.0,2013.0,2014.0,USA,Social Media,0
/organization/social-median,560000.0,1.0,,2008.0,2008.0,USA,Curated Web,1
/organization/social-moov,942000.0,1.0,2012.0,2012.0,2012.0,FRA,Advertising,1
/organization/social-project,47500000.0,3.0,,2006.0,2007.0,USA,Social Media,1
/organization/social-solutions,11750000.0,3.0,2006.0,2008.0,2010.0,USA,Enterprise Software,1
/organization/socialbomb,240000.0,1.0,2008.0,2008.0,2008.0,USA,Games,1
/organization/socialbrowse,,1.0,2008.0,2008.0,2008.0,,Curated Web,0
/organization/socialbuy,500000.0,1.0,2010.0,2010.0,2010.0,USA,Advertising,0
/organization/socialcam,,1.0,,2012.0,2012.0,,Android,1
/organization/socialcast,9400000.0,3.0,2005.0,2009.0,2010.0,USA,Enterprise Software,1
/organization/socialcom,298836.0,1.0,,2008.0,2008.0,DEU,E-Commerce,1
/organization/socialcrunch,,1.0,2012.0,2013.0,2013.0,USA,Curated Web,1
/organization/socialdeck,456506.0,1.0,2008.0,2009.0,2009.0,CAN,Games,1
/organization/socialdial,1000000.0,1.0,2012.0,2012.0,2012.0,USA,Messaging,0
/organization/socialengine,12000.0,1.0,2007.0,2011.0,2011.0,USA,Finance,1
/organization/socialguide,1900000.0,2.0,2010.0,2011.0,2012.0,USA,Social Media,1
/organization/socialight,100000.0,1.0,2014.0,2014.0,2014.0,USA,Databases,1
/organization/socialize,1820000.0,3.0,2008.0,2011.0,2012.0,USA,Interest Graph,1
/organization/socializr,2250000.0,2.0,,2006.0,2007.0,USA,Events,0
/organization/sociall,,1.0,2011.0,2012.0,2012.0,BRA,Apps,0
/organization/sociallypay-easyown,138000.0,1.0,2011.0,2011.0,2011.0,CHE,Advertising,0
/organization/socialmatica,2776000.0,3.0,2010.0,2010.0,2012.0,USA,Sales and Marketing,0
/organization/socialmedia,10000000.0,3.0,2007.0,2007.0,2009.0,USA,Advertising,1
/organization/socialmoth,,1.0,2004.0,2007.0,2007.0,USA,Curated Web,0
/organization/socialnature,,1.0,,2014.0,2014.0,,,0
/organization/socialpicks,500000.0,1.0,2006.0,2007.0,2007.0,USA,Curated Web,1
/organization/socialqnect,,1.0,2013.0,2013.0,2013.0,,,0
/organization/socialsamba,20000.0,2.0,2010.0,2011.0,2012.0,USA,Entertainment,0
/organization/socialshield,10000000.0,1.0,2009.0,2010.0,2010.0,USA,Software,1
/organization/socialtext,46770000.0,8.0,2002.0,2004.0,2012.0,USA,Collaboration,1
/organization/socialthing,415000.0,2.0,2007.0,2007.0,2007.0,USA,Finance,1
/organization/socialthreader,45000.0,2.0,2012.0,2012.0,2012.0,USA,Advertising,0
/organization/socialware,15022208.0,6.0,2009.0,2008.0,2014.0,USA,Enterprise Software,1
/organization/sociogramics,300000.0,1.0,2011.0,2012.0,2012.0,USA,Enterprise Software,0
/organization/socital,235000.0,1.0,2014.0,2014.0,2014.0,,,0
/organization/société-internationale-de-plantations-d-hévéas,14300000.0,1.0,,2005.0,2005.0,FRA,Natural Resources,0
/organization/sockeye-networks,12000000.0,1.0,,2002.0,2002.0,USA,Internet,1
/organization/socloz,,1.0,2010.0,2012.0,2012.0,FRA,E-Commerce,0
/organization/socrative,750000.0,1.0,2010.0,2013.0,2013.0,USA,Education,1
/organization/socstock,,1.0,,2012.0,2012.0,USA,Social Media,0
/organization/sodahead,12650000.0,3.0,2007.0,2006.0,2008.0,USA,News,1
/organization/sofatronic,,1.0,,2009.0,2009.0,,Entertainment,0
/organization/softdesk,,1.0,1985.0,1991.0,1991.0,USA,,0
/organization/softgate-systems,7500000.0,1.0,1993.0,2012.0,2012.0,USA,Finance,1
/organization/softlayer,30000000.0,2.0,2005.0,2009.0,2010.0,USA,Cloud Computing,1
/organization/softricity,29600000.0,2.0,1999.0,2002.0,2010.0,USA,Software,1
/organization/softswitching-technologies,19000000.0,2.0,,2002.0,2008.0,USA,Hardware + Software,1
/organization/softvianet,915000000.0,1.0,,2000.0,2000.0,GBR,Apps,0
/organization/software-2000,,1.0,1981.0,1990.0,1990.0,USA,,0
/organization/software-com-2,,1.0,2014.0,2014.0,2014.0,,,0
/organization/software-spectrum-corporation,,1.0,1983.0,1989.0,1989.0,USA,,0
/organization/softway,,1.0,,2009.0,2009.0,BRA,,0
/organization/softwriters-holdings,,1.0,1990.0,2013.0,2013.0,USA,Software,1
/organization/sohm,95000.0,1.0,,2012.0,2012.0,USA,Biotechnology,0
/organization/solace-pharmaceuticals,15000000.0,1.0,,2007.0,2007.0,,,0
/organization/solaicx,67003889.0,4.0,2002.0,2006.0,2010.0,USA,Clean Technology,1
/organization/solairedirect,26590000.0,2.0,2006.0,2008.0,2008.0,FRA,Clean Technology,0
/organization/solais-lighting,3850000.0,2.0,,2009.0,2011.0,USA,Manufacturing,1
/organization/solar-environmental-technologies,3000000.0,1.0,,2009.0,2009.0,CHN,Clean Technology,0
/organization/solar-notion,10000000.0,1.0,,2007.0,2007.0,USA,Clean Technology,0
/organization/solar-power-partners,253000000.0,4.0,2006.0,2007.0,2010.0,USA,Clean Technology,1
/organization/solar-power-technologies,6077370.0,1.0,,2011.0,2011.0,USA,Clean Energy,1
/organization/solarbridge-technologies,105050000.0,7.0,2004.0,2007.0,2014.0,USA,Clean Technology,1
/organization/solarc,25000000.0,1.0,1991.0,2003.0,2003.0,USA,Software,1
/organization/solasta,1000000.0,1.0,2006.0,2008.0,2008.0,USA,Clean Technology,0
/organization/solatina,15000.0,1.0,2010.0,2011.0,2011.0,,Curated Web,0
/organization/solbeam,500000.0,1.0,,2007.0,2007.0,,,0
/organization/sold,,1.0,2012.0,2012.0,2012.0,USA,Analytics,1
/organization/soleil-securities-group,11000000.0,1.0,,2005.0,2005.0,USA,Business Services,0
/organization/solera-networks,58700000.0,7.0,2005.0,2005.0,2012.0,USA,Analytics,1
/organization/solfocus,211403000.0,8.0,2005.0,2006.0,2012.0,USA,Clean Technology,0
/organization/soliant-energy,18000000.0,1.0,2005.0,2008.0,2008.0,USA,Clean Technology,1
/organization/solid-carbon-products,,1.0,,2014.0,2014.0,USA,,0
/organization/solid-information-technology,19236401.7192852,2.0,1992.0,2004.0,2006.0,USA,Software,1
/organization/solid-state-equipment-holdings,,1.0,1965.0,2011.0,2011.0,USA,,1
/organization/solidcore-systems,60950000.0,5.0,2002.0,2003.0,2008.0,USA,Software,1
/organization/soligenix,21688477.0,6.0,,2009.0,2014.0,USA,Biotechnology,0
/organization/solmentum,325000.0,1.0,2009.0,2009.0,2009.0,USA,Clean Technology,0
/organization/soloc,50000.0,1.0,2011.0,2012.0,2012.0,USA,,0
/organization/solomio,9500000.0,2.0,2000.0,2002.0,2003.0,USA,Networking,1
/organization/solopower,458089999.0,10.0,2005.0,2007.0,2012.0,USA,Clean Technology,1
/organization/solsoft,20000000.0,2.0,1997.0,2002.0,2003.0,,Software,1
/organization/solstice-neurosciences,93000000.0,2.0,,2005.0,2006.0,USA,Biotechnology,1
/organization/solta-medical,21950000.0,2.0,1995.0,2010.0,2010.0,USA,Health Care,1
/organization/solum-2,23500000.0,3.0,2009.0,2010.0,2012.0,USA,Agriculture,1
/organization/solus-biosystems,800000.0,1.0,,2008.0,2008.0,USA,Biotechnology,0
/organization/solutionary,,1.0,2000.0,2011.0,2011.0,USA,Security,1
/organization/soluto,18000000.0,3.0,2008.0,2008.0,2011.0,ISR,Software,1
/organization/solvate-com,10300000.0,3.0,2007.0,2009.0,2011.0,USA,Curated Web,0
/organization/solvedirect-service-management,,1.0,2001.0,2009.0,2009.0,USA,Enterprise Software,1
/organization/solyndra,1567504319.0,8.0,2005.0,2006.0,2011.0,USA,Manufacturing,0
/organization/somatix,750000.0,1.0,2015.0,2015.0,2015.0,ISR,Analytics,0
/organization/somaxon-pharmaceuticals,93999990.0,3.0,,2004.0,2009.0,USA,Biotechnology,1
/organization/somera-communications,,1.0,1995.0,1998.0,1998.0,USA,Communications Infrastructure,0
/organization/somero-enterprises,,1.0,1985.0,1997.0,1997.0,USA,,0
/organization/sometrics,5550000.0,3.0,2007.0,2008.0,2009.0,USA,Advertising,1
/organization/somuchmore,,1.0,,2015.0,2015.0,,Fitness,0
/organization/sonda41,,1.0,,2012.0,2012.0,USA,Analytics,0
/organization/sones,,1.0,2007.0,2011.0,2011.0,DEU,Cloud Computing,0
/organization/songbird,14956252.0,4.0,2006.0,2006.0,2010.0,USA,Media,0
/organization/songza,6700000.0,2.0,2007.0,2011.0,2013.0,USA,Music,1
/organization/sonicbids,4500000.0,1.0,1999.0,2007.0,2007.0,USA,Music,1
/organization/sonitus-medical,67641704.0,6.0,2006.0,2006.0,2014.0,USA,Health Care,0
/organization/sonoma,700000.0,3.0,2012.0,2012.0,2013.0,BRA,E-Commerce,0
/organization/sonya-labs,25000.0,1.0,2008.0,2008.0,2008.0,USA,Legal,0
/organization/soocial,403080.0,1.0,,2007.0,2007.0,FRA,Contact Management,1
/organization/soompi,282077.0,1.0,1998.0,2010.0,2010.0,USA,News,1
/organization/soonjeong-game,1400000.0,1.0,,2015.0,2015.0,,Entertainment,0
/organization/soonr,23000000.0,4.0,2005.0,2006.0,2010.0,USA,Cloud Computing,1
/organization/sorrent,20000000.0,1.0,,2004.0,2004.0,USA,Web Design,0
/organization/sorrento-therapeutics,42568495.0,5.0,2006.0,2009.0,2013.0,USA,Biotechnology,0
/organization/sosedi,500000.0,1.0,,2013.0,2013.0,,Events,0
/organization/sosh,16254000.0,4.0,2010.0,2011.0,2013.0,USA,Social Media,1
/organization/soshi-games-swm-projects-limited,471365.25018193,1.0,2010.0,2014.0,2014.0,,Games,0
/organization/soshowise,50000.0,1.0,2011.0,2012.0,2012.0,USA,Curated Web,0
/organization/soteira,10850948.0,6.0,2004.0,2009.0,2012.0,USA,Health Care,0
/organization/sothree,1500000.0,1.0,2012.0,2013.0,2013.0,,Audio,1
/organization/sotmarket,50000000.0,1.0,2005.0,2012.0,2012.0,RUS,Online Shopping,0
/organization/soundbite-communication,8500000.0,1.0,1999.0,2005.0,2005.0,USA,App Marketing,1
/organization/soundtracker,2200000.0,3.0,,2011.0,2012.0,USA,Databases,1
/organization/source-ninja,500000.0,2.0,,2011.0,2012.0,USA,Open Source,1
/organization/sourcebits-technologies,10000000.0,1.0,2006.0,2011.0,2011.0,USA,Android,1
/organization/sourcefire,15000000.0,1.0,2001.0,2004.0,2004.0,USA,Information Technology,1
/organization/sourcelabs,7000000.0,1.0,,2006.0,2006.0,USA,Linux,0
/organization/southampton-photonics,,1.0,,2003.0,2003.0,,,0
/organization/southern-california-risk-management-associates,,1.0,,2005.0,2005.0,USA,,0
/organization/southwest-windpower,10000006.0,2.0,1987.0,2007.0,2009.0,USA,Clean Technology,1
/organization/sow,250000.0,1.0,2014.0,2015.0,2015.0,,Consulting,0
/organization/sowetrip,734650.0,2.0,2009.0,2010.0,2010.0,FRA,Career Planning,0
/organization/spabooker,200000.0,1.0,2007.0,2008.0,2008.0,USA,Beauty,1
/organization/space-holding,4000000.0,1.0,,2003.0,2003.0,,,0
/organization/space-monkey,2250000.0,3.0,2011.0,2012.0,2014.0,USA,Cloud Computing,1
/organization/space-pencil,4190185.0,4.0,,2008.0,2013.0,USA,Analytics,0
/organization/spaceclaim,49000000.0,5.0,2005.0,2005.0,2012.0,USA,Software,1
/organization/spaceconnect,38126.0,1.0,,2015.0,2015.0,,,0
/organization/spaceconnect-2,38126.0,1.0,2015.0,2015.0,2015.0,AUS,Algorithms,0
/organization/spaceport-io,3000000.0,1.0,,2012.0,2012.0,USA,Games,1
/organization/spaciety-fast-market-holdings-llc,40000.0,1.0,2010.0,2011.0,2011.0,USA,Curated Web,0
/organization/spadac,6500000.0,1.0,2002.0,2007.0,2007.0,USA,Software,1
/organization/spandex,18000.0,1.0,,2012.0,2012.0,,Finance,0
/organization/sparcode,35000.0,1.0,2010.0,2010.0,2010.0,DNK,E-Books,0
/organization/spare-change-payments,509412.0,1.0,2008.0,2008.0,2008.0,USA,Facebook Applications,1
/organization/spark-flow,50000.0,1.0,2013.0,2014.0,2014.0,ARG,Advertising,1
/organization/spark-ip,,2.0,,2007.0,2008.0,,,0
/organization/sparkbrowser,150000.0,1.0,2010.0,2011.0,2011.0,USA,Software,0
/organization/sparkbuy,1000000.0,1.0,2010.0,2010.0,2010.0,USA,Curated Web,1
/organization/sparkcloud,,2.0,2010.0,2010.0,2010.0,USA,Enterprise Software,0
/organization/sparkroom,4000000.0,1.0,2007.0,2008.0,2008.0,USA,Analytics,1
/organization/sparrow,246981.0,1.0,2010.0,2011.0,2011.0,,Email,1
/organization/sparta-systems,,1.0,1994.0,2006.0,2006.0,USA,Enterprise Software,1
/organization/sparus-software,5420000.0,2.0,2003.0,2005.0,2007.0,FRA,Software,1
/organization/spaseebo,200000.0,1.0,,2013.0,2013.0,RUS,Consumer Goods,0
/organization/spatial-photonics,47489278.0,3.0,2004.0,2007.0,2010.0,USA,Hardware + Software,1
/organization/spatial-wireless,45100000.0,3.0,2001.0,2001.0,2003.0,USA,Telecommunications,1
/organization/spawn-labs,1000000.0,1.0,2004.0,2009.0,2009.0,USA,Enterprise Software,1
/organization/spd-2,5000000.0,1.0,,2001.0,2001.0,,Services,0
/organization/speakap,1157940.0,1.0,2011.0,2013.0,2013.0,NLD,Social Media,0
/organization/speakeasy,24000000.0,1.0,,2004.0,2004.0,USA,Information Technology,1
/organization/speakermix,,1.0,2011.0,2011.0,2011.0,USA,Events,0
/organization/speakphone,253000.0,2.0,,2012.0,2012.0,CZE,Information Services,0
/organization/speaksoft,988957.0,1.0,2007.0,2010.0,2010.0,USA,Public Relations,0
/organization/specialized-health-products-international,5000000.0,1.0,1990.0,2002.0,2002.0,USA,Biotechnology,1
/organization/spectel,14638573.0,1.0,,2002.0,2002.0,USA,Communities,1
/organization/spectra-analysis-instruments,6890927.0,5.0,2004.0,2006.0,2013.0,USA,Analytics,1
/organization/spectrafluidics,2502820.0,5.0,,2009.0,2012.0,USA,Hardware + Software,0
/organization/spectral-dimensions,,1.0,,2000.0,2000.0,USA,,1
/organization/spectralinear,45400000.0,6.0,2006.0,2006.0,2010.0,USA,Semiconductors,1
/organization/spectraswitch,7500000.0,1.0,1996.0,2002.0,2002.0,USA,Manufacturing,1
/organization/spectrawatt,91400000.0,2.0,2008.0,2008.0,2010.0,USA,Clean Technology,0
/organization/spectrum-k12-school-solutions,13100000.0,2.0,1996.0,2007.0,2008.0,USA,Software,1
/organization/spectrum-networks,1911478.0,2.0,2007.0,2010.0,2011.0,USA,Web Hosting,1
/organization/speechvantage,,1.0,,2002.0,2002.0,USA,,0
/organization/speedera-networks,6500000.0,1.0,1999.0,2002.0,2002.0,USA,Web Hosting,1
/organization/speedshape,5000000.0,1.0,2003.0,2008.0,2008.0,USA,Advertising,0
/organization/speedtax,,1.0,,2010.0,2010.0,USA,Software,1
/organization/speek,7950000.0,5.0,2012.0,2012.0,2014.0,USA,Mobile,1
/organization/spendji,300000.0,1.0,2007.0,2008.0,2008.0,USA,Career Planning,0
/organization/spendsmart-payments-company,12200000.0,1.0,,2014.0,2014.0,USA,E-Commerce,0
/organization/sperky-cz,,1.0,,2014.0,2014.0,,,0
/organization/sphera-corporation,7000000.0,2.0,,2002.0,2005.0,,Software,1
/organization/sphera-optical-networks,70000000.0,1.0,1999.0,2000.0,2000.0,USA,Design,1
/organization/sphere,3500000.0,2.0,2005.0,2005.0,2006.0,USA,Curated Web,1
/organization/sphereup,3700000.0,1.0,2010.0,2012.0,2012.0,USA,SaaS,1
/organization/spiced-bits,80000.0,1.0,,2007.0,2007.0,,Mobile,0
/organization/spidersuite,150000.0,1.0,2012.0,2014.0,2014.0,USA,Information Technology,0
/organization/spiffy-society,800000.0,2.0,2012.0,2012.0,2013.0,USA,E-Commerce,0
/organization/spikesource,56000000.0,3.0,2004.0,2005.0,2008.0,USA,Software,1
/organization/spillnow,1070000.0,3.0,2009.0,2011.0,2014.0,USA,Advice,1
/organization/spime,3869960.0,2.0,2006.0,2007.0,2010.0,USA,Software,1
/organization/spinback,300000.0,1.0,,2010.0,2010.0,USA,Curated Web,1
/organization/spincast-tv,,1.0,2012.0,2015.0,2015.0,,,0
/organization/spindle,3910000.0,2.0,2010.0,2012.0,2015.0,USA,Location Based Services,1
/organization/spine-next,13708764.0,2.0,,2000.0,2004.0,FRA,Manufacturing,1
/organization/spinifex-pharmaceuticals,64000000.0,2.0,2005.0,2011.0,2014.0,GBR,Biotechnology,1
/organization/spinnaker-networks,51400000.0,2.0,,2000.0,2002.0,,Internet,1
/organization/spinthecam,150000.0,1.0,,2010.0,2010.0,USA,Games,0
/organization/spinvox,105500000.0,2.0,,2008.0,2009.0,GBR,Messaging,1
/organization/spinx-technologies,12483000.0,1.0,,2005.0,2005.0,CHE,Biotechnology,0
/organization/spiral-gateway,1450000.0,1.0,,2008.0,2008.0,,Semiconductors,0
/organization/spiralfrog,45000000.0,3.0,2004.0,2006.0,2007.0,USA,Music,0
/organization/spire,9000000.0,1.0,,2008.0,2008.0,USA,Social Network Media,1
/organization/spire-corporation,2000000.0,1.0,1969.0,2010.0,2010.0,USA,Clean Technology,1
/organization/spirit-navigation,977000.0,1.0,2012.0,2012.0,2012.0,RUS,Location Based Services,0
/organization/spirus-medical,9341046.0,3.0,,2007.0,2010.0,USA,Development Platforms,1
/organization/splash-fm,,1.0,2011.0,2011.0,2011.0,USA,Music,0
/organization/splash-online-presence-management,50000.0,1.0,,2014.0,2014.0,USA,Analytics,0
/organization/splashcast,4000000.0,1.0,2005.0,2008.0,2008.0,,Advertising,0
/organization/splashup,10000.0,1.0,,2007.0,2007.0,,Curated Web,0
/organization/splitforce,300000.0,2.0,2013.0,2014.0,2014.0,USA,Analytics,1
/organization/spoc-medical,800000.0,2.0,2006.0,2006.0,2007.0,USA,Medical Devices,0
/organization/spock,7000000.0,1.0,2006.0,2006.0,2006.0,USA,Search,1
/organization/spockly,19311.0,1.0,2010.0,2010.0,2010.0,DNK,Email Marketing,0
/organization/spogo-inc,170000.0,2.0,2012.0,2012.0,2013.0,USA,Games,1
/organization/spoke-4,30000.0,1.0,,2015.0,2015.0,LBN,Entertainment,0
/organization/sponge,400000.0,1.0,2010.0,2010.0,2010.0,USA,Curated Web,1
/organization/spongefish,2000000.0,1.0,,2008.0,2008.0,USA,Curated Web,0
/organization/sponsorhub,800000.0,2.0,,2011.0,2013.0,USA,Business Services,1
/organization/sponsorpay,9590000.0,5.0,2009.0,2009.0,2014.0,DEU,Advertising,1
/organization/spontaneously,,1.0,2011.0,2011.0,2011.0,USA,Curated Web,0
/organization/spoofem-com,147000.0,1.0,2009.0,2010.0,2010.0,USA,Curated Web,0
/organization/spool,1000000.0,1.0,,2012.0,2012.0,USA,Software,1
/organization/spoondate,,1.0,,2011.0,2011.0,USA,Hospitality,0
/organization/spoonluv,150000.0,1.0,,2015.0,2015.0,,,0
/organization/sport-convo,839146.0,1.0,2014.0,2014.0,2014.0,GBR,Social Media,0
/organization/sport-telegram,25000.0,1.0,2012.0,2012.0,2012.0,DNK,Emerging Markets,0
/organization/sport50,,1.0,2014.0,2015.0,2015.0,LUX,,0
/organization/sportfort,40000.0,1.0,,2012.0,2012.0,,Internet,0
/organization/sportgenic,11489687.0,3.0,2005.0,2007.0,2008.0,USA,Ad Targeting,1
/organization/sportingo,3200000.0,1.0,2006.0,2007.0,2007.0,ISR,News,1
/organization/sports-challenge-network,2000000.0,1.0,,2011.0,2011.0,USA,Apps,0
/organization/sports-weather-media,100000.0,1.0,2011.0,2012.0,2012.0,,News,0
/organization/sportsbeat-com,400000.0,1.0,2011.0,2013.0,2013.0,USA,Sports,0
/organization/sportsgrit,,1.0,2010.0,2013.0,2013.0,USA,Software,0
/organization/sportstream,3500000.0,1.0,2012.0,2012.0,2012.0,USA,Consumer Electronics,1
/organization/sporty-cz,,1.0,,2014.0,2014.0,,,0
/organization/sportymob,392230.352527925,1.0,2013.0,2013.0,2013.0,,Mobile,0
/organization/spot-coffee,300000.0,1.0,1996.0,2014.0,2014.0,CAN,Hospitality,0
/organization/spot-influence,358969.0,2.0,2009.0,2010.0,2011.0,USA,Analytics,1
/organization/spot-tech,118000.0,1.0,2015.0,2015.0,2015.0,,Communities,0
/organization/spotcast-communications,7500000.0,1.0,1998.0,2000.0,2000.0,USA,Advertising,1
/organization/spotdock,600000.0,1.0,2011.0,2012.0,2012.0,USA,Curated Web,0
/organization/spotflux,1150000.0,2.0,2011.0,2011.0,2012.0,USA,Privacy,0
/organization/spotie,20000.0,1.0,,2011.0,2011.0,HRV,Travel,1
/organization/spotigo,638000.0,1.0,2005.0,2006.0,2006.0,DEU,Web Hosting,0
/organization/spotistic,188811.345724503,2.0,2012.0,2012.0,2013.0,,Email Marketing,1
/organization/spotivate,,1.0,2011.0,2012.0,2012.0,USA,Curated Web,1
/organization/spotlesscity,200000.0,1.0,2011.0,2011.0,2011.0,USA,E-Commerce,0
/organization/spotlight,1858875.0,1.0,2011.0,2012.0,2012.0,JPN,Mobile,1
/organization/spotlight-surgical,7420000.0,1.0,,2007.0,2007.0,USA,,0
/organization/spotplex,450000.0,1.0,,2007.0,2007.0,USA,Curated Web,0
/organization/spots-development-group-llc,140000.0,1.0,2015.0,2015.0,2015.0,USA,Peer-to-Peer,0
/organization/spotsetter,1300000.0,2.0,2011.0,2012.0,2013.0,USA,Big Data,1
/organization/spotster,250000.0,1.0,,2012.0,2012.0,USA,Curated Web,0
/organization/spotxchange,12000000.0,2.0,2007.0,2008.0,2010.0,USA,Advertising,1
/organization/spraycool,10000000.0,1.0,1988.0,2007.0,2007.0,USA,Hardware + Software,1
/organization/spree-3,5000.0,1.0,2015.0,2015.0,2015.0,,Apps,0
/organization/spree-commerce,6500000.0,2.0,2011.0,2011.0,2014.0,USA,E-Commerce,1
/organization/sprig-toys,2300000.0,1.0,,2008.0,2008.0,USA,Clean Technology,1
/organization/springleaf-therapeutics,23277501.0,2.0,,2009.0,2011.0,USA,Biotechnology,0
/organization/springsource,37339356.0,2.0,2004.0,2007.0,2008.0,USA,Software,1
/organization/sprint-nextel,,1.0,1999.0,2010.0,2010.0,USA,Mobile,1
/organization/sprocket-inc,1007546.0,1.0,2014.0,2015.0,2015.0,,Customer Service,0
/organization/sprout,8300000.0,2.0,2008.0,2007.0,2008.0,USA,Advertising,1
/organization/sprout-foods,4169864.0,1.0,2004.0,2011.0,2011.0,USA,Hospitality,1
/organization/sprout-pharmaceuticals,79095777.0,4.0,2011.0,2012.0,2015.0,USA,Biotechnology,1
/organization/sproutbox,1015000.0,1.0,2008.0,2010.0,2010.0,USA,Finance,0
/organization/spry,18000.0,1.0,,2009.0,2009.0,USA,Enterprise Software,0
/organization/sps-commerce,28000000.0,2.0,,2001.0,2003.0,USA,Software,1
/organization/spumetech,,1.0,2015.0,2015.0,2015.0,,,0
/organization/spunkmobile,200000.0,1.0,,2013.0,2013.0,IND,Finance,0
/organization/spurfly,175500.0,1.0,,2011.0,2011.0,USA,Curated Web,0
/organization/sputnik8,25000.0,1.0,2012.0,2013.0,2013.0,USA,E-Commerce,0
/organization/sqfive-intelligent-oilfield-solutions,4710000.0,2.0,,2008.0,2009.0,CAN,Software,0
/organization/sqoot,15000.0,2.0,2010.0,2010.0,2012.0,USA,E-Commerce,1
/organization/sqrl,550000.0,1.0,2013.0,2014.0,2014.0,USA,Accounting,1
/organization/square-two-financial,,1.0,,1989.0,1989.0,USA,Financial Services,1
/organization/squareone,4440262.0,3.0,2012.0,2009.0,2014.0,USA,Advertising,1
/organization/squareone-2,7500000.0,1.0,,2007.0,2007.0,USA,,0
/organization/squeegy,,1.0,2015.0,2015.0,2015.0,USA,,0
/organization/squeezecmm,,1.0,,2013.0,2013.0,CAN,Software,1
/organization/squla-2,,1.0,2009.0,2013.0,2013.0,,,0
/organization/squrl,550000.0,1.0,,2012.0,2012.0,USA,Search,0
/organization/sravnikupi,2000000.0,1.0,2009.0,2012.0,2012.0,RUS,Cars,0
/organization/srj,,1.0,,2012.0,2012.0,,,0
/organization/srm-solutions,16674.0,1.0,,2015.0,2015.0,,Developer Tools,0
/organization/ssa-global,75000000.0,1.0,,2003.0,2003.0,USA,Software,1
/organization/st-barths-online,350000.0,1.0,2010.0,2010.0,2010.0,BLM,Travel & Tourism,0
/organization/st3,16674.0,1.0,,2015.0,2015.0,,Analytics,0
/organization/staaff,547000.0,1.0,2007.0,2008.0,2008.0,,Curated Web,0
/organization/stacas-holdings,28000000.0,1.0,,2003.0,2003.0,,Local,0
/organization/staccato-communications,75500000.0,4.0,2002.0,2004.0,2008.0,USA,Mobile,0
/organization/stackblaze,54993.0,1.0,2011.0,2011.0,2011.0,GBR,Cloud Computing,0
/organization/stackdriver,15000000.0,2.0,2012.0,2012.0,2013.0,USA,Enterprise Software,1
/organization/stackmob,7500000.0,1.0,2010.0,2011.0,2011.0,USA,Cloud Computing,1
/organization/stadium-goods,,1.0,2015.0,2015.0,2015.0,,,0
/organization/stadius,250000.0,1.0,2012.0,2013.0,2013.0,USA,Messaging,0
/organization/staffly-inc,1250000.0,1.0,2015.0,2015.0,2015.0,USA,Consulting,0
/organization/stage-one-film-pty-ltd,,1.0,2015.0,2015.0,2015.0,AUS,,0
/organization/stakeforce,10000.0,1.0,2009.0,2012.0,2012.0,USA,Enterprise Software,0
/organization/stamp-it,225000.0,1.0,2012.0,2013.0,2013.0,GBR,Loyalty Programs,1
/organization/stamped,3000000.0,2.0,2011.0,2011.0,2012.0,USA,Mobile,1
/organization/stand-offer,4500.0,2.0,2012.0,2012.0,2012.0,USA,Crowdfunding,0
/organization/standard-luggage-co,43037.0,1.0,2015.0,2015.0,2015.0,,Design,0
/organization/standard-renewable-energy,61503944.0,4.0,2006.0,2009.0,2009.0,USA,Semiconductors,0
/organization/standard-treasury,2700000.0,1.0,2013.0,2014.0,2014.0,USA,Banking,1
/organization/standardnine,6016903.0,2.0,2009.0,2009.0,2011.0,USA,Education,0
/organization/standing-cloud,10500003.0,6.0,2009.0,2009.0,2012.0,USA,Apps,1
/organization/standing-ovation,1147146.0,1.0,2014.0,2015.0,2015.0,,Apps,0
/organization/standoutjobs,1980198.01980198,1.0,2007.0,2008.0,2008.0,CAN,B2B,1
/organization/staq,,1.0,,2012.0,2012.0,USA,Enterprise Software,1
/organization/star-analytics,3500000.0,1.0,2004.0,2007.0,2007.0,USA,Software,1
/organization/star-fever-agency,550000.0,2.0,,2008.0,2008.0,CAN,Games,0
/organization/star-me,,1.0,,2010.0,2010.0,USA,Curated Web,1
/organization/star-one,69289620.9921889,1.0,,2000.0,2000.0,,,0
/organization/star-scientific-inc,15100000.0,1.0,,2014.0,2014.0,USA,Curated Web,0
/organization/starbak,5500000.0,2.0,,2003.0,2006.0,USA,Enterprise Software,1
/organization/starband-communications,50000000.0,1.0,,2001.0,2001.0,,Internet,1
/organization/starbates,20000.0,1.0,2012.0,2012.0,2012.0,USA,App Marketing,0
/organization/starbelly-com-inc,8000000.0,2.0,1999.0,1999.0,2000.0,USA,E-Commerce,1
/organization/starboard-storage-systems,13000000.0,1.0,2012.0,2012.0,2012.0,USA,Enterprise Software,0
/organization/starburst-coin-machines,5960000.0,1.0,1975.0,2007.0,2007.0,CAN,Games,0
/organization/starcard,1000000.0,1.0,,2012.0,2012.0,RUS,Business Services,0
/organization/starcite,15000000.0,1.0,1999.0,2008.0,2008.0,USA,Meeting Software,1
/organization/starent-networks,48000000.0,2.0,2000.0,2003.0,2004.0,USA,Enterprise Software,1
/organization/starfish-retention-solutions,4089700.0,2.0,2007.0,2008.0,2011.0,USA,Education,1
/organization/starmount,13000000.0,1.0,2006.0,2013.0,2013.0,USA,Mobile,0
/organization/starnet-interactive,2700000.0,1.0,,2006.0,2006.0,ISR,Curated Web,1
/organization/starport-systems,1000000.0,1.0,,2005.0,2005.0,USA,Semiconductors,0
/organization/startforce,6000000.0,2.0,2006.0,2007.0,2008.0,USA,Enterprise Software,1
/organization/startupdigest,200000.0,1.0,2009.0,2011.0,2011.0,USA,Employment,1
/organization/startuply,,1.0,2008.0,2008.0,2008.0,USA,Curated Web,0
/organization/statementone,5000000.0,1.0,,2001.0,2001.0,,Business Services,0
/organization/statmuse,120000.0,1.0,,2015.0,2015.0,,Artificial Intelligence,0
/organization/statsmix,12000.0,1.0,2009.0,2010.0,2010.0,USA,Analytics,1
/organization/statup,,1.0,2015.0,2015.0,2015.0,,,0
/organization/status-overload,250000.0,1.0,2009.0,2009.0,2009.0,,Facebook Applications,0
/organization/stax-networks,750000.0,3.0,2008.0,2007.0,2010.0,USA,Curated Web,1
/organization/stayhound,,1.0,2011.0,2012.0,2012.0,USA,Curated Web,0
/organization/staytoday,,1.0,,2012.0,2012.0,,,0
/organization/steadyfare,25000.0,1.0,2012.0,2012.0,2012.0,,Travel,0
/organization/steek-sa,12000000.0,2.0,2002.0,2006.0,2008.0,,Software,1
/organization/steel-steed-studio,90000.0,1.0,2011.0,2012.0,2012.0,BLR,Games,0
/organization/steelbox-networks,10000000.0,1.0,2003.0,2006.0,2006.0,USA,Security,1
/organization/steelhead-composites,4405204.0,2.0,,2014.0,2014.0,USA,Manufacturing,0
/organization/steerads,500000.0,1.0,2010.0,2010.0,2010.0,USA,Advertising,0
/organization/stellar-biotechnologies,17566976.0,6.0,1999.0,2010.0,2013.0,USA,Biotechnology,0
/organization/stellcom,35000000.0,1.0,,2000.0,2000.0,USA,Design,0
/organization/stem-cell-therapeutics,33000000.0,1.0,,2013.0,2013.0,CAN,Biotechnology,0
/organization/stemco-biomedical,13800000.0,2.0,,2000.0,2003.0,,Medical Devices,0
/organization/stemdisintermedia,,1.0,2015.0,2015.0,2015.0,,Accounting,0
/organization/step-labs,6500000.0,1.0,,2008.0,2008.0,USA,Software,0
/organization/stepmind,24910219.0,1.0,,2004.0,2004.0,FRA,Design,0
/organization/stepout,1347000.0,2.0,2008.0,2008.0,2010.0,USA,Finance,1
/organization/stepup,6600000.0,1.0,,2005.0,2005.0,,Curated Web,1
/organization/sterecycle,7992756.0,1.0,,2011.0,2011.0,GBR,Clean Technology,0
/organization/sterling-drake,,1.0,,2015.0,2015.0,USA,,0
/organization/stheno-corporation,2527430.0,5.0,,2005.0,2007.0,,Analytics,0
/organization/sticki,,1.0,,2014.0,2014.0,MYS,,0
/organization/stickybeak,120000.0,1.0,2015.0,2015.0,2015.0,USA,Internet,0
/organization/stickybits,1900000.0,2.0,2009.0,2010.0,2010.0,USA,Curated Web,0
/organization/stiki-digital,325000.0,3.0,2007.0,2008.0,2008.0,USA,Curated Web,0
/organization/stimply,418204.0,1.0,2014.0,2014.0,2014.0,GBR,Electronics,0
/organization/stipple,14379000.0,4.0,2010.0,2010.0,2012.0,USA,Advertising,0
/organization/stiqrd,15000.0,1.0,2011.0,2011.0,2011.0,USA,Apps,0
/organization/stirling-dk,,1.0,,2009.0,2009.0,,,0
/organization/stitch,3250000.0,1.0,2013.0,2014.0,2014.0,USA,Mobile,1
/organization/stitcher,18700000.0,3.0,2008.0,2008.0,2011.0,USA,Entertainment,1
/organization/stix,,1.0,2013.0,2013.0,2013.0,ISR,Online Gaming,0
/organization/stockal,,1.0,2015.0,2015.0,2015.0,IND,Big Data,0
/organization/stockcastr,25000.0,1.0,,2008.0,2008.0,USA,Finance,0
/organization/stockholm-interactive,3000000.0,1.0,,2006.0,2006.0,,,0
/organization/stonestreet-one,3400000.0,1.0,2000.0,2010.0,2010.0,USA,Mobile,1
/organization/stonybrook-purification,4100000.0,1.0,,2007.0,2007.0,USA,Clean Technology,0
/organization/stop-chill,654568.0,1.0,2015.0,2015.0,2015.0,,Advertising,0
/organization/stopandwalk-com,,1.0,2012.0,2012.0,2012.0,ESP,Design,0
/organization/stopthehacker,1100000.0,1.0,2008.0,2012.0,2012.0,USA,Security,1
/organization/storactive-inc,26680000.0,5.0,,1999.0,2003.0,USA,Data Centers,1
/organization/storage-by-the-box,250000.0,1.0,2009.0,2009.0,2009.0,USA,Curated Web,0
/organization/storage-genetics,1000000.0,1.0,2008.0,2010.0,2010.0,USA,Consumer Electronics,0
/organization/storageapps,50000000.0,1.0,1998.0,2000.0,2000.0,USA,Networking,1
/organization/storeage,29000000.0,2.0,,2001.0,2006.0,,SaaS,1
/organization/storeage-networking-technologies,25000000.0,1.0,,2001.0,2001.0,,,0
/organization/storediq,44541657.0,5.0,2001.0,2008.0,2012.0,USA,Ediscovery,1
/organization/storefront-net,6000000.0,1.0,1996.0,2007.0,2007.0,USA,E-Commerce,1
/organization/storify,2023000.0,3.0,2009.0,2009.0,2012.0,USA,Blogging Platforms,1
/organization/storigen-systems-inc,15000000.0,1.0,2000.0,2001.0,2001.0,,Internet,0
/organization/storm-exchange,10800000.0,2.0,2006.0,2006.0,2008.0,USA,Enterprise Software,0
/organization/storm-media-innovations-inc,100000.0,1.0,2000.0,2009.0,2009.0,CAN,E-Commerce,0
/organization/storrz,100000.0,1.0,2007.0,2007.0,2007.0,IND,E-Commerce,0
/organization/storsimple,31500000.0,3.0,2009.0,2009.0,2011.0,USA,Enterprise Software,1
/organization/storspeed,13000000.0,1.0,2007.0,2007.0,2007.0,USA,Software,0
/organization/storwize,28000000.0,2.0,2004.0,2007.0,2008.0,USA,Storage,1
/organization/storyblender,1500000.0,1.0,2005.0,2007.0,2007.0,KOR,Web Hosting,0
/organization/storyful,,4.0,2009.0,2011.0,2013.0,IRL,Media,1
/organization/storyz,,1.0,,2007.0,2007.0,AUS,Mobile,1
/organization/straight-up-english,,1.0,,2009.0,2009.0,USA,EdTech,0
/organization/strakan-group,21622868.0,1.0,,2002.0,2002.0,,Medical,0
/organization/strangeloop-networks,21500000.0,2.0,2006.0,2007.0,2011.0,CAN,Enterprise Software,1
/organization/stratavia,10700000.0,5.0,2001.0,2005.0,2009.0,USA,Automotive,1
/organization/stratos-genomics,35929000.0,7.0,2007.0,2010.0,2015.0,USA,Biotechnology,0
/organization/stream,15000000.0,1.0,,2012.0,2012.0,RUS,Video,0
/organization/stream-4,,1.0,,2014.0,2014.0,,,0
/organization/stream-global-services,185083586.0,1.0,1992.0,2009.0,2009.0,USA,Software,1
/organization/stream-media,1000000.0,1.0,2009.0,2011.0,2011.0,SGP,Mobile,0
/organization/stream-processors,38000000.0,2.0,,2005.0,2006.0,USA,Semiconductors,0
/organization/streamago,2000000.0,1.0,2015.0,2015.0,2015.0,,Facebook Applications,0
/organization/streambase-systems,39000000.0,5.0,2003.0,2005.0,2012.0,USA,Software,1
/organization/streamcore-system,10790000.0,2.0,,2005.0,2007.0,FRA,Enterprise Software,1
/organization/streamezzo,45520000.0,4.0,2004.0,2006.0,2009.0,FRA,Mobile,1
/organization/streamline,475550.0,1.0,2007.0,2013.0,2013.0,USA,Health and Wellness,1
/organization/streamline-health-solutions,12000000.0,1.0,,2012.0,2012.0,USA,Biotechnology,0
/organization/streamlyzer-inc,,1.0,2013.0,2015.0,2015.0,USA,Analytics,0
/organization/streem,875000.0,1.0,2012.0,2014.0,2014.0,USA,Cloud Computing,0
/organization/streetcar,16212601.0,3.0,2004.0,2007.0,2009.0,GBR,Automotive,1
/organization/streetfire,7900000.0,2.0,2004.0,2007.0,2008.0,USA,Auto,1
/organization/streetspark,750000.0,1.0,2009.0,2010.0,2010.0,GBR,Interest Graph,0
/organization/stretch,58000000.0,7.0,2002.0,2006.0,2012.0,USA,Semiconductors,1
/organization/stribe,600000.0,1.0,2008.0,2008.0,2008.0,FRA,Curated Web,0
/organization/stride-health,,1.0,,2015.0,2015.0,,,0
/organization/strike-2,18405.9016683109,1.0,2014.0,2015.0,2015.0,,Apps,0
/organization/strike-brewery,50000.0,1.0,,2014.0,2014.0,,Brewing,0
/organization/strikead,7000000.0,1.0,2010.0,2013.0,2013.0,USA,Advertising,1
/organization/striped-sail,210000.0,1.0,2010.0,2011.0,2011.0,USA,Hardware + Software,0
/organization/strobe,2500000.0,1.0,2010.0,2010.0,2010.0,USA,iPad,1
/organization/stromedix,28000000.0,3.0,,2007.0,2011.0,USA,Biotechnology,1
/organization/strong-m,,1.0,,2008.0,2008.0,,,0
/organization/strongloop,9000000.0,2.0,2013.0,2013.0,2013.0,USA,Consulting,1
/organization/strongmail,38100000.0,6.0,2002.0,2004.0,2009.0,USA,Advertising,1
/organization/stroodle,195420.0,1.0,,2010.0,2010.0,ITA,Apps,0
/organization/structural-research-and-analysis-corporation,,1.0,1986.0,1991.0,1991.0,USA,,1
/organization/struq,8500000.0,1.0,2008.0,2012.0,2012.0,USA,Advertising,1
/organization/stryde-2,25000.0,1.0,,2014.0,2014.0,,Algorithms,0
/organization/stsn,55000000.0,1.0,,1999.0,1999.0,USA,,0
/organization/stubhub,,1.0,2000.0,2005.0,2005.0,USA,E-Commerce,1
/organization/studentsn,802100.0,2.0,2007.0,2008.0,2008.0,,All Students,0
/organization/studer-group,,1.0,,2011.0,2011.0,USA,Health and Wellness,1
/organization/studiocracy,15000.0,1.0,2015.0,2015.0,2015.0,,Art,0
/organization/studiotweets,,1.0,2011.0,2011.0,2011.0,,File Sharing,0
/organization/studyapps,200000.0,1.0,,2012.0,2012.0,RUS,Education,0
/organization/studyplaces,3000000.0,1.0,2007.0,2008.0,2008.0,USA,Education,1
/organization/stukio,852300.0,3.0,2014.0,2014.0,2015.0,PRT,Web Design,0
/organization/stumbleupon,18500000.0,4.0,2002.0,2001.0,2011.0,USA,Content,1
/organization/stumpwise,,1.0,2010.0,2010.0,2010.0,USA,Enterprise Software,0
/organization/stunable,250000.0,1.0,2011.0,2012.0,2012.0,USA,Ad Targeting,0
/organization/stupsr,100000.0,1.0,,2015.0,2015.0,,,0
/organization/stupsr-2,100000.0,1.0,2015.0,2015.0,2015.0,,,0
/organization/stylecaster,5000000.0,2.0,2008.0,2009.0,2011.0,USA,Beauty,1
/organization/stylefeeder,3500000.0,3.0,2006.0,2007.0,2009.0,USA,Electronics,1
/organization/stylehive,2620000.0,1.0,,2006.0,2006.0,USA,Fashion,1
/organization/stylejam,,1.0,2010.0,2011.0,2011.0,,Design,0
/organization/styleq,210000.0,1.0,,2010.0,2010.0,USA,Advertising,0
/organization/stylesight,26000006.0,3.0,2004.0,2008.0,2010.0,USA,Fashion,1
/organization/styletag-com,7500000.0,1.0,,2015.0,2015.0,IND,Retail,0
/organization/styletrek,1500000.0,1.0,2010.0,2010.0,2010.0,USA,Crowdsourcing,0
/organization/stylezen,20000.0,1.0,2011.0,2011.0,2011.0,USA,Collectibles,0
/organization/stylr,,1.0,2013.0,2013.0,2013.0,USA,Fashion,1
/organization/stypi,,1.0,,2011.0,2011.0,USA,Curated Web,1
/organization/subtext,3000000.0,1.0,,2011.0,2011.0,USA,Education,1
/organization/subtledata,500000.0,1.0,2011.0,2012.0,2012.0,USA,E-Commerce,0
/organization/successfactors,,2.0,2001.0,2006.0,2007.0,USA,Career Management,1
/organization/sueeasy,135000.0,3.0,2007.0,2007.0,2008.0,USA,Curated Web,1
/organization/sugar-publishing,,1.0,,2007.0,2007.0,USA,,0
/organization/sugarsync,61000000.0,7.0,2004.0,2005.0,2013.0,USA,Curated Web,1
/organization/sulfercell,132000000.0,1.0,,2008.0,2008.0,,,0
/organization/sulfurcell,158700000.0,3.0,2002.0,2007.0,2011.0,,Clean Technology,0
/organization/sulmaq,2814258.0,1.0,,2009.0,2009.0,BRA,Industrial,0
/organization/summify,,3.0,2009.0,2010.0,2011.0,CAN,News,1
/organization/summit-corporation,11644000.0,1.0,,2014.0,2014.0,GBR,Biotechnology,0
/organization/summit-energy,82500000.0,1.0,1991.0,2007.0,2007.0,USA,Clean Technology,1
/organization/summit-microelectronics,16512391.0,3.0,1997.0,2006.0,2011.0,USA,Semiconductors,1
/organization/summize,750000.0,1.0,2006.0,2007.0,2007.0,USA,Curated Web,1
/organization/summly,1530000.0,2.0,2011.0,2011.0,2012.0,GBR,Apps,1
/organization/sumpto,425000.0,2.0,2012.0,2012.0,2013.0,USA,Colleges,0
/organization/sun-catalytix,18500000.0,4.0,2008.0,2009.0,2013.0,USA,Clean Technology,1
/organization/sun-skin-care-research,,1.0,1989.0,2012.0,2012.0,USA,Manufacturing,0
/organization/sunbay,,1.0,,2012.0,2012.0,CHE,Web Hosting,0
/organization/sunbirds,60595.043325456,2.0,2015.0,2015.0,2015.0,,Drones,0
/organization/suncat,,1.0,,2015.0,2015.0,,,0
/organization/sundried,,1.0,2013.0,2015.0,2015.0,,,0
/organization/sundrop-mobile,1400000.0,2.0,2010.0,2010.0,2011.0,USA,Advertising,1
/organization/sunedison,1043300000.0,7.0,2003.0,2008.0,2015.0,USA,Clean Technology,1
/organization/sungard,316000000.0,1.0,1982.0,2009.0,2009.0,USA,Software,1
/organization/sunglass,1800000.0,1.0,2011.0,2012.0,2012.0,USA,3D,0
/organization/sunible,50000.0,1.0,2013.0,2014.0,2014.0,USA,Clean Technology,1
/organization/sunmodular,2500000.0,1.0,2007.0,2009.0,2009.0,,Clean Technology,0
/organization/sunnybump,375000.0,1.0,,2012.0,2012.0,USA,Babies,0
/organization/sunovia,12703000.0,2.0,,2008.0,2011.0,USA,Clean Technology,0
/organization/sunpower,44500000.0,1.0,1985.0,2014.0,2014.0,USA,Clean Technology,1
/organization/sunrise,8200000.0,3.0,2012.0,2013.0,2014.0,,Apps,1
/organization/sunup-financial-balance-credit,100000000.0,1.0,,2015.0,2015.0,USA,Banking,0
/organization/super-2,3600000.0,1.0,2014.0,2015.0,2015.0,USA,,0
/organization/super-heat-games,1600000.0,1.0,2010.0,2011.0,2011.0,USA,Games,0
/organization/supercell,143025351.239764,3.0,2010.0,2010.0,2013.0,FIN,Games,1
/organization/supercool-school,100000.0,1.0,,2008.0,2008.0,USA,Education,0
/organization/superderivatives,20000000.0,2.0,2000.0,2008.0,2008.0,ISR,Analytics,1
/organization/superdimension,75800000.0,4.0,1995.0,2003.0,2011.0,USA,Health Care,1
/organization/superior-services,,1.0,1992.0,1993.0,1993.0,,,0
/organization/supernewsroom,10000.0,1.0,2015.0,2015.0,2015.0,MYS,Media,0
/organization/supersonicads,23200000.0,5.0,2009.0,2010.0,2014.0,USA,Advertising,1
/organization/supper-2,385798.500015432,1.0,2014.0,2015.0,2015.0,GBR,Application Platforms,0
/organization/supplyseeker-com,100000.0,1.0,2012.0,2012.0,2012.0,USA,Public Relations,0
/organization/support-space,36250000.0,4.0,2006.0,2006.0,2011.0,ISR,Collaboration,0
/organization/suppremol,62875905.5346019,4.0,2002.0,2006.0,2013.0,DEU,Biotechnology,1
/organization/surepeak,,1.0,,2008.0,2008.0,USA,Software,0
/organization/surface-logix,23899974.0,2.0,,2007.0,2010.0,USA,Biotechnology,1
/organization/surface-tension,8024.0,1.0,2013.0,2013.0,2013.0,IRL,Android,0
/organization/surfeasy,,1.0,2011.0,2011.0,2011.0,CAN,Browser Extensions,1
/organization/surfkitchen,34914119.0,2.0,1999.0,2004.0,2004.0,GBR,Mobile,1
/organization/surftech,,1.0,1989.0,2007.0,2007.0,USA,Sports,1
/organization/surfwax-media,800000.0,1.0,2010.0,2012.0,2012.0,USA,Advertising,0
/organization/surgient,23037230.0,2.0,,2006.0,2009.0,USA,Software,1
/organization/surgiquest,65333092.0,6.0,2006.0,2009.0,2015.0,USA,Health Care,1
/organization/suros-surgical-systems,,1.0,,2004.0,2004.0,,,1
/organization/survey-sampling,,1.0,1977.0,2003.0,2003.0,NLD,Curated Web,1
/organization/survival-media,158638.0,1.0,,2012.0,2012.0,GBR,Games,0
/organization/suso,8076565.84420305,1.0,,2007.0,2007.0,GBR,Hospitality,1
/organization/sutter-health,2972000.0,2.0,1981.0,2009.0,2013.0,USA,Health and Wellness,0
/organization/sutus,9470000.0,2.0,,2008.0,2008.0,CAN,Web Hosting,0
/organization/suvaco,1180000.0,1.0,,2014.0,2014.0,JPN,Curated Web,0
/organization/sv-solar,10200000.0,1.0,,2007.0,2007.0,USA,,0
/organization/sverhmarket,1000000.0,1.0,2013.0,2013.0,2013.0,RUS,Consumer Goods,0
/organization/svpply,550000.0,1.0,2009.0,2010.0,2010.0,USA,Curated Web,1
/organization/svtc-technologies,34000000.0,1.0,,2009.0,2009.0,USA,Web Hosting,0
/organization/swag-of-the-month,100000.0,1.0,2011.0,2011.0,2011.0,USA,Fashion,0
/organization/swan-insights,1099517.0,1.0,2013.0,2014.0,2014.0,BEL,Customer Service,0
/organization/swapbox,3000000.0,3.0,2012.0,2013.0,2015.0,USA,E-Commerce,0
/organization/swapdrive,4650000.0,2.0,1998.0,2001.0,2002.0,USA,Curated Web,1
/organization/swaptree,11350000.0,3.0,,2006.0,2010.0,USA,Curated Web,0
/organization/swarm-mobile,4500000.0,2.0,2012.0,2012.0,2013.0,USA,Analytics,1
/organization/swarmforce,350000.0,1.0,2008.0,2008.0,2008.0,USA,Artificial Intelligence,0
/organization/sway,2000000.0,1.0,2004.0,2010.0,2010.0,USA,Advertising,0
/organization/sweatdrops,300000.0,1.0,2011.0,2011.0,2011.0,USA,Health and Wellness,0
/organization/sweepery,1486851.0,3.0,2008.0,2008.0,2010.0,USA,Advertising,0
/organization/sweet-leaf,33600000.0,2.0,1997.0,2008.0,2009.0,USA,Hospitality,1
/organization/sweet-note-bakery,50000.0,1.0,,2014.0,2014.0,USA,Consumer Goods,0
/organization/sweetslap-com,50000.0,1.0,,2012.0,2012.0,USA,Digital Media,0
/organization/swiftpage,,1.0,2001.0,2013.0,2013.0,USA,Contact Management,1
/organization/swing-by-swing,,1.0,,2012.0,2012.0,USA,Mobile,1
/organization/swipepay,,1.0,,2008.0,2008.0,,,0
/organization/swipestox-ltd,500000.0,2.0,2015.0,2014.0,2015.0,DEU,Financial Services,0
/organization/swipy,75000.0,1.0,2014.0,2015.0,2015.0,,Fashion,0
/organization/switchcam,1220000.0,3.0,2011.0,2011.0,2012.0,USA,Events,0
/organization/swivel,2000000.0,2.0,2005.0,2006.0,2007.0,USA,Search,0
/organization/swk-technologies,1000000.0,1.0,1989.0,2014.0,2014.0,USA,Consulting,1
/organization/swoodoo,,1.0,,2008.0,2008.0,DEU,Online Travel,1
/organization/swoopo,14000000.0,2.0,,2006.0,2009.0,USA,Auctions,0
/organization/sword-ctspace,5300000.0,1.0,,2006.0,2006.0,USA,Software,1
/organization/swype,15599906.0,6.0,2002.0,2009.0,2011.0,USA,Android,1
/organization/sybari,,1.0,1995.0,2001.0,2001.0,USA,Email,1
/organization/sycara,201400.0,2.0,2010.0,2010.0,2011.0,USA,Internet,1
/organization/sychip,50000000.0,3.0,,2001.0,2004.0,USA,Internet,1
/organization/sychron-advanced-technologies,12800000.0,2.0,1998.0,2003.0,2005.0,USA,Software,0
/organization/syft-2,305000.0,1.0,2013.0,2014.0,2014.0,,Delivery,0
/organization/sygate-technologies,29880000.0,2.0,1995.0,2002.0,2004.0,USA,Computers,1
/organization/sylantro,70500000.0,3.0,1998.0,2000.0,2006.0,USA,Software,1
/organization/symcircle,18000.0,1.0,2012.0,2013.0,2013.0,USA,Enterprise Software,0
/organization/symform,19700000.0,6.0,2007.0,2009.0,2014.0,USA,Cloud Computing,1
/organization/symphony-dynamo,20000000.0,1.0,2006.0,2006.0,2006.0,USA,Biotechnology,1
/organization/symplified,47778903.0,5.0,2006.0,2008.0,2012.0,USA,Cloud Computing,0
/organization/symu-co,,1.0,2013.0,2015.0,2015.0,,,0
/organization/symwave,32300000.0,4.0,2001.0,2005.0,2009.0,USA,Semiconductors,1
/organization/synageva,70000000.0,4.0,,2009.0,2011.0,USA,Biotechnology,1
/organization/synap-2,306154.655444503,1.0,2015.0,2015.0,2015.0,GBR,Education,0
/organization/synapsense,44500000.0,6.0,2006.0,2006.0,2013.0,USA,Clean Technology,1
/organization/synaptic-digital,5000000.0,1.0,,2005.0,2005.0,USA,Social Media,1
/organization/synapticmash,7341000.0,4.0,,2008.0,2010.0,USA,Software,1
/organization/synarc-2,10200000.0,1.0,1998.0,2004.0,2004.0,USA,Bio-Pharm,1
/organization/syncapse,28300000.0,2.0,2007.0,2010.0,2011.0,CAN,Facebook Applications,0
/organization/synchris,4500000.0,1.0,2003.0,2005.0,2005.0,USA,Software,1
/organization/synchron,5000000.0,1.0,,2005.0,2005.0,,Information Technology,0
/organization/synchronica,39730000.0,5.0,2004.0,2008.0,2011.0,GBR,Mobile,1
/organization/syncplicity,2350000.0,1.0,,2008.0,2008.0,USA,Enterprise Software,1
/organization/syncui,,1.0,2014.0,2015.0,2015.0,,,0
/organization/syndexa-pharmaceuticals,23500000.0,2.0,2005.0,2008.0,2012.0,USA,Biotechnology,0
/organization/synecor,,1.0,,2013.0,2013.0,USA,Incubators,1
/organization/synerchip,10500000.0,1.0,,2010.0,2010.0,USA,Semiconductors,0
/organization/synergia-pharma,2.0,1.0,,2003.0,2003.0,USA,Pharmaceuticals,0
/organization/synerit,20000.0,1.0,2014.0,2014.0,2014.0,,Recruiting,0
/organization/synference,70000.0,1.0,2013.0,2013.0,2013.0,IRL,Analytics,1
/organization/synfora,16040161.0,3.0,2003.0,2004.0,2009.0,USA,Software,1
/organization/syniverse-technologies,27460000.0,2.0,1987.0,2009.0,2015.0,ARE,Mobile,1
/organization/synoptek,1285000.0,1.0,2001.0,2015.0,2015.0,USA,Software,1
/organization/synos-technology,19999999.0,2.0,2008.0,2012.0,2012.0,USA,Manufacturing,1
/organization/synosia-therapeutics,91500000.0,3.0,,2007.0,2010.0,CHE,Biotechnology,1
/organization/synovex,3500000.0,1.0,,2012.0,2012.0,USA,Biotechnology,0
/organization/syntaxin,71390000.0,3.0,,2005.0,2010.0,GBR,Biotechnology,1
/organization/syntensia,3500000.0,1.0,2005.0,2008.0,2008.0,SWE,Software,1
/organization/synthesys-research,10814567.0,1.0,,2009.0,2009.0,USA,Analytics,1
/organization/syntune,7100000.0,1.0,,2007.0,2007.0,SWE,,0
/organization/syrrx,5100000.0,1.0,,2000.0,2000.0,,Bio-Pharm,1
/organization/sysgold,,1.0,1995.0,2003.0,2003.0,USA,Software,0
/organization/sysomos,250000.0,1.0,2007.0,2008.0,2008.0,CAN,Analytics,1
/organization/system-detection,4500000.0,1.0,,2003.0,2003.0,,Application Platforms,0
/organization/systinet,33800000.0,3.0,2000.0,2001.0,2004.0,USA,Enterprise Software,1
/organization/syvox,4700000.0,1.0,,2001.0,2001.0,,Design,0
/organization/t-art,65000.0,2.0,2012.0,2012.0,2012.0,ARG,Crowdsourcing,0
/organization/t-cellic,6340000.0,1.0,,2003.0,2003.0,DNK,Biotechnology,0
/organization/t-h-e-medical,3800000.0,1.0,,2011.0,2011.0,USA,Health and Wellness,0
/organization/t-networks,5750000.0,1.0,2000.0,2005.0,2005.0,USA,Public Relations,0
/organization/t-vips,6940000.0,2.0,2004.0,2005.0,2007.0,NOR,Public Relations,1
/organization/tab-4,,1.0,,2013.0,2013.0,GBR,Payments,1
/organization/tabblo,4000000.0,1.0,,2006.0,2006.0,USA,Curated Web,1
/organization/tablefinder,506719.0,3.0,2006.0,2006.0,2007.0,SWE,Artificial Intelligence,0
/organization/tablenow,4580000.0,1.0,2011.0,2014.0,2014.0,USA,Software,0
/organization/tablus,16000000.0,1.0,2002.0,2006.0,2006.0,USA,Software,0
/organization/tacit-knowledge,7000000.0,1.0,2002.0,2004.0,2004.0,USA,Consulting,1
/organization/tacit-networks,19300000.0,2.0,2000.0,2002.0,2005.0,USA,Web Hosting,1
/organization/tacit-software,10000000.0,1.0,1997.0,2001.0,2001.0,USA,Collaboration,1
/organization/tacoda,19000000.0,2.0,,2006.0,2007.0,USA,Advertising,1
/organization/tadcast,,1.0,2009.0,2009.0,2009.0,USA,Advertising,0
/organization/tagapet,77000.0,3.0,2012.0,2012.0,2014.0,USA,Mobile,0
/organization/tagcash,555000.0,1.0,,2014.0,2014.0,USA,E-Commerce,0
/organization/tagcash-ltd,3000000.0,1.0,2014.0,2015.0,2015.0,PHL,Networking,0
/organization/taggable,,1.0,2010.0,2010.0,2010.0,,Curated Web,0
/organization/taggle-4,380000.0,1.0,2012.0,2013.0,2013.0,,Customer Service,0
/organization/taggle-internet-ventures-private,8750000.0,1.0,2010.0,2010.0,2010.0,IND,Games,0
/organization/taggstr,50000.0,1.0,2009.0,2010.0,2010.0,USA,iPhone,0
/organization/tagito,320000.0,1.0,2008.0,2008.0,2008.0,USA,Cloud Data Services,0
/organization/taglabs,281312.0,1.0,2011.0,2011.0,2011.0,USA,Software,0
/organization/tagora,,1.0,,2012.0,2012.0,,Consumer Goods,0
/organization/tagorize,184845.0,2.0,,2010.0,2010.0,GBR,Advertising,0
/organization/tagosgreen-business-community,,1.0,,2008.0,2008.0,USA,Public Relations,0
/organization/tagrule,20000.0,1.0,,2012.0,2012.0,,Information Services,0
/organization/tai-diagnostics,14225000.0,2.0,,2015.0,2015.0,USA,Diagnostics,0
/organization/taidii,462219.385486259,1.0,,2014.0,2014.0,,,0
/organization/tail-f-systems,6340000.0,2.0,2005.0,2005.0,2011.0,SWE,Software,1
/organization/tailgate-technologies,,1.0,2007.0,2008.0,2008.0,GBR,Advertising,0
/organization/tailored-nation,,1.0,2012.0,2012.0,2012.0,USA,Fashion,0
/organization/taizinaigroup,40000000.0,1.0,,2007.0,2007.0,,Manufacturing,0
/organization/tak-asic,16250000.0,1.0,,2004.0,2004.0,USA,Printing,0
/organization/take-me-home,5643.32539814625,2.0,2015.0,2015.0,2015.0,,Delivery,0
/organization/takecare,1000000.0,1.0,,2005.0,2005.0,,Baby Safety,0
/organization/takepin,25000.0,1.0,,2013.0,2013.0,RUS,Apps,0
/organization/taking-point,2020593.0,2.0,2009.0,2012.0,2012.0,USA,DOD/Military,0
/organization/takkle,7000000.0,2.0,,2006.0,2007.0,,Sports,1
/organization/talasim,73535.0,1.0,2005.0,2009.0,2009.0,JOR,Entertainment,1
/organization/talbot-holdings,,1.0,2001.0,2004.0,2004.0,BMU,Health and Wellness,1
/organization/tale-me-stories,25000.0,1.0,,2013.0,2013.0,ARG,Education,1
/organization/talent-auction,,1.0,2014.0,2014.0,2014.0,IND,Human Resources,0
/organization/talent-writers-llc,125000.0,1.0,2013.0,2014.0,2014.0,,Creative,0
/organization/talentbin,3200000.0,2.0,2011.0,2013.0,2013.0,USA,Curated Web,1
/organization/talentkode,,1.0,,2015.0,2015.0,,,0
/organization/talentspring,2700000.0,1.0,2006.0,2009.0,2009.0,USA,Curated Web,1
/organization/talenz,50000.0,1.0,,2007.0,2007.0,SGP,Curated Web,0
/organization/talicious,10000.0,1.0,,2006.0,2006.0,GBR,Career Management,0
/organization/taligen-therapeutics,78750000.0,3.0,2004.0,2005.0,2010.0,USA,Biotechnology,1
/organization/talima-therapeutics,21000000.0,2.0,,2005.0,2007.0,USA,Biotechnology,0
/organization/talisma,12070000.0,2.0,,2003.0,2005.0,USA,Software,1
/organization/talkbin,,1.0,2010.0,2010.0,2010.0,USA,Messaging,0
/organization/talkplus,5500000.0,1.0,2004.0,2006.0,2006.0,USA,Messaging,0
/organization/talksession,,2.0,2012.0,2012.0,2013.0,USA,Health Care,0
/organization/talkto,3000000.0,1.0,2010.0,2012.0,2012.0,USA,Messaging,1
/organization/talkyland,500000.0,1.0,,2012.0,2012.0,,Service Providers,0
/organization/talon-therapeutics,10315800.0,1.0,,2012.0,2012.0,USA,Biotechnology,1
/organization/tamago,150000.0,1.0,,2007.0,2007.0,BRA,Curated Web,0
/organization/tamar-energy,11323389.0,1.0,,2012.0,2012.0,GBR,Clean Technology,0
/organization/tamarac,12120000.0,2.0,2000.0,2008.0,2011.0,USA,Software,1
/organization/tamir-biotechnology,5800311.0,4.0,1981.0,2009.0,2015.0,USA,Biotechnology,0
/organization/tamtron,,1.0,,2011.0,2011.0,FIN,,0
/organization/tandem-labs,18800000.0,1.0,,2005.0,2005.0,USA,Analytics,0
/organization/tandem-transit,300000.0,1.0,2008.0,2010.0,2010.0,USA,Public Relations,0
/organization/tanfield-direct-ltd,6452068.0,1.0,2009.0,2010.0,2010.0,,E-Commerce,0
/organization/tangler,1500000.0,1.0,2006.0,2006.0,2006.0,USA,Curated Web,0
/organization/tantivy-communications,49700000.0,1.0,,2003.0,2003.0,USA,Hardware,1
/organization/tapatap,2500000.0,1.0,,2007.0,2007.0,USA,Mobile,1
/organization/tapcommerce,11700000.0,2.0,2012.0,2013.0,2013.0,USA,Mobile,1
/organization/tapcrowd,1293900.0,1.0,2009.0,2012.0,2012.0,BEL,Advertising,1
/organization/tapdog,20000.0,1.0,2013.0,2013.0,2013.0,,Curated Web,1
/organization/tapengage,,1.0,,2011.0,2011.0,USA,Advertising,1
/organization/tapimmune,2460000.0,4.0,1999.0,2009.0,2010.0,USA,Biotechnology,0
/organization/tapin,,1.0,2011.0,2012.0,2012.0,USA,Games,0
/organization/tapioca-mobile,5000000.0,2.0,2008.0,2007.0,2008.0,USA,Mobile,0
/organization/tapit-2,550000.0,2.0,,2011.0,2012.0,USA,Brand Marketing,1
/organization/tapiture,5000000.0,2.0,2012.0,2014.0,2015.0,,Curated Web,0
/organization/tapmetrics,,1.0,2009.0,2009.0,2009.0,USA,Enterprise Software,1
/organization/tappin,2293122.0,2.0,2009.0,2010.0,2011.0,USA,Enterprise Software,1
/organization/tappress,2000000.0,1.0,2010.0,2010.0,2010.0,SOM,Internet,0
/organization/tappy-pte--ltd-,200000.0,1.0,2014.0,2014.0,2014.0,VNM,Lifestyle,1
/organization/tapshield,750000.0,1.0,2013.0,2013.0,2013.0,USA,Audio,0
/organization/taptica,600000.0,2.0,2012.0,2012.0,2013.0,USA,Advertising,1
/organization/taptu,17991299.0,3.0,2007.0,2008.0,2011.0,USA,News,1
/organization/tapulous,2800000.0,4.0,2008.0,2008.0,2008.0,USA,Apps,1
/organization/tapzen,8000000.0,1.0,2012.0,2014.0,2014.0,USA,Computers,1
/organization/tapzilla,,1.0,,2010.0,2010.0,,iPhone,0
/organization/taranis-2,,1.0,2014.0,2015.0,2015.0,ISR,Software,0
/organization/tarantula-labs,,1.0,2015.0,2015.0,2015.0,,,0
/organization/tarari,29800000.0,3.0,2002.0,2002.0,2006.0,USA,Semiconductors,1
/organization/targegen,33728379.0,2.0,2002.0,2004.0,2009.0,USA,Biotechnology,1
/organization/target-behaviour-lda,19697.0,1.0,2014.0,2014.0,2014.0,,Product Design,0
/organization/target-brazil,6000000.0,1.0,,2012.0,2012.0,,E-Commerce,0
/organization/targetcast-networks,12800000.0,2.0,,2007.0,2009.0,USA,Advertising,1
/organization/tarpipe,,1.0,2008.0,2009.0,2009.0,PRT,Automotive,1
/organization/taskmit,18316.0,1.0,2010.0,2010.0,2010.0,GBR,Curated Web,0
/organization/tasquerade,250000.0,1.0,,2011.0,2011.0,USA,Application Platforms,0
/organization/tastebud,1750000.0,2.0,2011.0,2012.0,2013.0,USA,E-Commerce,1
/organization/tastebud-azul-mobile-inc,575000.0,1.0,2013.0,2014.0,2014.0,USA,All Students,0
/organization/tasted-menu,,1.0,2009.0,2011.0,2011.0,USA,Hospitality,0
/organization/tastemaker-labs,500000.0,1.0,2012.0,2012.0,2012.0,USA,E-Commerce,0
/organization/tastemakerx,3050000.0,2.0,2011.0,2012.0,2013.0,USA,Content Discovery,1
/organization/tastespace,300000.0,1.0,2007.0,2007.0,2007.0,USA,Search,0
/organization/tastingroom-com,5847043.0,1.0,2009.0,2010.0,2010.0,USA,Manufacturing,1
/organization/tasty-labs,3000000.0,1.0,2010.0,2010.0,2010.0,USA,Curated Web,1
/organization/tastykhana,5000000.0,1.0,2007.0,2013.0,2013.0,IND,E-Commerce,1
/organization/tastynow-com,25000.0,1.0,2009.0,2009.0,2009.0,USA,Hospitality,0
/organization/tatara-systems,42000000.0,6.0,2001.0,2003.0,2010.0,USA,Mobile,1
/organization/taxa-common,25000.0,2.0,,2013.0,2014.0,,,0
/organization/taxiforsure-com,44000000.0,4.0,2011.0,2012.0,2014.0,IND,Automotive,1
/organization/taxon-biosciences,9100000.0,1.0,2000.0,2013.0,2013.0,USA,Agriculture,1
/organization/taxzestimates,,1.0,2015.0,2015.0,2015.0,,Finance,0
/organization/tbi-connect,671226.0,1.0,2000.0,2007.0,2007.0,GBR,Software,0
/organization/tdx,,1.0,2004.0,2013.0,2013.0,GBR,Analytics,1
/organization/teach-com,10600000.0,2.0,,1999.0,2000.0,USA,EdTech,1
/organization/teachbase,288000.0,2.0,,2012.0,2012.0,RUS,Education,0
/organization/teachstreet,3450000.0,3.0,2007.0,2007.0,2009.0,USA,All Students,1
/organization/teachthepeople,300000.0,1.0,2007.0,2007.0,2007.0,,Education,0
/organization/tealeaf,20000000.0,2.0,1997.0,2002.0,2004.0,USA,Internet,1
/organization/team-apart,,1.0,,2008.0,2008.0,,Collaboration,0
/organization/team-my-mobile,,1.0,,2010.0,2010.0,TUR,Android,0
/organization/team-software-innovations-inc,,1.0,2014.0,2015.0,2015.0,USA,Internet,0
/organization/teamo-ru,2300000.0,2.0,2011.0,2012.0,2012.0,RUS,Curated Web,0
/organization/teamsquare,268357.0,1.0,2013.0,2015.0,2015.0,AUS,Business Development,0
/organization/teamstreamz,80000.0,1.0,2006.0,2007.0,2007.0,USA,Curated Web,0
/organization/tech-urself,60000.0,2.0,2011.0,2011.0,2013.0,USA,Software,0
/organization/tech2000,3000000.0,1.0,1991.0,2015.0,2015.0,USA,Software,1
/organization/techforward,7760000.0,5.0,2005.0,2007.0,2011.0,USA,Hardware + Software,1
/organization/techgenia,1360000.0,1.0,,2007.0,2007.0,ITA,Internet,0
/organization/technauts,7500000.0,1.0,1997.0,1999.0,1999.0,USA,,0
/organization/technimark,,1.0,,2014.0,2014.0,USA,,0
/organization/technitrol,42352200.0,1.0,,2010.0,2010.0,USA,Hardware + Software,0
/organization/technology-builders,6100000.0,1.0,,1999.0,1999.0,,Software,0
/organization/technopolis,,1.0,,2004.0,2004.0,,,0
/organization/techonline,7500000.0,1.0,,2001.0,2001.0,,Internet,0
/organization/techoz,50000.0,1.0,2009.0,2009.0,2009.0,,Consulting,0
/organization/techtrader,19000000.0,1.0,,2000.0,2000.0,,Internet,0
/organization/techtran-group,3733502.58545054,1.0,,2004.0,2004.0,GBR,Consulting,1
/organization/techtribe,,1.0,,2007.0,2007.0,NLD,,0
/organization/techwell,20000000.0,1.0,,2003.0,2003.0,USA,Security,1
/organization/tecnoblu,3425774.0,1.0,,2012.0,2012.0,BRA,Design,0
/organization/teddyapp,84732.0,1.0,2014.0,2015.0,2015.0,NLD,Apps,0
/organization/teebeedee,4800000.0,1.0,,2007.0,2007.0,USA,Social Media,0
/organization/teextee,14402.0,1.0,2010.0,2011.0,2011.0,,Messaging,0
/organization/teez-mobi,28176.0,1.0,2011.0,2011.0,2011.0,GBR,Advertising,0
/organization/tehnologii-obratnyh-zadach,850000.0,1.0,,2012.0,2012.0,RUS,Artificial Intelligence,0
/organization/teikhos-tech,446000.0,1.0,,2007.0,2007.0,ESP,Software,0
/organization/teknovus,62600000.0,5.0,2001.0,2002.0,2009.0,USA,Semiconductors,1
/organization/tektrak,600000.0,2.0,2010.0,2010.0,2010.0,USA,Mobile,0
/organization/telanetix,12000000.0,2.0,,2008.0,2010.0,USA,Mobile,1
/organization/telasic-communications,73500000.0,3.0,2001.0,2003.0,2007.0,USA,Public Relations,0
/organization/telcom-global-solutions,14000000.0,3.0,1999.0,1999.0,2001.0,,,0
/organization/telderi,,1.0,,2013.0,2013.0,,,1
/organization/telebit,,1.0,1984.0,1986.0,1986.0,USA,Designers,1
/organization/telecis,10000000.0,1.0,2000.0,2006.0,2006.0,USA,Semiconductors,1
/organization/telecoast-communications,300000.0,1.0,,2009.0,2009.0,USA,Web Hosting,0
/organization/telecommunication-systems,150450000.0,11.0,1987.0,2004.0,2013.0,USA,Mobile,1
/organization/teledata-networks,19000000.0,1.0,,2005.0,2005.0,NLD,Internet,1
/organization/teleflip,4900000.0,2.0,2004.0,2006.0,2008.0,USA,Messaging,0
/organization/telegent-systems,35000000.0,2.0,2004.0,2005.0,2007.0,USA,Semiconductors,1
/organization/teleknowledge-group,35000000.0,2.0,,2000.0,2002.0,USA,Customer Service,1
/organization/telemedicine-clinic,9711297.0130825,2.0,2002.0,2005.0,2007.0,ESP,Health Care Information Technology,1
/organization/telephia,38000000.0,1.0,,2001.0,2001.0,USA,Distribution,1
/organization/telera,,4.0,1998.0,1998.0,2000.0,USA,Software,0
/organization/telerik,,1.0,2002.0,2008.0,2008.0,BGR,Application Platforms,1
/organization/telesphere,48260819.0,5.0,2000.0,2007.0,2010.0,USA,Messaging,1
/organization/telespree,27628852.0,3.0,1998.0,2000.0,2010.0,USA,Software,1
/organization/telestream,54321090.0,1.0,1998.0,2012.0,2012.0,USA,Software,1
/organization/teleus,100000.0,1.0,,2012.0,2012.0,RUS,Media,0
/organization/telinet,21720000.0,1.0,,2008.0,2008.0,GBR,Web Hosting,1
/organization/telisma,5260000.0,2.0,2000.0,2006.0,2007.0,FRA,Software,1
/organization/telkore,1400000.0,1.0,,2007.0,2007.0,,,0
/organization/tell-it-in,25000.0,1.0,2011.0,2012.0,2012.0,USA,Startups,0
/organization/tellapal,35950000.0,7.0,2009.0,2009.0,2013.0,USA,Internet Marketing,0
/organization/tellapart,17750000.0,3.0,2009.0,2009.0,2011.0,USA,Analytics,1
/organization/telligentsystems,36275000.0,5.0,2004.0,2008.0,2013.0,USA,Blogging Platforms,1
/organization/tellme,6000000.0,1.0,1999.0,1999.0,1999.0,USA,Mobile,1
/organization/tello,4700000.0,3.0,2010.0,2010.0,2012.0,USA,Curated Web,1
/organization/tellwiki,,1.0,,2008.0,2008.0,USA,Curated Web,0
/organization/telnext-communications,10000000.0,1.0,,1999.0,1999.0,USA,,0
/organization/telovations,14358472.0,4.0,2006.0,2006.0,2010.0,USA,Web Hosting,1
/organization/telsima,95000000.0,3.0,,2005.0,2007.0,USA,Curated Web,0
/organization/telx,43500000.0,1.0,2000.0,2009.0,2009.0,USA,Web Hosting,1
/organization/temnos,1500000.0,1.0,2013.0,2013.0,2013.0,USA,Enterprise Software,0
/organization/tempi-do,100000.0,1.0,2013.0,2014.0,2014.0,,Apps,0
/organization/tempmine,18000.0,1.0,2009.0,2009.0,2009.0,USA,Curated Web,0
/organization/tempo-ai-sri-spin-off-m,12500000.0,2.0,2011.0,2011.0,2013.0,USA,Apps,1
/organization/tempo-creative,700000.0,2.0,2001.0,2002.0,2009.0,USA,Search Marketing,0
/organization/tempo-payment,19800000.0,4.0,2000.0,2005.0,2009.0,USA,Software,0
/organization/tempolib,235800.0,1.0,,2008.0,2008.0,FRA,Advertising,0
/organization/tenantcloud-2,1200000.0,2.0,2014.0,2014.0,2015.0,USA,Property Management,0
/organization/tenaxis-medical,28277366.0,8.0,2004.0,2007.0,2014.0,USA,Health Care,1
/organization/tencho-technology,14650000.0,1.0,,2009.0,2009.0,CHN,Enterprise Software,0
/organization/tenders,340966.0,1.0,,2009.0,2009.0,ESP,Local Businesses,1
/organization/tendertree,1300000.0,1.0,,2012.0,2012.0,USA,Curated Web,0
/organization/tendyne-holdings,37476197.0,3.0,,2013.0,2014.0,USA,Biotechnology,1
/organization/tenmarks-education,4820000.0,4.0,2009.0,2009.0,2011.0,USA,Education,1
/organization/tenrox,3900000.0,1.0,1995.0,2005.0,2005.0,USA,Software,1
/organization/tensilica,10451998.0,1.0,1997.0,2010.0,2010.0,USA,Software,1
/organization/tensorcom,19000000.0,3.0,2006.0,2011.0,2014.0,USA,Semiconductors,0
/organization/tenxer,4700000.0,2.0,2011.0,2011.0,2012.0,USA,Gamification,1
/organization/teracent,5800000.0,2.0,,2007.0,2009.0,USA,Advertising,1
/organization/teracloud-corporation,5500000.0,1.0,,2002.0,2002.0,,,0
/organization/teraco-data-environments,40530000.0,2.0,2007.0,2009.0,2015.0,ZAF,Web Hosting,1
/organization/teranetics,63047100.0,4.0,2000.0,2006.0,2010.0,USA,Semiconductors,1
/organization/teranode,10400000.0,2.0,2002.0,2005.0,2009.0,USA,Software,0
/organization/teraop-displays,7000000.0,1.0,,2007.0,2007.0,,,0
/organization/tercica,148500000.0,4.0,2002.0,2002.0,2007.0,USA,Biotechnology,1
/organization/terion,10800000.0,1.0,,2002.0,2002.0,USA,Services,0
/organization/termsync,2873000.0,2.0,,2011.0,2012.0,USA,Enterprise Software,1
/organization/terra-gen-power,1200000000.0,1.0,,2010.0,2010.0,USA,Clean Technology,1
/organization/terracota,28999999.0,4.0,2003.0,2004.0,2009.0,USA,Software,1
/organization/terraplay-systems,6994007.0,2.0,2000.0,2003.0,2006.0,SWE,Games,1
/organization/terrawi,2100000.0,1.0,,2012.0,2012.0,USA,Software,0
/organization/terrax-minerals,675000.0,1.0,2007.0,2014.0,2014.0,CAN,Clean Technology,0
/organization/tessella,27941779.0,1.0,,2012.0,2012.0,GBR,Consulting,1
/organization/test-30,3000000.0,1.0,,2015.0,2015.0,,,0
/organization/testhub-gmbh,,2.0,2012.0,2012.0,2013.0,USA,Apps,1
/organization/testplant,2564000.0,2.0,2008.0,2008.0,2009.0,GBR,Software,0
/organization/testquest,7500000.0,1.0,1983.0,2005.0,2005.0,USA,Software,1
/organization/tethys-bioscience,30400000.0,3.0,2002.0,2005.0,2009.0,USA,Biotechnology,0
/organization/tetravitae-bioscience,9168528.0,2.0,,2008.0,2010.0,USA,Clean Technology,1
/organization/texert,3000000.0,1.0,2007.0,2008.0,2008.0,USA,Enterprise Software,0
/organization/textaurant,25000.0,1.0,2009.0,2011.0,2011.0,USA,Restaurants,0
/organization/texterity,,1.0,1990.0,2000.0,2000.0,USA,B2B,1
/organization/textic,389652.0,1.0,2005.0,2008.0,2008.0,GBR,Mobile,1
/organization/textingly,650000.0,1.0,2010.0,2010.0,2010.0,USA,Messaging,0
/organization/textpayme,,1.0,2005.0,2005.0,2005.0,USA,Messaging,1
/organization/textpride,1000000.0,1.0,2012.0,2013.0,2013.0,USA,Advertising,1
/organization/textunes,,1.0,2009.0,2010.0,2010.0,,Android,1
/organization/texturemedia,1200000.0,1.0,2007.0,2011.0,2011.0,USA,Curated Web,1
/organization/tfs-technology,3000000.0,1.0,,2004.0,2004.0,USA,Infrastructure,0
/organization/tg-publishing,,1.0,,1999.0,1999.0,USA,Internet,1
/organization/tgmatrix-limited,877129.432220405,1.0,,2015.0,2015.0,,,0
/organization/tgs-knee-innovations,2132250.0,2.0,,2010.0,2011.0,USA,Biotechnology,0
/organization/tgv-software,,1.0,1988.0,1993.0,1993.0,USA,Networking,1
/organization/thap,8000000.0,1.0,,2000.0,2000.0,,Governments,0
/organization/thats-solar,4200000.0,1.0,2011.0,2011.0,2011.0,USA,Clean Energy,0
/organization/the-5th-base,2500.0,1.0,2005.0,2010.0,2010.0,,Curated Web,0
/organization/the-beauty-tribe,100000.0,1.0,,2010.0,2010.0,DEU,Beauty,0
/organization/the-box-2,,1.0,,2009.0,2009.0,ISR,,0
/organization/the-carrot-company,,1.0,,2006.0,2006.0,GBR,Human Resources,1
/organization/the-climate-corporation,108800000.0,4.0,2006.0,2007.0,2012.0,USA,Agriculture,1
/organization/the-daily-hundred,1050000.0,3.0,2012.0,2012.0,2013.0,USA,Advertising,0
/organization/the-diabetic-boot-company,2456451.34618366,1.0,,2015.0,2015.0,,,0
/organization/the-doband-campaign,63500.0,2.0,,2010.0,2010.0,USA,Charity,0
/organization/the-echo-nest,25609989.0,4.0,2005.0,2008.0,2012.0,USA,Developer APIs,1
/organization/the-echo-system,3344209.0,2.0,2010.0,2011.0,2012.0,USA,Advertising,1
/organization/the-educloud,,1.0,,2015.0,2015.0,,,0
/organization/the-efficient-cloud,141410.0,1.0,2010.0,2011.0,2011.0,GBR,Web Hosting,0
/organization/the-electrospinning-company-limited,596591.921243847,1.0,,2015.0,2015.0,,,0
/organization/the-fab-shoes,,2.0,2012.0,2012.0,2012.0,ESP,E-Commerce,1
/organization/the-feedroom,69300000.0,7.0,1999.0,2000.0,2008.0,USA,Public Relations,1
/organization/the-fizzback-group,5000000.0,1.0,2005.0,2007.0,2007.0,GBR,Customer Service,1
/organization/the-foire-sas,,1.0,2012.0,2015.0,2015.0,FRA,E-Commerce,0
/organization/the-football-social-club,860760.0,2.0,2009.0,2009.0,2011.0,FRA,Soccer,0
/organization/the-fridge,,1.0,,2010.0,2010.0,,Curated Web,1
/organization/the-gay-financial-network,,1.0,,1999.0,1999.0,,,0
/organization/the-gifts-project,1000000.0,2.0,2009.0,2009.0,2010.0,ISR,E-Commerce,1
/organization/the-home-salon,,1.0,,2015.0,2015.0,IND,Beauty,0
/organization/the-hub-pharmacy,,1.0,,2015.0,2015.0,,,0
/organization/the-huffington-post-australia,,1.0,,2015.0,2015.0,,,0
/organization/the-kernel,30000.0,1.0,2011.0,2012.0,2012.0,GBR,News,1
/organization/the-lions,250000.0,1.0,2010.0,2011.0,2011.0,USA,Consulting,0
/organization/the-little-blue-book-mobile,10000000.0,1.0,1987.0,2010.0,2010.0,USA,Doctors,1
/organization/the-locker-room,,1.0,2015.0,2015.0,2015.0,USA,Technology,0
/organization/the-logic-group,,1.0,1986.0,2011.0,2011.0,GBR,Customer Service,1
/organization/the-luxury-club,,1.0,2010.0,2011.0,2011.0,FRA,Fashion,0
/organization/the-micro,3401361.0,1.0,,2014.0,2014.0,USA,Hardware + Software,0
/organization/the-mutual-fund-store,,1.0,1996.0,2006.0,2006.0,USA,,1
/organization/the-national-urban-league,300000.0,1.0,1910.0,2015.0,2015.0,,,0
/organization/the-new-forests-company,8500000.0,2.0,,2008.0,2009.0,GBR,Clean Technology,0
/organization/the-niche-project-inc,3050000.0,2.0,2013.0,2013.0,2014.0,USA,Social Media,1
/organization/the-noble-porter,233129.0,1.0,2015.0,2015.0,2015.0,,Application Platforms,0
/organization/the-old-reader,2000000.0,1.0,2012.0,2013.0,2013.0,RUS,Internet,0
/organization/the-parkmead-group,66000000.0,1.0,,2014.0,2014.0,GBR,Energy Efficiency,0
/organization/the-point,7300000.0,2.0,,2007.0,2008.0,USA,Curated Web,0
/organization/the-right-place-2,2000000.0,1.0,2014.0,2015.0,2015.0,USA,Health Care Information Technology,0
/organization/the-rightsxchange-trx,2600000.0,1.0,2015.0,2015.0,2015.0,,Internet,0
/organization/the-saints,,1.0,2005.0,2009.0,2009.0,,,1
/organization/the-shared-web,350000.0,3.0,,2010.0,2011.0,USA,Curated Web,1
/organization/the-society,1500000.0,2.0,2007.0,2007.0,2008.0,USA,Hospitality,0
/organization/the-switch,8963175.0,1.0,,2011.0,2011.0,USA,Energy Efficiency,1
/organization/the-triana-group-inc,,2.0,2008.0,2008.0,2010.0,,,0
/organization/the-trunk-club,12444994.0,4.0,2009.0,2010.0,2011.0,USA,Fashion,1
/organization/the-tv-corporation,,1.0,1998.0,2000.0,2000.0,USA,Games,1
/organization/the-urban-roosters-2,37484.0,1.0,2014.0,2014.0,2014.0,ESP,Entertainment,0
/organization/the-vendare-group,,1.0,,2004.0,2004.0,USA,,0
/organization/the-virtual-pulp-company,250000.0,1.0,2013.0,2013.0,2013.0,SWE,Advertising,0
/organization/the-wedding-favor,100000.0,1.0,2010.0,2010.0,2010.0,,Social Media,0
/organization/the-wet-seal,27000000.0,1.0,,2014.0,2014.0,USA,E-Commerce,1
/organization/the-whoot,,1.0,2012.0,2012.0,2012.0,USA,Curated Web,0
/organization/theaudience,20000000.0,1.0,2011.0,2012.0,2012.0,USA,Social Media,1
/organization/thecomplete-me,1720000.0,2.0,2011.0,2012.0,2013.0,USA,Online Dating,0
/organization/thedial-com,,1.0,,2000.0,2000.0,,,0
/organization/thefanleague,25000.0,1.0,2013.0,2013.0,2013.0,,Fantasy Sports,1
/organization/thefind,26000000.0,3.0,2006.0,2005.0,2007.0,USA,Coupons,1
/organization/theman-com,15000000.0,1.0,,1999.0,1999.0,USA,,0
/organization/themarkets,30000000.0,1.0,2000.0,2007.0,2007.0,USA,Finance,1
/organization/thembid,,1.0,2007.0,2007.0,2007.0,USA,Classifieds,0
/organization/theplatform,8000000.0,1.0,2000.0,2006.0,2006.0,USA,Games,1
/organization/theradoc,10500000.0,1.0,,2005.0,2005.0,USA,Healthcare Services,1
/organization/therasis,12000000.0,1.0,,2009.0,2009.0,USA,Biotechnology,0
/organization/thermaltherapeuticsystems,3508462.0,2.0,2006.0,2009.0,2011.0,USA,Health Care,0
/organization/thermark,1700000.0,1.0,1996.0,2006.0,2006.0,USA,Lasers,1
/organization/therosteon,,1.0,2008.0,2008.0,2008.0,NLD,Biotechnology,0
/organization/thesweetlink,,1.0,2010.0,2010.0,2010.0,USA,Networking,0
/organization/thinglabs,3685000.0,2.0,2009.0,2008.0,2009.0,USA,Software,1
/organization/thingmagic,40500000.0,3.0,,2005.0,2008.0,USA,Hardware + Software,1
/organization/thingworx,12999977.0,2.0,2009.0,2011.0,2013.0,USA,Software,1
/organization/think-big-analytics,4200010.0,2.0,2010.0,2012.0,2013.0,USA,Analytics,1
/organization/think-dynamics,7000000.0,1.0,,2001.0,2001.0,CAN,Software,1
/organization/think-global,156700000.0,5.0,,2007.0,2010.0,,Clean Technology,0
/organization/think3,11000000.0,1.0,,2004.0,2004.0,,Computers,1
/organization/thinkature,,1.0,,2006.0,2006.0,,Collaboration,0
/organization/thinkfuse,532000.0,2.0,2010.0,2010.0,2011.0,USA,Collaboration,1
/organization/thinkgrid,,1.0,,2011.0,2011.0,GBR,Enterprise Software,1
/organization/thinknear,1630000.0,2.0,2011.0,2011.0,2011.0,USA,Advertising,1
/organization/thinkorswim-group,27500000.0,2.0,,2000.0,2004.0,USA,Financial Services,1
/organization/thinktwice,1400000.0,1.0,2012.0,2012.0,2012.0,RUS,Investment Management,0
/organization/third-brigade,16294493.7894764,2.0,,2005.0,2005.0,CAN,Security,1
/organization/third-wave-technologies,25000000.0,1.0,1993.0,2007.0,2007.0,USA,Biotechnology,1
/organization/thirdlevel,49175.0,1.0,,2015.0,2015.0,,Consulting,0
/organization/thirdscreenmedia,8000000.0,2.0,,2005.0,2006.0,USA,Advertising,1
/organization/thirstyvip,180000.0,1.0,,2010.0,2010.0,,Location Based Services,0
/organization/thislife,2750000.0,1.0,2010.0,2012.0,2012.0,USA,Cloud Computing,1
/organization/thoof,1000000.0,1.0,2006.0,2007.0,2007.0,USA,Curated Web,0
/organization/thoora,4169942.0,1.0,2008.0,2008.0,2008.0,CAN,Crowdsourcing,0
/organization/thor-technologies,15000000.0,1.0,1991.0,2004.0,2004.0,USA,Identity Management,1
/organization/thotz,50199.0,1.0,2011.0,2012.0,2012.0,COL,Content,0
/organization/thought-mechanics,,1.0,2008.0,2014.0,2014.0,USA,Curated Web,1
/organization/thought-network-s-a-s,50199.0,1.0,,2012.0,2012.0,,Apps,0
/organization/thoughtful-research-inc,,6.0,,2009.0,2011.0,,,0
/organization/thounds,,2.0,2009.0,2009.0,2010.0,USA,Collaboration,0
/organization/threadsy,6300000.0,2.0,2008.0,2008.0,2010.0,USA,Messaging,1
/organization/threat-quotient,,1.0,,2015.0,2015.0,,,0
/organization/threatgrid,,1.0,2010.0,2012.0,2012.0,USA,Analytics,1
/organization/threatstop,4750000.0,1.0,2009.0,2015.0,2015.0,,Cloud Computing,0
/organization/three-melons,600000.0,1.0,2005.0,2009.0,2009.0,ARG,Games,1
/organization/three-screen-games,500000.0,1.0,2009.0,2009.0,2009.0,USA,Fantasy Sports,0
/organization/thrive-6,,1.0,2014.0,2014.0,2014.0,,,0
/organization/thrive-feeding-llc,450000.0,2.0,2015.0,2015.0,2015.0,,Babies,0
/organization/throwing-fruit,350000.0,1.0,2013.0,2013.0,2013.0,USA,Broadcasting,0
/organization/thrucomm,15000000.0,1.0,,2001.0,2001.0,,Communications Infrastructure,0
/organization/thryve,50000.0,1.0,2012.0,2012.0,2012.0,,Software,0
/organization/thucy,10000.0,1.0,2011.0,2011.0,2011.0,USA,Curated Web,0
/organization/thumbplay,51000019.0,6.0,2004.0,2004.0,2010.0,USA,Cloud Computing,1
/organization/thwapr,2000000.0,2.0,2007.0,2009.0,2010.0,USA,iPhone,0
/organization/thyme,,1.0,2012.0,2012.0,2012.0,USA,Online Scheduling,1
/organization/tia-technology-as,,1.0,1998.0,2014.0,2014.0,DNK,Business Services,1
/organization/tiaris,9500000.0,1.0,,2001.0,2001.0,USA,Information Technology,0
/organization/tiaxa,3000000.0,1.0,2000.0,2012.0,2012.0,,Information Technology,0
/organization/tibco-software-inc,2000000.0,1.0,1985.0,2009.0,2009.0,USA,Big Data Analytics,1
/organization/tiberium,98064.0,1.0,2004.0,2007.0,2007.0,GBR,Software,0
/organization/tibion-bionic-technologies,18038630.0,4.0,2002.0,2010.0,2012.0,USA,Health Care,1
/organization/ticket-monster-korea,10959636.0,2.0,2010.0,2010.0,2011.0,KOR,E-Commerce,1
/organization/ticketfly,87000000.0,6.0,2008.0,2009.0,2015.0,USA,Enterprise Software,1
/organization/ticketmaster,,1.0,1976.0,1997.0,1997.0,USA,Curated Web,1
/organization/ticketsnow,34000000.0,1.0,1992.0,2007.0,2007.0,USA,Auctions,1
/organization/ticketstumbler,15000.0,1.0,,2008.0,2008.0,USA,Concerts,0
/organization/tickr,1652000.0,4.0,2012.0,2011.0,2014.0,USA,Business Services,0
/organization/tidalwave-trader,200000.0,1.0,2008.0,2008.0,2008.0,USA,Education,0
/organization/tideway,27000000.0,3.0,2002.0,2002.0,2008.0,GBR,Software,1
/organization/tier-3-2,18500000.0,2.0,,2011.0,2012.0,USA,Cloud Computing,1
/organization/tilck,,1.0,2012.0,2012.0,2012.0,,E-Commerce,0
/organization/tilefile,,1.0,,2007.0,2007.0,AUS,,0
/organization/tilera,127522596.0,7.0,2004.0,2005.0,2012.0,USA,Semiconductors,1
/organization/timbre,360000.0,1.0,2012.0,2013.0,2013.0,USA,Apps,1
/organization/time-bomb-deals,425000.0,1.0,2011.0,2012.0,2012.0,USA,Advertising,0
/organization/time-for-medicine-limited,1040879.1606159,2.0,2009.0,2014.0,2015.0,,Consulting,0
/organization/timebridge,12400000.0,3.0,2005.0,2005.0,2009.0,USA,Collaboration,1
/organization/timedata-corporation,,1.0,,2009.0,2009.0,,Software,0
/organization/timeful,7000000.0,1.0,,2014.0,2014.0,USA,Analytics,1
/organization/timeline-labs-tll,617000.0,2.0,2012.0,2013.0,2014.0,USA,Content,1
/organization/timeliner,50000.0,1.0,2011.0,2012.0,2012.0,RUS,Online Reservations,0
/organization/timelines,3000000.0,1.0,2007.0,2007.0,2007.0,USA,Consumers,0
/organization/timesight-systems,6549170.0,5.0,2008.0,2008.0,2012.0,USA,Security,0
/organization/timespring-software,11330863.9244177,1.0,,2005.0,2005.0,CAN,Databases,1
/organization/timetovisit,500000.0,1.0,2012.0,2012.0,2012.0,RUS,Consumer Internet,0
/organization/timp-pro,126457.0,1.0,,2014.0,2014.0,ESP,Apps,0
/organization/tin-whiskers,,1.0,,2015.0,2015.0,,,0
/organization/tindie,1700000.0,2.0,2012.0,2012.0,2012.0,USA,Marketplaces,1
/organization/tingz,280000.0,1.0,2007.0,2008.0,2008.0,USA,Consumers,0
/organization/tinkercad,1000000.0,1.0,,2011.0,2011.0,FIN,3D,1
/organization/tinkoff-credit-systems,90000000.0,2.0,2006.0,2012.0,2012.0,RUS,Finance,0
/organization/tinselvision,6000000.0,2.0,,2007.0,2007.0,,Curated Web,0
/organization/tiny-pictures,11200000.0,3.0,2005.0,2005.0,2008.0,USA,Mobile,1
/organization/tiny-prints,,1.0,2004.0,2008.0,2008.0,USA,Business Services,1
/organization/tiny-review,300000.0,2.0,2011.0,2011.0,2012.0,USA,Curated Web,1
/organization/tinychat,1500000.0,1.0,2009.0,2011.0,2011.0,USA,Chat,1
/organization/tinymob-games,2000000.0,1.0,2013.0,2013.0,2013.0,CAN,Android,0
/organization/tinypass,3000000.0,1.0,2011.0,2013.0,2013.0,USA,E-Commerce,0
/organization/tinypay-me,1000000.0,1.0,2010.0,2011.0,2011.0,USA,E-Commerce,0
/organization/tioga-energy,45000000.0,4.0,2007.0,2007.0,2009.0,USA,Clean Technology,0
/organization/tipcat-interactive-沙舟信息科技,,1.0,2009.0,2010.0,2010.0,,Mobile Games,0
/organization/tipcity,350000.0,1.0,2009.0,2010.0,2010.0,USA,Advertising,0
/organization/tipjoy,1000000.0,2.0,,2008.0,2008.0,USA,Charity,0
/organization/tipping-bucket,72000.0,2.0,2009.0,2009.0,2010.0,USA,Clean Energy,0
/organization/tippr,,1.0,,2008.0,2008.0,USA,Curated Web,1
/organization/tipstar,212361.0,1.0,2007.0,2009.0,2009.0,GBR,E-Commerce,0
/organization/tipsy-elves,100000.0,1.0,2011.0,2013.0,2013.0,USA,Design,0
/organization/tipzu,70000.0,1.0,2007.0,2008.0,2008.0,,E-Commerce,1
/organization/tira-wireless,23500000.0,4.0,2001.0,2002.0,2007.0,CAN,Software,0
/organization/tirendo,,2.0,2011.0,2011.0,2012.0,DEU,E-Commerce,1
/organization/tissue-regeneration,750000.0,1.0,,2003.0,2003.0,USA,Human Resources,0
/organization/tissueinformatics,12500000.0,1.0,,2002.0,2002.0,,Analytics,1
/organization/tithe-ly,150000.0,1.0,2013.0,2015.0,2015.0,,Apps,0
/organization/tivity,18000.0,1.0,2010.0,2012.0,2012.0,USA,Networking,0
/organization/tizaro,,1.0,,2012.0,2012.0,GBR,E-Commerce,1
/organization/tizi,,1.0,,2012.0,2012.0,CHN,Education,0
/organization/tizor-systems,26300000.0,4.0,2002.0,2004.0,2008.0,USA,Enterprise Software,1
/organization/tm,4400000.0,1.0,,2013.0,2013.0,RUS,Blogging Platforms,0
/organization/tnc,,1.0,2004.0,2004.0,2004.0,,Curated Web,1
/organization/to-investor,3125000.0,1.0,,2015.0,2015.0,USA,Health and Wellness,0
/organization/toa-technologies,96200000.0,3.0,2003.0,2008.0,2013.0,USA,Enterprise Software,1
/organization/todaytickets,,1.0,2013.0,2013.0,2013.0,,Concerts,1
/organization/togethersoft,20000000.0,1.0,,2001.0,2001.0,USA,Information Technology,1
/organization/tok3n,25025.0,1.0,,2013.0,2013.0,MEX,Enterprise Security,0
/organization/tokbox,26000000.0,3.0,2007.0,2007.0,2010.0,USA,Archiving,1
/organization/toksta,,1.0,2007.0,2008.0,2008.0,,Chat,1
/organization/tokutek,4800000.0,3.0,2006.0,2010.0,2012.0,USA,Enterprise Software,1
/organization/tolerx,114500000.0,4.0,,2001.0,2010.0,USA,Biotechnology,0
/organization/tomfoolery,1700000.0,2.0,2012.0,2013.0,2013.0,USA,Mobile,0
/organization/tomoguides,,1.0,,2012.0,2012.0,USA,Blogging Platforms,0
/organization/tongxue,6000000.0,1.0,,2009.0,2009.0,,Curated Web,0
/organization/tonic-health,,1.0,,2014.0,2014.0,USA,Health and Wellness,0
/organization/tonic-software,4130000.0,1.0,2001.0,2004.0,2004.0,USA,Internet,1
/organization/tonx,,1.0,,2013.0,2013.0,USA,E-Commerce,1
/organization/toodalu,250000.0,1.0,2010.0,2010.0,2010.0,USA,Mobile,1
/organization/toofruit,314775.565022139,1.0,,2014.0,2014.0,,,0
/organization/toolmeet,,1.0,,2009.0,2009.0,ITA,Curated Web,0
/organization/tools4erp-aps,74176.969435627,1.0,2015.0,2015.0,2015.0,,Consulting,0
/organization/toona,28059.0961978054,1.0,2015.0,2015.0,2015.0,EST,Fitness,0
/organization/toopher,2990599.0,4.0,2011.0,2013.0,2015.0,USA,Mobile,1
/organization/tooteko,,1.0,,2015.0,2015.0,,,0
/organization/toothpick-com,,2.0,2012.0,2012.0,2013.0,GBR,Curated Web,1
/organization/top-prospect,,2.0,2010.0,2010.0,2011.0,USA,Recruiting,0
/organization/top10-media,3500000.0,1.0,2005.0,2006.0,2006.0,USA,News,1
/organization/top100-cn,1000000.0,1.0,2005.0,2010.0,2010.0,CHN,Music,0
/organization/topcoder,11311711.0,1.0,2001.0,2010.0,2010.0,USA,Crowdsourcing,1
/organization/topera,31518531.0,3.0,2010.0,2012.0,2013.0,USA,3D,1
/organization/topguest,2000000.0,1.0,2010.0,2010.0,2010.0,USA,Enterprise Software,0
/organization/topicmarks,150000.0,2.0,2009.0,,2011.0,USA,Curated Web,1
/organization/topigen-pharmaceuticals,24147784.8442744,2.0,,2004.0,2005.0,CAN,Pharmaceuticals,1
/organization/topio,26000000.0,3.0,,2003.0,2006.0,USA,Enterprise Software,1
/organization/topmall,5000000.0,1.0,2012.0,2013.0,2013.0,UKR,E-Commerce,0
/organization/topmission,355114.0,2.0,,2013.0,2013.0,RUS,Apps,0
/organization/topspin-communications,20000000.0,1.0,2000.0,2003.0,2003.0,USA,Public Relations,1
/organization/topspin-media,,2.0,2007.0,2007.0,2008.0,USA,Artists Globally,1
/organization/topsy-labs,35200000.0,6.0,2007.0,2008.0,2012.0,USA,Analytics,1
/organization/torando-labs,900001.0,1.0,2012.0,2013.0,2013.0,USA,Curated Web,1
/organization/torbit,584988.0,1.0,2010.0,2011.0,2011.0,USA,Automotive,1
/organization/torex-retail-canada,60000.0,1.0,1983.0,2005.0,2005.0,CAN,Software,0
/organization/toria,,1.0,2007.0,2008.0,2008.0,MKD,Curated Web,0
/organization/total-beauty-media,16000000.0,3.0,2007.0,2007.0,2008.0,USA,News,1
/organization/totems,1070220.0,2.0,2011.0,2011.0,2012.0,,Analytics,1
/organization/totsy,29500000.0,4.0,2009.0,2009.0,2012.0,USA,Babies,0
/organization/toucan-global,1600000.0,1.0,,2010.0,2010.0,,Mobile,0
/organization/touch-clarity,6700000.0,1.0,,2004.0,2004.0,,Data Mining,1
/organization/touch-d,80000.0,1.0,,2013.0,2013.0,,Mobile,0
/organization/touchdown-technologies,13150000.0,1.0,2003.0,2005.0,2005.0,USA,Semiconductors,1
/organization/touchring-tr,2000000.0,1.0,2007.0,2009.0,2009.0,KOR,Enterprise Software,0
/organization/touchstone-health,27500000.0,1.0,,2010.0,2010.0,USA,Health and Wellness,0
/organization/touchstone-semiconductor,12000000.0,1.0,2010.0,2011.0,2011.0,USA,Semiconductors,1
/organization/touchtown-inc,327218.0,2.0,1999.0,2009.0,2014.0,USA,Software,0
/organization/touchtunes-interactive-networks,45000000.0,1.0,1998.0,2011.0,2011.0,USA,Advertising,1
/organization/toura,5692160.0,4.0,2009.0,2010.0,2011.0,USA,Android,1
/organization/tourist-eye,475000.0,3.0,2010.0,2010.0,2012.0,ESP,Guides,1
/organization/tourist-menu,31660.2642576723,1.0,2014.0,2014.0,2014.0,ITA,Internet,0
/organization/touristr,736050.0,1.0,2006.0,2008.0,2008.0,,Travel,0
/organization/touristway,160000.0,1.0,2003.0,2006.0,2006.0,AUT,Online Reservations,0
/organization/toviefor,93000.0,2.0,2009.0,2010.0,2011.0,USA,E-Commerce,0
/organization/townhog,3889364.0,3.0,2007.0,2008.0,2011.0,USA,E-Commerce,1
/organization/townrush,,1.0,2015.0,2015.0,2015.0,IND,Transportation,1
/organization/toygaroo-com,250000.0,2.0,2010.0,2010.0,2011.0,USA,E-Commerce,0
/organization/tpack,12543000.0,1.0,,2006.0,2006.0,DNK,Engineering Firms,1
/organization/tra,31700000.0,2.0,,2009.0,2010.0,USA,Advertising,1
/organization/tracelytics,5800000.0,2.0,2010.0,2011.0,2012.0,USA,Enterprise Software,1
/organization/track,,1.0,,2009.0,2009.0,USA,Analytics,1
/organization/tracked-com,11500000.0,2.0,2008.0,2008.0,2009.0,USA,Curated Web,0
/organization/tracks-3,345000.0,1.0,2015.0,2015.0,2015.0,USA,Apps,0
/organization/trada,18950000.0,5.0,2008.0,2010.0,2014.0,USA,Advertising,0
/organization/tradeaccess,5000000.0,1.0,,2000.0,2000.0,,,0
/organization/tradebeam,45850000.0,3.0,,2003.0,2009.0,USA,Enterprise Software,1
/organization/tradecard,54925050.0,3.0,1999.0,2002.0,2013.0,USA,Enterprise Software,1
/organization/tradeglobal,,1.0,2001.0,2013.0,2013.0,USA,Delivery,1
/organization/tradehill,400000.0,1.0,2011.0,2013.0,2013.0,USA,E-Commerce,0
/organization/trademarknow,3500000.0,1.0,2012.0,2014.0,2014.0,USA,Software,0
/organization/tradeum-now-verticalnet,,1.0,,1999.0,1999.0,USA,B2B,1
/organization/tradoria,2855800.0,1.0,2007.0,2010.0,2010.0,DEU,E-Commerce,1
/organization/trados,2000000.0,1.0,1984.0,2002.0,2002.0,USA,Computers,1
/organization/tradyo,,1.0,,2012.0,2012.0,,Social Media,0
/organization/traffic-com,,3.0,,2002.0,2005.0,USA,Information Services,0
/organization/traffic-labs,50000.0,1.0,,2012.0,2012.0,USA,Mobile,0
/organization/traffix-systems,8400000.0,3.0,,2006.0,2011.0,ISR,Web Hosting,1
/organization/traiana,15000000.0,1.0,2000.0,2005.0,2005.0,USA,Finance,1
/organization/trailze,600000.0,1.0,2014.0,2014.0,2014.0,,,0
/organization/training-intelligence,300000.0,1.0,2006.0,2006.0,2006.0,USA,Curated Web,0
/organization/trak,,1.0,2012.0,2012.0,2012.0,BRA,Accounting,0
/organization/tranquilmed,27000.0,1.0,2010.0,2010.0,2010.0,USA,Biotechnology,0
/organization/transactis,36700000.0,9.0,,2007.0,2014.0,USA,Software,1
/organization/transactiv,1200000.0,1.0,2009.0,2009.0,2009.0,USA,Advertising,0
/organization/transave,11042572.0,2.0,,2009.0,2010.0,USA,Biotechnology,1
/organization/transdimension,,2.0,,2004.0,2004.0,USA,Technology,0
/organization/transform-software-and-services,2500000.0,1.0,2004.0,2005.0,2005.0,USA,Software,1
/organization/transgaming,500000.0,1.0,2001.0,2009.0,2009.0,CAN,Games,1
/organization/transgenrx,6925600.0,2.0,,2010.0,2010.0,USA,Biotechnology,0
/organization/transic,565000.0,2.0,,2006.0,2008.0,SWE,Clean Technology,0
/organization/transitive,10000000.0,1.0,2000.0,2003.0,2003.0,USA,Software,1
/organization/transmode-systems,4780000.0,1.0,,2006.0,2006.0,SWE,Web Hosting,1
/organization/transmolecular,33200000.0,1.0,1996.0,2004.0,2004.0,USA,Biotechnology,1
/organization/transnet,700000.0,1.0,1969.0,2009.0,2009.0,USA,Software,0
/organization/transparency-software,12050000.0,2.0,2004.0,2005.0,2007.0,USA,Software,0
/organization/transparent-financial-services,1835000.0,4.0,2009.0,2010.0,2011.0,USA,Accounting,1
/organization/transparent-it-solutions,,1.0,,2010.0,2010.0,IND,Software,0
/organization/transparent-networks,20000000.0,1.0,,2002.0,2002.0,USA,Electronics,0
/organization/transpera,19540002.0,4.0,2007.0,2007.0,2010.0,USA,Mobile,1
/organization/transpharma-medical,18000000.0,1.0,2000.0,2006.0,2006.0,ISR,Biotechnology,0
/organization/transwitch,2729500.0,2.0,1988.0,2013.0,2013.0,USA,Semiconductors,0
/organization/tranz-send,3000000.0,1.0,,1999.0,1999.0,,,0
/organization/trapeze-networks,61120000.0,3.0,2002.0,2005.0,2006.0,USA,Security,1
/organization/trapster,1700000.0,1.0,2003.0,2009.0,2009.0,USA,Cars,1
/organization/traq-wireless,14800000.0,1.0,,2002.0,2002.0,,Mobile Devices,0
/organization/travel-ad-network,30500000.0,3.0,,2003.0,2010.0,USA,Travel,1
/organization/travel-distribution-systems,1100000.0,1.0,2002.0,2009.0,2009.0,AUS,B2B,0
/organization/travel-ru,5000000.0,1.0,1998.0,2013.0,2013.0,RUS,Travel,1
/organization/travelatus,10000.0,1.0,2011.0,2013.0,2013.0,USA,Curated Web,1
/organization/travelclick,,2.0,1999.0,1999.0,2001.0,USA,Hospitality,1
/organization/travelguru,15000000.0,1.0,,2006.0,2006.0,IND,Career Planning,1
/organization/travelknowledge,100000.0,1.0,2012.0,2012.0,2012.0,USA,Content,0
/organization/travelline,250000.0,1.0,2008.0,2013.0,2013.0,RUS,Business Services,0
/organization/travelmenu,7100000.0,4.0,2006.0,2006.0,2012.0,RUS,Internet,0
/organization/travelmob,1000000.0,1.0,2011.0,2012.0,2012.0,SGP,Collaborative Consumption,1
/organization/travelmuse,5600000.0,3.0,2007.0,2007.0,2009.0,USA,Travel,1
/organization/traversa-therapeutics,7000000.0,2.0,,2008.0,2009.0,USA,Biotechnology,0
/organization/traverse-energy,11500000.0,1.0,1995.0,2014.0,2014.0,CAN,Clean Technology,0
/organization/traverse-networks,8500000.0,1.0,2001.0,2005.0,2005.0,USA,Web Hosting,1
/organization/travolver,2000000.0,1.0,2011.0,2011.0,2011.0,RUS,Content,0
/organization/trax-technologies,15000000.0,2.0,1993.0,2008.0,2013.0,USA,Big Data,1
/organization/traxpay,19000000.0,2.0,2012.0,2012.0,2014.0,DEU,B2B,1
/organization/treatfeed,5400000.0,1.0,,2011.0,2011.0,USA,Curated Web,0
/organization/treatful,150000.0,1.0,,2011.0,2011.0,USA,Gift Registries,1
/organization/trebia-networks,39000000.0,3.0,,2000.0,2001.0,,Storage,1
/organization/treebox-solutions,,1.0,,2015.0,2015.0,,,0
/organization/trefoil-energy,24120000.0,4.0,,1996.0,2000.0,ARG,Finance,1
/organization/trellia-networks,8800000.0,3.0,2003.0,2005.0,2009.0,CAN,Enterprise Software,1
/organization/trellis-technology,230000.0,1.0,,2011.0,2011.0,USA,Social Media,1
/organization/trellisoft,,1.0,1999.0,2002.0,2002.0,USA,Computers,1
/organization/trema-group,10510000.0,1.0,1992.0,2005.0,2005.0,GBR,Software,1
/organization/trend-ly,1000000.0,1.0,,2010.0,2010.0,,Curated Web,0
/organization/trendient,,1.0,2008.0,2008.0,2008.0,,Curated Web,0
/organization/trendslide,125000.0,2.0,2011.0,2011.0,2012.0,USA,Business Intelligence,1
/organization/trenstar,10000000.0,1.0,2001.0,2007.0,2007.0,USA,Software,1
/organization/trepic-inc,,1.0,2014.0,2015.0,2015.0,,,0
/organization/trestletree,4000000.0,1.0,2001.0,2004.0,2004.0,USA,Consumer Behavior,1
/organization/trewcap,18000.0,1.0,2006.0,2009.0,2009.0,,Chat,0
/organization/triacta-power-technologies,887000.0,1.0,2003.0,2006.0,2006.0,CAN,Software,1
/organization/triacys,498175.296667933,1.0,,2015.0,2015.0,,,0
/organization/triada-games,30000.0,1.0,2012.0,2013.0,2013.0,,Mobile Games,1
/organization/triage-medical,10000000.0,1.0,,2003.0,2003.0,USA,Medical,0
/organization/trialpay,58900000.0,4.0,2006.0,2006.0,2012.0,USA,Advertising,1
/organization/triangulate,1500000.0,2.0,2009.0,2010.0,2010.0,USA,Curated Web,0
/organization/tribalx,36967.0,1.0,2009.0,2009.0,2009.0,,Software,0
/organization/tribe,9350000.0,2.0,2003.0,2003.0,2006.0,USA,Social Media,1
/organization/tribe-hr,3500000.0,2.0,2009.0,2011.0,2012.0,CAN,Human Resources,1
/organization/tribe-studios,650000.0,4.0,2010.0,2011.0,2013.0,FIN,EdTech,1
/organization/tribold,28120000.0,3.0,2003.0,2005.0,2009.0,GBR,Software,1
/organization/tribute-pharmaceuticals-canada,31998025.0,2.0,2013.0,2014.0,2015.0,CAN,Biotechnology,1
/organization/tributes-com,5500000.0,2.0,,2008.0,2009.0,USA,News,1
/organization/tribzi,20203.0,1.0,,2013.0,2013.0,,Marketing Automation,0
/organization/tricentis,,1.0,2007.0,2012.0,2012.0,AUT,Software,0
/organization/tricipher,40100000.0,4.0,2000.0,2005.0,2009.0,USA,Enterprise Software,1
/organization/trigence,15100000.0,4.0,2004.0,2003.0,2007.0,USA,Software,1
/organization/triggit,18450000.0,5.0,2006.0,2007.0,2013.0,USA,Advertising,1
/organization/trigo-technologies,26000000.0,2.0,2000.0,2001.0,2003.0,USA,Distributors,1
/organization/trilibis,7700000.0,2.0,2002.0,2008.0,2013.0,USA,Mobile,0
/organization/trillian-mobile-ab,,1.0,2013.0,2014.0,2014.0,SWE,Apps,1
/organization/trillium-therapeutics,1000000.0,1.0,,2011.0,2011.0,CAN,Biotechnology,1
/organization/trilogy-health-services,26000000.0,1.0,,2004.0,2004.0,USA,Healthcare Services,0
/organization/trimed-research,6087761.16495398,1.0,,2005.0,2005.0,USA,Health Care,0
/organization/trinity-biosystems,30000000.0,3.0,2002.0,2002.0,2009.0,USA,Biotechnology,0
/organization/trip-center-2,62369.0,1.0,,2014.0,2014.0,,Internet,0
/organization/tripadvisor,,1.0,,2000.0,2000.0,USA,Hotels,1
/organization/tripboard,2000000.0,2.0,2011.0,2011.0,2013.0,USA,Artificial Intelligence,1
/organization/tripbod,,1.0,2009.0,2010.0,2010.0,GBR,Travel,1
/organization/tripconnect,1000000.0,1.0,2004.0,2006.0,2006.0,USA,Travel,0
/organization/tripeese,50000.0,1.0,2013.0,2013.0,2013.0,USA,Career Planning,1
/organization/tripfab,500000.0,1.0,,2011.0,2011.0,,Travel,0
/organization/tripflick-travel-guide,100000.0,1.0,2011.0,2011.0,2011.0,SGP,Travel,0
/organization/tripit,13100000.0,3.0,2006.0,2007.0,2010.0,USA,Social Media,1
/organization/tripl,900000.0,4.0,2011.0,2011.0,2012.0,USA,Location Based Services,0
/organization/triplegift,14000.0,1.0,,2011.0,2011.0,USA,Events,0
/organization/triples-media,50000.0,1.0,2010.0,2011.0,2011.0,USA,Advertising,0
/organization/tripovation,3000000.0,1.0,,2007.0,2007.0,,Travel,0
/organization/trippal-2,,1.0,,2013.0,2013.0,,,0
/organization/trips-n-salsa,,1.0,2012.0,2012.0,2012.0,USA,Hospitality,0
/organization/tripscan,,1.0,2012.0,2014.0,2014.0,CHE,Online Travel,0
/organization/tripshake,50230.0,1.0,,2000.0,2000.0,GBR,Travel,0
/organization/tripshare,,1.0,2011.0,2012.0,2012.0,USA,Software,0
/organization/tripsourcing,26065.0,1.0,2009.0,2009.0,2009.0,CAN,Business Services,0
/organization/tripwire,8301265.0,2.0,1997.0,2003.0,2009.0,USA,Cyber Security,1
/organization/tririga,5000000.0,1.0,2000.0,2002.0,2002.0,USA,Real Estate,1
/organization/tritrue,1300000.0,2.0,2012.0,2012.0,2014.0,JPN,Curated Web,0
/organization/trius-therapeutics,69325793.0,3.0,2004.0,2007.0,2011.0,USA,Biotechnology,1
/organization/trivnet,18000000.0,2.0,1997.0,1999.0,2008.0,ISR,E-Commerce,1
/organization/troika-networks,27400000.0,2.0,1998.0,2003.0,2005.0,USA,Web Hosting,1
/organization/trony-solar,20000000.0,1.0,1993.0,2008.0,2008.0,CHN,Clean Technology,0
/organization/trooval-com,2899980.0,2.0,2008.0,2010.0,2010.0,USA,Analytics,0
/organization/trophos,11582485.4651163,1.0,,2007.0,2007.0,,Biotechnology,1
/organization/tropic-networks,86000000.0,3.0,2000.0,2003.0,2005.0,CAN,Enterprise Software,1
/organization/tropos-networks,4999990.0,1.0,2000.0,2009.0,2009.0,USA,Internet,1
/organization/troubleshooters-inc,86000.0,1.0,1975.0,2013.0,2013.0,USA,Consulting,0
/organization/troux-technologies,33850000.0,3.0,2001.0,2005.0,2009.0,GBR,Career Planning,1
/organization/trovagene,25358200.0,3.0,1999.0,2012.0,2014.0,USA,Biotechnology,0
/organization/trovit,871000.0,1.0,2006.0,2011.0,2011.0,ESP,Cars,1
/organization/trovix,18250000.0,2.0,2002.0,2005.0,2006.0,USA,Consulting,1
/organization/trsb-groupe,5330000.0,1.0,1997.0,2010.0,2010.0,,Consulting,0
/organization/truanttoday,,1.0,,2011.0,2011.0,USA,All Students,0
/organization/trubates,,1.0,,2008.0,2008.0,,Curated Web,0
/organization/truckload-usa,14500000.0,2.0,2002.0,2003.0,2003.0,USA,Building Products,0
/organization/true-office,3000000.0,1.0,2010.0,2013.0,2013.0,USA,Analytics,1
/organization/truedemand-software,16700000.0,3.0,2004.0,2005.0,2008.0,USA,Software,1
/organization/trueflow,1930000.0,2.0,2014.0,2014.0,2015.0,,Information Technology,0
/organization/trueinsider-inc,,1.0,2009.0,2009.0,2009.0,USA,Career Management,0
/organization/truesan-networks,30000000.0,1.0,1999.0,2001.0,2001.0,,Networking,0
/organization/truespan,,1.0,,2005.0,2005.0,USA,Mobile,0
/organization/truex-media,49850000.0,5.0,2007.0,2007.0,2014.0,USA,Advertising,1
/organization/truist,4700000.0,2.0,2008.0,2005.0,2008.0,USA,Humanitarian,1
/organization/trulia,255100000.0,5.0,2004.0,2005.0,2013.0,USA,Marketplaces,1
/organization/trunity,5833500.0,5.0,2009.0,2009.0,2013.0,USA,Blogging Platforms,0
/organization/trurating,4351489.42524077,1.0,,2014.0,2014.0,GBR,Market Research,0
/organization/trusera,2000000.0,1.0,2007.0,2007.0,2007.0,USA,Curated Web,0
/organization/trust-digital,23500000.0,3.0,2003.0,2005.0,2009.0,USA,Mobile,1
/organization/trust-mico,310473.0,1.0,,2011.0,2011.0,GBR,E-Commerce,0
/organization/trusted-network-technologies,6000000.0,1.0,,2003.0,2003.0,USA,,0
/organization/trustedid,25000000.0,4.0,2005.0,2005.0,2010.0,USA,Security,1
/organization/trustedopinion,4715000.0,3.0,2006.0,2006.0,2009.0,USA,Social Media,0
/organization/trustedplaces,1000000.0,1.0,2006.0,2007.0,2007.0,GBR,Local Advertising,1
/organization/trustedsafe,718545.0,1.0,2011.0,2011.0,2011.0,,Cloud Computing,0
/organization/trusteer,10100000.0,2.0,2006.0,2006.0,2008.0,USA,Banking,1
/organization/trustgo,1500000.0,2.0,2011.0,2011.0,2012.0,USA,Security,1
/organization/trustmob,11000.0,2.0,2011.0,2011.0,2011.0,USA,Curated Web,0
/organization/trustradius,5000000.0,1.0,2012.0,2013.0,2013.0,USA,Crowdsourcing,0
/organization/trustwave,10000000.0,1.0,1995.0,2004.0,2004.0,USA,Cyber Security,1
/organization/trutap,14500000.0,3.0,1989.0,2005.0,2007.0,GBR,Mobile,0
/organization/truviso,3000000.0,1.0,2005.0,2009.0,2009.0,USA,Analytics,1
/organization/tryad-games,252523.0,2.0,,2014.0,2014.0,,Apps,0
/organization/tsavo,,1.0,2008.0,2008.0,2008.0,USA,Curated Web,1
/organization/tsunami-research,5500000.0,1.0,,2004.0,2004.0,,Software,0
/organization/tu-media-corp,40000000.0,1.0,2003.0,2007.0,2007.0,KOR,,0
/organization/tu-nr,14000.0,1.0,,2010.0,2010.0,,Software,0
/organization/tube2tone,90000.0,1.0,2009.0,2009.0,2009.0,USA,Mobile,0
/organization/tubel-technologies,,1.0,,2003.0,2003.0,USA,Technology,0
/organization/tudou,126000000.0,5.0,2005.0,2006.0,2011.0,CHN,Photography,1
/organization/tuebora,,2.0,2011.0,2013.0,2015.0,USA,Big Data Analytics,0
/organization/tuee,390000.0,5.0,2012.0,2013.0,2015.0,USA,Analytics,1
/organization/tuenti-technologies,12004200.0,1.0,2006.0,2010.0,2010.0,ESP,Mobile,1
/organization/tumbie,238660.0,2.0,2011.0,2011.0,2011.0,DEU,Advice,0
/organization/tumblr,125250000.0,6.0,2007.0,2007.0,2012.0,USA,Blogging Platforms,1
/organization/tumri,31000000.0,5.0,2004.0,2005.0,2009.0,,Advertising,1
/organization/tunecore,7000000.0,1.0,2005.0,2008.0,2008.0,USA,Music,1
/organization/tunein-twitter-dashboard,500000.0,1.0,,2009.0,2009.0,,Social Media,0
/organization/tunes-com,15100000.0,1.0,1997.0,1999.0,1999.0,USA,E-Commerce,1
/organization/tunezy,,1.0,,2012.0,2012.0,CAN,Music,1
/organization/tungle,6360000.0,2.0,2006.0,2007.0,2008.0,CAN,Enterprise Software,1
/organization/tupalo,101474.0,4.0,2007.0,2007.0,2010.0,AUT,Curated Web,1
/organization/turbine,94600000.0,4.0,,2003.0,2009.0,USA,Games,1
/organization/turbine-truck-engines,10000000.0,1.0,,2013.0,2013.0,USA,Automotive,0
/organization/turbo140,,1.0,,2010.0,2010.0,USA,Curated Web,0
/organization/turbobotz,250000.0,2.0,,2010.0,2011.0,USA,Games,0
/organization/turboheads,750000.0,1.0,,2013.0,2013.0,,Cloud Computing,0
/organization/turf-geography-club,890000.0,2.0,2011.0,2011.0,2012.0,USA,Mobile,0
/organization/turin-networks,52500000.0,1.0,1999.0,2007.0,2007.0,USA,Service Providers,1
/organization/turning-art,,1.0,,2012.0,2012.0,,,0
/organization/turntable-fm,7000000.0,1.0,2011.0,2011.0,2011.0,USA,Music,0
/organization/turntide,750000.0,1.0,,2003.0,2003.0,GBR,Security,1
/organization/tuta-co,50000.0,1.0,2012.0,2012.0,2012.0,COL,E-Commerce,0
/organization/tutamee,30000.0,1.0,2010.0,2010.0,2010.0,GHA,Curated Web,0
/organization/tuten,100000.0,1.0,2014.0,2015.0,2015.0,,Home Renovation,0
/organization/tutopia-com,5000000.0,1.0,,2001.0,2001.0,,,0
/organization/tutor,13500000.0,1.0,1998.0,2007.0,2007.0,USA,Education,1
/organization/tutor-com,13500000.0,1.0,,2007.0,2007.0,USA,Education,1
/organization/tutoria-gmbh,,3.0,2007.0,2007.0,2010.0,DEU,Education,1
/organization/tutorialtab,12000.0,1.0,2010.0,2010.0,2010.0,USA,Education,0
/organization/tutorspree,1800000.0,2.0,2010.0,2011.0,2013.0,USA,EdTech,1
/organization/tutum,2715000.0,3.0,2013.0,2013.0,2014.0,USA,Apps,1
/organization/tuvox,31190000.0,3.0,2000.0,2002.0,2007.0,USA,Consulting,1
/organization/tuxebo,,1.0,2009.0,2009.0,2009.0,,Curated Web,0
/organization/tv-interactive-systems,,1.0,2009.0,2010.0,2010.0,USA,Internet TV,0
/organization/tv-pixie,69585.0,1.0,,2009.0,2009.0,GBR,Curated Web,0
/organization/tvdeck,250000.0,1.0,2009.0,2009.0,2009.0,,Curated Web,0
/organization/tvibes,825000.0,1.0,2015.0,2015.0,2015.0,,,0
/organization/tvinci,6100000.0,2.0,2007.0,2009.0,2012.0,ISR,Games,1
/organization/tvn-2,,1.0,,2011.0,2011.0,AUS,Publishing,1
/organization/tweetdeck,5314960.0,3.0,2008.0,2009.0,2010.0,GBR,Software,1
/organization/tweetflow,,1.0,,2010.0,2010.0,,,0
/organization/tweetmysong-2,,1.0,2010.0,2011.0,2011.0,,Cloud Data Services,0
/organization/tweetphoto,2600000.0,1.0,2009.0,2010.0,2010.0,USA,Curated Web,1
/organization/tweettv,750000.0,1.0,2011.0,2012.0,2012.0,USA,Social Media,1
/organization/twelve,71826025.0,6.0,2009.0,2011.0,2015.0,USA,Health Care,1
/organization/twentyfeet,2000000.0,1.0,2010.0,2013.0,2013.0,DEU,Analytics,1
/organization/twentyfour6,465000.0,1.0,2008.0,2008.0,2008.0,USA,Advertising,0
/organization/twibingo,50000.0,1.0,2009.0,2009.0,2009.0,USA,Game,0
/organization/twice,23100000.0,3.0,2012.0,2011.0,2014.0,USA,Fashion,1
/organization/twidox,,1.0,2007.0,2008.0,2008.0,DEU,File Sharing,0
/organization/twigmore,275000.0,2.0,2009.0,2010.0,2011.0,USA,Facebook Applications,0
/organization/twiigg,25000.0,1.0,2009.0,2009.0,2009.0,USA,Content,0
/organization/twijector,50000.0,1.0,,2013.0,2013.0,,Social Network Media,0
/organization/twiki-net,,1.0,,2010.0,2010.0,USA,Software,0
/organization/twinstrand-therapeutics,6704285.0,1.0,1995.0,2003.0,2003.0,CAN,Biotechnology,1
/organization/twinstrata,19389775.0,5.0,2007.0,2009.0,2011.0,USA,Cloud Computing,1
/organization/twistbox-entertainment,32250000.0,2.0,,2006.0,2007.0,USA,Games,1
/organization/twisted-pair-solutions,10500000.0,2.0,1999.0,2006.0,2010.0,USA,Software,1
/organization/twitch,35000000.0,2.0,2007.0,2012.0,2013.0,USA,Broadcasting,1
/organization/twitjump,150000.0,1.0,,2009.0,2009.0,USA,Brand Marketing,1
/organization/twitpay,500000.0,2.0,2010.0,2010.0,2011.0,USA,E-Commerce,0
/organization/twocubes,20000.0,1.0,2015.0,2015.0,2015.0,,Media,0
/organization/twof,2148399.0,1.0,2005.0,2010.0,2010.0,USA,Biotechnology,0
/organization/twofish,9500000.0,2.0,2006.0,2006.0,2008.0,USA,E-Commerce,1
/organization/twones,500000.0,1.0,2008.0,2008.0,2008.0,NLD,Music,0
/organization/twonq,800000.0,1.0,,2008.0,2008.0,USA,Curated Web,0
/organization/twtbks,25000.0,1.0,2009.0,2009.0,2009.0,USA,Curated Web,0
/organization/twylah,,1.0,,2011.0,2011.0,USA,Brand Marketing,0
/organization/txt4,2610000.0,2.0,,2005.0,2006.0,GBR,Software,0
/organization/txvia,55350000.0,4.0,2006.0,2007.0,2010.0,USA,Finance,1
/organization/tyler-hugh-com,,1.0,2015.0,2015.0,2015.0,ZAF,,0
/organization/tympany,990000.0,2.0,,2002.0,2006.0,USA,Health and Wellness,1
/organization/tynt,11900000.0,2.0,2007.0,2009.0,2010.0,USA,Messaging,1
/organization/type22,,1.0,2006.0,2011.0,2011.0,NLD,,1
/organization/typekit,3200000.0,2.0,2008.0,2009.0,2010.0,USA,Curated Web,1
/organization/tyrx-pharma,20000000.0,1.0,,2010.0,2010.0,USA,Biotechnology,1
/organization/u-plug,88093.0,2.0,,2014.0,2015.0,BGR,Design,0
/organization/u-s-fiduciary,9000000.0,1.0,2003.0,2007.0,2007.0,USA,Finance,0
/organization/u-s-geothermal,102000000.0,1.0,,2010.0,2010.0,USA,Clean Technology,0
/organization/u-systems,38364626.0,4.0,,2007.0,2012.0,USA,Health and Wellness,1
/organization/u4ea-networks,30000.0,1.0,2008.0,2011.0,2011.0,USA,E-Commerce,0
/organization/u4ea-wireless,19300000.0,3.0,2000.0,2005.0,2007.0,USA,Mobile,0
/organization/uannabe,,1.0,2009.0,2010.0,2010.0,ITA,Curated Web,0
/organization/ubalo,,1.0,2011.0,2012.0,2012.0,,Cloud Computing,1
/organization/ubequity,,1.0,,2003.0,2003.0,USA,Finance,0
/organization/uber-com,7600000.0,1.0,,2008.0,2008.0,USA,Communications Infrastructure,0
/organization/uberlabs,140000.0,3.0,2012.0,2012.0,2015.0,USA,Advertising,1
/organization/ubersense,1150000.0,3.0,2011.0,2011.0,2012.0,USA,Exercise,1
/organization/ubervu,585745.0,2.0,2008.0,2008.0,2009.0,USA,Analytics,1
/organization/ubicom,90620386.0,8.0,1998.0,2004.0,2011.0,USA,Software,1
/organization/ubidyne,58500000.0,2.0,2005.0,2005.0,2009.0,USA,Hardware + Software,0
/organization/ubiquilux,900900.0,1.0,2014.0,2014.0,2014.0,CAN,Lighting,0
/organization/ubiquisys,81000000.0,6.0,2004.0,2006.0,2012.0,GBR,Mobile,1
/organization/ubitexx,4336000.0,2.0,2002.0,2006.0,2008.0,DEU,Security,1
/organization/ubizen,,1.0,,2003.0,2003.0,,Infrastructure,1
/organization/ublend,100000.0,2.0,2014.0,2015.0,2015.0,GBR,Events,0
/organization/ubmatrix,22066483.0,4.0,2005.0,2005.0,2010.0,USA,Software,1
/organization/ubooly,2638000.0,3.0,2012.0,2012.0,2014.0,USA,Education,1
/organization/uc-cein,24000000.0,1.0,2008.0,2013.0,2013.0,USA,EdTech,0
/organization/uclass,1000000.0,1.0,2012.0,2014.0,2014.0,USA,Education,1
/organization/ucontrol,9525159.0,2.0,2006.0,2009.0,2010.0,USA,Energy Management,1
/organization/ucweb,,2.0,2004.0,2010.0,2011.0,CHN,Curated Web,1
/organization/udex,5000000.0,1.0,1998.0,2005.0,2005.0,GBR,Enterprise Software,1
/organization/udorse,500000.0,1.0,,2009.0,2009.0,USA,Curated Web,0
/organization/ueeeu-com,727000.0,1.0,,2008.0,2008.0,SGP,E-Commerce,0
/organization/ufo-delivery,1000.0,1.0,2015.0,2015.0,2015.0,PHL,B2B Express Delivery,0
/organization/ufree,75000.0,1.0,2011.0,2014.0,2014.0,USA,Advertising,1
/organization/ugame,,1.0,2007.0,2007.0,2007.0,GBR,Games,0
/organization/ugly-duckling-los-angeles,250000.0,1.0,,2015.0,2015.0,,Beauty,0
/organization/ugobe,23250000.0,3.0,,2006.0,2008.0,USA,Hardware + Software,0
/organization/uiactive,3330000.0,1.0,,2007.0,2007.0,SGP,Content,0
/organization/uievolution,31699996.0,4.0,2000.0,2004.0,2013.0,USA,Mobile,1
/organization/ujipin,14000000.0,2.0,2011.0,2014.0,2015.0,,Baby Accessories,0
/organization/ujogo,,1.0,2007.0,2007.0,2007.0,USA,Games,0
/organization/uk-coal,,1.0,,2005.0,2005.0,GBR,Mining Technologies,0
/organization/uk-eastlondon-asian-inc,100000000.0,1.0,2010.0,2010.0,2010.0,GBR,Musicians,0
/organization/uk-settled-limited,403964.347272473,1.0,,2015.0,2015.0,,,0
/organization/ulocate-communications,11000000.0,1.0,,2007.0,2007.0,USA,,0
/organization/ulthera,39650150.0,4.0,2004.0,2005.0,2011.0,USA,Health Care,0
/organization/ultimate-football-network,120000.0,1.0,2008.0,2008.0,2008.0,,Curated Web,0
/organization/ultraprise-loan-technologies,9500000.0,1.0,,2001.0,2001.0,,B2B,0
/organization/ultrinia,65687.0,1.0,,2014.0,2014.0,,Engineering Firms,0
/organization/umeng,10000000.0,2.0,2010.0,2010.0,2011.0,CHN,Analytics,1
/organization/umweltech,213000.0,1.0,,1992.0,1992.0,,,0
/organization/unamia,1200000.0,1.0,2012.0,2012.0,2012.0,IND,E-Commerce,0
/organization/unav-microelectronics,5000000.0,1.0,2001.0,2004.0,2004.0,USA,Location Based Services,1
/organization/unavailable-org-gmbh,,1.0,2014.0,2014.0,2014.0,DEU,,0
/organization/unblab,,1.0,,2009.0,2009.0,USA,Messaging,1
/organization/unbooked-ltd,850000.0,2.0,2010.0,2010.0,2011.0,USA,Beauty,0
/organization/unbuythat,111000.0,2.0,2011.0,2012.0,2012.0,USA,Consumers,0
/organization/unconstrained-robotics,16674.0,1.0,,2015.0,2015.0,,Navigation,0
/organization/uncover-2,1500000.0,1.0,,2015.0,2015.0,GBR,Lifestyle,1
/organization/undertone,40000000.0,1.0,2002.0,2008.0,2008.0,USA,Advertising,1
/organization/uni5,358804.0,1.0,,2001.0,2001.0,BRA,B2B,0
/organization/unica,6750000.0,1.0,,1999.0,1999.0,USA,Lead Generation,1
/organization/unicorn-valley,,1.0,2015.0,2015.0,2015.0,,Recruiting,0
/organization/unidym,,1.0,,2008.0,2008.0,USA,Manufacturing,1
/organization/unified-technologies-ltd,,1.0,2013.0,2014.0,2014.0,ESP,Information Technology,0
/organization/unigene-laboratories,37750000.0,4.0,1980.0,2010.0,2013.0,USA,Biotechnology,0
/organization/union-bay-networks,1850000.0,1.0,2013.0,2013.0,2013.0,USA,Cloud Infrastructure,1
/organization/union-biometrica,,1.0,1998.0,2000.0,2000.0,USA,Biotechnology,1
/organization/union-spring-pharmaceuticals,5000000.0,1.0,,2009.0,2009.0,USA,Biotechnology,0
/organization/unisfair,22200000.0,4.0,2000.0,2006.0,2009.0,USA,Enterprise Software,1
/organization/unite-technologies,1077803.0,1.0,,2010.0,2010.0,GBR,Software,1
/organization/united-dental-care,,1.0,1985.0,1993.0,1993.0,USA,,0
/organization/united-keys,500000.0,1.0,,2005.0,2005.0,USA,Computers,0
/organization/united-knowledge,10000.0,1.0,2015.0,2015.0,2015.0,,Advice,0
/organization/united-maps,,2.0,2008.0,2008.0,2009.0,DEU,Geospatial,0
/organization/united-travel-technologies,1200000.0,1.0,2010.0,2011.0,2011.0,GBR,Public Relations,0
/organization/united-wind,2505000.0,2.0,2013.0,2014.0,2014.0,,Services,0
/organization/uniteddogsandcats,941288.0,2.0,2007.0,2008.0,2009.0,EST,Pets,0
/organization/unitedmobile,15000000.0,1.0,,2008.0,2008.0,CHE,Mobile,0
/organization/unitive-inc,6600000.0,1.0,,2003.0,2003.0,USA,Semiconductors,1
/organization/unity-2,,1.0,2015.0,2015.0,2015.0,,Apps,0
/organization/unity-4-humanity,250000.0,1.0,,2005.0,2005.0,USA,Consulting,0
/organization/unity-semiconductor,22000000.0,1.0,,2009.0,2009.0,,Semiconductors,1
/organization/universal-ad,11000000.0,2.0,2003.0,2005.0,2008.0,ISR,Advertising,0
/organization/universal-robots,,1.0,2005.0,2008.0,2008.0,DNK,Robotics,1
/organization/universal-studios-japan,250000000.0,1.0,,2013.0,2013.0,JPN,Photography,1
/organization/universe,2500000.0,3.0,2011.0,2011.0,2014.0,CAN,Events,1
/organization/universe-media-holdings,58000000.0,1.0,,2008.0,2008.0,,Media,0
/organization/university-media,50000.0,1.0,,2009.0,2009.0,USA,Curated Web,0
/organization/universitylyfe,500000.0,1.0,2008.0,2008.0,2008.0,USA,All Students,0
/organization/unltdworld,510294.0,1.0,2007.0,2007.0,2007.0,GBR,Enterprises,1
/organization/unruly,25000000.0,1.0,2006.0,2012.0,2012.0,GBR,Advertising,1
/organization/unscrabble-solutions,38126.0,1.0,,2015.0,2015.0,,Logistics Company,0
/organization/unsocial,935000.0,3.0,2010.0,2010.0,2012.0,USA,Social Network Media,0
/organization/unsubscribe-com,2100000.0,2.0,2010.0,2010.0,2010.0,USA,Curated Web,1
/organization/untold-stories-telling-the-world-s-stories,,1.0,,2015.0,2015.0,DEU,Lifestyle,0
/organization/unveil-technologies-2,14000000.0,2.0,,2003.0,2004.0,USA,Contact Centers,0
/organization/unveillance,,1.0,2011.0,2011.0,2011.0,USA,Technology,1
/organization/unx,4400000.0,4.0,1999.0,2001.0,2011.0,USA,Finance,1
/organization/unyqe,35000.0,1.0,,2011.0,2011.0,SYC,Apps,0
/organization/upclique,350000.0,1.0,2011.0,2012.0,2012.0,USA,Education,0
/organization/upcompany,5730000.0,1.0,2008.0,2009.0,2009.0,USA,Curated Web,0
/organization/upek,31274612.0,3.0,,2004.0,2009.0,USA,Security,1
/organization/upmo,3700000.0,2.0,2011.0,2009.0,2011.0,USA,Career Management,0
/organization/upnext,556799.0,1.0,2007.0,2011.0,2011.0,USA,Maps,1
/organization/uppidy,600000.0,2.0,2011.0,2012.0,2013.0,USA,Mobile,1
/organization/upr-online,,1.0,,2008.0,2008.0,IRL,Curated Web,0
/organization/uprace,,1.0,2010.0,2010.0,2010.0,USA,Networking,0
/organization/upside,1200000.0,2.0,2013.0,2013.0,2014.0,USA,Finance,1
/organization/upsido,320000.0,1.0,2007.0,2008.0,2008.0,DNK,Finance,0
/organization/upstart-industries,497608.0,1.0,2010.0,2010.0,2010.0,CAN,Project Management,0
/organization/uptake,18781724.0,4.0,2008.0,2006.0,2010.0,USA,Search,0
/organization/uptivity-inc,6500000.0,2.0,2004.0,2005.0,2011.0,USA,Software,1
/organization/upviral,600000.0,1.0,2015.0,2015.0,2015.0,,All Markets,0
/organization/uranium-energy,20000000.0,1.0,,2013.0,2013.0,USA,Clean Technology,0
/organization/urban-metrics,,1.0,2010.0,2011.0,2011.0,USA,Curated Web,0
/organization/urbanpixel,,1.0,,2001.0,2001.0,,,0
/organization/urbster,,1.0,2010.0,2010.0,2010.0,,Curated Web,0
/organization/ureach-technologies,5000000.0,1.0,,2004.0,2004.0,USA,Mobile,1
/organization/urgent-group,400000.0,1.0,2007.0,2010.0,2010.0,USA,Finance,0
/organization/urgift,203313.0,2.0,2012.0,2012.0,2013.0,USA,E-Commerce,0
/organization/urotec,,1.0,2005.0,2008.0,2008.0,DEU,Biotechnology,1
/organization/urtak,512000.0,2.0,2008.0,2011.0,2012.0,USA,Curated Web,0
/organization/urturn,13400000.0,1.0,2012.0,2013.0,2013.0,CHE,Curated Web,0
/organization/uruut,200000.0,1.0,2013.0,2013.0,2013.0,USA,Software,1
/organization/us-dry-cleaning-services,9100000.0,1.0,2005.0,2011.0,2011.0,USA,Curated Web,0
/organization/us-primate-rescue-inc,50000.0,1.0,,2008.0,2008.0,USA,Animal Feed,0
/organization/us-shuttle-of-boston,,1.0,1998.0,1999.0,1999.0,USA,,0
/organization/us-st-construction-material-intl,1366682.0,1.0,,2011.0,2011.0,USA,Manufacturing,0
/organization/use-it-better,40000.0,1.0,2009.0,2012.0,2012.0,POL,Analytics,0
/organization/user1st,1000000.0,1.0,2012.0,2012.0,2012.0,ISR,Internet,0
/organization/userevents,244778.0,1.0,2012.0,2012.0,2012.0,CAN,Analytics,1
/organization/userfox,700000.0,1.0,2011.0,2012.0,2012.0,USA,Advertising,1
/organization/usermojo,18000.0,1.0,2010.0,2010.0,2010.0,USA,Analytics,0
/organization/usgift,22000000.0,1.0,1999.0,1999.0,1999.0,USA,,0
/organization/uspixel-technologies,50000.0,1.0,2011.0,2012.0,2012.0,,Personalization,0
/organization/utilicase,5000000.0,1.0,1994.0,2011.0,2011.0,CAN,Clean Technology,0
/organization/utilicom-networks,100000000.0,1.0,,2000.0,2000.0,USA,Networking,0
/organization/utility-scale-solar,1100000.0,1.0,,2010.0,2010.0,USA,Clean Technology,0
/organization/utoopia,100000.0,1.0,2007.0,2007.0,2007.0,USA,E-Commerce,0
/organization/utopy,7500000.0,1.0,1999.0,2008.0,2008.0,USA,Enterprise Software,1
/organization/utterz,4000000.0,1.0,,2007.0,2007.0,USA,Audio,0
/organization/uvize,500000.0,1.0,2013.0,2014.0,2014.0,USA,Colleges,1
/organization/uxflip,20000.0,1.0,,2011.0,2011.0,USA,Mobile,1
/organization/v-cube-japan,,1.0,1998.0,2009.0,2009.0,JPN,Messaging,0
/organization/v-secure-technologies,3400000.0,1.0,,2003.0,2003.0,USA,Education,1
/organization/v3-systems,12700000.0,2.0,2010.0,2002.0,2012.0,USA,Enterprise Software,1
/organization/vaccsys,9000000.0,1.0,,2008.0,2008.0,USA,Biotechnology,0
/organization/valchemy,8500000.0,1.0,2001.0,2005.0,2005.0,USA,Software,1
/organization/valence-technology,1000000.0,1.0,1989.0,2010.0,2010.0,USA,Manufacturing,0
/organization/valet-2,5000.0,1.0,,2013.0,2013.0,USA,Charity,0
/organization/validity,82600000.0,5.0,2000.0,2006.0,2012.0,USA,Biometrics,1
/organization/valley-proteins,10000000.0,1.0,,2004.0,2004.0,USA,Environmental Innovation,0
/organization/vallie,20000000.0,1.0,,2015.0,2015.0,,,0
/organization/valocor-therapeutics,,1.0,2008.0,2010.0,2010.0,CAN,Biotechnology,0
/organization/valopes,40000.0,1.0,,2015.0,2015.0,CHL,Enterprise Resource Planning,0
/organization/valtech-cardio,17800000.0,1.0,2006.0,2010.0,2010.0,ISR,Health Care,1
/organization/valuecrates,50000.0,1.0,2014.0,2015.0,2015.0,USA,Transportation,0
/organization/valued-investing,,1.0,,2014.0,2014.0,,,0
/organization/values-of-n,510000.0,1.0,,2006.0,2006.0,USA,Software,1
/organization/valuestar,6050000.0,1.0,,1999.0,1999.0,USA,,0
/organization/vamo,1600000.0,1.0,2012.0,2013.0,2013.0,USA,Travel,0
/organization/vamosinc,,1.0,,2010.0,2010.0,,,0
/organization/vamp-communications,2050000.0,2.0,2010.0,2010.0,2012.0,USA,Software,0
/organization/vana-workforce,,1.0,2008.0,2012.0,2012.0,CAN,Human Resources,1
/organization/vanatec,754000.0,1.0,,2006.0,2006.0,DEU,Enterprise Software,1
/organization/vandalia-research,2424999.0,3.0,2004.0,2005.0,2010.0,USA,Biotechnology,1
/organization/vapps,2500000.0,1.0,2002.0,2007.0,2007.0,USA,Enterprise Software,1
/organization/vaprema,40300000.0,2.0,,2007.0,2008.0,,Clean Technology,0
/organization/varian-semiconductor-equipment-associates,4800000.0,1.0,1999.0,2011.0,2011.0,USA,Semiconductors,1
/organization/variation-biotechnologies,35700000.0,1.0,,2007.0,2007.0,,,0
/organization/varicent-software,35000000.0,1.0,2003.0,2009.0,2009.0,CAN,Enterprise Software,1
/organization/varolii,11000000.0,2.0,1999.0,2011.0,2013.0,USA,Software,1
/organization/vascular-architects,16000000.0,1.0,,2003.0,2003.0,USA,Architecture,1
/organization/vasonova,3494340.0,2.0,,2007.0,2010.0,USA,Health Care,1
/organization/vativ-technologies,32000000.0,3.0,2001.0,2005.0,2007.0,USA,Semiconductors,1
/organization/vaultus-mobile,6000000.0,1.0,2000.0,2008.0,2008.0,USA,Mobile,1
/organization/vauto,,1.0,2005.0,2007.0,2007.0,USA,Software,1
/organization/vawt-manufacturing,1000000.0,1.0,,2011.0,2011.0,USA,Manufacturing,0
/organization/vc-vision,3500000.0,1.0,2009.0,2011.0,2011.0,USA,Business Services,0
/organization/vchatter,600000.0,2.0,2010.0,2010.0,2011.0,USA,Chat,0
/organization/vcider,,1.0,2010.0,2011.0,2011.0,USA,Web Hosting,1
/organization/vcv,1000000.0,1.0,,2012.0,2012.0,RUS,Recruiting,0
/organization/vdolg,2000000.0,1.0,,2013.0,2013.0,RUS,Financial Services,0
/organization/veebox,100000.0,1.0,2008.0,2008.0,2008.0,USA,Curated Web,0
/organization/veeda,,1.0,2007.0,2008.0,2008.0,ISR,Content,0
/organization/veenome,2489970.0,4.0,2011.0,2011.0,2015.0,USA,Advertising,1
/organization/veeseo,,1.0,,2011.0,2011.0,DEU,Local Search,1
/organization/vega-chi,3209407.0,1.0,,2011.0,2011.0,GBR,Finance,1
/organization/vegibox-com,32155.0,1.0,2011.0,2012.0,2012.0,GBR,E-Commerce,0
/organization/vehicle-production-group,160000000.0,1.0,,2008.0,2008.0,USA,Architecture,1
/organization/vela-systems,23831328.0,4.0,2005.0,2006.0,2010.0,USA,Construction,1
/organization/velio-communications,95000000.0,3.0,,1999.0,2001.0,USA,Communications Infrastructure,1
/organization/velocimed,34500000.0,2.0,2003.0,2003.0,2004.0,USA,Health Care,1
/organization/velocix,70000000.0,3.0,2002.0,2006.0,2008.0,GBR,Content Delivery,1
/organization/velos-2,5875000.0,4.0,2007.0,2010.0,2013.0,USA,Advertising,1
/organization/velteo,,1.0,2009.0,2009.0,2009.0,AUS,Consulting,1
/organization/venaxis,18400000.0,1.0,1998.0,2014.0,2014.0,USA,Diagnostics,0
/organization/venda,26000000.0,2.0,1998.0,2006.0,2009.0,USA,E-Commerce,1
/organization/vendavo,21000000.0,4.0,2000.0,2004.0,2013.0,USA,B2B,1
/organization/vendly,200000.0,1.0,2012.0,2013.0,2013.0,CHL,Mobile,0
/organization/vendormate,,1.0,2005.0,2010.0,2010.0,USA,Consulting,1
/organization/vendorsafe-technologies,845556.0,4.0,,2008.0,2011.0,USA,Network Security,1
/organization/vendorshop,559904.0,2.0,2010.0,2011.0,2012.0,IRL,E-Commerce,0
/organization/venetica,7000000.0,1.0,,2003.0,2003.0,USA,Entertainment,1
/organization/venmo,1300000.0,3.0,2009.0,2009.0,2011.0,USA,Finance,1
/organization/venomtech-limited,539168.45532129,1.0,,2015.0,2015.0,,,0
/organization/ventrix-2,1877275.0,1.0,2005.0,2015.0,2015.0,,Biotechnology,0
/organization/venture-infotek-global-private,20000000.0,1.0,1997.0,2007.0,2007.0,IND,Software,1
/organization/ventureapp-2,2000000.0,1.0,,2015.0,2015.0,USA,Apps,0
/organization/venuetastic,,1.0,2010.0,2011.0,2011.0,USA,Curated Web,0
/organization/venuzle-com,353586.534667675,2.0,2013.0,2014.0,2014.0,AUT,Enterprise Software,0
/organization/veoh,70750000.0,4.0,2004.0,2005.0,2008.0,USA,Content,1
/organization/veolia-water-maroc,10100000.0,1.0,,2005.0,2005.0,,Services,0
/organization/veotag,1950000.0,2.0,,2007.0,2009.0,USA,Curated Web,1
/organization/verafin,65500000.0,2.0,2003.0,2009.0,2014.0,CAN,Security,0
/organization/verari-systems,47275000.0,3.0,1996.0,2003.0,2007.0,USA,Enterprise Software,0
/organization/veratect,4200000.0,1.0,,2009.0,2009.0,USA,Biotechnology,0
/organization/veraz-networks,10000000.0,1.0,,2007.0,2007.0,USA,Web Hosting,1
/organization/verdeeco,1514205.0,2.0,,2011.0,2012.0,USA,Analytics,1
/organization/verecho-inc,,1.0,2015.0,2015.0,2015.0,USA,Information Technology,0
/organization/verenium,97309564.0,2.0,,2008.0,2012.0,USA,Biotechnology,1
/organization/verical,6386422.0,4.0,2004.0,2006.0,2010.0,USA,E-Commerce,1
/organization/vericar,,1.0,2009.0,2009.0,2009.0,,Automotive,0
/organization/verication,,1.0,,2004.0,2004.0,,,0
/organization/vericenter,7000000.0,1.0,,2006.0,2006.0,,Enterprise Software,1
/organization/vericept,20500000.0,2.0,1999.0,2005.0,2008.0,USA,Software,1
/organization/verid,13200000.0,1.0,,2005.0,2005.0,,Security,1
/organization/verifone,17584713.0,1.0,1981.0,2011.0,2011.0,USA,Hardware + Software,1
/organization/verinata-health,58250000.0,3.0,,2009.0,2012.0,USA,Health and Wellness,1
/organization/verious,800000.0,1.0,2011.0,2011.0,2011.0,USA,Android,0
/organization/verisante-technology,1100000.0,1.0,2006.0,2013.0,2013.0,CAN,Hardware + Software,0
/organization/verivue,85000000.0,3.0,2006.0,2007.0,2009.0,USA,Communications Infrastructure,1
/organization/veriwave,18500000.0,2.0,,2005.0,2006.0,USA,Mobile,1
/organization/vermont-teddy-bear,,1.0,1981.0,2005.0,2005.0,USA,E-Commerce,1
/organization/verold,1600000.0,2.0,2010.0,2011.0,2014.0,CAN,Games,1
/organization/versa-media,2000000.0,3.0,2011.0,2011.0,2014.0,USA,Advertising,1
/organization/versafe,,1.0,2009.0,2012.0,2012.0,ISR,Finance,1
/organization/versatel-networks,8455968.3634037,1.0,,2005.0,2005.0,,Service Providers,0
/organization/verse-2,1400000.0,1.0,2015.0,2015.0,2015.0,,Payments,0
/organization/versly,,1.0,2009.0,2010.0,2010.0,USA,Collaboration,1
/organization/versonics,298695.0,1.0,,2009.0,2009.0,,Audio,0
/organization/versura,5000000.0,1.0,,2001.0,2001.0,,Education,0
/organization/vertascale,,1.0,,2012.0,2012.0,USA,Big Data Analytics,0
/organization/verteq,23055247.0,2.0,1985.0,1999.0,2002.0,USA,,0
/organization/vertica-systems,30500000.0,3.0,2005.0,2005.0,2007.0,USA,Analytics,1
/organization/vertical-acuity,6234609.0,5.0,2007.0,2008.0,2012.0,USA,Analytics,1
/organization/vertical-media,778425.0,1.0,2010.0,2012.0,2012.0,DEU,Media,1
/organization/vertical-performance-partners,1500000.0,1.0,,2011.0,2011.0,USA,Mobile,1
/organization/vertical-response,4417566.0,2.0,2001.0,2011.0,2012.0,USA,Software,1
/organization/vertical-wind-energy,1285623.0,1.0,,2010.0,2010.0,GBR,Clean Technology,0
/organization/verticals-ondemand,4000000.0,2.0,,2007.0,2008.0,USA,SaaS,0
/organization/vertro,250000.0,1.0,1998.0,2010.0,2010.0,USA,Software,1
/organization/veruta,289998.0,1.0,2008.0,2010.0,2010.0,USA,Advertising,1
/organization/vessel,100000.0,3.0,2012.0,2013.0,2014.0,USA,Analytics,1
/organization/vessix,1050000.0,2.0,2011.0,2012.0,2015.0,USA,Software,0
/organization/vessix-vascular,27700000.0,2.0,2003.0,2010.0,2011.0,USA,Health Care,1
/organization/vestiage,10000000.0,1.0,,2014.0,2014.0,USA,Health and Wellness,0
/organization/vetcentric,17500000.0,2.0,,2002.0,2010.0,USA,Biotechnology,1
/organization/veterancentral-com,150000.0,1.0,,2011.0,2011.0,USA,DOD/Military,0
/organization/veterati,,1.0,2015.0,2015.0,2015.0,,,0
/organization/vettro,15000000.0,1.0,1999.0,2007.0,2007.0,USA,Software,1
/organization/veveo,28000000.0,3.0,,1960.0,2007.0,USA,Mobile,1
/organization/vfa,6000000.0,2.0,1998.0,2001.0,2006.0,USA,Software,1
/organization/vhayu-technologies,10250000.0,1.0,1998.0,2005.0,2005.0,USA,Enterprise Software,1
/organization/via-optronics,5380000.0,1.0,,2010.0,2010.0,DEU,Hardware + Software,0
/organization/via-pharmaceuticals,13201397.0,2.0,,2009.0,2010.0,,Biotechnology,0
/organization/viacast-network-systeams,5000000.0,1.0,1996.0,1999.0,1999.0,,Information Technology,0
/organization/viacor,19009671.0,3.0,1999.0,2002.0,2010.0,USA,Health Care,0
/organization/viacore,3000000.0,1.0,1999.0,2009.0,2009.0,USA,Communities,1
/organization/viacycle,,1.0,2010.0,2012.0,2012.0,USA,Hardware + Software,0
/organization/viahero,25000.0,1.0,2015.0,2015.0,2015.0,,,0
/organization/viair,15000000.0,1.0,,2001.0,2001.0,USA,Services,1
/organization/viajo-com,,1.0,,2001.0,2001.0,ARG,,0
/organization/viamericas,6000000.0,1.0,1999.0,2014.0,2014.0,USA,E-Commerce,0
/organization/viap,850000.0,2.0,2010.0,2011.0,2011.0,,Software,0
/organization/viathan-corp,23500000.0,2.0,1999.0,1999.0,2000.0,USA,,0
/organization/viawest,65000000.0,1.0,1999.0,2012.0,2012.0,USA,Data Centers,1
/organization/viaziz-scam,2500.0,1.0,2011.0,2011.0,2011.0,,Auctions,0
/organization/vibrant-commercial-technologies,6750000.0,1.0,2006.0,2011.0,2011.0,USA,Software,0
/organization/vibrow,300000.0,1.0,2010.0,2010.0,2010.0,RUS,Browser Extensions,0
/organization/vicept-therapeutics,16000000.0,1.0,,2010.0,2010.0,USA,Biotechnology,1
/organization/vicino,600000.0,1.0,2012.0,2013.0,2013.0,USA,Social Media,0
/organization/vida-software,592000.0,1.0,2001.0,2005.0,2005.0,ESP,Software,0
/organization/vidaao,525000.0,3.0,2012.0,2012.0,2013.0,USA,E-Commerce,1
/organization/vidable,1000000.0,1.0,,2011.0,2011.0,USA,Advertising,0
/organization/vidacare,7874999.0,2.0,,2009.0,2010.0,USA,Hardware + Software,1
/organization/vidavee,6000000.0,1.0,,2006.0,2006.0,,Web Hosting,1
/organization/videmic-gmbh,275356.0,1.0,,2014.0,2014.0,DEU,Android,0
/organization/video-furnace,2000000.0,2.0,,2003.0,2004.0,USA,Software,1
/organization/video-networks,66000000.0,1.0,,2000.0,2000.0,USA,E-Commerce,0
/organization/videofropper,,1.0,2007.0,2008.0,2008.0,IND,Games,0
/organization/videoiq,37535089.0,6.0,2006.0,2007.0,2013.0,USA,Analytics,1
/organization/videonline-communications,12000000.0,1.0,,2007.0,2007.0,USA,Curated Web,0
/organization/videopassports,,1.0,,2007.0,2007.0,USA,Curated Web,0
/organization/videoplaza,17441786.0207046,3.0,2007.0,2008.0,2012.0,GBR,Advertising,1
/organization/videosurf,28000000.0,1.0,1840.0,2011.0,2011.0,USA,Hardware + Software,1
/organization/videscreen-networks,30000.0,1.0,,2010.0,2010.0,IND,Advertising,0
/organization/vidible,4450673.0,2.0,2012.0,2013.0,2014.0,USA,Advertising Exchanges,1
/organization/vidient,12000000.0,1.0,2003.0,2005.0,2005.0,USA,Analytics,0
/organization/vidiowiki,18885.0,1.0,,2012.0,2012.0,GBR,Intelligent Systems,0
/organization/vidmaker,668000.0,2.0,2011.0,2012.0,2012.0,USA,Collaboration,1
/organization/vidpay,150000.0,1.0,2008.0,2008.0,2008.0,,Advertising,0
/organization/vidschool,100000.0,1.0,,2009.0,2009.0,IRL,Curated Web,0
/organization/view2gether,,1.0,2009.0,2009.0,2009.0,USA,Social Media,0
/organization/viewahead-technology,1500000.0,1.0,,2003.0,2003.0,,Information Technology,0
/organization/viewceler,6500000.0,1.0,2002.0,2002.0,2002.0,USA,Business Productivity,0
/organization/viewdle,12000000.0,3.0,2006.0,2008.0,2010.0,USA,Analytics,1
/organization/viewfinder,,1.0,,2012.0,2012.0,USA,Curated Web,1
/organization/viewfinity,28660003.0,6.0,2007.0,2008.0,2013.0,USA,Enterprise Software,1
/organization/viggo-2,17136.0,1.0,,2015.0,2015.0,,Apps,0
/organization/vigil-technologies,5500000.0,1.0,,1999.0,1999.0,,,0
/organization/vigill,1200000.0,1.0,2011.0,2013.0,2013.0,IRL,Android,1
/organization/vigix,1146717.0,1.0,,2009.0,2009.0,USA,Software,1
/organization/vigno,,1.0,,2011.0,2011.0,DEU,E-Commerce,0
/organization/viigo,7861607.0,2.0,2004.0,2007.0,2008.0,CAN,Entertainment,1
/organization/viki,24300000.0,2.0,2010.0,2010.0,2011.0,USA,Crowdsourcing,1
/organization/village-laundry-service,,2.0,2008.0,2010.0,2011.0,IND,Finance,0
/organization/villagenetworks,40000000.0,1.0,,2000.0,2000.0,USA,Technology,0
/organization/villagize,,1.0,,2012.0,2012.0,,,0
/organization/villij,210000.0,3.0,2006.0,2006.0,2007.0,,Curated Web,1
/organization/vindigo-inc,6100000.0,1.0,,2002.0,2002.0,USA,Advertising,1
/organization/vine,,1.0,2012.0,2012.0,2012.0,USA,Mobile,1
/organization/vintela,3000000.0,1.0,,2004.0,2004.0,USA,Software,0
/organization/violife,,1.0,2004.0,2013.0,2013.0,USA,Curated Web,0
/organization/vionlabs,3000000.0,1.0,2010.0,2015.0,2015.0,SWE,Digital Media,0
/organization/vip-piano-club,,1.0,2013.0,2013.0,2013.0,USA,Education,0
/organization/vipstore-com,25073206.0,6.0,2009.0,2005.0,2012.0,CHN,E-Commerce,1
/organization/virage-logic-corporation,9500000.0,1.0,,2009.0,2009.0,USA,Semiconductors,1
/organization/viralheat,4325000.0,2.0,2011.0,2011.0,2011.0,USA,Enterprise Software,1
/organization/viralytics,27000000.0,1.0,,2014.0,2014.0,AUS,Biotechnology,0
/organization/virax,3000000.0,1.0,,2014.0,2014.0,AUS,Biotechnology,0
/organization/virdia,110500000.0,4.0,2007.0,2009.0,2012.0,USA,Clean Energy,1
/organization/virgance,750000.0,1.0,2008.0,2009.0,2009.0,USA,Apps,0
/organization/virgent-realty,,1.0,,2015.0,2015.0,USA,,0
/organization/virgin-mega-usa,,1.0,,2014.0,2014.0,,Retail,0
/organization/virgin-play,3860000.0,1.0,1995.0,2008.0,2008.0,ESP,Games,0
/organization/virident-systems,142332152.0,8.0,2006.0,2007.0,2013.0,USA,Clean Technology,1
/organization/viridity-software,15000000.0,2.0,2008.0,2008.0,2010.0,USA,Data Centers,1
/organization/virsto,24000000.0,3.0,2007.0,2009.0,2011.0,USA,Cloud Computing,1
/organization/virtela-technology-services,5136706.0,1.0,2001.0,2010.0,2010.0,USA,IT Management,1
/organization/virtensys,12000000.0,1.0,2005.0,2008.0,2008.0,GBR,Infrastructure,1
/organization/virtual-computer,21000000.0,2.0,2007.0,2008.0,2009.0,USA,Software,1
/organization/virtual-expert-clinics,3566841.0,3.0,2004.0,2004.0,2007.0,CAN,Education,1
/organization/virtual-fairground,4000000.0,1.0,2008.0,2009.0,2009.0,NLD,Games,0
/organization/virtual-iron-software,44500000.0,3.0,2003.0,2005.0,2008.0,USA,Software,1
/organization/virtual-race-bags,1550000.0,2.0,2010.0,2012.0,2012.0,USA,Advertising,0
/organization/virtual-silicon-technology,20000000.0,1.0,,2002.0,2002.0,USA,Semiconductors,0
/organization/virtual-telephone-telegraph,4000000.0,2.0,2006.0,2007.0,2009.0,USA,Cloud Computing,0
/organization/virtual-web,1000000.0,1.0,2008.0,2008.0,2008.0,ISR,Advertising,0
/organization/virtuallogix,29288979.0,5.0,2002.0,2004.0,2010.0,USA,Mobile,1
/organization/virtualqube,250000.0,1.0,,2014.0,2014.0,USA,Cloud Computing,0
/organization/virtualscopics,6800000.0,2.0,1990.0,2003.0,2012.0,USA,Biotechnology,0
/organization/virtualsharp-software,3911750.0,2.0,2010.0,2011.0,2012.0,USA,Software,1
/organization/virtualsolutions,,1.0,1998.0,2012.0,2012.0,USA,Software,1
/organization/virtuata,6000000.0,1.0,2010.0,2011.0,2011.0,USA,Security,1
/organization/virtuoso-branding,3674999.0,1.0,2015.0,2015.0,2015.0,,Services,0
/organization/virtuoz,38764000.0,4.0,2002.0,2005.0,2012.0,USA,Enterprise Software,1
/organization/virtustream,129642925.0,11.0,2008.0,2009.0,2015.0,USA,Enterprise Software,1
/organization/virxsys,84814349.0,4.0,,2005.0,2011.0,USA,Biotechnology,0
/organization/viryd-technologies,9812794.0,4.0,2007.0,2007.0,2010.0,USA,Clean Technology,0
/organization/viseto,,1.0,,2010.0,2010.0,DEU,E-Commerce,0
/organization/visibillity,7500000.0,1.0,,2002.0,2002.0,USA,Insurance,0
/organization/visibiz,1150000.0,1.0,2010.0,2010.0,2010.0,USA,CRM,0
/organization/visible-world,33000000.0,2.0,2000.0,2003.0,2008.0,USA,Advertising,1
/organization/visiblepath,28400000.0,3.0,2002.0,2004.0,2006.0,USA,Business Services,1
/organization/visibletechnologies,83302652.0,10.0,2005.0,2006.0,2014.0,USA,Analytics,1
/organization/visiogen,40000000.0,1.0,2001.0,2009.0,2009.0,USA,Health Care,1
/organization/vision-software-pty,15000000.0,1.0,,1999.0,1999.0,,,1
/organization/vision-source,108000000.0,1.0,1991.0,2011.0,2011.0,USA,Health Care,1
/organization/visionwaves,,1.0,2000.0,2010.0,2010.0,NLD,Information Technology,1
/organization/visiprise,32000000.0,1.0,1985.0,2005.0,2005.0,USA,Software,0
/organization/visit,500000.0,1.0,2015.0,2015.0,2015.0,,Health Care,0
/organization/visitorscafe,,1.0,2010.0,2011.0,2011.0,USA,Chat,0
/organization/visitrend,1250000.0,1.0,2009.0,2013.0,2013.0,,Analytics,1
/organization/vistascape,10500000.0,1.0,1999.0,2004.0,2004.0,USA,Computers,1
/organization/visual-revenue,2212000.0,2.0,2010.0,2011.0,2012.0,USA,Analytics,1
/organization/visualase-inc,8700000.0,2.0,2005.0,2010.0,2012.0,USA,Biotechnology,1
/organization/visualnest,235350.0,1.0,2012.0,2012.0,2012.0,,Enterprise Software,0
/organization/visumotion,799000.0,2.0,,2006.0,2007.0,DEU,Hardware + Software,1
/organization/visure,,1.0,,2005.0,2005.0,,,0
/organization/visuu,25000.0,1.0,2013.0,2013.0,2013.0,POL,Legal,0
/organization/vital-health-data-solutions,25000.0,1.0,,2014.0,2014.0,,Electronic Health Records,0
/organization/vital-labs-inc,3380000.0,1.0,2013.0,2015.0,2015.0,,Health Care,0
/organization/vitasoft,600000.0,1.0,2005.0,2012.0,2012.0,RUS,Software,0
/organization/vitrinepix,,1.0,2010.0,2011.0,2011.0,,E-Commerce,1
/organization/vitrue,33000000.0,4.0,2006.0,2006.0,2011.0,USA,Advertising,1
/organization/viva-dengi,15000000.0,1.0,2011.0,2012.0,2012.0,RUS,Financial Services,0
/organization/viva-vision,7000000.0,2.0,1999.0,2007.0,2008.0,USA,Curated Web,0
/organization/vivabiocell,606672.0,1.0,,2007.0,2007.0,BRA,Biotechnology,1
/organization/vivacta,18405538.0,2.0,1991.0,2007.0,2010.0,GBR,Health Care,0
/organization/vivant,11600000.0,1.0,,1999.0,1999.0,USA,,1
/organization/vivasmart,250000.0,1.0,1999.0,1999.0,1999.0,,Comparison Shopping,1
/organization/vivaty,9400000.0,1.0,2007.0,2007.0,2007.0,USA,Curated Web,0
/organization/vivid-logic,5999997.0,2.0,1999.0,2005.0,2009.0,USA,Games,1
/organization/vivid-restaurant-concepts,3000000.0,1.0,,2007.0,2007.0,USA,,0
/organization/vivint-solar,280000000.0,1.0,2011.0,2014.0,2014.0,USA,Clean Technology,1
/organization/vivity-labs,1000000.0,1.0,2007.0,2008.0,2008.0,CAN,Games,1
/organization/vivotech,27200000.0,3.0,2001.0,2007.0,2012.0,USA,Mobile,1
/organization/vivoxid,6230000.0,1.0,2001.0,2005.0,2005.0,FIN,Health Care,0
/organization/vivsimo,5660000.0,5.0,,2000.0,2008.0,USA,Enterprise Software,1
/organization/vivu,3000000.0,3.0,2009.0,2008.0,2011.0,USA,Messaging,1
/organization/viximo,5000000.0,1.0,,2009.0,2009.0,USA,Games,1
/organization/vixxi-solutions,4000000.0,1.0,2005.0,2007.0,2007.0,USA,Web Hosting,1
/organization/vizbee,,1.0,,2015.0,2015.0,,,0
/organization/vizi-labs,4300000.0,1.0,,2010.0,2010.0,,Hardware + Software,0
/organization/vizibility,4705910.0,5.0,2009.0,2010.0,2013.0,USA,Brand Marketing,1
/organization/vizify,1510000.0,5.0,2011.0,2011.0,2013.0,USA,Curated Web,1
/organization/vizu,13075000.0,4.0,2005.0,2006.0,2012.0,USA,Advertising,1
/organization/vjive,22600000.0,1.0,,2007.0,2007.0,,,0
/organization/vjsual-yym-media-solutions-gmbh,316143.0,1.0,2014.0,2014.0,2014.0,,Content,0
/organization/vkernel-corporation,11655000.0,2.0,2007.0,2008.0,2009.0,USA,Software,1
/organization/vlingo,26500000.0,3.0,2006.0,2006.0,2009.0,USA,Audio,1
/organization/vmg-health,,1.0,1995.0,2015.0,2015.0,USA,Financial Services,1
/organization/vmovier,,1.0,,2014.0,2014.0,,,0
/organization/vmware,368500000.0,2.0,1998.0,2007.0,2007.0,USA,Software,1
/organization/vocab,331465.0,1.0,2002.0,2008.0,2008.0,SWE,Software,0
/organization/vocaldata,44500000.0,2.0,,2000.0,2003.0,USA,Internet,1
/organization/vocaliq,1275575.0,1.0,2011.0,2014.0,2014.0,GBR,Audio,1
/organization/vocalizelocal,40000.0,1.0,,2013.0,2013.0,USA,Advertising,0
/organization/vocalizr,,1.0,2012.0,2015.0,2015.0,AUS,Music Services,0
/organization/vocalocity,46617107.0,17.0,2007.0,2002.0,2011.0,USA,Communications Hardware,1
/organization/vocalytics,59440.0,1.0,,2011.0,2011.0,IRL,Audio,0
/organization/vocent,6400000.0,1.0,2001.0,2005.0,2005.0,USA,Software,1
/organization/vocollect,15000000.0,1.0,1988.0,2009.0,2009.0,USA,Chat,1
/organization/voice123,,1.0,,2002.0,2002.0,COL,Advertising,1
/organization/voicegem,,1.0,2012.0,2012.0,2012.0,USA,Messaging,1
/organization/voicegenie-technologies,10000000.0,1.0,,2003.0,2003.0,,Computers,0
/organization/voicendo,,1.0,2009.0,2011.0,2011.0,USA,Audio,0
/organization/voiceobjects,22300000.0,2.0,2001.0,2005.0,2006.0,DEU,Messaging,1
/organization/voiceup,12500.0,1.0,,2015.0,2015.0,,Alumni,0
/organization/vois,1000000.0,2.0,2006.0,2008.0,2010.0,USA,Consulting,0
/organization/volans-i,,1.0,2015.0,2015.0,2015.0,USA,B2B Express Delivery,0
/organization/volantis,7500000.0,2.0,2000.0,2000.0,2005.0,GBR,Software,1
/organization/volas-entertainment,,1.0,2004.0,2006.0,2006.0,ISR,Content,1
/organization/volly,400000.0,1.0,2010.0,2010.0,2010.0,USA,Career Planning,1
/organization/volomedia,12000000.0,2.0,2005.0,2007.0,2008.0,USA,Advertising,0
/organization/volometrix,16900000.0,3.0,2011.0,2012.0,2014.0,USA,Analytics,1
/organization/voltage-security,39225000.0,4.0,2002.0,2003.0,2014.0,USA,Databases,1
/organization/voltaire,45200000.0,4.0,1997.0,2001.0,2005.0,USA,Computers,1
/organization/voltaix,21500000.0,2.0,1986.0,2008.0,2009.0,USA,Semiconductors,1
/organization/volubill,29243184.4131357,2.0,2001.0,2005.0,2007.0,MAF,Software,1
/organization/volunia,2945400.0,1.0,,2008.0,2008.0,ITA,Search,0
/organization/volvam,40968.0,1.0,,2013.0,2013.0,,Customer Service,0
/organization/vontoo,2192000.0,2.0,2005.0,2009.0,2011.0,USA,Audio,0
/organization/vontu,35000000.0,3.0,2001.0,2003.0,2006.0,USA,Software,1
/organization/vonvon,2600000.0,1.0,,2015.0,2015.0,KOR,Internet,0
/organization/vordel,10000000.0,1.0,,2001.0,2001.0,IRL,Cloud Security,1
/organization/vormetric,45000000.0,4.0,2001.0,2002.0,2013.0,USA,Enterprise Software,1
/organization/vostok-emerging-finance,70052622.8631269,1.0,,2015.0,2015.0,,Finance,0
/organization/votertide,500000.0,1.0,2011.0,2012.0,2012.0,USA,Analytics,1
/organization/votizen,2250000.0,2.0,2009.0,2010.0,2012.0,USA,Curated Web,1
/organization/vouchar,96505.0,1.0,2010.0,2011.0,2011.0,,Advertising,0
/organization/vouchedfor,7665000.0,4.0,2012.0,2013.0,2015.0,GBR,Accounting,0
/organization/voverc,67148.0,1.0,2015.0,2015.0,2015.0,ITA,Entrepreneur,0
/organization/vovici,19023247.0,4.0,2006.0,2007.0,2010.0,USA,Communities,1
/organization/voxbone,1522481.0,1.0,2005.0,2007.0,2007.0,BEL,Enterprise Software,1
/organization/voxel-dot-net,5500000.0,1.0,1999.0,2011.0,2011.0,USA,Content Delivery,1
/organization/voxeo,9000000.0,1.0,1999.0,2009.0,2009.0,DEU,Chat,1
/organization/voxify,33000000.0,3.0,2001.0,2005.0,2010.0,USA,Enterprise Software,1
/organization/voxli,15000.0,1.0,,2009.0,2009.0,USA,Messaging,0
/organization/voxound,75000.0,1.0,2008.0,2008.0,2008.0,,Music,0
/organization/voxpop,3500000.0,2.0,2006.0,2007.0,2009.0,USA,Games,1
/organization/voxware-inc,7850000.0,3.0,1993.0,2003.0,2014.0,USA,Audio,0
/organization/voxxter,225000.0,2.0,2011.0,2012.0,2013.0,RUS,Travel & Tourism,0
/organization/voyage-medical,46415000.0,4.0,2006.0,2006.0,2012.0,USA,Health Care,0
/organization/voyant-technologies,15000000.0,1.0,,2000.0,2000.0,,Information Technology,1
/organization/voyence,12000000.0,1.0,2000.0,2004.0,2004.0,USA,Design,1
/organization/vpisystems,19765861.0,3.0,1997.0,2005.0,2010.0,USA,Software,1
/organization/vputi,50000.0,1.0,,2013.0,2013.0,RUS,Consumers,0
/organization/vqiao-com,3000000.0,1.0,2014.0,2014.0,2014.0,,Beauty,0
/organization/vrezey-pty-ltd,77678.0,1.0,2015.0,2015.0,2015.0,,Innovation Management,0
/organization/vrt-insurance-services,5000000.0,1.0,,2007.0,2007.0,USA,Healthcare Services,0
/organization/vse-evakuatory-rossii,25000.0,1.0,,2013.0,2013.0,,Service Providers,0
/organization/vsk-photonics,18000000.0,1.0,,2001.0,2001.0,USA,Telecommunications,0
/organization/vss-monitoring,20000000.0,1.0,2003.0,2010.0,2010.0,USA,Enterprise Software,1
/organization/vt-silicon,8800000.0,2.0,2002.0,2007.0,2008.0,USA,Semiconductors,0
/organization/vtago,25000.0,1.0,2012.0,2012.0,2012.0,ISR,Software,0
/organization/vudu,36000000.0,3.0,2004.0,2005.0,2008.0,USA,Games,1
/organization/vue-technology,5020000.0,1.0,,2006.0,2006.0,USA,Manufacturing,1
/organization/vultr-holdings-llc,,1.0,,2014.0,2014.0,USA,Cloud Computing,0
/organization/vurv-technology,22200000.0,2.0,,2003.0,2006.0,USA,Career Management,1
/organization/vusion,,1.0,,2008.0,2008.0,USA,Games,1
/organization/vuze,34000000.0,3.0,2005.0,2006.0,2007.0,USA,Software,1
/organization/vyance,1250000.0,1.0,2014.0,2015.0,2015.0,USA,Cloud Infrastructure,0
/organization/vyant-technologies,3000000.0,1.0,,2003.0,2003.0,,Software,0
/organization/vyatta,40800000.0,4.0,2005.0,2006.0,2011.0,USA,Software,1
/organization/vyre-limited,1515078.0,1.0,,2010.0,2010.0,GBR,Web Hosting,1
/organization/vysr,2000000.0,1.0,,2008.0,2008.0,USA,Curated Web,0
/organization/vá-de-táxi,517241.0,1.0,2013.0,2013.0,2013.0,BRA,Internet,0
/organization/w-w-communications,1200000.0,1.0,2001.0,2005.0,2005.0,USA,Hardware + Software,1
/organization/wabeebwa,5000.0,1.0,2011.0,2011.0,2011.0,USA,Coupons,0
/organization/wacul-inc,2389453.0,1.0,2010.0,2015.0,2015.0,,Apps,0
/organization/waddapp-com,453176.0,1.0,2012.0,2012.0,2012.0,NLD,Data Mining,0
/organization/waddle,,1.0,2011.0,2011.0,2011.0,USA,Mobile,0
/organization/wagaduu,16876.0,1.0,2012.0,2015.0,2015.0,USA,E-Commerce,0
/organization/wahanda,110755159.097956,5.0,2008.0,2008.0,2015.0,GBR,Beauty,1
/organization/waitknowmore,85000.0,1.0,2014.0,2015.0,2015.0,,Customer Service,0
/organization/waitron,,1.0,,2015.0,2015.0,USA,,0
/organization/wakemate,,3.0,2009.0,2009.0,2010.0,USA,Hardware + Software,0
/organization/wakonda-technologies,3160000.0,1.0,2005.0,2008.0,2008.0,USA,Clean Technology,0
/organization/wakozi,,1.0,,2006.0,2006.0,USA,Curated Web,0
/organization/waldo-2,50000.0,1.0,,2015.0,2015.0,,Apps,0
/organization/walkby,650000.0,2.0,2012.0,2012.0,2013.0,USA,E-Commerce,0
/organization/walkscore,2000000.0,1.0,2007.0,2012.0,2012.0,USA,Location Based Services,1
/organization/wallaby-financial,1100000.0,1.0,2012.0,2012.0,2012.0,USA,Cloud Computing,1
/organization/walldress,170000.0,1.0,2010.0,2011.0,2011.0,FRA,Fashion,0
/organization/wallerius,233644.0,1.0,1955.0,2006.0,2006.0,BRA,Consumer Goods,0
/organization/wallstrip,600000.0,1.0,2006.0,2007.0,2007.0,,News,1
/organization/walusimbi-co,2800000.0,2.0,,2013.0,2013.0,TAN,Enterprise Software,0
/organization/wander,1200000.0,2.0,2011.0,2012.0,2012.0,USA,Blogging Platforms,1
/organization/wanderfly,1400000.0,2.0,2009.0,2009.0,2011.0,USA,Reviews and Recommendations,1
/organization/wangyou,11120000.0,2.0,,2006.0,2007.0,CHN,Games,0
/organization/wannafun,450000.0,1.0,2011.0,2012.0,2012.0,RUS,Online Dating,0
/organization/wannyi,,1.0,2013.0,2014.0,2014.0,CHN,,0
/organization/wanova,23000000.0,6.0,,2008.0,2011.0,USA,Enterprise Software,1
/organization/want-me-get-me,,1.0,2011.0,2011.0,2011.0,USA,Information Technology,1
/organization/wanted-technologies,13622803.0,6.0,1997.0,1999.0,2014.0,USA,Analytics,1
/organization/wantering,1356320.0,3.0,2011.0,2012.0,2014.0,CAN,E-Commerce,1
/organization/wantful,5500000.0,1.0,2011.0,2012.0,2012.0,USA,E-Commerce,0
/organization/wantworthy,1018000.0,3.0,2011.0,2011.0,2012.0,USA,Curated Web,0
/organization/wap-3g-net-cn,,1.0,,2005.0,2005.0,,,0
/organization/waple,,1.0,2015.0,2015.0,2015.0,KOR,Apps,0
/organization/wappa,,1.0,2005.0,2005.0,2005.0,,,0
/organization/warehouse-2,729000.0,1.0,2015.0,2015.0,2015.0,,,0
/organization/warwick-analytical-software-limited,608507.581141295,1.0,,2015.0,2015.0,,,0
/organization/watch-hill-partners-2,3000000.0,1.0,2001.0,2001.0,2001.0,USA,Consulting,1
/organization/watchdox,35750000.0,4.0,2008.0,2008.0,2013.0,USA,Enterprise Software,1
/organization/watchguard,,1.0,1996.0,2006.0,2006.0,USA,Software,1
/organization/watchmark,26600000.0,1.0,,2001.0,2001.0,USA,Telecommunications,0
/organization/waterstone-pharmaceuticals,22392121.0,2.0,2008.0,2012.0,2012.0,CHN,Biotechnology,0
/organization/wattage,200000.0,1.0,,2014.0,2014.0,CAN,Consumer Electronics,0
/organization/wauwaa,1631712.0,3.0,2013.0,2013.0,2014.0,GBR,Advice,0
/organization/wave-systems,1000000.0,1.0,1988.0,2013.0,2013.0,USA,Software,0
/organization/wave7-optics,59500000.0,3.0,,2002.0,2004.0,USA,Technology,1
/organization/wavecheck,100000.0,1.0,,2014.0,2014.0,CAN,Health Care,0
/organization/waveit,125000.0,1.0,,2014.0,2014.0,ISR,Apps,0
/organization/wavemaker,15920000.0,4.0,2003.0,2005.0,2011.0,USA,Application Platforms,1
/organization/wavemark,18818374.0,5.0,2003.0,2009.0,2012.0,USA,Health Care,0
/organization/wavesat,22110000.0,3.0,1993.0,2000.0,2009.0,CAN,Semiconductors,1
/organization/wavestream,35000035.0,2.0,,2006.0,2009.0,USA,Manufacturing,1
/organization/wavetec-vision,91143286.0,10.0,1997.0,2007.0,2014.0,USA,Biotechnology,1
/organization/wavii,2000000.0,1.0,2009.0,2010.0,2010.0,USA,Curated Web,1
/organization/way-systems,36132514.0,4.0,2002.0,2004.0,2009.0,USA,Mobile,1
/organization/wayconnected,,1.0,,2010.0,2010.0,USA,Contact Management,0
/organization/wayerz,2400000.0,2.0,2014.0,2015.0,2015.0,USA,Finance Technology,0
/organization/waymedia-2,25000.0,1.0,2014.0,2014.0,2014.0,,Mobile Advertising,0
/organization/wayport,35000000.0,2.0,,2002.0,2004.0,USA,Hardware + Software,1
/organization/ways-of-eating,907665.232891771,1.0,2014.0,2015.0,2015.0,,Apps,0
/organization/waywire,1750000.0,1.0,2012.0,2012.0,2012.0,USA,Entertainment,1
/organization/waze,67000000.0,3.0,2007.0,2008.0,2011.0,USA,Navigation,1
/organization/wazoo-sports,2000000.0,1.0,,2008.0,2008.0,USA,Sports,0
/organization/we-are-cloud,5000000.0,2.0,2009.0,2009.0,2013.0,FRA,Big Data Analytics,1
/organization/wealth-at-work,,1.0,,2011.0,2011.0,GBR,Finance,1
/organization/weare-us,50000.0,1.0,2007.0,2008.0,2008.0,USA,Advertising,0
/organization/wearesupernova,20200000.0,3.0,2010.0,2010.0,2012.0,USA,Mobile,1
/organization/weartolook,,1.0,2012.0,2012.0,2012.0,GBR,Fashion,0
/organization/weatherista,500000.0,1.0,,2010.0,2010.0,USA,Curated Web,0
/organization/weathermob,1010000.0,2.0,2011.0,2012.0,2013.0,USA,Crowdsourcing,1
/organization/weave-ai,118000.0,1.0,,2015.0,2015.0,GBR,Apps,0
/organization/weavly,18852.0,1.0,,2012.0,2012.0,AUT,Service Providers,0
/organization/webcarzz,4000000.0,1.0,,2008.0,2008.0,,Games,0
/organization/webcollage,20643295.0,5.0,1999.0,2007.0,2010.0,USA,Analytics,1
/organization/webevent,2000000.0,1.0,,2001.0,2001.0,USA,Internet,1
/organization/webevents,446000.0,1.0,,2008.0,2008.0,GBR,Advertising,0
/organization/webgen-systems,9500000.0,1.0,,2006.0,2006.0,USA,Software,0
/organization/webify-solutions,18500000.0,2.0,2002.0,2004.0,2005.0,USA,Software,1
/organization/webinarhero,,1.0,,2009.0,2009.0,USA,Curated Web,0
/organization/webland,4700000.0,2.0,,1999.0,2001.0,,,0
/organization/webmedx,,1.0,,1996.0,1996.0,USA,Biotechnology,1
/organization/webpay,1340000.0,3.0,2010.0,2010.0,2014.0,JPN,Cloud Computing,1
/organization/webrage-2,1215845.0,1.0,2009.0,2015.0,2015.0,JPN,Design,0
/organization/webraska,9785852.91863063,1.0,,2000.0,2000.0,,,0
/organization/webridge,22000000.0,1.0,,2000.0,2000.0,USA,,1
/organization/websense,18000000.0,1.0,1994.0,2006.0,2006.0,USA,Security,1
/organization/webshastra-pvt-ltd,10000000.0,1.0,,2005.0,2005.0,IND,Internet,1
/organization/webtalk-2,,1.0,,2013.0,2013.0,,,0
/organization/webtone-technologies,20000000.0,1.0,,2002.0,2002.0,,Customer Support Tools,0
/organization/webupo,1552.0,1.0,2011.0,2011.0,2011.0,GBR,Curated Web,0
/organization/webvan,400000000.0,2.0,,1998.0,1999.0,USA,Commodities,0
/organization/webvisible,37000000.0,3.0,2001.0,2005.0,2010.0,USA,Advertising,0
/organization/wecomm,6033020.73348125,1.0,,2007.0,2007.0,GBR,Mobile,1
/organization/wedding-party,1000000.0,2.0,2012.0,2013.0,2013.0,USA,iPhone,1
/organization/wedeliver,800000.0,1.0,2013.0,2014.0,2014.0,USA,E-Commerce,1
/organization/weemba,10455481.0,2.0,2011.0,2009.0,2011.0,USA,Finance,0
/organization/weepo-2,500000.0,1.0,2013.0,2015.0,2015.0,,Internet,0
/organization/weetabix,,1.0,1932.0,2015.0,2015.0,GBR,Food Processing,1
/organization/weeve,4919.0,1.0,2011.0,2012.0,2012.0,CAN,Nonprofits,1
/organization/weezic,1000000.0,1.0,2011.0,2013.0,2013.0,FRA,Music,1
/organization/wegame,3500000.0,2.0,1840.0,2007.0,2008.0,USA,Social Media,1
/organization/wehostels,1265000.0,3.0,2011.0,2011.0,2012.0,USA,E-Commerce,1
/organization/weiboagent,,1.0,,2012.0,2012.0,,,0
/organization/weilos,,1.0,,2013.0,2013.0,USA,Health and Wellness,1
/organization/welike-2,7000000.0,1.0,,2013.0,2013.0,,Application Platforms,0
/organization/wellapps,145000.0,1.0,2009.0,2011.0,2011.0,USA,Hardware + Software,1
/organization/wellaware-systems,10810000.0,3.0,2000.0,2009.0,2012.0,USA,Biotechnology,1
/organization/wellcore,7499994.0,2.0,2007.0,2009.0,2010.0,USA,Hardware + Software,0
/organization/wellin5-inc,100000.0,1.0,2014.0,2014.0,2014.0,,Healthcare Services,0
/organization/wellnessliving-systems-inc,1570532.0,1.0,2013.0,2013.0,2013.0,,Health and Wellness,0
/organization/wellocities,1055547.0,1.0,,2007.0,2007.0,CAN,Social Media,0
/organization/wellogix,8000000.0,1.0,1998.0,2005.0,2005.0,USA,Business Services,0
/organization/wellsphere,3000000.0,1.0,,2007.0,2007.0,USA,Health and Wellness,1
/organization/wemash,,1.0,,2015.0,2015.0,,,0
/organization/wematter,285632.0,1.0,,2015.0,2015.0,,3D Printing,0
/organization/weplay,12970000.0,3.0,2008.0,2006.0,2008.0,USA,Social Media,1
/organization/wepress-app,15000.0,1.0,2014.0,2014.0,2014.0,,Apps,0
/organization/wer-liefert-was,,1.0,1932.0,2013.0,2013.0,DEU,Enterprise Software,1
/organization/werkadoo,200000.0,1.0,2009.0,2009.0,2009.0,USA,Consumer Electronics,0
/organization/wesabe,4700000.0,2.0,2005.0,2007.0,2007.0,USA,Finance,0
/organization/weservehomes-com,15000000.0,1.0,,2001.0,2001.0,,Consumers,0
/organization/weshop,5750000.0,2.0,,2010.0,2011.0,USA,Curated Web,0
/organization/weshow,5000000.0,1.0,2007.0,2007.0,2007.0,USA,Games,0
/organization/western-window-systems,,1.0,,2015.0,2015.0,,,0
/organization/westlake-hardware,,1.0,,2006.0,2006.0,USA,Hardware,0
/organization/westwave-communications,6000000.0,1.0,1998.0,1999.0,1999.0,USA,,0
/organization/westyleasia,,1.0,2015.0,2015.0,2015.0,,,0
/organization/wesync-tv,100000.0,1.0,2011.0,2011.0,2011.0,CHL,Mobile,0
/organization/wet-electrics,500000.0,1.0,2000.0,2002.0,2002.0,USA,Services,0
/organization/wetfeet,9000000.0,1.0,1994.0,2000.0,2000.0,USA,Career Management,1
/organization/wetpaint,39750000.0,3.0,2005.0,2005.0,2008.0,USA,Curated Web,1
/organization/whale-communications,38000000.0,4.0,1998.0,2000.0,2006.0,USA,Security,1
/organization/whale-shark-media,299500000.0,5.0,2007.0,2009.0,2011.0,USA,Advertising,1
/organization/whaleback-systems,17385483.0,9.0,2004.0,2005.0,2010.0,USA,Web Hosting,0
/organization/what-the-trend,,1.0,2009.0,2009.0,2009.0,,Curated Web,1
/organization/what-they-like,1500000.0,1.0,2007.0,2007.0,2007.0,USA,Curated Web,0
/organization/whatsapp,58250000.0,3.0,2009.0,2009.0,2013.0,USA,Messaging,1
/organization/whatsbuzzing,1000000.0,1.0,,2006.0,2006.0,,,0
/organization/wheelz,15700000.0,2.0,2011.0,2011.0,2012.0,USA,Automotive,1
/organization/whenu-com,35000000.0,2.0,,2005.0,2005.0,USA,Software,0
/organization/where-com,22358207.0,5.0,2004.0,2003.0,2009.0,USA,E-Commerce,1
/organization/where-ive-been,1750000.0,2.0,2007.0,2008.0,2010.0,USA,Facebook Applications,1
/organization/whereistand-com,300000.0,1.0,,2008.0,2008.0,USA,Content,0
/organization/wherenet,5000000.0,1.0,1997.0,2005.0,2005.0,USA,Hardware + Software,1
/organization/whereoscope,,1.0,,2010.0,2010.0,USA,Hardware + Software,0
/organization/whipcar,,1.0,2009.0,2009.0,2009.0,GBR,Automotive,0
/organization/whiptail,31000000.0,3.0,,2011.0,2012.0,USA,Enterprise Software,1
/organization/whisher,3159200.0,2.0,2006.0,2006.0,2007.0,ESP,File Sharing,1
/organization/whiskey-media,4000000.0,2.0,2007.0,2009.0,2009.0,USA,Curated Web,1
/organization/white-amber-inc,13000000.0,2.0,,2002.0,2003.0,,Services,1
/organization/white-label,10000000.0,1.0,,2003.0,2003.0,USA,Enterprise Software,0
/organization/white-rock,15500000.0,1.0,1999.0,2005.0,2005.0,USA,Web Hosting,1
/organization/whitehill-technologies,3396991.0,1.0,,2004.0,2004.0,CAN,Software,0
/organization/whitelight-systems,7000000.0,1.0,1992.0,2001.0,2001.0,USA,Business Services,1
/organization/whitenoise-networks,,1.0,,2007.0,2007.0,USA,Music,0
/organization/whitewire,,1.0,,2008.0,2008.0,,,0
/organization/whitfield-solar,4460015.0,1.0,2004.0,2009.0,2009.0,GBR,Clean Technology,0
/organization/whobyyou,150000.0,1.0,2008.0,2008.0,2008.0,USA,Curated Web,0
/organization/whocanhelp-com,730000.0,2.0,2009.0,2010.0,2011.0,USA,Curated Web,0
/organization/whole-optics,5000000.0,1.0,2000.0,2005.0,2005.0,ISR,Semiconductors,0
/organization/wholesome-goodness,,1.0,,2013.0,2013.0,USA,,0
/organization/wi-chi,7000000.0,1.0,2008.0,2008.0,2008.0,USA,Nanotechnology,0
/organization/wibiya,2000000.0,1.0,2008.0,2010.0,2010.0,USA,Curated Web,1
/organization/wichorus,42500000.0,4.0,2005.0,2005.0,2008.0,USA,Web Hosting,1
/organization/wicom-communications,12000000.0,1.0,,2001.0,2001.0,,Information Technology,1
/organization/wideangle-metrics,100000.0,1.0,2009.0,2010.0,2010.0,USA,Analytics,0
/organization/widemile,9500000.0,2.0,,2005.0,2007.0,USA,Public Relations,1
/organization/widevine,66300000.0,6.0,1998.0,2000.0,2009.0,USA,Consumer Electronics,1
/organization/wifi-online,603000.0,1.0,,2006.0,2006.0,,Mobile,0
/organization/wiggio,2939581.0,4.0,2008.0,2008.0,2012.0,USA,Collaboration,1
/organization/wijhoudenvanvers,,1.0,,2015.0,2015.0,NLD,Delivery,0
/organization/wikets,1500000.0,1.0,,2011.0,2011.0,,E-Commerce,0
/organization/wikicell-designs,10000000.0,1.0,,2012.0,2012.0,USA,Hospitality,0
/organization/wikidata,200000.0,1.0,,2013.0,2013.0,,Big Data Analytics,0
/organization/wild-east-group,,1.0,,2015.0,2015.0,IND,,1
/organization/wild-needle,2500000.0,1.0,2010.0,2010.0,2010.0,USA,Mobile,1
/organization/wild-pockets,,1.0,2006.0,2009.0,2009.0,USA,Games,0
/organization/wildblue,50000000.0,1.0,2004.0,2008.0,2008.0,USA,Web Hosting,1
/organization/wildcard-payments,100000.0,1.0,2008.0,2015.0,2015.0,,Bitcoin,0
/organization/wildcard-systems,14500000.0,1.0,1995.0,2001.0,2001.0,USA,Finance,1
/organization/wildfire-interactive,14100000.0,4.0,2008.0,2008.0,2011.0,USA,Advertising,1
/organization/wildwood-harvest,3300000.0,1.0,,2001.0,2001.0,,Consumer Goods,0
/organization/wilinx,15000000.0,1.0,2003.0,2007.0,2007.0,USA,Semiconductors,0
/organization/will-bermender-equity-partners,,1.0,2013.0,2015.0,2015.0,USA,,0
/organization/willcall,2100000.0,3.0,2010.0,2011.0,2013.0,USA,Events,1
/organization/wilocity,55000000.0,2.0,2007.0,2010.0,2013.0,ISR,Semiconductors,1
/organization/wily-technology,15000000.0,1.0,1998.0,2003.0,2003.0,USA,Software,1
/organization/wimba,25089334.0,5.0,,2004.0,2010.0,USA,Software,1
/organization/winbox-technologies,1560000.0,1.0,,2008.0,2008.0,DEU,Hardware + Software,0
/organization/winbuyer,6900000.0,1.0,2005.0,2009.0,2009.0,GBR,Software,0
/organization/windensity,13000000.0,1.0,2006.0,2008.0,2008.0,USA,Clean Technology,0
/organization/windpipe,51000.0,2.0,2010.0,2012.0,2014.0,USA,Hardware + Software,0
/organization/winecrasher-com,,1.0,2015.0,2015.0,2015.0,USA,,0
/organization/winedirect-2,25500100.0,3.0,2004.0,2007.0,2012.0,USA,Software,0
/organization/winemenow,,1.0,,2012.0,2012.0,USA,,0
/organization/wineta,16781.0,1.0,2012.0,2015.0,2015.0,FRA,Customer Service,0
/organization/winetworks,19000000.0,2.0,2002.0,2006.0,2009.0,USA,Mobile,0
/organization/winfreecandy,,1.0,,2006.0,2006.0,,,0
/organization/wink,6200000.0,1.0,2004.0,2005.0,2005.0,USA,Search,1
/organization/winning-pitch,4205355.0,1.0,2006.0,2014.0,2014.0,GBR,Consulting,0
/organization/winphoria-networks,84000000.0,2.0,,2001.0,2003.0,USA,Databases,1
/organization/wintegra,50461490.0,7.0,2000.0,2000.0,2008.0,USA,Web Hosting,1
/organization/winz,,1.0,,2015.0,2015.0,,Apps,0
/organization/wipit,999997.0,4.0,2010.0,2010.0,2013.0,USA,Finance,1
/organization/wiral-internet-group,3000000.0,1.0,2006.0,2008.0,2008.0,SWE,Curated Web,0
/organization/wirama,1000000.0,1.0,2006.0,2007.0,2007.0,USA,Hardware + Software,0
/organization/wireless-audio-ip-bv,6000000.0,1.0,,2007.0,2007.0,NLD,Audio,1
/organization/wireless-fitness,56526.0,1.0,2012.0,2012.0,2012.0,,Apps,0
/organization/wireless-generation,5911021.0,1.0,,2010.0,2010.0,USA,Software,1
/organization/wireless-technology-partners,,1.0,,2006.0,2006.0,,,0
/organization/wis-dm,5000000.0,1.0,2006.0,2007.0,2007.0,USA,Social Media,0
/organization/wisair,55833663.0,5.0,2001.0,2006.0,2011.0,ISR,Semiconductors,0
/organization/wise-systems,120000.0,1.0,2014.0,2015.0,2015.0,,Enterprise Software,0
/organization/wise-velocity,12048.0,1.0,,2014.0,2014.0,,,0
/organization/wiseri,163524.0,1.0,2010.0,2011.0,2011.0,ESP,Artificial Intelligence,0
/organization/wisetivi,620000.0,2.0,2011.0,2011.0,2012.0,USA,Consumer Electronics,0
/organization/wishery,,1.0,2011.0,2011.0,2011.0,USA,CRM,1
/organization/wishpot,1395100.0,3.0,2006.0,2006.0,2008.0,USA,E-Commerce,1
/organization/wistla,,1.0,2014.0,2014.0,2014.0,GBR,Entertainment,0
/organization/wit-ai,3000000.0,2.0,2013.0,2014.0,2014.0,USA,Software,1
/organization/witel,4000000.0,1.0,2007.0,2007.0,2007.0,,Mobile,0
/organization/witown,,2.0,2012.0,2012.0,2014.0,,,0
/organization/witsbits,206447.0,2.0,2004.0,2006.0,2010.0,USA,Cloud Computing,1
/organization/wittlebee,2500000.0,1.0,2012.0,2012.0,2012.0,USA,E-Commerce,1
/organization/wizboo,69585.0,1.0,2008.0,2009.0,2009.0,,Advertising,0
/organization/wize,4988000.0,2.0,2006.0,2007.0,2008.0,USA,E-Commerce,1
/organization/wizee-2,500000.0,1.0,2010.0,2011.0,2011.0,FRA,Brand Marketing,1
/organization/wizzgo,2500000.0,2.0,2006.0,2007.0,2008.0,FRA,Games,0
/organization/wokup,11701776.0,1.0,2000.0,2002.0,2002.0,FRA,Document Management,1
/organization/woldme,1500000.0,1.0,2007.0,2007.0,2007.0,,Games,0
/organization/wolf-minerals,183000000.0,1.0,,2014.0,2014.0,AUS,Clean Technology,0
/organization/wolverine-advanced-materials,,1.0,,2011.0,2011.0,USA,,1
/organization/women-com,120000.0,1.0,1992.0,2014.0,2014.0,USA,Internet,1
/organization/wonder-3,,1.0,,2014.0,2014.0,,,0
/organization/wonder-paint,,1.0,,2015.0,2015.0,,,0
/organization/wonderhill,7000000.0,1.0,,2009.0,2009.0,USA,Games,1
/organization/wooboard-com,700000.0,2.0,2011.0,2011.0,2012.0,AUS,B2B,1
/organization/woofradar,400000.0,1.0,2013.0,2013.0,2013.0,USA,Pets,0
/organization/woome,17400000.0,3.0,2000.0,2007.0,2008.0,USA,Curated Web,1
/organization/woowho,,1.0,2012.0,2012.0,2012.0,USA,Curated Web,0
/organization/work-around-me-inc,80000.0,1.0,2015.0,2015.0,2015.0,,Communities,0
/organization/working-equity,5000000.0,1.0,,2009.0,2009.0,USA,Finance Technology,0
/organization/workingnets,575000.0,1.0,,1999.0,1999.0,,,0
/organization/workingpoint,188000.0,1.0,2005.0,2012.0,2012.0,USA,Accounting,1
/organization/worklight,17600000.0,3.0,2006.0,2006.0,2008.0,USA,Mobile,1
/organization/workmetro,5500000.0,1.0,,2006.0,2006.0,,E-Commerce Platforms,1
/organization/worknowledge,2500000.0,1.0,,2001.0,2001.0,,Internet,0
/organization/worksimple,1019999.0,2.0,2007.0,2010.0,2012.0,USA,Collaboration,0
/organization/workstir,,1.0,,2009.0,2009.0,USA,Curated Web,0
/organization/workstreamr,3500000.0,2.0,2009.0,2009.0,2010.0,USA,Enterprise Software,0
/organization/worksurfers,40000.0,1.0,,2012.0,2012.0,USA,Marketplaces,0
/organization/worktopia,12282836.0,3.0,2004.0,2007.0,2010.0,USA,Enterprise Software,1
/organization/workvoices,267240.0,1.0,2009.0,2011.0,2011.0,NLD,CRM,1
/organization/workwell-systems,506919.0,1.0,1998.0,2009.0,2009.0,USA,Health and Wellness,1
/organization/workwith-me,250000.0,1.0,2012.0,2012.0,2012.0,ISR,Career Management,0
/organization/world-blender,12000.0,1.0,2010.0,2010.0,2010.0,USA,Android,0
/organization/world-freight-company-international,47853300.0,1.0,,2011.0,2011.0,,Transportation,1
/organization/world-reviewer,,1.0,,2007.0,2007.0,GBR,Image Recognition,0
/organization/world-wide-packets,57400000.0,4.0,1999.0,2004.0,2007.0,USA,Web Hosting,1
/organization/worlddesk,1250000.0,1.0,2010.0,2013.0,2013.0,GBR,Cloud Computing,1
/organization/worldmate,10800000.0,3.0,2000.0,2007.0,2012.0,USA,Collaboration,1
/organization/worldrat,89591.0,2.0,,2012.0,2012.0,HUN,Travel,0
/organization/worldstor,33000000.0,1.0,,2000.0,2000.0,,Storage,0
/organization/worldzen-holdings,4000000.0,1.0,,2003.0,2003.0,IND,Business Services,0
/organization/wormhole,,1.0,,2012.0,2012.0,CHN,Apps,0
/organization/wote,19791.0,1.0,2013.0,2013.0,2013.0,,Curated Web,0
/organization/woven-systems,34452226.0,3.0,2003.0,2005.0,2008.0,USA,Web Hosting,1
/organization/wow-lk,,1.0,,2012.0,2012.0,,,0
/organization/wpcs-international,1575000.0,1.0,,2015.0,2015.0,USA,Telecommunications,1
/organization/writewith,,1.0,,2007.0,2007.0,USA,Music,0
/organization/wsp-global,486000000.0,2.0,1959.0,2014.0,2014.0,CAN,Business Services,1
/organization/wuaki-tv,,1.0,2009.0,2011.0,2011.0,ESP,Film,1
/organization/wugly,,1.0,2010.0,2014.0,2014.0,NLD,,0
/organization/wunderloop,10000000.0,1.0,1999.0,2007.0,2007.0,GBR,Advertising,1
/organization/wundrbar,,1.0,2008.0,2008.0,2008.0,USA,Search,0
/organization/wupima,2720000.0,1.0,,2006.0,2006.0,USA,,0
/organization/wurldtech,5186985.0,2.0,,2012.0,2014.0,CAN,Certification Test,1
/organization/wututu,,1.0,,2009.0,2009.0,ESP,Hardware + Software,0
/organization/wuxi-apptec,93470000.0,5.0,2000.0,2005.0,2008.0,CHN,Biotechnology,1
/organization/www-jstjobs-com,700000.0,2.0,2014.0,2014.0,2015.0,,Employment,0
/organization/wysiwyg,190000.0,1.0,,2006.0,2006.0,ESP,Consulting,1
/organization/x-body,6802465.0,2.0,2008.0,2012.0,2015.0,USA,Biotechnology,1
/organization/x-sten,725000.0,1.0,,2005.0,2005.0,USA,Health Care,0
/organization/x2impact,4570000.0,2.0,,2011.0,2012.0,USA,Health Care,0
/organization/xacct-technologies,21000000.0,1.0,,1999.0,1999.0,,Networking,1
/organization/xactional,2500000.0,1.0,,2003.0,2003.0,USA,,0
/organization/xaffire-inc,13000000.0,1.0,,2003.0,2003.0,USA,Software,0
/organization/xand,200000000.0,1.0,1999.0,2013.0,2013.0,USA,Software,1
/organization/xanic,808000.0,1.0,,2007.0,2007.0,GBR,Semiconductors,0
/organization/xanthus-pharmaceuticals,55800000.0,2.0,,2003.0,2006.0,USA,Pharmaceuticals,1
/organization/xatori,700000.0,1.0,2010.0,2011.0,2011.0,USA,Clean Technology,1
/organization/xaware,22655660.0,5.0,1999.0,2002.0,2009.0,USA,Search,0
/organization/xbyme,225000.0,1.0,2012.0,2013.0,2013.0,,Application Platforms,0
/organization/xcalia,7588252.0,2.0,2000.0,2004.0,2006.0,FRA,Software,1
/organization/xcedex,500000.0,1.0,2008.0,2009.0,2009.0,USA,Cloud Computing,0
/organization/xceedium,37689119.0,7.0,2000.0,2006.0,2014.0,USA,Security,1
/organization/xcel-pharmaceuticals,88000000.0,2.0,,2003.0,2003.0,USA,Medical,1
/organization/xceliant,73055.0,1.0,2009.0,2009.0,2009.0,GBR,Cloud Computing,0
/organization/xcellerex,31000000.0,1.0,,2007.0,2007.0,USA,Biotechnology,1
/organization/xdin,,1.0,,2001.0,2001.0,,,0
/organization/xelerated,75000000.0,5.0,2000.0,2001.0,2008.0,USA,Semiconductors,1
/organization/xelerated-holdings,12500000.0,1.0,,2003.0,2003.0,USA,Networking,0
/organization/xenogen-corporation,22000000.0,1.0,,2003.0,2003.0,USA,Bio-Pharm,1
/organization/xenome,32500000.0,5.0,,2003.0,2010.0,NOR,Biotechnology,0
/organization/xenoone-co-ltd,3000000.0,1.0,2006.0,2009.0,2009.0,USA,Curated Web,0
/organization/xerpa,,1.0,,2015.0,2015.0,BRA,Internet,0
/organization/xfield-paintball,297057.0,1.0,2012.0,2013.0,2013.0,,Game,0
/organization/xfire,12000000.0,4.0,2002.0,2004.0,2012.0,USA,Computers,1
/organization/xgraph,3750000.0,1.0,2008.0,2010.0,2010.0,USA,Analytics,1
/organization/xiam,1221900.0,1.0,,2004.0,2004.0,IRL,Mobile,1
/organization/xiamen-honwan-imp-exp-co-ltd,500000.0,1.0,1992.0,2009.0,2009.0,,Clean Technology,0
/organization/xifin,2000000.0,1.0,1997.0,2006.0,2006.0,USA,Enterprise Software,1
/organization/xikota-devices,960000.0,1.0,,2007.0,2007.0,USA,Semiconductors,0
/organization/xkoto,11035000.0,3.0,2005.0,2005.0,2009.0,USA,Software,0
/organization/xlander-ru,1000000.0,1.0,,2012.0,2012.0,,Adventure Travel,0
/organization/xm-radio,200000000.0,1.0,,2002.0,2002.0,,News,1
/organization/xmlaw,150000.0,1.0,2003.0,2003.0,2003.0,USA,Legal,0
/organization/xmpie,9000000.0,3.0,2000.0,2001.0,2006.0,USA,Software,1
/organization/xobni,41752000.0,8.0,2006.0,2006.0,2012.0,USA,Software,1
/organization/xoft,100496138.0,6.0,,2000.0,2010.0,USA,Electronics,1
/organization/xometry,8800000.0,1.0,2013.0,2015.0,2015.0,USA,Manufacturing,0
/organization/xoom,93029000.0,4.0,2001.0,2006.0,2011.0,USA,E-Commerce,1
/organization/xoopit,6500000.0,2.0,2004.0,2006.0,2008.0,USA,Curated Web,1
/organization/xora,23500000.0,4.0,1999.0,2001.0,2009.0,USA,Enterprise Software,1
/organization/xorpsource,5000000.0,1.0,,2008.0,2008.0,,Open Source,0
/organization/xosoft,9000000.0,1.0,1999.0,2004.0,2004.0,USA,Data Security,1
/organization/xpd-media,2000000.0,1.0,,2008.0,2008.0,CHN,Games,1
/organization/xpede,43000000.0,1.0,1998.0,2000.0,2000.0,USA,Financial Services,1
/organization/xpeerient,620441.0,1.0,2009.0,2010.0,2010.0,USA,Software,1
/organization/xpextend,20000.0,1.0,,2014.0,2014.0,USA,Computers,0
/organization/xpliant,18905096.0,2.0,2011.0,2012.0,2014.0,USA,Semiconductors,1
/organization/xradia,11000000.0,2.0,1999.0,2007.0,2007.0,USA,Biotechnology,1
/organization/xrs-corporation,33010002.0,2.0,1985.0,2009.0,2009.0,USA,Fleet Management,1
/organization/xsigo,,2.0,2004.0,2009.0,2011.0,USA,Analytics,1
/organization/xspand,3250000.0,1.0,,2001.0,2001.0,USA,Finance,1
/organization/xtellus,16300000.0,2.0,2000.0,2002.0,2008.0,USA,Hardware + Software,1
/organization/xtify,6586383.0,3.0,2008.0,2008.0,2012.0,USA,Android,0
/organization/xtime,28400000.0,2.0,1999.0,2000.0,2012.0,USA,Analytics,1
/organization/xtract,5479600.0,1.0,2001.0,2008.0,2008.0,FIN,Advertising,1
/organization/xtreme-innovations,500000.0,1.0,2009.0,2011.0,2011.0,USA,Curated Web,0
/organization/xtremio,25000000.0,3.0,2009.0,2009.0,2011.0,USA,Enterprise Software,1
/organization/xtwip,42660.0,1.0,2009.0,2009.0,2009.0,,Collaboration,0
/organization/xumii,12800000.0,3.0,2006.0,2005.0,2008.0,USA,Chat,1
/organization/xunlight,40000000.0,3.0,2006.0,2007.0,2008.0,USA,Clean Technology,0
/organization/xvionics,3000000.0,1.0,2004.0,2005.0,2005.0,USA,Enterprise Software,0
/organization/xylan-corporation,,1.0,1993.0,1993.0,1993.0,USA,Business Services,0
/organization/xylo-inc,35000000.0,2.0,,1999.0,2000.0,USA,Information Services,1
/organization/xylos-corporation,1500000.0,1.0,1996.0,2010.0,2010.0,USA,Biotechnology,0
/organization/xyologic,,1.0,2010.0,2012.0,2012.0,DEU,Advertising,1
/organization/xyst,,1.0,2015.0,2015.0,2015.0,,,0
/organization/xytis,24500000.0,1.0,2006.0,2006.0,2006.0,USA,Biotechnology,0
/organization/xytrans,,1.0,2000.0,2006.0,2006.0,USA,,0
/organization/y5zone,,1.0,1999.0,2012.0,2012.0,,,0
/organization/yabbedoo,702800.0,1.0,,2011.0,2011.0,CHE,Android,0
/organization/yadata,4300000.0,2.0,2005.0,2006.0,2007.0,ISR,Advertising,1
/organization/yadio,,1.0,,2003.0,2003.0,,Curated Web,1
/organization/yaga-inc,15200000.0,1.0,2000.0,2001.0,2001.0,USA,Emerging Markets,1
/organization/yakify,100000.0,1.0,2012.0,2012.0,2012.0,USA,Architecture,0
/organization/yamei-electronics,,1.0,2001.0,2009.0,2009.0,CHN,Electronics,1
/organization/yamisee,700000.0,2.0,2010.0,2010.0,2010.0,USA,Curated Web,0
/organization/yammer,142000000.0,5.0,2008.0,2009.0,2012.0,USA,Enterprises,1
/organization/yap,12000000.0,4.0,2006.0,2007.0,2010.0,USA,Audio,0
/organization/yaptap-inc,,1.0,2015.0,2015.0,2015.0,USA,Computers,0
/organization/yardbarker,8134000.0,4.0,,2007.0,2009.0,USA,Curated Web,1
/organization/yardbook,,1.0,2013.0,2015.0,2015.0,,,0
/organization/yardsale,,1.0,,2011.0,2011.0,USA,Curated Web,1
/organization/yardsellr,5750000.0,2.0,2009.0,2010.0,2010.0,USA,Curated Web,0
/organization/yarly,25000.0,1.0,2012.0,2014.0,2014.0,USA,Software,1
/organization/yashi,7250000.0,4.0,2007.0,2010.0,2014.0,USA,Advertising,1
/organization/yasmo-live,435000.0,4.0,2012.0,2009.0,2012.0,USA,Events,0
/organization/yasports,500000.0,1.0,2015.0,2015.0,2015.0,,Sports,0
/organization/yasuu,,1.0,2011.0,2011.0,2011.0,DEU,Curated Web,1
/organization/yatango,5835291.0,2.0,2012.0,2012.0,2013.0,AUS,E-Commerce,0
/organization/yatown,330000.0,2.0,2010.0,2010.0,2011.0,USA,Communities,0
/organization/yazino,,1.0,2009.0,2012.0,2012.0,CHE,Facebook Applications,0
/organization/yclip-com,6200000.0,1.0,1998.0,1999.0,1999.0,,,0
/organization/yebo-world-yebo,40026.0,1.0,2014.0,2014.0,2014.0,SWE,Apps,0
/organization/yebol,600000.0,1.0,2008.0,2008.0,2008.0,CHN,Search,0
/organization/yedda,2500000.0,2.0,2006.0,2006.0,2007.0,ISR,Media,1
/organization/yellloh,91900.0,1.0,2013.0,2013.0,2013.0,AUS,Blogging Platforms,0
/organization/yellowbrck,150000.0,1.0,2010.0,2011.0,2011.0,USA,Location Based Services,0
/organization/yellowjacket,1250000.0,1.0,,2007.0,2007.0,USA,,0
/organization/yellowsmith,850000.0,1.0,2012.0,2012.0,2012.0,USA,Crowdsourcing,1
/organization/yelloyello,65850.0,1.0,,2007.0,2007.0,NLD,Reviews and Recommendations,1
/organization/yemeksepeti,44000000.0,2.0,2000.0,2012.0,2013.0,TUR,E-Commerce,1
/organization/yes-no,1000000.0,1.0,2015.0,2015.0,2015.0,ISR,Q&A,0
/organization/yesmail,9000000.0,1.0,1997.0,1999.0,1999.0,USA,Curated Web,1
/organization/yestodate-com,1000000.0,1.0,2009.0,2009.0,2009.0,USA,Curated Web,0
/organization/yezno,20000.0,1.0,,2015.0,2015.0,USA,Application Platforms,0
/organization/yibailin,60000.0,1.0,2011.0,2011.0,2011.0,CHN,Android,0
/organization/yield-software,6000000.0,1.0,2007.0,2008.0,2008.0,USA,Optimization,1
/organization/yieldex,18500000.0,3.0,2007.0,2009.0,2011.0,USA,Advertising,1
/organization/yindou,975094.0,1.0,,2014.0,2014.0,,,0
/organization/yinman,,1.0,,2014.0,2014.0,,,0
/organization/yipes-communications,200000000.0,1.0,,2001.0,2001.0,,,0
/organization/yobble,,1.0,2011.0,2011.0,2011.0,USA,iPhone,0
/organization/yobeeda,175060.0,1.0,,2015.0,2015.0,SWE,Application Platforms,0
/organization/yobongo,1350000.0,1.0,2010.0,2011.0,2011.0,USA,Curated Web,1
/organization/yodel,8000000.0,1.0,,2005.0,2005.0,USA,,0
/organization/yodlee,124309780.0,4.0,1999.0,2006.0,2012.0,USA,Finance,1
/organization/yoga-works,13000000.0,1.0,1987.0,2007.0,2007.0,USA,Exercise,1
/organization/yogame-oy,67239.1959686366,1.0,2012.0,2015.0,2015.0,,,0
/organization/yoggie-security-systems,2800000.0,2.0,2005.0,2006.0,2007.0,ISR,Hardware + Software,1
/organization/yoke,500000.0,1.0,,2011.0,2011.0,,Curated Web,1
/organization/yomoni,3918297.0,1.0,2014.0,2015.0,2015.0,FRA,Banking,0
/organization/yongopal,185000.0,5.0,2010.0,2010.0,2011.0,USA,Mobile,0
/organization/yoomba,,1.0,,2007.0,2007.0,USA,Messaging,0
/organization/yoomly,,1.0,2010.0,2010.0,2010.0,USA,Curated Web,0
/organization/yoone,197597.0,1.0,2010.0,2010.0,2010.0,DEU,Games,0
/organization/yoonew,4000000.0,2.0,2004.0,2005.0,2007.0,USA,Curated Web,0
/organization/yoowalk,,1.0,2006.0,2008.0,2008.0,FRA,Games,0
/organization/yopolis,1000000.0,1.0,,2012.0,2012.0,,Communities,0
/organization/yoquevos,25000.0,1.0,2008.0,2011.0,2011.0,ARG,Curated Web,0
/organization/york-space-systems-llc,,3.0,2015.0,2015.0,2015.0,,,0
/organization/yoshirt,,1.0,,2015.0,2015.0,,,0
/organization/yostro,38880.0,1.0,2010.0,2010.0,2010.0,CAN,Public Relations,1
/organization/yottabyte-netstorage,26000000.0,1.0,,2001.0,2001.0,,Storage,0
/organization/yottayotta,40648791.0,2.0,2000.0,2000.0,2004.0,CAN,Data Visualization,0
/organization/you-cook,,1.0,,2012.0,2012.0,,Hospitality,1
/organization/you-software,9000000.0,1.0,,2005.0,2005.0,,Software,0
/organization/youbeauty-com,13495343.0,3.0,2010.0,2010.0,2014.0,,Health and Wellness,1
/organization/youbeqb,,1.0,,2007.0,2007.0,USA,Sports,0
/organization/youcalc,3840000.0,3.0,2006.0,2003.0,2008.0,DNK,Analytics,1
/organization/youcastr,500000.0,1.0,2007.0,2008.0,2008.0,USA,Broadcasting,0
/organization/youhelp,,1.0,2010.0,2010.0,2010.0,AUT,Charity,0
/organization/youku,1320000000.0,6.0,2006.0,2006.0,2014.0,CHN,Broadcasting,1
/organization/youlicit,,1.0,2006.0,2008.0,2008.0,USA,Curated Web,0
/organization/youlike,310000.0,1.0,2012.0,2012.0,2012.0,TUR,Identity,0
/organization/your-d-o-s-t,400000.0,1.0,2014.0,2015.0,2015.0,IND,Fitness,0
/organization/your-energy,53030000.0,1.0,,2008.0,2008.0,GBR,Clean Technology,0
/organization/your-survival,425000.0,1.0,2006.0,2008.0,2008.0,USA,Curated Web,0
/organization/yourcall-tv,,1.0,,2015.0,2015.0,USA,,0
/organization/yourlocal-2,,1.0,,2015.0,2015.0,,,0
/organization/yourshore,,1.0,2015.0,2015.0,2015.0,,,0
/organization/yourteamonline,43179.0,1.0,2007.0,2007.0,2007.0,CAN,Sports,0
/organization/youscan,,1.0,2009.0,2010.0,2010.0,RUS,Analytics,1
/organization/youshipped-com,40968.0,1.0,2012.0,2013.0,2013.0,IRL,E-Commerce,0
/organization/youtego,,3.0,2009.0,2009.0,2009.0,USA,Collaboration,0
/organization/youtube,11500000.0,2.0,2005.0,2005.0,2006.0,USA,Entertainment,1
/organization/youyiche-holdings,,1.0,,2014.0,2014.0,,,0
/organization/yto-express,,1.0,2000.0,2015.0,2015.0,,Delivery,0
/organization/yub,12000000.0,1.0,2013.0,2013.0,2013.0,USA,E-Commerce,1
/organization/yuehai-feed-group,,1.0,,2015.0,2015.0,CHN,,0
/organization/yumdots,,1.0,,2008.0,2008.0,,Mobile,0
/organization/yunait,2894000.0,1.0,2009.0,2011.0,2011.0,ESP,Curated Web,1
/organization/yunnex,16000000.0,1.0,,2015.0,2015.0,,,0
/organization/yuntaa,1472100.0,1.0,2006.0,2008.0,2008.0,BEL,Storage,0
/organization/yupiq,,1.0,2011.0,2011.0,2011.0,CAN,Film,0
/organization/yurbuds,10158510.0,4.0,2009.0,2010.0,2013.0,USA,Audio,1
/organization/yurpy,25000.0,1.0,,2011.0,2011.0,,Curated Web,0
/organization/yuzoz,500000.0,1.0,,2006.0,2006.0,,,0
/organization/z2,6499999.0,3.0,2009.0,2008.0,2011.0,USA,Games,1
/organization/zabu-studio,950000.0,1.0,2010.0,2010.0,2010.0,USA,Games,1
/organization/zacharon-pharmaceuticals,533000.0,2.0,2004.0,2010.0,2012.0,USA,Biotechnology,1
/organization/zackfire-com,6000.0,1.0,2010.0,2011.0,2011.0,PAK,Web Hosting,0
/organization/zadby,,1.0,2002.0,2008.0,2008.0,USA,Games,0
/organization/zadspace,3200000.0,1.0,2006.0,2011.0,2011.0,USA,Software,0
/organization/zakazaka,1000000.0,1.0,,2013.0,2013.0,,Delivery,0
/organization/zaker,,1.0,,2011.0,2011.0,,,0
/organization/zambeel-inc,52600000.0,1.0,,2001.0,2001.0,USA,Internet,0
/organization/zamzee,1000000.0,1.0,2010.0,2010.0,2010.0,USA,Health and Wellness,1
/organization/zangi,1500000.0,1.0,2014.0,2014.0,2014.0,,Audio,0
/organization/zango,40000000.0,2.0,1999.0,2004.0,2006.0,USA,Games,0
/organization/zannel,16000000.0,2.0,,2006.0,2008.0,USA,Messaging,1
/organization/zao-com,1300000.0,1.0,2011.0,2012.0,2012.0,USA,Social Media,1
/organization/zapgocharger-ltd,577250.442491738,1.0,,2015.0,2015.0,,,0
/organization/zapitano,2998823.0,3.0,2011.0,2012.0,2013.0,,Entertainment,0
/organization/zappchoice,184529.406078926,1.0,,2012.0,2012.0,,Entertainment,0
/organization/zappedy,,1.0,2010.0,2010.0,2010.0,CHL,Curated Web,1
/organization/zappli,500000.0,1.0,,2010.0,2010.0,USA,Mobile,1
/organization/zappos,62750000.0,8.0,1999.0,1999.0,2005.0,USA,Curated Web,1
/organization/zassi-medical-evolutions,3000000.0,1.0,,2001.0,2001.0,USA,Health Care,0
/organization/zattikka,25500000.0,3.0,2009.0,2009.0,2012.0,GBR,Games,0
/organization/zattoo,10000000.0,1.0,2005.0,2007.0,2007.0,USA,Games,1
/organization/zave-networks,15036298.0,4.0,2006.0,2006.0,2010.0,USA,Curated Web,1
/organization/zayante,4500000.0,2.0,1996.0,1998.0,1999.0,,Software,1
/organization/zazengo,,1.0,,2007.0,2007.0,,Curated Web,0
/organization/zebit,55000000.0,2.0,2011.0,2012.0,2013.0,GBR,Finance,0
/organization/zebtab,280000.0,1.0,2005.0,2007.0,2007.0,GBR,Content,0
/organization/zecter,2515000.0,3.0,2007.0,2007.0,2009.0,USA,Document Management,1
/organization/zee-dog,1000000.0,1.0,,2012.0,2012.0,BRA,Design,0
/organization/zeebo,25000000.0,2.0,2007.0,2010.0,2011.0,USA,Consumer Electronics,0
/organization/zeer,1050000.0,1.0,2007.0,2007.0,2007.0,USA,Groceries,0
/organization/zeetl,,1.0,2013.0,2013.0,2013.0,CAN,Messaging,1
/organization/zeevo,20000000.0,1.0,,2003.0,2003.0,USA,Semiconductors,1
/organization/zefanclub,1000000.0,1.0,2008.0,2008.0,2008.0,FRA,Social Media,0
/organization/zeifie,61138.2836816363,1.0,2015.0,2015.0,2015.0,,Apps,0
/organization/zelena-posta-2,,1.0,2013.0,2013.0,2013.0,,,0
/organization/zelnas,704000.0,1.0,,2013.0,2013.0,,3D,0
/organization/zencoder,2000000.0,2.0,2007.0,2010.0,2011.0,USA,Audio,1
/organization/zend-technologies,51000000.0,6.0,1999.0,2004.0,2014.0,USA,Cloud Computing,1
/organization/zenda-technologies,3000000.0,1.0,,2008.0,2008.0,USA,Biotechnology,0
/organization/zenfolio,220000.0,1.0,2005.0,2005.0,2005.0,USA,Databases,1
/organization/zengame-禅游科技,,1.0,2010.0,2010.0,2010.0,,Internet,0
/organization/zenph-sound-innovations,10806952.0,2.0,,2009.0,2011.0,USA,Apps,0
/organization/zenprise,64630000.0,6.0,2003.0,2005.0,2012.0,USA,Mobile,1
/organization/zenring,500000.0,1.0,2008.0,2008.0,2008.0,USA,Mobile,0
/organization/zensoon,429564.0,1.0,2012.0,2013.0,2013.0,FRA,Beauty,1
/organization/zentact,250000.0,1.0,2008.0,2008.0,2008.0,USA,Contact Management,0
/organization/zenter,15000.0,1.0,,2007.0,2007.0,,Curated Web,1
/organization/zenverge,112254773.0,9.0,2005.0,2007.0,2013.0,USA,Semiconductors,1
/organization/zeo,27138500.0,6.0,2003.0,2009.0,2012.0,USA,Analytics,0
/organization/zep-solar,10571182.0,1.0,2009.0,2013.0,2013.0,USA,Clean Technology,1
/organization/zephyr-digital,350000.0,2.0,2015.0,2014.0,2015.0,USA,Advertising,0
/organization/zeptosens,8323094.0,1.0,,2001.0,2001.0,CHE,Biotechnology,0
/organization/zero9,44208000.0,1.0,,2008.0,2008.0,ITA,Advertising,0
/organization/zerog-wireless,30000000.0,2.0,,2007.0,2008.0,USA,Hardware + Software,1
/organization/zeropaper,200000.0,2.0,2012.0,2012.0,2013.0,BRA,Finance,1
/organization/zeroplus-com,2000000.0,1.0,,2001.0,2001.0,,Customer Service,0
/organization/zeros-ones,20000000.0,1.0,,1999.0,1999.0,USA,,0
/organization/zerovm,1538000.0,2.0,2011.0,2013.0,2013.0,USA,Cloud Computing,1
/organization/zetelic,,1.0,,2013.0,2013.0,CHN,Big Data,0
/organization/zetland,1289641.0,2.0,2012.0,2015.0,2015.0,DNK,Advertising,0
/organization/zettacom,19200000.0,2.0,,2001.0,2003.0,USA,Design,1
/organization/zettacore,38500000.0,2.0,1999.0,2004.0,2009.0,USA,Semiconductors,0
/organization/zeugma-systems,31500000.0,2.0,2004.0,2007.0,2009.0,CAN,Web Hosting,0
/organization/zeus,10855911.000825,2.0,1995.0,2001.0,2005.0,GBR,Software,1
/organization/zhanzuo,13000000.0,2.0,,2006.0,2007.0,CHN,Social Media,0
/organization/zhenxin,11700.0,1.0,,2013.0,2013.0,TWN,Health Care,0
/organization/zhijiang-jonway-automobile,29030000.0,1.0,,2010.0,2010.0,CHN,Automotive,1
/organization/ziftit,4000000.0,1.0,2011.0,2013.0,2013.0,USA,Gift Registries,0
/organization/zigswitch,50000.0,1.0,2009.0,2010.0,2010.0,USA,Clean Energy,0
/organization/zila-networks,1000000.0,1.0,2009.0,2009.0,2009.0,USA,Mobile,0
/organization/ziliko,907099.0,4.0,2009.0,2009.0,2011.0,CAN,E-Commerce,0
/organization/zilker-labs,27000000.0,3.0,2003.0,2005.0,2007.0,USA,Semiconductors,0
/organization/zilliontv,22899998.0,3.0,,2008.0,2010.0,USA,Games,0
/organization/zillopay,25000.0,1.0,2007.0,2007.0,2007.0,USA,E-Commerce,0
/organization/zim-plant-technology-gmbh,,1.0,,2012.0,2012.0,,,1
/organization/zimbra,14500000.0,1.0,2003.0,2006.0,2006.0,USA,Collaboration,1
/organization/zimi,15000000.0,1.0,,2015.0,2015.0,,Mobile,0
/organization/zimp-recompensas,21929.8245614035,1.0,2013.0,2013.0,2013.0,BRA,Loyalty Programs,0
/organization/zimride,15000000.0,1.0,,2013.0,2013.0,USA,Public Transportation,1
/organization/zin-gl,1100000.0,3.0,2011.0,2010.0,2011.0,RUS,Curated Web,0
/organization/zinc-ahead,,1.0,2002.0,2013.0,2013.0,GBR,Biotechnology,1
/organization/zinch,5486842.0,3.0,2007.0,2007.0,2009.0,USA,Apps,1
/organization/zinergi,,1.0,2015.0,2015.0,2015.0,,Business Services,0
/organization/zing,26000000.0,2.0,,2006.0,2007.0,USA,Games,1
/organization/zingku,1000000.0,1.0,2005.0,2006.0,2006.0,USA,Curated Web,1
/organization/zinkotek,2000000.0,1.0,2007.0,2008.0,2008.0,USA,Curated Web,0
/organization/zinwave,21331144.0,3.0,2005.0,2005.0,2010.0,GBR,Mobile,1
/organization/zip-trade-technologies,20000000.0,1.0,,2007.0,2007.0,,,0
/organization/zipano,25000.0,1.0,2009.0,2009.0,2009.0,USA,Security,0
/organization/zipcar,60704370.0,4.0,2000.0,2002.0,2010.0,USA,Public Transportation,1
/organization/zipcodemailer-com,15000.0,1.0,,2008.0,2008.0,USA,Postal and Courier Services,0
/organization/zipdial,,3.0,2010.0,2011.0,2013.0,IND,Mobile,1
/organization/zipidee,,1.0,2007.0,2007.0,2007.0,,E-Commerce,0
/organization/ziplist,4500000.0,2.0,2008.0,2010.0,2010.0,USA,Android,1
/organization/ziplocal,14003543.0,2.0,2006.0,2006.0,2007.0,CAN,Advertising,1
/organization/zipments,2250000.0,3.0,2010.0,2011.0,2013.0,USA,E-Commerce,1
/organization/zippy-com-au-pty-ltd,200000.0,1.0,,2013.0,2013.0,,Coupons,1
/organization/ziprealty,8000000.0,1.0,1999.0,2001.0,2001.0,USA,Finance,1
/organization/ziptr,8300000.0,2.0,,2010.0,2011.0,USA,Software,0
/organization/ziptronix,12000000.0,4.0,2000.0,2005.0,2010.0,USA,Semiconductors,1
/organization/zipzoom,2200000.0,1.0,2007.0,2011.0,2011.0,CAN,E-Commerce,0
/organization/zirtual,5463475.0,4.0,2011.0,2013.0,2015.0,USA,Collaborative Consumption,1
/organization/zite,2000000.0,1.0,,2007.0,2007.0,USA,Publishing,1
/organization/zitra-com,,1.0,,2011.0,2011.0,DEU,B2B,1
/organization/ziva-software,1700000.0,1.0,2005.0,2007.0,2007.0,IND,Mobile,0
/organization/zkey-com,10000000.0,1.0,,1999.0,1999.0,,,0
/organization/zlango,12000000.0,1.0,,2007.0,2007.0,,,0
/organization/zlio,4000000.0,1.0,2005.0,2007.0,2007.0,FRA,E-Commerce,0
/organization/zmags,18549997.0,6.0,2006.0,2008.0,2014.0,USA,Brand Marketing,1
/organization/zmanda,13000000.0,2.0,2005.0,2005.0,2007.0,USA,Software,1
/organization/znapshop,50000.0,1.0,,2011.0,2011.0,,E-Commerce,0
/organization/znode,1700000.0,1.0,,2008.0,2008.0,USA,E-Commerce,1
/organization/zoe-majeste,,2.0,,2012.0,2012.0,FRA,E-Commerce,0
/organization/zoidu,48600.0,1.0,,2010.0,2010.0,CAN,Curated Web,1
/organization/zoji,1500000.0,1.0,2004.0,2007.0,2007.0,USA,Curated Web,0
/organization/zokem,2388400.0,1.0,2008.0,2010.0,2010.0,FIN,Analytics,1
/organization/zonare-medical-systems,109693276.0,5.0,1999.0,2004.0,2010.0,USA,Health Care,1
/organization/zong,15000000.0,1.0,2000.0,2010.0,2010.0,CHE,Mobile,1
/organization/zoodak,580000.0,1.0,2008.0,2009.0,2009.0,USA,Finance,0
/organization/zookal,2060000.0,3.0,2011.0,2011.0,2013.0,AUS,E-Commerce,0
/organization/zoombu,,2.0,2008.0,2008.0,2009.0,GBR,Search,1
/organization/zoomio-holding,7130000.0,1.0,2002.0,2007.0,2007.0,DNK,Software,1
/organization/zoomorama,2150110.0,2.0,,2007.0,2008.0,FRA,Curated Web,0
/organization/zoomsafer,3350000.0,4.0,2009.0,2009.0,2011.0,USA,Fleet Management,1
/organization/zooomr,50000.0,1.0,,2006.0,2006.0,USA,Curated Web,0
/organization/zoot-2,6.0,2.0,2012.0,2012.0,2015.0,,E-Commerce,0
/organization/zoove,59139710.0,7.0,2004.0,2006.0,2014.0,USA,Advertising,1
/organization/zopim,392000.0,3.0,2008.0,2007.0,2010.0,SGP,Chat,1
/organization/zorap,2251000.0,2.0,2008.0,2009.0,2010.0,USA,Curated Web,0
/organization/zs-pharma,122987972.0,5.0,2008.0,2010.0,2014.0,USA,Biotechnology,1
/organization/ztail,1500000.0,2.0,2005.0,2008.0,2009.0,USA,E-Commerce,0
/organization/zubican,,1.0,2006.0,2008.0,2008.0,USA,B2B,1
/organization/zubka,3919186.37690815,1.0,2006.0,2007.0,2007.0,GBR,Consulting,0
/organization/zulily,138600000.0,4.0,2010.0,2009.0,2012.0,USA,Babies,1
/organization/zumbox,28300000.0,4.0,2006.0,2008.0,2012.0,USA,Curated Web,0
/organization/zume-life,1700000.0,2.0,2006.0,2007.0,2008.0,USA,Health and Wellness,0
/organization/zummzumm,50000.0,1.0,2011.0,2012.0,2012.0,GBR,Android,0
/organization/zurvu,1200000.0,1.0,,2014.0,2014.0,USA,Internet,1
/organization/zuujit,2700000.0,1.0,2010.0,2010.0,2010.0,USA,E-Commerce,0
/organization/zuuka,,2.0,2009.0,2011.0,2012.0,USA,Apps,1
/organization/zuumtel,300000.0,2.0,2014.0,2013.0,2014.0,,Automotive,0
/organization/zuvvu,12000.0,1.0,2010.0,2011.0,2011.0,IND,Advertising,0
/organization/zvents,55200000.0,4.0,2005.0,2005.0,2011.0,USA,Concerts,1
/organization/zyb,3845100.0,2.0,,2005.0,2006.0,DNK,Mobile,1
/organization/zygo,,1.0,2005.0,2007.0,2007.0,GBR,Mobile,0
/organization/zygo-corporation,9000000.0,1.0,,2011.0,2011.0,USA,Manufacturing,1
/organization/zyken-nightcove,3384225.0,4.0,2005.0,2005.0,2012.0,FRA,Design,1
/organization/zykis,800000.0,1.0,2006.0,2006.0,2006.0,USA,Automotive,0
/organization/zymetis,2257464.0,3.0,2006.0,2007.0,2010.0,USA,Biotechnology,0
/organization/zyncro,3805520.0,2.0,2009.0,2011.0,2012.0,ESP,Cloud Computing,1
/organization/zyraz-technology,15419877.0,4.0,1994.0,2008.0,2013.0,MYS,Biotechnology,0
/organization/zystor,8500000.0,1.0,,2004.0,2004.0,USA,Biotechnology,1
