startup_id,actual,predicted,score
/organization/us-dry-cleaning-services,0,1,0.5963615139546786
/organization/tweetflow,0,0,0.13786292372424816
/organization/ntelagent,1,1,0.5758281457072211
/organization/solace-pharmaceuticals,0,0,0.13310570824392484
/organization/charitweet,0,0,0.07129117916290084
/organization/revit-technology-corporation,0,0,0.49518380889408087
/organization/on2,1,1,0.7712718801641921
/organization/retalika,0,0,0.12127472830304856
/organization/sharecruit,0,0,0.15011626003472034
/organization/metafor-software,1,0,0.4470511796211719
/organization/alnara-pharmaceuticals,1,1,0.6579136857582161
/organization/iemo,1,0,0.3552593865998234
/organization/torbit,1,0,0.3209657365934557
/organization/popjam,0,0,0.37730589197087866
/organization/stumbleupon,1,1,0.8431590932293149
/organization/seeo,1,1,0.6519057195762279
/organization/game-trading-technologies-inc,0,1,0.5843670675088855
/organization/zlango,0,0,0.12605348962920623
/organization/calcimedica,0,1,0.6887286792648439
/organization/outspark,1,1,0.742736553753224
/organization/engana-pty,0,1,0.7796725419817223
/organization/team-my-mobile,0,0,0.38595005471001337
/organization/open-environment-corporation,0,1,0.5206292756752386
/organization/castiron-systems,1,1,0.8452376311181932
/organization/packethop,0,1,0.7683560197183068
/organization/datalogix,1,1,0.7905988795634987
/organization/trinity-biosystems,0,1,0.7434046534347968
/organization/sitestar,0,1,0.7508182362448262
/organization/weezic,1,0,0.3681775937453661
/organization/mathsoft-engineering-education,1,1,0.782098302030707
/organization/lamina,0,0,0.13313551658361752
/organization/freedom2,0,0,0.4097978038296221
/organization/lorus-therapeutics,0,0,0.4773500620671585
/organization/xenome,0,1,0.5423950213817937
/organization/avidia,1,1,0.8099239440540774
/organization/nanox,0,0,0.41663950781739234
/organization/adaytum,1,0,0.3457922253612655
/organization/firefly-bioworks,1,1,0.6192370163438442
/organization/sigma-networks-2,0,0,0.47941439957831106
/organization/invivo-therapeutics,0,1,0.5368865572454691
/organization/landis-gyr,1,1,0.6241919479594072
/organization/epresence,1,0,0.48946056035209046
/organization/mojo-labs-co,0,0,0.3269626569696765
/organization/the-locker-room,0,0,0.1739035622325602
/organization/sense-networks,1,1,0.7229406614272156
/organization/workwell-systems,1,0,0.47951480680687736
/organization/spogo-inc,1,0,0.3528897468958181
/organization/v-secure-technologies,1,0,0.49293942404712127
/organization/cyberdefender,0,1,0.7661496862123037
/organization/secure-data-in-motion,1,1,0.8132718205190363
/organization/oni-systems,1,1,0.8572450989814552
/organization/ibaax,0,0,0.061965640639704944
/organization/coreexpress,1,0,0.37857220614713866
/organization/storify,1,1,0.7089804421516288
/organization/truanttoday,0,0,0.446351859889941
/organization/wild-east-group,1,0,0.11791213855163755
/organization/people-over-pixels,0,0,0.05043136721789203
/organization/technimark,0,0,0.16653089647862757
/organization/wysiwyg,1,0,0.21822823270805083
/organization/finaho,0,0,0.29968482319919365
/organization/trepic-inc,0,0,0.031062792842824535
/organization/identyx,1,0,0.2975967674000087
/organization/livekick,0,0,0.377094963097213
/organization/goco-op,0,1,0.515760412065325
/organization/tranz-send,0,0,0.11183348383513904
/organization/tissueinformatics,1,0,0.44037875144087446
/organization/healthcaremagic,1,0,0.4255495750733694
/organization/site9,0,1,0.7430160786954222
/organization/onstate,1,0,0.4899206925922474
/organization/maps-indeed,0,0,0.18814025853955915
/organization/pressquote,0,0,0.2935682276485736
/organization/revealr-software-limited,1,0,0.37576845221124566
/organization/udex,1,1,0.7107042954978937
/organization/wepress-app,0,0,0.10469089877156032
/organization/super-heat-games,0,0,0.4723547075558067
/organization/ablation-frontiers,1,1,0.527370078407483
/organization/prepayme,0,0,0.1618267390560003
/organization/beeline-technologies,1,1,0.6840616771964537
/organization/launchrock,1,0,0.43525064724332346
/organization/notifo,0,0,0.4999315795141024
/organization/hyperquest,1,0,0.3354871304072038
/organization/hive-media,0,0,0.4622809485817019
/organization/360commerce,1,1,0.7928722786661813
/organization/solomio,1,1,0.823203275732077
/organization/hycrete-2,1,1,0.6962923730647579
/organization/squla-2,0,0,0.14089585333929466
/organization/morta-security,1,0,0.49804917166433393
/organization/appssavvy,0,1,0.8133408990233597
/organization/ecourier,1,1,0.7685116138847454
/organization/chlorogen,0,1,0.7546736202568401
/organization/ground-zero-group-corporation,0,0,0.2084978120681061
/organization/n2-broadband-2,1,0,0.4817648250492099
/organization/power-com,0,0,0.4815449714141566
/organization/himily,0,0,0.06678552841786031
/organization/made-in-w-inc,0,0,0.14806616404818412
/organization/sonitus-medical,0,1,0.696328420324799
/organization/ccs-environmental,0,0,0.43272495459520477
/organization/buysimple,0,0,0.34388637495966967
/organization/visumotion,1,0,0.3856021413676521
/organization/axonx,1,0,0.43066427174541516
/organization/prediction-dynamics,0,0,0.45877512042698926
/organization/saferent,1,0,0.46686897057691434
/organization/drc-computer,1,0,0.46832259912852187
/organization/national-transcript-center,1,1,0.6179999248524897
/organization/lynx-design,1,1,0.5602265335939051
/organization/nile-guide,1,1,0.7460561963526123
/organization/robodrom,0,0,0.07831759319612838
/organization/esali-ebusiness-agency,0,0,0.14101181093313214
/organization/lex-machina,1,1,0.7937144372747353
/organization/music-nation,0,1,0.610846212468728
/organization/the-niche-project-inc,1,1,0.5973584889970939
/organization/fyreball,0,0,0.39243759077342316
/organization/tastynow-com,0,0,0.17039318232400086
/organization/one-source-networks,1,1,0.5386120231103965
/organization/springleaf-therapeutics,0,1,0.607926177761771
/organization/boatflex,0,0,0.03351338081385482
/organization/peakstream,1,1,0.8013915519935207
/organization/aires-pharmaceuticals,1,1,0.6555449517790259
/organization/escapia,1,1,0.743619757957028
/organization/vivity-labs,1,0,0.428020082247709
/organization/trapster,1,1,0.5694722257187936
/organization/arcplan-information-services-ag,1,1,0.685668275551833
/organization/tricipher,1,1,0.8789310151525987
/organization/prompt-associates,1,0,0.4873462400168742
/organization/comdominio,0,0,0.39294821222656395
/organization/gridpotential,0,0,0.1324310477713203
/organization/trendslide,1,0,0.320786617680631
/organization/city-grade,0,0,0.18444994213515797
/organization/onemove-technologies,1,0,0.4874357575564378
/organization/trak,0,0,0.42426902559974033
/organization/newsvine,1,1,0.5414414691934524
/organization/servo-software,1,0,0.4948294167117853
/organization/thinglabs,1,1,0.6231595904297478
/organization/sharegrove,1,0,0.3889681722631865
/organization/moverati,0,0,0.4643631054257258
/organization/alenty,1,0,0.2795914323952704
/organization/imaste,1,1,0.5136263227922769
/organization/shopzilla,1,1,0.7921541065449476
/organization/spabooker,1,0,0.2321504988573258
/organization/taglabs,0,0,0.23800576926166592
/organization/debt-market,1,0,0.4284368973359695
/organization/keyneurotek-pharmaceuticals,0,0,0.4166898345233839
/organization/myndnet,0,0,0.421119043770148
/organization/orphidia-2,0,0,0.20131640883248136
/organization/talima-therapeutics,0,1,0.6860640750214497
/organization/gbox,0,1,0.5484151151380603
/organization/commercetools,1,0,0.44831131997763474
/organization/aeristech-limited,0,0,0.15873587203049422
/organization/la-roquette,0,0,0.12127472830304856
/organization/constella-group,1,1,0.7722310707533468
/organization/langolab,0,0,0.0973364400579544
/organization/mooville,0,0,0.2352436992560894
/organization/pult,0,0,0.3714116874684214
/organization/kai-pharmaceuticals,1,1,0.7418692651411114
/organization/loopfuse,1,0,0.4647261766323328
/organization/narus,1,1,0.828211238007168
/organization/tripscan,0,0,0.31549046770591693
/organization/sensible-lender,0,0,0.11863244142147565
/organization/avaki-now-sybase-sap,1,1,0.8910143084900507
/organization/viralheat,1,1,0.7322080206988669
/organization/gigi-hill,0,1,0.6714670691730954
/organization/moonlighting-3,0,0,0.06678552841786031
/organization/lefthand-networks,1,1,0.782876318209839
/organization/privatecore,1,1,0.5307133959473803
/organization/sequoia-communications,0,1,0.8386462024764869
/organization/particle-code,1,1,0.5241212641117223
/organization/adjug,1,1,0.6081923171433713
/organization/playdom,1,1,0.6789794890240692
/organization/lincare,0,0,0.4841999109937846
/organization/babyboom-ru,0,0,0.20955485429548837
/organization/ceptaris-therapeutics,1,1,0.6956367094488349
/organization/cardiac-pathways-corp,1,0,0.3538163211274319
/organization/edutise,0,0,0.031062792842824535
/organization/netretail-holding,1,1,0.7026445204741405
/organization/vaccsys,0,0,0.4852300623967911
/organization/entrigue-surgical,1,1,0.6305069805865494
/organization/facetags,0,0,0.2868770274820537
/organization/nodeable,1,1,0.6657107522490141
/organization/paver-downes-associates,0,1,0.6331860522684005
/organization/schoolwires,1,1,0.7404340075823544
/organization/monii,0,0,0.06557330467311162
/organization/nanonexus,0,1,0.7902032842751809
/organization/velio-communications,1,1,0.7834689582172619
/organization/perfect-audience,1,0,0.4259735918133923
/organization/aggregateknowledge,1,1,0.8310769794014624
/organization/adeptence,0,0,0.42010147980647133
/organization/linkua,0,0,0.36467241990011545
/organization/photosecure,1,1,0.5281870897907635
/organization/newworld-communications-2,0,0,0.3551940165334006
/organization/petvet-technologies-inc,0,0,0.11084920693560127
/organization/soliant-energy,1,1,0.5332822359646083
/organization/prenova,1,1,0.7044566697038306
/organization/hearsay-it,0,0,0.1536324952726688
/organization/atipica,0,0,0.02412139377927518
/organization/goblack-2,0,0,0.025663676876504737
/organization/accertify,1,1,0.7095572882023194
/organization/sensa-io,0,0,0.02541208607926393
/organization/mixandmeet,0,0,0.2826072251120231
/organization/amit-anand,0,0,0.02613986735269521
/organization/g-banker,0,0,0.17526013724678016
/organization/radiance,1,0,0.33273546292856865
/organization/broadbus,1,1,0.8553632120946899
/organization/casino-vr,0,0,0.1004984497196354
/organization/eco-films,0,0,0.10069985055510232
/organization/dara-biosciences,1,1,0.506942670140052
/organization/adwings,0,0,0.14545749085992654
/organization/ham-it,0,0,0.2652128131400716
/organization/fastconnect,1,1,0.5380869567618008
/organization/weshow,0,0,0.488526074501279
/organization/retail-convergence,1,1,0.5428355709911906
/organization/eyeona,0,0,0.4842321674582555
/organization/vanatec,1,0,0.4151119776365366
/organization/grabcad,1,1,0.7835780425566702
/organization/fairshare,0,0,0.3758464066753265
/organization/jetpac,1,0,0.45360841301006877
/organization/actsocial,1,1,0.5684673296494703
/organization/valuecrates,0,0,0.10033101796468451
/organization/rockola-media-group,0,0,0.4365963531480568
/organization/ezlike,1,0,0.15454865304335721
/organization/mobipocket-com,1,0,0.46246717954312144
/organization/cytodome-inc,0,0,0.41543865400034347
/organization/cellmax-2,0,0,0.17840552296908538
/organization/crowdhall,0,0,0.4810789392236016
/organization/oakleaf-waste-management,1,1,0.551186847543673
/organization/pyxis-technology,1,1,0.6911173163143313
/organization/time-for-medicine-limited,0,0,0.13662799256377567
/organization/tbi-connect,0,0,0.4249052714412317
/organization/infrastruct-security,0,1,0.7245437665261488
/organization/nuro-pharma,0,0,0.4852367073201797
/organization/epy-io,0,0,0.49175296513007916
/organization/jobscrush,0,0,0.09462442349983
/organization/galecto-biotech,1,0,0.46834868634222204
/organization/cloudscaling,1,1,0.7328877670590009
/organization/zeebo,0,1,0.7087222498765078
/organization/poll-me-ltd,0,0,0.1437553470796485
/organization/nanostim,0,1,0.6817477273453835
/organization/adjacent-applications,0,0,0.32321797325576573
/organization/neovision-hypersystems,1,1,0.8257411993872601
/organization/chromance,0,1,0.5189414109092296
/organization/celequest-corp,1,1,0.7641103899599915
/organization/navman,1,1,0.6809799048243075
/organization/protego-networks,1,1,0.7663418343579036
/organization/meinprospekt,1,0,0.432386831874503
/organization/intellione,1,1,0.5125009288157802
/organization/socialcast,1,1,0.7437342445394539
/organization/parametric-dining,0,1,0.5270572227071222
/organization/keepy-robot,0,0,0.09333935489384666
/organization/dyyno,0,1,0.812061840169893
/organization/flagr,0,1,0.5680255564525325
/organization/quanlight,0,0,0.39649175169267414
/organization/yongopal,0,0,0.4440717974038786
/organization/magma-hq,1,0,0.2890272936658579
/organization/photon-fluid,0,0,0.46101294022351413
/organization/pcd-partners,0,0,0.45592045621715427
/organization/heureka-software-llc,0,0,0.4369827493248383
/organization/allpeers,0,1,0.6305064334143905
/organization/u-s-fiduciary,0,1,0.5602588856163637
/organization/parlance,0,0,0.030817598421068026
/organization/pando-networks,1,1,0.7730045282741453
/organization/ask-com,1,1,0.790494470556982
/organization/klosetshop,0,0,0.12755516375197404
/organization/sprig-toys,1,0,0.34648296749914465
/organization/mvalent,1,1,0.5490551422407401
/organization/consortemedia,1,1,0.676325425275207
/organization/multi-amp-engineering-sdn,0,1,0.6135319219163162
/organization/naurex,1,1,0.7104458431613971
/organization/conservus-international,0,0,0.3851104091869077
/organization/distil-interactive,1,1,0.6311679405741861
/organization/signicast,0,1,0.5502135133337928
/organization/stupsr,0,0,0.02412139377927518
/organization/shopss-com,0,0,0.16129311033977234
/organization/cn-creative,1,0,0.38240025074118544
/organization/eden-rock-communications,1,0,0.41689839463085576
/organization/headmix,0,0,0.335846573327845
/organization/doubloon,0,0,0.3075169761609146
/organization/the-carrot-company,1,0,0.46699453501612564
/organization/metasolv,1,1,0.8009227288721189
/organization/glidepath-power,0,0,0.06678552841786031
/organization/cookdinner,0,0,0.3725688175101876
/organization/cambridgesoft,1,1,0.827816574193739
/organization/feedmob,0,0,0.02628165129665523
/organization/gosave,0,0,0.46695253669345943
/organization/complient,0,0,0.1610849480613321
/organization/optimenga777,0,0,0.10381032482298165
/organization/insight-communications,1,1,0.7228576538709962
/organization/nearbuy-systems,1,1,0.7633285810390731
/organization/softwriters-holdings,1,1,0.6771006743504531
/organization/interspiresubmit,0,0,0.15167695912237286
/organization/apture,1,1,0.656979899577134
/organization/global-employment-solutions,1,0,0.3768785327593761
/organization/callaround,0,0,0.07819709203265862
/organization/land-systems-corp,0,0,0.48871904087194085
/organization/foldax,0,0,0.2942662820597516
/organization/app-in-the-air,0,0,0.15868410523691778
/organization/e-security-inc,1,1,0.7887707583189684
/organization/livio-radio,1,1,0.7235518294473464
/organization/tencho-technology,0,0,0.4796695193429655
/organization/podbridge,0,0,0.1621701476857482
/organization/messageone,1,1,0.8006260039254575
/organization/bzzagent,1,1,0.8100223795168597
/organization/alantos-pharmaceuticals,1,1,0.7583847990943776
/organization/prochon-biotech,1,0,0.48214578610062964
/organization/rontal-applications,1,1,0.5590935769003667
/organization/sun-catalytix,1,1,0.6936480969096935
/organization/lovely,1,1,0.7264896133550262
/organization/ridescout,1,1,0.713856102741846
/organization/cascades-development,0,0,0.3126295130586791
/organization/messagingdirect,0,0,0.1538463868694513
/organization/icondial,0,0,0.14150064799287282
/organization/navihealth,1,1,0.6530725430520425
/organization/the-vendare-group,0,0,0.3163321367122135
/organization/cognea,1,0,0.4650589224403629
/organization/reactivity,1,1,0.8285552602996092
/organization/eurobox,0,0,0.38230084851374424
/organization/selstor,1,1,0.5540261752676978
/organization/chirp,1,0,0.4424842156333748
/organization/positivefeedback,1,1,0.7423675588273753
/organization/simplyprose,0,0,0.1743058194280894
/organization/moy-univer,0,0,0.06611912776183496
/organization/monis,1,0,0.34116970984902545
/organization/bioenvision,0,1,0.7808327056749239
/organization/alandia-communication-systems,0,0,0.3071855898449102
/organization/tipcat-interactive-沙舟信息科技,0,0,0.3075169761609146
/organization/world-reviewer,0,0,0.4151019580465119
/organization/roomtag,1,0,0.26587274855754034
/organization/gamelayers,0,1,0.6036208099015535
/organization/velocix,1,1,0.7925495324533891
/organization/acquaintable,1,0,0.2887952692564955
/organization/fast-society,0,0,0.22572440153859963
/organization/lavastorm-analytics,1,1,0.7584103619000756
/organization/tg-publishing,1,1,0.5690328555986954
/organization/bytelight,1,1,0.6732713709731312
/organization/power-analog-microelectronics,0,1,0.5618474118970398
/organization/amerivault,1,0,0.2888330279828728
/organization/topsy-labs,1,1,0.8391389057786088
/organization/moxie-sports-inc,0,0,0.07341106660165556
/organization/moment-me,1,1,0.6579395272006511
/organization/wedeliver,1,0,0.3774969460114157
/organization/habiteo,0,0,0.1443200145739112
/organization/iviz-security,1,1,0.7557485605162223
/organization/tandem-labs,0,1,0.6414721530576806
/organization/black-is-pink,0,0,0.14037201224552842
/organization/accenx-technologies,1,1,0.7287089019485726
/organization/corechange,1,1,0.7828204394286287
/organization/metamoorephosis-games,1,1,0.7392876700912138
/organization/isites,0,0,0.18079624158148883
/organization/rerecipe,0,0,0.23500931187432253
/organization/likebetter-com,0,0,0.415906488660802
/organization/piczo,1,1,0.781162302155777
/organization/icontact,1,1,0.7879002850975066
/organization/the-wet-seal,1,0,0.40787096701190995
/organization/upnext,1,0,0.31364554988508064
/organization/done,0,0,0.4359349023087114
/organization/tinypay-me,0,0,0.3977830503779505
/organization/formative-labs,0,1,0.5039453525550228
/organization/slideshare,1,1,0.5449688990142687
/organization/ciphertrust,1,1,0.7949127224456024
/organization/fat-spaniel-technologies,1,1,0.7055804949622854
/organization/design-clinicals,1,0,0.29467335329103167
/organization/lymphosign,1,1,0.6863037703282725
/organization/unavailable-org-gmbh,0,0,0.13473048739404428
/organization/face8,0,0,0.030817598421068026
/organization/cell-mining,0,0,0.030817598421068026
/organization/letterme,0,0,0.11084920693560127
/organization/treatful,1,0,0.23732700349305413
/organization/price-interactive,1,1,0.608936451631198
/organization/qubell,1,0,0.49365242005468046
/organization/adecn,1,1,0.7197997742039293
/organization/big-fish-games,1,1,0.7577863994907562
/organization/mediamap-inc,1,0,0.4675107752126008
/organization/clickequations,1,1,0.5524316624005783
/organization/unruly,1,0,0.49231244115994793
/organization/kewego,1,1,0.7001079711187819
/organization/mbeat-media,0,0,0.4373998739145323
/organization/acme-packet,1,1,0.7503034525717612
/organization/cleverset,1,1,0.6452211730182804
/organization/fastnet,0,0,0.3300182231981811
/organization/syft-2,0,0,0.09334136340796252
/organization/rewarding-return,0,0,0.1512029174190619
/organization/meggatel,0,1,0.572700848414678
/organization/computication,0,1,0.5712014566428364
/organization/limo-taxi,0,0,0.19930646851270242
/organization/monument,0,0,0.044646078248192465
/organization/libretto,0,0,0.11320200363551582
/organization/tidalwave-trader,0,0,0.2943093278567569
/organization/hunch,1,1,0.7231377258737894
/organization/auctionpay,1,1,0.7767254947894999
/organization/the-logic-group,1,1,0.6465427441022408
/organization/xpede,1,1,0.7806851564536897
/organization/cardiokine,1,1,0.5034792322524678
/organization/get-in,0,0,0.459483184998535
/organization/gamee,0,0,0.04214590368685352
/organization/mogotix,0,0,0.17188290071345072
/organization/query-hunter,0,1,0.5950918429244818
/organization/superderivatives,1,1,0.6972982236211034
/organization/character-booster,0,0,0.13786292372424816
/organization/tube2tone,0,0,0.20506432704262528
/organization/food-on-the-table,1,0,0.4737362082251915
/organization/kosei,1,0,0.30165609139827154
/organization/hemoteq,1,1,0.7532654620980972
/organization/hands-on-mobile,1,1,0.7979762582612367
/organization/cuil,0,1,0.6903888794832714
/organization/jott,1,1,0.603683138294581
/organization/brabeion-software,1,1,0.8307942929257136
/organization/coinzone,1,0,0.28655649066795535
/organization/neovasc,0,1,0.5973589979957175
/organization/voicendo,0,0,0.43948169085588473
/organization/omthera-pharmaceuticals,1,1,0.6707452314611619
/organization/taidii,0,0,0.053785968092044084
/organization/print-inc,1,1,0.8337586261443138
/organization/western-window-systems,0,0,0.030817598421068026
/organization/classiphix,0,0,0.1952373660535657
/organization/mikme,0,0,0.05709955708587944
/organization/unveil-technologies-2,0,1,0.7475647676686635
/organization/tripeese,1,0,0.21861828718276974
/organization/o2gen-solutions,0,0,0.13240590390763407
/organization/neoguide-systems,1,1,0.8144845148713941
/organization/doctor-driven-systems,1,0,0.3383926781357433
/organization/tradehill,0,0,0.300280026469236
/organization/scion-cardio-vascular,0,0,0.46635671265178374
/organization/executive-channel,0,0,0.3591853802223067
/organization/imindi,0,0,0.4334250950867645
/organization/genetic-anomalies,1,0,0.1900860093821523
/organization/lilluxe,0,0,0.4592065507451434
/organization/tehnologii-obratnyh-zadach,0,0,0.12636133642435696
/organization/decisio-health,0,0,0.12707251976845535
/organization/shopigniter,1,1,0.7494976766148627
/organization/clicvu,0,1,0.5690328555986954
/organization/docebo,1,1,0.6700085682995554
/organization/evolution-robotics,1,1,0.7264743817898548
/organization/immune-control,1,1,0.7696699985236408
/organization/proxeon,1,0,0.326378823192154
/organization/viewfinity,1,1,0.8326182463137467
/organization/ecora,0,0,0.46959815838254326
/organization/aladdin-media-holdings,0,0,0.30990154409869847
/organization/echo-automotive,0,0,0.28608880684672583
/organization/polo-motorrad,0,0,0.1477435612152607
/organization/fliqz,1,1,0.7203363278849466
/organization/cognection,0,0,0.16331993295292055
/organization/windensity,0,1,0.5032611507081017
/organization/buyrentkenya-com,0,0,0.33378826370793924
/organization/art-loft,0,0,0.1871023121813472
/organization/legra-systems-inc,1,1,0.7790490384368748
/organization/achievers,1,1,0.8298721947909126
/organization/photobox,1,1,0.6906868203248393
/organization/adtuition,1,0,0.4455633551299643
/organization/marketsnacks,0,0,0.16575381825713822
/organization/catalyst-international,0,1,0.5773653074265072
/organization/tizaro,1,0,0.3729157847677343
/organization/tale-me-stories,1,0,0.09797378365208273
/organization/legaljump,0,0,0.22864572988856766
/organization/stamp-it,1,0,0.20821376170496608
/organization/lightera,1,1,0.7587355786924169
/organization/foodlo-com,0,0,0.05451320970910212
/organization/celltrix,0,0,0.42358493742893466
/organization/coherex-medical,1,1,0.6893194877357628
/organization/pivotlink-formerly-seatab,1,1,0.8301213788336771
/organization/cdt-systems,0,0,0.27422515389963203
/organization/voyence,1,1,0.7360827348093372
/organization/good-technology,1,1,0.8710899555405114
/organization/ecountrylifestyle,0,1,0.5154173266304333
/organization/pure-klimaschutz,0,0,0.262339643347179
/organization/primal-sensors-2,0,0,0.026837119926377988
/organization/plink-search,1,0,0.1538368392336679
/organization/elobina,0,0,0.026837119926377988
/organization/isis-biopolymer,0,1,0.5422378510868086
/organization/pickrset,0,0,0.2284188649973341
/organization/speechvantage,0,0,0.33819638585264117
/organization/vois,0,0,0.4797500388431438
/organization/4front-security,0,0,0.1689231482600228
/organization/rf-it-solutions,1,1,0.5926161192473796
/organization/shopcliq,1,0,0.19396876466428392
/organization/compete,1,1,0.8348217014916501
/organization/endosphere,0,1,0.5735907355192922
/organization/mydatingtree,0,0,0.1797479550896781
/organization/requisite-technology,1,1,0.8226964399994777
/organization/lascaux-co,1,0,0.41575960057247735
/organization/sandlinks,0,1,0.5411324867895273
/organization/bomgar,0,1,0.8231001712828052
/organization/designart-networks,1,1,0.5346460274543605
/organization/infraredx,1,1,0.7512373171792348
/organization/periscape,0,0,0.2080059525017309
/organization/perspecsys,1,1,0.7522700124556168
/organization/farmol,0,0,0.3328828145007899
/organization/pittsburgh-center-for-kidney-research,0,0,0.21191636963732094
/organization/support-space,0,1,0.7497938774252698
/organization/smash-com,0,0,0.10594857057894304
/organization/firstdibz,0,1,0.6908814126141387
/organization/aeneid-corporation,0,0,0.22041043666763124
/organization/glp-great-little-place,0,0,0.09665483917931544
/organization/wineta,0,0,0.07272907462882243
/organization/behind-the-burner,0,0,0.2830122209236594
/organization/therosteon,0,0,0.4099520196601068
/organization/metropcs-communications,1,1,0.5630180872356721
/organization/plan-a-drink,0,0,0.45051954459933113
/organization/sticki,0,0,0.13408643079719018
/organization/bleu-comme-gris,0,0,0.05218937167287011
/organization/kinaxo-biotechnologies,1,0,0.4250593046912161
/organization/worksimple,0,1,0.5738256891695017
/organization/operative-mind,0,0,0.1381454086787666
/organization/mozaico-2,0,0,0.1797545053348886
/organization/metratech,1,1,0.8189781890482393
/organization/id-analytics,1,1,0.8639908407152853
/organization/alterpoint,1,1,0.8486285265142613
/organization/biovitrum,1,1,0.7223290287214306
/organization/minor-studios,0,0,0.4627725026954001
/organization/gfs-it,0,0,0.3630627453100992
/organization/netrake,1,1,0.8237642565764657
/organization/netgen-2,0,0,0.1618267390560003
/organization/zystor,1,0,0.47211915305705837
/organization/a-power-energy-generation,0,0,0.45899571421434127
/organization/poland-com,0,0,0.18916813500301033
/organization/prometei,0,0,0.043914324731658884
/organization/pinstant-karma,0,0,0.4031883159135629
/organization/sizz,0,0,0.25844414602778526
/organization/metaforic,1,1,0.6492018691736614
/organization/orga-zone-ag,0,0,0.03007453497813646
/organization/gate-technology,0,0,0.4204437416775225
/organization/vhayu-technologies,1,1,0.8316237188987025
/organization/tipjoy,0,0,0.4680368769041909
/organization/impact-2,0,0,0.17379642265285292
/organization/breeze-technology,0,0,0.2017558511310925
/organization/santarus,1,1,0.5202123439171816
/organization/myalert,1,1,0.5250082396061536
/organization/business-only-broadband,1,1,0.5402974047788763
/organization/hopscotch,0,1,0.7108893181969688
/organization/soshi-games-swm-projects-limited,0,0,0.11223297386215927
/organization/patientkeeper,1,1,0.87422320414873
/organization/pancetera,1,1,0.6165673881908031
/organization/adlib-mediation-llc,0,0,0.10740915060504289
/organization/mindwork-labs,1,1,0.545798588107406
/organization/instantq,0,0,0.4571349486853738
/organization/whipcar,0,0,0.37505011370847285
/organization/bustos-media,0,0,0.4357891175756631
/organization/lynoe,0,0,0.03232707508137074
/organization/kidpad,0,0,0.13622676471346137
/organization/artofbrands-sa,0,0,0.3921102133057666
/organization/merchantcircle,1,1,0.7133996399918086
/organization/correlix,1,1,0.8497063732509873
/organization/gotvoice,1,1,0.702965198353851
/organization/mtm-laboratories,1,1,0.7708598235207288
/organization/intersperse-inc,1,1,0.7879787143459626
/organization/summify,1,1,0.6184904022783262
/organization/california-interactive-technologies,0,0,0.48906218610314134
/organization/pmdsoft,0,1,0.6974973571331128
/organization/avtozaper,0,0,0.23948760245650058
/organization/h2i-technologies,0,0,0.32704694438212206
/organization/moow-life-all-interesting-nearby,0,0,0.031062792842824535
/organization/gazzang,1,1,0.8437575837208593
/organization/allclasses,1,0,0.4661209374624755
/organization/cartavi,1,0,0.46538956903014006
/organization/enterprise-data-safe-ltd,1,0,0.3346068492867233
/organization/kippt,1,0,0.42647053118660083
/organization/pawisda-systems,1,0,0.2074647156545712
/organization/1daymakeover,0,0,0.17319142970910714
/organization/storm-media-innovations-inc,0,0,0.3947436824605638
/organization/vendly,0,0,0.1840130127675187
/organization/ucontrol,1,1,0.6866138636853661
/organization/cabforce,1,0,0.17661739696456596
/organization/aptiv-solutions,1,1,0.6410170712564658
/organization/seamicro,1,1,0.6471637187730862
/organization/orderup,1,1,0.7710965141559174
/organization/lssi-data,0,0,0.36667912924817436
/organization/tonx,1,0,0.43805908462545823
/organization/semtek-innovative-technologies-corporation,1,1,0.7742540730679943
/organization/spoondate,0,0,0.45384801766011174
/organization/vendorsafe-technologies,1,0,0.48217327525894205
/organization/shopnation,1,0,0.33468577785601655
/organization/zeus,1,1,0.7721420774345237
/organization/adchemy,1,1,0.8158748435571525
/organization/gleemaster,0,1,0.5685118330554289
/organization/thesweetlink,0,0,0.43584426336417487
/organization/insiteone,1,1,0.8453432357243064
/organization/spandex,0,0,0.07980979581718768
/organization/kurani-interactive,0,1,0.5202559660041964
/organization/furiex-pharmaceuticals,1,1,0.6650602567294588
/organization/gonway,0,0,0.2030585509099908
/organization/netscaler,1,1,0.835353928837662
/organization/isend-llc,0,0,0.1765675096923159
/organization/ohloh,1,1,0.5034187838172575
/organization/jungo-software,1,1,0.734231645190587
/organization/likez,0,0,0.11085875337040099
/organization/setem-technologies,0,1,0.7331680484132209
/organization/calleoo,0,0,0.09841730548067755
/organization/design2launch,1,1,0.7780331515812621
/organization/opta-sportsdata,1,1,0.5645608644708365
/organization/bwareit,0,0,0.06057763952782096
/organization/zentact,0,0,0.22160272049737298
/organization/cut-a-long-story,0,0,0.02541208607926393
/organization/argyle,1,1,0.7288362329657051
/organization/apt-pharmaceuticals,0,1,0.6888384532056506
/organization/tensilica,1,1,0.7557387891341729
/organization/mandata-management-data-services,0,0,0.4224857985102105
/organization/getmerated,0,0,0.343896102313919
/organization/tapzen,1,0,0.4974393650332122
/organization/darby-smart,0,0,0.3813507597439589
/organization/rollad,0,0,0.12218600693189098
/organization/no-capital-llc,0,0,0.19672755886445745
/organization/giant-realm,1,1,0.6193027600328294
/organization/ikaria,1,1,0.7484155235957458
/organization/tgv-software,1,1,0.6753405851466858
/organization/tools4erp-aps,0,0,0.034855201837062734
/organization/swarm-mobile,1,1,0.7535333093587934
/organization/dude-2,0,0,0.11830720562695757
/organization/multiwave-photonics,0,0,0.2938541637796378
/organization/itog-inc,0,0,0.28435807858929807
/organization/spiral-gateway,0,0,0.2291955352998732
/organization/helpsquad-llc,0,0,0.10285698874696642
/organization/wakonda-technologies,0,0,0.46782572055170113
/organization/sweepery,0,1,0.6375697223256123
/organization/wellnessliving-systems-inc,0,0,0.22925655311279747
/organization/deal-decor,0,0,0.46710545944609244
/organization/coldlight-solutions,1,1,0.7353354917247162
/organization/nexgen-energy,0,0,0.22992350499112427
/organization/tvdeck,0,0,0.119913722432442
/organization/doconyou,0,0,0.3202448051141145
/organization/booktour,0,0,0.2297376596805249
/organization/klevosti,0,0,0.06386003919019481
/organization/extreme-startups,0,1,0.6073828077623346
/organization/totsy,0,1,0.7897225589098252
/organization/chipsensors,1,1,0.5435672503996335
/organization/love-buddies,0,0,0.19615556145070098
/organization/bluesprig,1,1,0.6056355876936121
/organization/desura,1,0,0.12460932418676354
/organization/prose,0,0,0.07807547393304866
/organization/iscopia-software,0,1,0.643413808455807
/organization/spawn-labs,1,1,0.5400999857833702
/organization/gozaik,1,0,0.38937275181162656
/organization/mavent,1,1,0.7963690311907509
/organization/audiomicro,1,1,0.558599406628232
/organization/cortex-healthcare,0,0,0.22949540878846686
/organization/monster-juice,0,0,0.3106422650361148
/organization/prodess,0,0,0.3961707462388018
/organization/d4p,0,0,0.09958060266374107
/organization/tarari,1,1,0.8367716248305409
/organization/wanova,1,1,0.7664158272026055
/organization/invia-cz,0,1,0.6262976070796353
/organization/positive-networks,1,1,0.5085282836914001
/organization/smartypants-vitamins,0,1,0.7656579466632694
/organization/vrt-insurance-services,0,0,0.446113760341826
/organization/m2e-power,0,0,0.4896887317454672
/organization/ftapi-software,1,0,0.499764333086623
/organization/sueeasy,1,0,0.47025103442035227
/organization/balalikea,0,0,0.09526078519200798
/organization/intucell,1,1,0.5227825383632998
/organization/revodeals,0,0,0.20692406064723254
/organization/play140,1,0,0.3379017289803766
/organization/headcase-humanufacturing,0,0,0.4883250297104438
/organization/moprise,0,1,0.7294397665129269
/organization/reveal,1,1,0.5119595279892306
/organization/brion-technologies,1,1,0.741314824914916
/organization/gladfly-2,0,0,0.07129117916290084
/organization/aperto-networks,1,1,0.8839682223960881
/organization/aster-data-systems,1,1,0.8537260277409701
/organization/fosdev,0,0,0.3540425843302345
/organization/wijhoudenvanvers,0,0,0.12139810218816864
/organization/cortex-business-solutions,0,1,0.717205896934493
/organization/summit-energy,1,1,0.6798592859475967
/organization/shantiniketan-incorporated,0,1,0.6457025307680746
/organization/prematics,1,1,0.5093029389672935
/organization/1bog,0,0,0.47367761674990105
/organization/vlingo,1,1,0.7522197457358561
/organization/newsle,1,1,0.6547871541523282
/organization/entrec,0,0,0.4450315499626221
/organization/classical-connection,0,0,0.4327823657961779
/organization/buuteeq,1,1,0.8269355237719681
/organization/battellepharma,0,1,0.7628255333458854
/organization/streetfire,1,1,0.6952584015050259
/organization/mastersaf,0,0,0.27361204214120766
/organization/lumenis,1,0,0.45294941329188226
/organization/blinq-media,0,1,0.7691564985712954
/organization/fusion-networks,0,0,0.1568323507965917
/organization/tiberium,0,0,0.3142907910459882
/organization/fantrail,0,0,0.3006194342733741
/organization/gemfire,1,1,0.7968973508743911
/organization/search-and-share,0,0,0.030817598421068026
/organization/glyco-vaxyn,1,1,0.567059669291922
/organization/clipcall,0,0,0.20428071055455269
/organization/tra,1,1,0.7118931272714036
/organization/motorola-solutions,1,1,0.5916660785497594
/organization/foresee-results,1,1,0.771701989113525
/organization/nucleator,0,0,0.030817598421068026
/organization/brightstar,1,1,0.8153840644750359
/organization/rima,0,0,0.13240590390763407
/organization/sibeam,1,1,0.844092069074106
/organization/cidco,0,0,0.47749983478811603
/organization/clearmatics,0,0,0.058973779667546126
/organization/astadia,1,1,0.5710055401495433
/organization/mosaic-storage-systems,0,1,0.7088388821745437
/organization/scout-media,1,0,0.39956137845163625
/organization/hippflow,0,0,0.05597103793703849
/organization/ubersense,1,1,0.5650328145945311
/organization/funky-panda-games,0,0,0.04881775307938229
/organization/mobui,1,1,0.5646838140016566
/organization/price-legacy-corp,1,0,0.49100757617192337
/organization/okeo,0,0,0.13031279213505859
/organization/pick-a-student,0,0,0.18449504823389318
/organization/aviir,0,1,0.7611208336859383
/organization/spool,1,0,0.40863320766177585
/organization/pureenergy-solutions,0,1,0.5992887237658931
/organization/programeter,0,0,0.3047541125800677
/organization/katalyst-media,0,1,0.7550682345540817
/organization/encarnate,0,0,0.3335977784612713
/organization/tunein-twitter-dashboard,0,0,0.14324690865268416
/organization/anystream,1,1,0.859290019405245
/organization/rackup,0,1,0.5902301046166815
/organization/mspoke,1,0,0.4045874550840084
/organization/psychiatric-solutions,1,1,0.7695955875695197
/organization/navegg,1,0,0.48211560218902677
/organization/red-seraphim,0,0,0.18449504823389318
/organization/defywire,0,1,0.7888236170120467
/organization/castek,1,1,0.532142692103061
/organization/corona-labs,1,1,0.703078451300536
/organization/triggit,1,1,0.8411172439467522
/organization/strakan-group,0,0,0.3464390229387465
/organization/instinctiv,1,1,0.582470291984934
/organization/repromedix,0,0,0.06678552841786031
/organization/careerimp,0,0,0.14905887393867318
/organization/health-impact-solutions,0,0,0.3826773531839133
/organization/bubble-motion,1,1,0.777346339645685
/organization/smartsignal,1,1,0.5058973212106807
/organization/black-diamond-minerals,0,0,0.30071727108001056
/organization/mechanology,0,1,0.6463213538824805
/organization/gnowsis,0,0,0.1389577873816568
/organization/wonderhill,1,0,0.49554762066600033
/organization/avokia,0,1,0.7089299459083946
/organization/cassia-networks,0,0,0.12842480565715042
/organization/openreach-2,0,0,0.45464893797823086
/organization/stickybeak,0,0,0.10685444739465855
/organization/medley-health,0,1,0.6741642672212553
/organization/iweb-technologies,1,1,0.7535364879533892
/organization/free-clear,1,1,0.6374761736546465
/organization/ppt-reasearch,0,0,0.3398732635517762
/organization/bacchus-vascular,1,1,0.8283545586556197
/organization/packetexchange,1,1,0.7719394964793725
/organization/songza,1,1,0.6699555385014277
/organization/uprace,0,0,0.43584426336417487
/organization/tissue-regeneration,0,0,0.3881351206994194
/organization/groovideo,0,0,0.43296102658058144
/organization/ubizen,1,0,0.4572079290791149
/organization/mobile-accord,1,1,0.6270928022770542
/organization/five-star-technologies,0,1,0.849146678754862
/organization/devcontact,0,0,0.12750386131994143
/organization/teextee,0,0,0.11763316737639923
/organization/aveksa,1,1,0.8514031434692536
/organization/mybandstock,0,0,0.34042888165036395
/organization/airdroids,0,0,0.4036826587659861
/organization/strangeloop-networks,1,1,0.7008572349634743
/organization/gulu-com,0,0,0.18616633538534846
/organization/cenzic,1,1,0.8267101183935087
/organization/remotemdx,0,1,0.6405406556730106
/organization/babbler,0,0,0.11429662314221865
/organization/peoplestring,1,0,0.31713510452167304
/organization/north-american-palladium,0,0,0.43460169143555427
/organization/babycenter,1,1,0.7367885313738001
/organization/daybreak-intellectual-capital-solutions,0,0,0.462163127490201
/organization/commissiontrac,0,0,0.02758293039783267
/organization/nexus-energyhomes,0,0,0.3988548580291226
/organization/phu-nhuan-jewelry-joint-stock-company,0,0,0.44791193783702155
/organization/forticom,0,1,0.5968231720738922
/organization/nap-app,0,0,0.03817970070836382
/organization/netviewer,1,1,0.7951459728546556
/organization/alta-devices,1,1,0.6298646989347575
/organization/pitchbrite,1,0,0.29929395726281927
/organization/rentenna,1,0,0.278882470953093
/organization/oxynade,0,0,0.4905194775503825
/organization/six-degrees-games,0,1,0.7387448736601641
/organization/sonya-labs,0,0,0.17469699088200905
/organization/zilliontv,0,1,0.6604002178037564
/organization/alphamosaic-ltd,1,0,0.4290475679488589
/organization/examhack-inc,0,0,0.11791213855163755
/organization/innovorder,0,0,0.02805912087402315
/organization/mercado-electrônico,0,0,0.1444902688548877
/organization/iphighway,0,0,0.24968733622766817
/organization/trustedplaces,1,0,0.37186967861340636
/organization/sayswap,0,1,0.5118706765802463
/organization/kid-care-years,0,0,0.377094963097213
/organization/intexys,1,1,0.6249235089433054
/organization/daylife,1,1,0.6321996594426171
/organization/prizzm,0,0,0.44163586632007584
/organization/i-pop-networks,0,0,0.1362077793352638
/organization/bridgeco,1,1,0.5707214204568892
/organization/venmo,1,1,0.5563029867900868
/organization/ardext-technologies,0,0,0.3710609596794243
/organization/mailgun,1,1,0.5423845614116471
/organization/shopmagazine-solutions,0,0,0.08862791767083268
/organization/minimonos,0,0,0.35557451978248106
/organization/digital-fuel,1,1,0.8300822873114738
/organization/reviewspotter,0,0,0.2224927312797063
/organization/bizo,1,1,0.8332569475906811
/organization/clover,1,1,0.7498738565418802
/organization/mezeo-software,1,1,0.6166439996442922
/organization/postdeck,0,0,0.3175877480678564
/organization/dotblu,0,1,0.633705062228261
/organization/ignitad,0,0,0.47881689596198174
/organization/ipnetwork,0,0,0.18916813500301033
/organization/winecrasher-com,0,0,0.11084920693560127
/organization/aktino,1,1,0.7815697777237826
/organization/scl,0,0,0.4272074580227771
/organization/stipple,0,1,0.8241119599923153
/organization/activaero,1,1,0.7083905164565126
/organization/my-top,0,0,0.2190832807686218
/organization/headplay,0,1,0.7157777821373317
/organization/reddwerks,1,1,0.6397255813310937
/organization/level-four-software,1,1,0.6922884148974562
/organization/abios-gaming,0,0,0.030817598421068026
/organization/newspage,1,0,0.43886442882418647
/organization/toura,1,1,0.7548994967436031
/organization/alloptic,0,1,0.8267170146728645
/organization/fairfly,0,0,0.4027194002020175
/organization/ceyx,0,1,0.7866013602430267
/organization/one-season,0,1,0.61541968487459
/organization/clash-media-advertising,0,1,0.6871250010344062
/organization/lost-property-heaven,0,0,0.24560639290439973
/organization/iptune,1,0,0.4507480472981093
/organization/i-just-shared,0,0,0.1999076328495444
/organization/sessionbox,1,1,0.6163647339576382
/organization/ning,1,1,0.772325038498725
/organization/saplo,1,1,0.5545007852109645
/organization/deltek,1,1,0.7453614410215947
/organization/pro-options-marketing,0,0,0.1728449469287815
/organization/twones,0,0,0.2584101757575308
/organization/sinimanes,1,0,0.4446813394204727
/organization/kaos-solutions,0,0,0.22271150226491418
/organization/helpmerent-com,0,0,0.2182329001975752
/organization/iunika,0,0,0.41416280826047563
/organization/mformation-technologies,1,1,0.8673495771655813
/organization/ecobuddies-interactive,0,1,0.5242645691165547
/organization/jurny-the-core-values-matching-platform,0,0,0.06244214313180155
/organization/dezineforce,0,0,0.3154843578390438
/organization/mercantila,1,1,0.7176817026255113
/organization/albeo-technologies,1,1,0.6435992184948117
/organization/asthmatx,1,1,0.7152535010378027
/organization/newvem,1,0,0.49780798315905805
/organization/salira-optical-network-systems,0,0,0.4784017876587639
/organization/skillsbite-com,0,0,0.15974059338702595
/organization/sparkbuy,1,0,0.4429066153497272
/organization/mithridion,0,1,0.5733513495027899
/organization/press-box,0,0,0.03213825019400306
/organization/siri,1,1,0.6903991216981862
/organization/space-monkey,1,1,0.7649467287652617
/organization/loosehead-software,0,0,0.4346577775858757
/organization/jumo,0,1,0.6029080671152485
/organization/altheos,0,1,0.6224365640358236
/organization/itsdapper,0,0,0.27784352529991
/organization/guaranteach,1,1,0.6037216307769303
/organization/aihit,1,1,0.6525267474613524
/organization/hotpathz-inc,0,0,0.0325723440833444
/organization/metanotes,0,0,0.3761507599405446
/organization/acinion,1,1,0.739785176535297
/organization/dotsyntax,1,0,0.39140459846859244
/organization/3tier-environmental-forecast-group,1,1,0.709584215681932
/organization/medmanage-systems,1,1,0.8097823681822035
/organization/netpro,1,0,0.3987548000077752
/organization/schemalogic,1,1,0.8679156124013901
/organization/cascada-mobile,0,1,0.6042032257714949
/organization/plixi,1,1,0.5531247548410766
/organization/boomi,1,1,0.7848640794036237
/organization/takkle,1,0,0.4685685169389259
/organization/aislebuyer,1,1,0.7616970012306453
/organization/nanotecture,0,0,0.4452115987184409
/organization/schedit,0,0,0.1494942473685621
/organization/kappa-prime,0,0,0.36825397418543376
/organization/satiety,0,1,0.7524818077438488
/organization/fortiusone-2,0,0,0.11151264237513797
/organization/runivermag,0,0,0.2674241641256878
/organization/twijector,0,0,0.06500259282782092
/organization/waddapp-com,0,0,0.25846420879490656
/organization/netqos,1,1,0.7764532135926742
/organization/variation-biotechnologies,0,0,0.13023067465350333
/organization/h-art-wpp,1,0,0.2961338161870995
/organization/arterain-medical,0,0,0.12127472830304856
/organization/weetabix,1,0,0.426083834084922
/organization/gecko-audio,0,1,0.6207797660067808
/organization/lucky-pai,1,1,0.5449857952556234
/organization/singlepipe-communications,1,0,0.35534336134884115
/organization/sierra-monolithics,1,1,0.8333386765520767
/organization/cloudon,1,1,0.8284806827328868
/organization/linux-networx,1,1,0.8667215909909127
/organization/seadragon-software,1,0,0.4896103547489381
/organization/booklr,1,1,0.5304270842307497
/organization/trony-solar,0,0,0.48172177224977764
/organization/eclector,0,0,0.33407319515759654
/organization/art-of-defence,1,1,0.5609325679113532
/organization/lasso-2,0,0,0.05571972909963747
/organization/ugobe,0,1,0.7282973389032178
/organization/intellirisk-management,0,0,0.48001309892985533
/organization/pictela,1,1,0.6798455841586967
/organization/anomalous-networks,1,0,0.39929729303521605
/organization/ncircle-network-security,1,1,0.8379972316558577
/organization/whitelight-systems,1,1,0.7636304852289438
/organization/innovectra,1,1,0.6872114542149287
/organization/onex-communications,1,0,0.4586306058379405
/organization/wiseri,0,0,0.19442453073034965
/organization/fits-me,1,1,0.7098257292742625
/organization/linkcloud,0,0,0.22483645022230497
/organization/broadcastr,0,1,0.612548388393934
/organization/awesomeness-tv,1,1,0.5439452384971366
/organization/advanced-ophthalmic-pharma,0,0,0.48416132279795737
/organization/yesmail,1,1,0.733668089404149
/organization/buzzdash,0,0,0.49154368703902
/organization/alsbridge,0,1,0.5724017674075482
/organization/illume-software,0,1,0.7189697702894535
/organization/map2app,1,0,0.33682742381120134
/organization/free-lance-ru,0,0,0.31323245832525154
/organization/glacier-bay,0,1,0.696398676514931
/organization/toodalu,1,0,0.2465859624635707
/organization/ubmatrix,1,1,0.8044375250473665
/organization/landingi,0,0,0.3156133931629227
/organization/chirpme,1,0,0.48329513419095804
/organization/bigbad,0,0,0.48453541486299434
/organization/mskynet,1,1,0.5831566683875176
/organization/rivet-sway,0,1,0.6694077132152739
/organization/spotivate,1,0,0.45380371609008313
/organization/redsiren,1,1,0.5862855561594067
/organization/gaiacom-wireless-networks,0,0,0.4345161993189888
/organization/newbrandanalytics,1,1,0.8503551509765352
/organization/emed-co,1,1,0.5840578985100023
/organization/lifeserve-innovations,0,0,0.2069047343040678
/organization/aveso,0,1,0.6918038433102436
/organization/primaeva-medical,1,1,0.668851501941762
/organization/fuego-nation,0,0,0.3911209957136982
/organization/tapdog,1,0,0.09093592331720218
/organization/vendavo,1,1,0.8535672122296657
/organization/simplr-just-for-campus,0,0,0.03007453497813646
/organization/motionmetrics,0,0,0.2997935933892628
/organization/virtensys,1,0,0.4870285960483393
/organization/liveops,1,1,0.8302017447552689
/organization/mako-surgical,1,1,0.6978087477018549
/organization/datebox,0,0,0.10033101796468451
/organization/biowizard,0,0,0.47824044664413917
/organization/anacatum-design,1,0,0.3953011203000888
/organization/andigilog,0,1,0.8351951635789348
/organization/crono,0,0,0.20995070709375374
/organization/softway,0,0,0.16911327490097783
/organization/paisley,1,1,0.5274156434134963
/organization/ecnlive,1,0,0.2686079439210099
/organization/sally,0,0,0.09427794827685261
/organization/eruces,0,1,0.5588300471614689
/organization/mylabbox,0,0,0.029565446257130625
/organization/mobspire,1,0,0.4988407084629223
/organization/meximerica-media,1,1,0.7591136834610827
/organization/gioia-systems,0,1,0.5556908944555378
/organization/join-the-company,0,0,0.4503567622365815
/organization/artifact-software,0,1,0.6571934830077693
/organization/shhmooze,0,0,0.2666101419543396
/organization/netli,1,1,0.8085849431787376
/organization/itzbig,0,1,0.5319691429917551
/organization/joylux,0,0,0.06370187782048974
/organization/wolf-minerals,0,0,0.2435220047332252
/organization/sonoma,0,0,0.42605681110706767
/organization/starport-systems,0,0,0.4521863273469345
/organization/laveem,1,0,0.43877037849505607
/organization/hotswap,0,0,0.36037315026112393
/organization/apprema,0,0,0.37089879634515927
/organization/healthcare-partners,1,1,0.6188446330767113
/organization/dynamikode-software-ltd,0,0,0.03869655423550494
/organization/mgmedia,0,0,0.43130130532923466
/organization/pipeline-biomedical-holdings,1,1,0.5559382909844853
/organization/deerpath-energy,1,0,0.3398732635517762
/organization/hyperic,1,1,0.6994524966931859
/organization/yebol,0,0,0.2439110490364954
/organization/pump-engineering,1,0,0.35147276625740076
/organization/cardiooptics,0,1,0.7724644198276585
/organization/odeo,1,1,0.6966699178371225
/organization/exsafe,0,0,0.388011110494632
/organization/phd-virtual-technologies,1,1,0.7409820409425759
/organization/chaparral-network-storage,1,0,0.4725893295518727
/organization/psc-info-group,1,0,0.33819638585264117
/organization/comparedownload-com-2,0,0,0.10466181014566038
/organization/clear-story,1,0,0.47495505423800266
/organization/liquid-air-lab,1,1,0.7844758835381458
/organization/wi-chi,0,1,0.5180895918936187
/organization/tinkoff-credit-systems,0,0,0.342368853288208
/organization/artspace,1,1,0.6213323398286146
/organization/biotrove,1,1,0.6628852820990145
/organization/ztail,0,1,0.5320556141009111
/organization/marketshare,1,1,0.8161940347725253
/organization/emerging-threats-pro,1,1,0.7004045315602889
/organization/presence-networks,0,0,0.2766408173161991
/organization/macellum,0,0,0.15057663999142637
/organization/localbonus,0,1,0.633199856622503
/organization/edventions,0,0,0.15072469374775815
/organization/qloud,1,0,0.4936258240912749
/organization/enerscore-inc,0,0,0.0325723440833444
/organization/truespan,0,1,0.5379597007427335
/organization/adir-technologies,0,0,0.4355477879880157
/organization/gnubio,1,1,0.6805741315639642
/organization/twentyfeet,1,1,0.6596523870182139
/organization/nebel-tv,0,0,0.22340194037322827
/organization/everlater,1,0,0.4969770494317921
/organization/adstack,1,1,0.6522628263195455
/organization/cashedge,1,1,0.8439047703672753
/organization/unity-4-humanity,0,0,0.3384433288162404
/organization/kainoa,0,0,0.06304922442769295
/organization/arkli,0,0,0.3181049447542524
/organization/zapitano,0,0,0.35260515658223035
/organization/trillium-therapeutics,1,0,0.3506163687704382
/organization/shelby-tv,1,1,0.6952455178765049
/organization/zappchoice,0,0,0.10556739565155633
/organization/pickspal,1,1,0.6928748004416893
/organization/investor-broadcast-network,0,0,0.46502960281073136
/organization/jazz-blues-television-2,0,0,0.038645075384124705
/organization/elephant-is,0,0,0.2517877744137478
/organization/lancope,1,1,0.8485852734199496
/organization/stratavia,1,1,0.7976089375307237
/organization/kinduct,0,0,0.02628165129665523
/organization/employinsight,1,0,0.4418855455280014
/organization/mashery,1,1,0.8236229091607917
/organization/niio,0,0,0.3149281892500766
/organization/breconridge,1,1,0.5252339570701314
/organization/fuego,0,0,0.4619363594506346
/organization/lessonlab,1,1,0.7659128376045427
/organization/rockcart,0,0,0.07129117916290084
/organization/thirdlevel,0,0,0.027452997816690524
/organization/imove,1,1,0.7747466108243658
/organization/newsbytes,0,0,0.03578979737337082
/organization/youcastr,0,0,0.2919181113094756
/organization/a-life-medical,1,0,0.44765623788841347
/organization/foodbynet,0,0,0.16962184490472298
/organization/blip,1,1,0.814798685493008
/organization/quantivo,1,1,0.7271892248562414
/organization/sidetour,1,1,0.7442404637303467
/organization/luminetx,1,0,0.47565234975192455
/organization/hemosphere,1,1,0.5984313811501527
/organization/lala,1,1,0.6760751154306885
/organization/fx-aligned,0,0,0.42856733005957515
/organization/bigfix,1,1,0.8506840304030712
/organization/global-commerce-systems,0,0,0.49348322769771225
/organization/silicon-hive,0,1,0.647971789561342
/organization/wikets,0,0,0.2730202863563679
/organization/flud,0,1,0.7626575647335011
/organization/sport-convo,0,0,0.19687985225026064
/organization/ubitexx,1,1,0.663965217652933
/organization/unity-semiconductor,1,0,0.3365441563584977
/organization/ididwork,0,0,0.4044265105447878
/organization/hungry-promotions-ltd,1,0,0.14734674680043594
/organization/selenokhod,0,0,0.07566246647722957
/organization/stylezen,0,0,0.18549538823705103
/organization/babyoye,1,1,0.5076148272200781
/organization/livevol,1,1,0.5962001940166115
/organization/nbi-development,0,0,0.18728762144814265
/organization/eucodis-bioscience,0,0,0.4148039990493503
/organization/hoyos-corporation,0,1,0.7287237307048491
/organization/sentence-lab,0,0,0.35769717854285743
/organization/goowy,1,1,0.7110871892315074
/organization/180solutions,0,1,0.5277564308487379
/organization/vtago,0,0,0.20088224533545446
/organization/cardiomind,0,1,0.7245828435856425
/organization/eeden,0,0,0.23510064586287632
/organization/zenph-sound-innovations,0,1,0.6446604942952241
/organization/inevention-technology-inc,1,1,0.598687589314316
/organization/mhelpdesk,1,0,0.3022302609209769
/organization/opentable,1,1,0.8421236021654579
/organization/jodel,0,0,0.15011626003472034
/organization/syncui,0,0,0.031062792842824535
/organization/scout-com,1,1,0.8039681818068771
/organization/sape,0,0,0.248735409218743
/organization/tipcity,0,0,0.2244106410067239
/organization/bluepulse,0,1,0.7773875530997648
/organization/blueprint-registry,0,0,0.12707251976845535
/organization/quantisense,1,0,0.4619361325663658
/organization/caliper-life-sciences,1,1,0.7133011604667925
/organization/peerme,0,1,0.7382725301768259
/organization/learnvest,1,1,0.7229018984586882
/organization/layar,1,1,0.5556394121730976
/organization/detectent,1,1,0.5343082656016253
/organization/navx,0,1,0.6636989865658989
/organization/hitpost,1,1,0.722114337099361
/organization/gaboom,0,0,0.1489841916949481
/organization/basis-science,1,1,0.7882096498402587
/organization/just-dial,0,1,0.6841278243801967
/organization/nadamobile,0,0,0.17235878479887634
/organization/protection-one,1,1,0.6603291605360673
/organization/fusion-mobile,0,0,0.3219337911186671
/organization/tiaxa,0,0,0.3968155459284502
/organization/carepoint-partners,1,1,0.7420224164422278
/organization/eachnet,1,1,0.7344760858212284
/organization/compendium-blogware,1,1,0.7282950098928669
/organization/accelone,0,0,0.3185201390848302
/organization/scioderm,1,1,0.7281169157517698
/organization/glycosan,1,0,0.4511936470711337
/organization/muziwave-com,0,0,0.4433540680894357
/organization/bipar-sciences,1,1,0.7437607331221366
/organization/cibecs,1,0,0.3629573137582631
/organization/nr-energy,0,0,0.2717643814086072
/organization/arrowpoint-communications,1,1,0.7741945661746457
/organization/tumblr,1,1,0.7780259006100974
/organization/mobiledevhq,1,1,0.6086456429914873
/organization/loc-aid,1,1,0.8741310086404553
/organization/inktank,1,1,0.8193293103752809
/organization/pivot-medical,1,1,0.6417360743042159
/organization/slipstream,0,0,0.22322848988249017
/organization/helicomm,0,1,0.5670345409012103
/organization/phasebridge,0,0,0.27867155341193767
/organization/supercell,1,1,0.6947908121376374
/organization/sirigen,1,1,0.5285985439929916
/organization/pay-with-cover,1,1,0.5667446366953253
/organization/bocadio,0,0,0.03419402052816727
/organization/veeda,0,0,0.37764253249346885
/organization/culhanimal-productions,0,0,0.026837119926377988
/organization/travelmenu,0,1,0.5198669496960082
/organization/my-apps,0,0,0.3015175169714809
/organization/vamp-communications,0,1,0.6780212603819221
/organization/oxford-semiconductor,1,1,0.7599697265132387
/organization/daptiv,1,1,0.8540078173870974
/organization/eliason-media,0,0,0.3967717630350825
/organization/admeta,1,1,0.5609523701756339
/organization/opstechnology,1,1,0.8078625114143663
/organization/last-mile-connections,0,0,0.4346946185622571
/organization/optier,1,1,0.8533707789732103
/organization/hubkick,0,0,0.1985839839607847
/organization/tadcast,0,0,0.4571349486853738
/organization/vivu,1,1,0.6890473233115685
/organization/atempo,1,1,0.8437137427381505
/organization/martingale-internet-technologies,0,0,0.26526811883787793
/organization/telisma,1,1,0.6705905561282743
/organization/cognovant,0,0,0.4046809050763995
/organization/milyoni,1,1,0.7810086867111756
/organization/sense-home,0,0,0.06678552841786031
/organization/nehp,1,0,0.4776192134981635
/organization/clean-harbors,0,1,0.6145251411150283
/organization/abeome-corporation,0,0,0.19097077451005112
/organization/waywire,1,1,0.5556084392220623
/organization/hotpotato,1,0,0.4014881447509701
/organization/bird-design-limited,0,0,0.05165608485893758
/organization/arysta-lifesciences,1,1,0.7075641403873493
/organization/bihu-com,0,0,0.34150911253579497
/organization/modernadvisor,0,0,0.1539685213566904
/organization/linkura,0,0,0.049382509739082814
/organization/foodcrave-inc,0,0,0.26894384324077447
/organization/bpl-global,1,1,0.7866386030912357
/organization/physicians-formula,1,1,0.7435960598921089
/organization/meteor-entertainment,0,1,0.7947370679421323
/organization/memorang,0,0,0.03307242104540376
/organization/healthcaresource,1,1,0.794601035542885
/organization/arvirago,0,0,0.22113527085697549
/organization/cryptoseal,1,0,0.23820313983425087
/organization/beetv,0,1,0.5900112557783751
/organization/touchstone-health,0,1,0.655726747608201
/organization/zoomsafer,1,1,0.6856120266925572
/organization/asset4,1,1,0.6241067549352585
/organization/eliyon-technologies,0,0,0.3635817754846971
/organization/red-blue-voice,0,0,0.1925664266793109
/organization/flickim,0,0,0.4858905919865202
/organization/nanogram,1,1,0.8444546905712369
/organization/consmr,1,0,0.30651513477547393
/organization/musclepharm,0,1,0.7680105372294941
/organization/fish-ball-technology,0,0,0.15364624200591215
/organization/fastlease,0,0,0.050486948574787235
/organization/verid,1,0,0.4677928015343757
/organization/assemblage,1,0,0.3619504529044739
/organization/minerva-worldwide,0,0,0.377377838654855
/organization/1010data,1,1,0.769654461478998
/organization/think-big-analytics,1,1,0.7578069597161956
/organization/square-two-financial,1,1,0.6439503901545972
/organization/phanfare,0,1,0.5765920252418585
/organization/carzen,1,0,0.2277800842924825
/organization/signnow,1,1,0.6322672989165276
/organization/koala-databank,0,0,0.2665944239330237
/organization/appiterate-com,1,0,0.3286241642690056
/organization/synerit,0,0,0.06956506224893756
/organization/irl,0,0,0.18159507070228348
/organization/geneweave-biosciences,1,1,0.6556240950821206
/organization/jooce,0,0,0.36093388166033463
/organization/united-travel-technologies,0,0,0.43757101511482527
/organization/outside-in,1,1,0.7174394477462473
/organization/celleration,1,1,0.7677342029264546
/organization/evolver,1,0,0.4461295946432807
/organization/impact-products,0,1,0.5311015766604321
/organization/pluq,0,0,0.160747462059902
/organization/clean-runner,0,0,0.4010389728205708
/organization/blackaeon-international,0,1,0.5510985540581705
/organization/heritage-pharmaceuticals,0,1,0.6230679504553781
/organization/sumpto,0,0,0.38740237617359746
/organization/tak-asic,0,0,0.4374422463109575
/organization/clarityray,1,0,0.30281794195121003
/organization/stickybits,0,1,0.5799701140906814
/organization/tutum,1,1,0.7183956505380826
/organization/shopo,1,0,0.41234877560449434
/organization/itracs,1,1,0.7339775230374408
/organization/belair-networks,1,1,0.7772691787579349
/organization/hotalot,0,0,0.1976806665977316
/organization/troux-technologies,1,1,0.8092896072880541
/organization/spectrum-networks,1,1,0.6544835662656591
/organization/my-best-interest,0,0,0.30638716772943786
/organization/roamz,0,0,0.4217770283024654
/organization/stonybrook-purification,0,0,0.3733959828948976
/organization/viki,1,1,0.7318223379480936
/organization/liversvp,0,1,0.5494727335007827
/organization/viewahead-technology,0,0,0.28374068832968974
/organization/million,1,1,0.5568629623246855
/organization/koda,0,1,0.5270525021925383
/organization/listo-financial,0,0,0.06041102327806566
/organization/yuntaa,0,0,0.4560622629841758
/organization/meta-smarter-search,0,0,0.21113381742453888
/organization/ayeah-games,0,0,0.37585283377279555
/organization/flickme,0,0,0.32770349555252326
/organization/venetica,1,0,0.48784408823765946
/organization/corkshare,0,0,0.2877238844770732
/organization/syniverse-technologies,1,1,0.6555710093909262
/organization/iconclude,1,1,0.8298828006360951
/organization/bbn-technologies,1,1,0.8145693884086457
/organization/air-semiconductor,0,0,0.49325694279071725
/organization/free-discount-coupons-in-india,0,0,0.0302718685037294
/organization/enikos,0,0,0.40929669041801736
/organization/the-foire-sas,0,0,0.16637560286116174
/organization/videonline-communications,0,0,0.4660319584793406
/organization/bonmignon,0,0,0.03007453497813646
/organization/itmedia-kk,0,1,0.7366736870541275
/organization/datapop,1,1,0.768183783701193
/organization/anodyne-health,1,1,0.6117982433347003
/organization/undertone,1,1,0.710627774390563
/organization/compliance,1,1,0.7414072842550088
/organization/vamo,0,1,0.5375085689426722
/organization/xmpie,1,1,0.8225536119924421
/organization/mob-ly,1,0,0.4148168860636369
/organization/revol-technologies,0,0,0.08646895931615264
/organization/secure-islands-technologies,1,1,0.6883978938870318
/organization/anagran-inc,0,1,0.8288542433235719
/organization/champion-medical-technologies,0,0,0.1897585835869896
/organization/expressor-software,1,1,0.7867668323466341
/organization/socialnature,0,0,0.06678552841786031
/organization/mapiliary,0,0,0.14302647051327633
/organization/eyesquad,1,1,0.5619996401462102
/organization/federated-media-publishing,0,1,0.5934616200218976
/organization/virgent-realty,0,0,0.10543940053776589
/organization/personalized-media,0,0,0.27750487333620955
/organization/wannafun,0,0,0.10893106827613216
/organization/iam-robotics,0,0,0.038645075384124705
/organization/mill-group-residential-limited,0,0,0.07947448745463735
/organization/saperion,1,0,0.4935762584671788
/organization/pathbrite,1,1,0.7886892635048273
/organization/inquira,1,1,0.7535450508183074
/organization/arieso,1,1,0.7442323634507579
/organization/coreoptics,1,1,0.8206515102891259
/organization/four-k-entertainment,0,0,0.27730878121778324
/organization/biosocia,0,0,0.36607315229644444
/organization/zapgocharger-ltd,0,0,0.026165181599732783
/organization/razor-insights,1,0,0.24705189422809806
/organization/redeemr-inc,0,0,0.3935735089614761
/organization/geodelic-systems,0,1,0.6911470293915426
/organization/pulsant,1,0,0.24631345767608412
/organization/redbus-in,1,1,0.6242309822539545
/organization/via-optronics,0,0,0.41368203936723974
/organization/maui-imaging,0,1,0.5666565147932014
/organization/logical-choice-technologies,0,1,0.694388500243587
/organization/photobucket,1,1,0.7558148043443242
/organization/eprise,0,0,0.23391316359026199
/organization/appiny,0,0,0.060607646799153564
/organization/ceros,1,0,0.41457591142268285
/organization/revistronic,0,0,0.35326786889853623
/organization/bubblegab,0,0,0.14923564105080703
/organization/encelle,0,0,0.2592488310584842
/organization/leadhit,0,0,0.062037014559772244
/organization/symcircle,0,0,0.2770976500736736
/organization/aragon-pharmaceuticals,1,1,0.7426570475311203
/organization/pawaa-software,1,0,0.2662115820990202
/organization/spatial-photonics,1,1,0.6724146767608689
/organization/consert,1,1,0.6748000537356912
/organization/axiom-microdevices,1,1,0.7111913084864036
/organization/topicmarks,1,0,0.3371478835261189
/organization/lensx-lasers,1,1,0.5985146833249384
/organization/celona-technologies,0,1,0.783318330753294
/organization/fry-multimedia,1,1,0.7010223257358595
/organization/creekpath-system,1,0,0.490894564801155
/organization/spaceclaim,1,1,0.820009282362156
/organization/world-wide-packets,1,1,0.8502101585758075
/organization/heroku,1,1,0.7814467097755388
/organization/vestiage,0,0,0.4166142875802795
/organization/artifact-uprising,1,0,0.2459738062911136
/organization/medivantix-technologies,0,0,0.19698454257410927
/organization/biggerboat,0,0,0.4497964482211367
/organization/repka-com,0,0,0.12970641247112835
/organization/savvion,1,1,0.8170552550490591
/organization/eps,1,0,0.44016390794162397
/organization/upside,1,1,0.5617220844959312
/organization/blendspace,1,1,0.5047629498990673
/organization/gear-energy,0,0,0.23855210126329207
/organization/gifi,0,0,0.4211280801839403
/organization/cognitens,1,1,0.7147813685348542
/organization/zipcodemailer-com,0,0,0.21216819218718444
/organization/soompi,1,0,0.48435085036444986
/organization/brilliency,0,0,0.18520778367870527
/organization/spree-3,0,0,0.03817970070836382
/organization/kayak,1,1,0.7687795838936072
/organization/pollex-mobile-holdings,0,0,0.1689231482600228
/organization/viva-vision,0,1,0.7018716165376107
/organization/klinche-inc,0,0,0.4218977360052733
/organization/kitlocate,1,1,0.5410891742800535
/organization/mixamo,1,1,0.7164154825155913
/organization/rockford-foresters-baseball-team,0,0,0.40599854940397617
/organization/carmenta-bioscience,1,1,0.5408837601674228
/organization/offeriq,1,0,0.483074251877012
/organization/correctnet,1,1,0.8247964968127185
/organization/okcupid,1,1,0.5761375519085363
/organization/user1st,0,0,0.3219796035845631
/organization/trend-ly,0,0,0.19768496778959363
/organization/visiogen,1,1,0.7449505613386225
/organization/from-scratch,0,0,0.05778398929267964
/organization/jacent-technologies,0,1,0.7858133636149337
/organization/umeng,1,1,0.628839551567858
/organization/ironcurtain-entertainment,0,0,0.24289450553049094
/organization/berggi,0,1,0.5956146530256536
/organization/salient-surgical-technologies,1,1,0.8049388596466851
/organization/primesense,1,1,0.7562694123739929
/organization/taggle-4,0,0,0.12722531006523843
/organization/continuous-computing,1,1,0.7838616011508434
/organization/traffix-systems,1,1,0.58933091758098
/organization/balance-financial,1,1,0.6568430893060063
/organization/clickshift,1,1,0.7169129089282295
/organization/tessella,1,0,0.3656986383651166
/organization/plug-dj,0,1,0.5227432008418593
/organization/a-bit-lucky,0,1,0.7304480790881597
/organization/trutap,0,1,0.7920785145349067
/organization/pin-or-peg,0,0,0.15997931867247245
/organization/the-football-social-club,0,0,0.33911369619400644
/organization/pokemall,0,0,0.0775412706702558
/organization/radar-networks,1,1,0.7889057466011722
/organization/futubra,0,0,0.1093153675287796
/organization/ascenergy,0,0,0.33646204814329833
/organization/tenaxis-medical,1,1,0.6902757955873562
/organization/community-bound,0,0,0.22109639822538482
/organization/iquum,1,0,0.4425186469561374
/organization/moppi-com,0,0,0.11087269205802995
/organization/iz3d,0,0,0.4758448553586718
/organization/guardent,1,1,0.5801594242342819
/organization/carbon-black,1,1,0.5621277087629347
/organization/zeer,0,0,0.39176180303825014
/organization/go007-com,0,0,0.1356578027826013
/organization/samy-salon,0,0,0.39108083294617757
/organization/siterra,1,1,0.8163767380982436
/organization/cloudary,1,1,0.5308172504710406
/organization/buddie,0,0,0.02412139377927518
/organization/california-linear-devices,1,0,0.4618369356939837
/organization/autovirt,0,1,0.7410059825550167
/organization/starboard-storage-systems,0,1,0.6804004110332335
/organization/peopleeasy-com-2,0,0,0.03007453497813646
/organization/spotcast-communications,1,1,0.7927901891137377
/organization/motion-pt-holdings,0,0,0.2983106849089136
/organization/koukoi-games,0,0,0.026599492703640402
/organization/ivendor-2,0,0,0.3821880839750047
/organization/spectra-analysis-instruments,1,1,0.7650779944531817
/organization/visible-world,1,1,0.8081853220497308
/organization/novioponics,0,0,0.05530601040113972
/organization/groupme,1,1,0.7377012480510677
/organization/makara,1,0,0.44840462893818916
/organization/moglue,0,1,0.6538959758261023
/organization/p-cube,1,1,0.7767167016509601
/organization/global-locate,1,1,0.8263640044340369
/organization/textic,1,0,0.30813054591466016
/organization/intellitactics,1,1,0.856384196392884
/organization/royaltyshare,0,1,0.7126220909696706
/organization/branchout,1,1,0.7825099222837164
/organization/creativemarket,1,1,0.6755114627055459
/organization/kolis-scientific,0,0,0.24215982415778417
/organization/antcor,1,0,0.40721392975820875
/organization/kindermint,1,0,0.27750407375520125
/organization/clairmail,1,1,0.8256736390231144
/organization/nxvision,0,1,0.6135043835750319
/organization/enigma-software-productions,0,0,0.49297547106296724
/organization/bottle-rocket,0,0,0.2108261507360037
/organization/yobeeda,0,0,0.05138637906503254
/organization/askmygift,0,0,0.03565192293058605
/organization/socializr,0,1,0.6026154979013043
/organization/accordent-technologies,1,1,0.5605789441781966
/organization/let-it-wave,1,1,0.5977864317010116
/organization/lkc,0,0,0.06678552841786031
/organization/engrade,1,1,0.7676072687748271
/organization/tacit-software,1,1,0.8055404476928
/organization/volantis,1,1,0.7685004667444957
/organization/trigo-technologies,1,1,0.8101645991590632
/organization/limerick-biopharma,0,1,0.7411602069051536
/organization/aperio-technologies,1,1,0.8473548169459137
/organization/healthyout,1,1,0.5230486322227188
/organization/ringcube-technologies,1,1,0.7883609259775741
/organization/incentone,1,1,0.7009260237129101
/organization/curatedby,0,0,0.4588268053175904
/organization/my-perfect-gig,0,1,0.5739770774711596
/organization/charitic,0,0,0.06678552841786031
/organization/schematic-labs,1,1,0.7587731460678842
/organization/nettle,0,0,0.3006194342733741
/organization/illuminate-labs,0,0,0.3498029784781217
/organization/maya-medical,1,1,0.6221249512365946
/organization/kulina,0,0,0.1175190253773397
/organization/ivera-medical,1,0,0.4917848871885459
/organization/hiptype,0,0,0.4815870642599574
/organization/crossweave,1,1,0.5555599132573679
/organization/inlet-technologies,1,1,0.8243171354143043
/organization/odinotvet,0,0,0.14508724011300717
/organization/dot-legend,0,0,0.14423585172916983
/organization/marport-deep-sea-technologies,1,0,0.37168620376770717
/organization/daksh-infosoft,1,0,0.4760523007296867
/organization/itarget-com,0,0,0.18916813500301033
/organization/dark-cubed,0,0,0.03307242104540376
/organization/jobzle,0,0,0.2900218227537025
/organization/minerp,0,0,0.13622676471346137
/organization/silicon-navigator-corporation,0,1,0.5874224370061379
/organization/istreamplanet,1,1,0.7466712818402139
/organization/1000-markets,1,0,0.24498546618439246
/organization/netscreen-technologies,1,1,0.7963680715219056
/organization/cooptions-technologies,0,1,0.6302202728595245
/organization/cisimple,1,1,0.5402299793794337
/organization/clacendix,1,1,0.7218729557539477
/organization/videscreen-networks,0,0,0.14945127912713047
/organization/infoflow,0,0,0.3676775667472221
/organization/werkadoo,0,0,0.2106072205727849
/organization/academy123,1,1,0.7104121942758149
/organization/consul-risk-management-international,1,1,0.7521035756343326
/organization/cellix-limited,0,0,0.3321710655532382
/organization/tryad-games,0,0,0.15300622248693244
/organization/lmki,0,0,0.2342270540395784
/organization/neterion,1,1,0.8149691088837575
/organization/cellerix,0,1,0.7129195378417067
/organization/astute,0,0,0.20467150047948326
/organization/metamatrix-red-hat,1,0,0.3468435827983466
/organization/goko,0,0,0.4785598979635036
/organization/insectigen,0,0,0.30252448139078014
/organization/tapioca-mobile,0,1,0.5905662842765282
/organization/pinkdingo,0,1,0.5051586347007724
/organization/i-am-smart-technology,0,0,0.4517709536040484
/organization/venuzle-com,0,0,0.3133040897749742
/organization/ocelus,0,0,0.3822170757472346
/organization/bilna-pte,0,0,0.030817598421068026
/organization/applimation,1,1,0.7876860827874479
/organization/omrix-biopharmaceuticals,1,1,0.6024846830372497
/organization/talkbin,0,0,0.4372652683771725
/organization/recargax,0,0,0.13622676471346137
/organization/system-detection,0,0,0.318572940333738
/organization/luminate,1,1,0.792521979909589
/organization/wireless-fitness,0,0,0.1314840719379527
/organization/modulus,1,0,0.33403585789739537
/organization/mixwit,0,0,0.2001766713768933
/organization/impactmedia,0,0,0.331138969650137
/organization/russian-logistic-service,0,0,0.43271963716917805
/organization/justspotted,1,0,0.32752101051440646
/organization/snipi,0,1,0.6753655623413158
/organization/zeifie,0,0,0.03492823872005973
/organization/raser-technologies,0,1,0.5650427070096962
/organization/akimbo,0,1,0.7327501176256038
/organization/wappa,0,0,0.2774388244432793
/organization/mfoundry,1,1,0.777053968465071
/organization/aventa-technologies,0,0,0.4392857028170261
/organization/xkoto,0,1,0.7968252401674845
/organization/scansafe,1,1,0.6378242931626075
/organization/smartdocs-teknowmics,0,0,0.3029783266854764
/organization/way-systems,1,1,0.8399437174781105
/organization/membr-inc,0,0,0.030817598421068026
/organization/showme-tv,0,0,0.3011838491123149
/organization/gtess-corp,1,1,0.869217593972119
/organization/tech-urself,0,0,0.3405078756140158
/organization/blowtorch,0,1,0.5295128917713252
/organization/snaptell,1,1,0.5228564940214258
/organization/magnifinance,0,0,0.07017392784813968
/organization/r3dway,0,0,0.07087477681826412
/organization/whereoscope,0,0,0.433401511365387
/organization/kanisa-inc,1,1,0.5352271879635571
/organization/popcap-games,1,1,0.7132153673233946
/organization/aplica-tecnologas-de-nueva-generacin,1,0,0.24556400297318945
/organization/zume-life,0,1,0.5352328077343516
/organization/netcom-systems,1,1,0.6278469978860217
/organization/duqi-com,0,0,0.12748771358007593
/organization/veraz-networks,1,1,0.51036625355026
/organization/microsulis,0,0,0.47804571240821586
/organization/eiger-biopharmaceuticals,1,1,0.6194218814995259
/organization/brijot-imaging-systems,1,1,0.6901656625124784
/organization/adpeps,0,0,0.0776883686087206
/organization/spumetech,0,0,0.03007453497813646
/organization/ivideosongs,1,0,0.19209701274577612
/organization/prairielaw-com,0,0,0.1049430042704626
/organization/crocodoc,1,0,0.4332419384608682
/organization/lecere,0,1,0.5412833756546607
/organization/gini,1,1,0.5748647396916836
/organization/travelline,0,0,0.07495686899157111
/organization/shortlist,0,0,0.29500853881856487
/organization/boxee,1,1,0.7195884305900314
/organization/alloy-digital,1,1,0.6826598479738449
/organization/needish,1,0,0.29276751913592763
/organization/the-point,0,1,0.6065576754397606
/organization/baobab-planet,0,0,0.4944899020729829
/organization/genieo,1,0,0.4145572230981855
/organization/youtube,1,1,0.7692907238860949
/organization/bmeye,1,1,0.629293921434222
/organization/toona,0,0,0.0619044431949417
/organization/thecomplete-me,0,1,0.7230732712562229
/organization/voxel-dot-net,1,1,0.736431660330441
/organization/infoactive,1,0,0.0842926656572604
/organization/ecoast-sales-solutions,0,1,0.6518618781458401
/organization/vertical-wind-energy,0,0,0.31305500235750466
/organization/csg-solar,0,1,0.6276176044770605
/organization/enforta,0,1,0.6139544819010709
/organization/intelligent-bio-systems,1,0,0.40800539018936155
/organization/merge-labs,0,0,0.023322563034081832
/organization/litchfield-financial-corporation,0,0,0.47107933549085623
/organization/vá-de-táxi,0,0,0.2199746692152391
/organization/zakazaka,0,0,0.14903294388181518
/organization/athigo,0,0,0.2672028571374322
/organization/adxpose,1,1,0.8040180401628539
/organization/netezza,1,1,0.8268087928586664
/organization/aldexa-therapeutics,0,1,0.5517740768177269
/organization/blingo,0,0,0.20467150047948326
/organization/sprocket-inc,0,0,0.03973111468708904
/organization/d-lisi-food-systems,0,0,0.42397142529827997
/organization/yadata,1,1,0.6116118579372933
/organization/luxticket-sg,0,0,0.38795286161483067
/organization/solarc,1,1,0.8152635022008863
/organization/mtem-limited,1,0,0.4270143879870048
/organization/hitwise,1,1,0.5853312744419075
/organization/mspot,1,1,0.6755466978554132
/organization/zadby,0,1,0.578677079491297
/organization/global-axcess,0,1,0.5039751798390635
/organization/pixim,1,1,0.7244046200938463
/organization/senior-home-care,1,1,0.7477968075798495
/organization/quewey,0,0,0.26393622662394983
/organization/zensoon,1,0,0.29064430912209277
/organization/povo,0,0,0.4360026820871662
/organization/tripconnect,0,1,0.5152067965216208
/organization/indextank,1,1,0.5284940591928967
/organization/sharetivity,0,0,0.49625709964774034
/organization/fluxome,1,1,0.5932217746643126
/organization/ezway,0,0,0.09431779836672712
/organization/npulse-software,0,0,0.3340223864748955
/organization/placevine,1,0,0.2784287276720451
/organization/oceana-therapeutics,1,0,0.44765623788841347
/organization/scramblermail,0,0,0.421119043770148
/organization/backupify,1,1,0.7595682984169325
/organization/peoplefilter,1,1,0.7704978065195557
/organization/sorrento-therapeutics,0,1,0.7318696127641711
/organization/silico-corp,0,0,0.2482347705798743
/organization/swivel,0,1,0.5961243046468874
/organization/andersonbrecon,1,1,0.6507620334477209
/organization/agility-communications,1,1,0.8846132964240335
/organization/25eight,0,0,0.20081481323241168
/organization/union-spring-pharmaceuticals,0,0,0.46979490021085835
/organization/wifi-online,0,0,0.24696070544296986
/organization/mcafee,1,1,0.7090766961752903
/organization/medius,0,0,0.27253742065374864
/organization/arcwave,0,1,0.7859998690481366
/organization/s-a-c,0,0,0.06742435274490441
/organization/agnion-energy,1,0,0.4634555197798205
/organization/gingersoft-media,0,0,0.3308106611801111
/organization/medecoach,0,0,0.3340238638513556
/organization/liveramp,1,1,0.8358507640415083
/organization/fmi-international,0,1,0.5684025257887629
/organization/nexus-biosystems,1,0,0.46979490021085835
/organization/admob,1,1,0.8149575884865718
/organization/mailana,0,0,0.12608186779679872
/organization/localbacon,0,0,0.4542017383532448
/organization/apposphere,0,0,0.16383338336304068
/organization/begun,0,0,0.40973752200489244
/organization/kleer,1,1,0.6382179668777781
/organization/scalent-systems,1,1,0.727449530226594
/organization/sportfort,0,0,0.07469844370821523
/organization/ilumin-software,1,1,0.7877978895954294
/organization/protoexchange,0,0,0.3358760139941662
/organization/bookkeepity,0,0,0.02976705132907088
/organization/memamp,0,0,0.37273884086545706
/organization/public-post,0,0,0.12127472830304856
/organization/lemonquest,0,1,0.5959685482915561
/organization/gecad-technologies,1,1,0.7211660266182346
/organization/omniture,1,1,0.8293007147443475
/organization/linguagen,0,1,0.7360295637483992
/organization/launchgram,1,0,0.3008159545847824
/organization/cloud-com,1,1,0.6614175276945045
/organization/precise-software,1,1,0.6209224310947007
/organization/mixertech,0,0,0.1805347258948956
/organization/zkey-com,0,0,0.15995404391828483
/organization/athenix,1,1,0.7529214957879443
/organization/rees46,0,0,0.06400695128063875
/organization/booshaka,1,1,0.7100874462148115
/organization/add-life-medical-institute,0,0,0.4484098961729986
/organization/sensory-networks,1,1,0.7848681536443596
/organization/gamecrush,0,0,0.39074439876927497
/organization/advanced-leds,0,0,0.2100696996040215
/organization/loyalize,0,0,0.4896696204745342
/organization/slideslive,0,0,0.12775541747442815
/organization/nuventix,1,1,0.8335053683402124
/organization/buzzient,0,1,0.7097346653412958
/organization/clearswift,1,0,0.48296676628588353
/organization/santaris-pharma,1,1,0.7042608341087505
/organization/adeyoh,0,0,0.21725964628654082
/organization/insightrx,0,0,0.17676070508970304
/organization/blue-ocean-software,1,1,0.6220052769439237
/organization/azingo,0,1,0.7565353185577961
/organization/ivivity,1,1,0.7533108968646696
/organization/tagrule,0,0,0.06398793498235233
/organization/sprint-nextel,1,1,0.7075336370926456
/organization/salesforce-japan,1,1,0.7315628420270772
/organization/beach-solutions,1,1,0.6818414951790527
/organization/ny-slice,0,0,0.08887879700768572
/organization/memento,1,1,0.8924043006817519
/organization/plehn-analytics,0,0,0.21733025242968396
/organization/storeage-networking-technologies,0,0,0.1658984097457309
/organization/broadhop,1,1,0.6484917808562316
/organization/xbyme,0,0,0.13008174597486843
/organization/alike,1,0,0.1918321033033995
/organization/geni,1,1,0.713448442781513
/organization/il-bisonte,0,0,0.42259214303976367
/organization/thefanleague,1,0,0.09570883995291045
/organization/novusedge,0,1,0.5911041747943901
/organization/payvment,1,1,0.7072974109593724
/organization/valley-proteins,0,0,0.45635354566941744
/organization/vibrow,0,0,0.14671227886801463
/organization/tracelytics,1,1,0.7721070631886832
/organization/transpera,1,1,0.7118030868571996
/organization/fangdd-2,0,0,0.19867633151294148
/organization/crowd-sourced-story,0,0,0.08531421753015919
/organization/travelmob,1,0,0.341287897181571
/organization/buildforge,1,1,0.8055651466042992
/organization/youtego,0,1,0.6125538035766452
/organization/foldrx-pharmaceuticals,1,1,0.7305537746109891
/organization/american-apperal,0,1,0.5853218088235767
/organization/posterbee,0,0,0.20510698316567344
/organization/spockly,0,0,0.1568991147052398
/organization/capcom-groupe,0,0,0.1322002132684653
/organization/dot-hill-systems,1,1,0.5786920088638623
/organization/shenzhenware,0,0,0.030817598421068026
/organization/lugiron-software,0,1,0.5451509155824024
/organization/orange-line-media,0,0,0.1641660719695449
/organization/senit,0,0,0.038790077956578635
/organization/fraud-protection-network,0,0,0.1675991425707347
/organization/vyant-technologies,0,0,0.3200109273108269
/organization/subtledata,0,0,0.28949224037171944
/organization/cya-technologies,1,1,0.7912633104330125
/organization/recobell,1,0,0.3284156963577729
/organization/nextpoint-networks,1,1,0.8443998616799127
/organization/antarex-group,0,0,0.15106520693815498
/organization/foglaljorvost,0,0,0.030817598421068026
/organization/fineex,0,0,0.10074951857269294
/organization/yomoni,0,0,0.12909345300461297
/organization/spot-tech,0,0,0.0325723440833444
/organization/openfinance,1,0,0.37852862241943613
/organization/altoweb,0,1,0.8432246027307726
/organization/viralytics,0,0,0.23894600866244076
/organization/revalesio,0,1,0.6547875412702291
/organization/yobongo,1,0,0.46772533253806187
/organization/mozy,1,1,0.6741909650802252
/organization/renaissance-learning,1,1,0.6099877514272775
/organization/walldress,0,0,0.18456281118686693
/organization/wolverine-advanced-materials,1,0,0.2107354180848875
/organization/bookitnow,1,0,0.15419337419140297
/organization/invarium,1,1,0.6601485656005402
/organization/nalace-corporation,0,0,0.1894490961478195
/organization/comply7,0,0,0.38744234744516864
/organization/openpeople,0,0,0.22151053390509912
/organization/onsite-access,1,1,0.8165712346545808
/organization/midawi-holdings,0,1,0.6799397854106082
/organization/insightfulinc,0,0,0.28316565186099124
/organization/impressive-creative,0,0,0.13172504728921247
/organization/hubgets,0,1,0.6277057502479662
/organization/brightware-2,0,0,0.26208650056807364
/organization/logentries,1,1,0.8039696996125996
/organization/viamericas,0,1,0.5694727459273361
/organization/backup,0,0,0.1685658376124996
/organization/incline-therapeutics,1,1,0.7247825617673571
/organization/profitpoint,1,0,0.42910247636872945
/organization/etre-gourmand,0,0,0.02758293039783267
/organization/aviary,1,1,0.7903526068671547
/organization/netcordia,1,1,0.8215223940270096
/organization/outsmart,1,1,0.5553888960456708
/organization/saber-software-corporation,0,0,0.4684646168761376
/organization/neomend,1,1,0.699960278122692
/organization/aeroscout,1,1,0.7965288783148925
/organization/kingmaker,1,0,0.31119460793978637
/organization/tellwiki,0,0,0.4044265105447878
/organization/autoquake,1,1,0.807723915974525
/organization/secondmarket,1,1,0.7750355305468939
/organization/canatu,0,1,0.6739119881761327
/organization/insightera,1,1,0.6828436536012673
/organization/ikano-communications,1,1,0.8123413669666464
/organization/multifonds,1,1,0.7140899484333784
/organization/yakify,0,0,0.1895408483147417
/organization/onesmile-holdco,0,0,0.16937102239828744
/organization/liquavista,1,1,0.690775453681381
/organization/gonogging,0,0,0.15959572058349433
/organization/wellocities,0,0,0.32086143077735185
/organization/surepeak,0,0,0.4523759230487747
/organization/bundle-it,0,0,0.3660729666229289
/organization/balconytv,1,0,0.4769386212540488
/organization/istafind-ltd,0,0,0.13614944705376086
/organization/jolie-2,0,0,0.02412139377927518
/organization/soluto,1,1,0.6970836921149623
/organization/for-arts-sake-media,0,0,0.12109679990066632
/organization/oliver-co-designs-inc,0,0,0.13622676471346137
/organization/knome,1,1,0.6592851887726389
/organization/cloudvertical,1,1,0.5827457555884199
/organization/talenz,0,0,0.15961118738007393
/organization/assuramed,1,1,0.5931451438094575
/organization/commsignia,0,0,0.09104643286392228
/organization/salestools-io,0,0,0.05561453243475141
/organization/seewhy,1,1,0.7874430745861521
/organization/smartturn,0,1,0.5495946315384885
/organization/adquota,1,0,0.2092247450060173
/organization/daixe,0,0,0.1603225267487376
/organization/nukona,1,0,0.49364499070552026
/organization/prolexic,1,1,0.8264982444690243
/organization/cytheris,0,1,0.6858034136585686
/organization/earthmine,1,0,0.49088234251383434
/organization/sparkroom,1,1,0.6144660409813404
/organization/berkeley-design-automation,1,1,0.8154156467628997
/organization/signal-point-holdings,0,0,0.4980004639861736
/organization/centrafuse,0,0,0.408268015223464
/organization/mooscool,0,0,0.06529638509663421
/organization/navajo-systems,0,0,0.4513868976780677
/organization/goods-platform,0,0,0.3417859462467312
/organization/prosight,1,1,0.6486729345888055
/organization/pole-star,0,0,0.39558927196197863
/organization/ksr,1,1,0.860647098071367
/organization/pageonce,1,1,0.7301886492366926
/organization/kismet,0,0,0.4250052447215119
/organization/second-brain,0,0,0.3524892332446916
/organization/june-blackbox,0,0,0.46436175365143995
/organization/roxro-pharma,0,1,0.8095146973550965
/organization/adexact-corp,0,0,0.35462741708927953
/organization/rad-power-bikes,0,0,0.09225584422417173
/organization/new-media-gateway,1,1,0.7155356576079555
/organization/freebike-project,0,0,0.38211831867789237
/organization/clarus-systems,1,1,0.7952806801013835
/organization/witsbits,1,0,0.49251973492632745
/organization/vidable,0,0,0.4165208657464023
/organization/dolphinsearch,0,0,0.45635354566941744
/organization/savage-beast-technologies,0,1,0.7832541024333074
/organization/hyper-games,0,0,0.04724800496186127
/organization/level-5-networks,1,1,0.7215838532611087
/organization/mir-vracha,0,0,0.17876450482176603
/organization/flocations,1,0,0.4602181333282054
/organization/lightside-labs,1,0,0.32416719790835963
/organization/adsage,1,1,0.639424674127518
/organization/asian-food-channel,1,0,0.37228998962933557
/organization/colibria,1,1,0.5746484147943985
/organization/entertainment-cruises,0,1,0.5079117896322427
/organization/somatix,0,0,0.2278700461080856
/organization/jobs-made-easy,0,0,0.09024036727790101
/organization/sha-sha,1,0,0.38666659096130973
/organization/oasys-mobile,0,1,0.8225158322989371
/organization/groupoff,0,0,0.30359102018941764
/organization/profind,1,1,0.6501934967005567
/organization/sdh-group,0,0,0.36819258025666896
/organization/suso,1,0,0.40118109077998587
/organization/trulia,1,1,0.8491885164501771
/organization/glam-2,0,1,0.5885688284797432
/organization/medd,0,0,0.16651648810374767
/organization/datria-systems,1,1,0.7915249347144099
/organization/wehostels,1,1,0.6004524224986718
/organization/penistone-road,0,0,0.09636136804156897
/organization/profibrix,1,1,0.7343663272624482
/organization/etelos,0,1,0.749687780005509
/organization/logiclibrary,1,1,0.7439659983979396
/organization/elixir-pharmaceuticals,0,1,0.7684741649108905
/organization/mytoons,0,1,0.5338960331329272
/organization/sierra-logic,1,1,0.8127197608601796
/organization/integralreach,1,0,0.21325120741531362
/organization/dabble,0,0,0.3621751349109369
/organization/trestletree,1,1,0.7821640184701641
/organization/mitu-2,0,0,0.030817598421068026
/organization/gt-nexus,1,1,0.7652320303374031
/organization/mybenefitsource,0,0,0.38720067988880985
/organization/care-current,0,0,0.031386038350860325
/organization/dailydeal,1,0,0.48361016725937345
/organization/zirtual,1,1,0.698297028866827
/organization/ippies,0,0,0.24023279381875193
/organization/intruvert,1,1,0.8137935166363193
/organization/stockcastr,0,0,0.22499479673030975
/organization/swoodoo,1,0,0.4312730057338289
/organization/markettools,1,1,0.7984476735054483
/organization/refer-ly,0,1,0.5832856361989935
/organization/newmarket-international,1,1,0.7384041704678924
/organization/reelation,0,0,0.10907164081890855
/organization/lawpath,0,0,0.430267296766739
/organization/sochat,0,0,0.029469343627498826
/organization/drivemecrazy,0,0,0.22459375342657714
/organization/fanappz,0,0,0.24388244501802364
/organization/novasys,0,1,0.5438718637012859
/organization/redvax,1,0,0.1362077793352638
/organization/realine-technology,0,0,0.31793219247153887
/organization/crossing-automation,1,1,0.702884559011926
/organization/legolas-media,1,1,0.7971177328922266
/organization/collaborate-com,1,1,0.7407268498431211
/organization/diversified-natural-products,0,0,0.43452433623666564
/organization/gliatech,0,1,0.7728660599422608
/organization/n-able-technologies,1,1,0.6173871999377204
/organization/ludi-labs,0,0,0.3486117792666959
/organization/m-factor,1,1,0.7398493962444747
/organization/tradecard,1,1,0.8840638850493834
/organization/weiboagent,0,0,0.13622676471346137
/organization/adnexus,1,1,0.7455235847217273
/organization/zeroplus-com,0,0,0.3105045147236677
/organization/quik-io,1,1,0.6334797326565339
/organization/dansk-bredband,0,0,0.44010742326816676
/organization/packetmotion-inc,1,1,0.8570125337619591
/organization/spree-commerce,1,1,0.7024659620123309
/organization/polyvore,1,1,0.7253451200363797
/organization/jotvine-com,0,0,0.12084442933247576
/organization/wily-technology,1,1,0.8086878976897238
/organization/savored,1,1,0.6277216934811151
/organization/xyst,0,0,0.03007453497813646
/organization/fablistic,0,0,0.42194614764017013
/organization/wavetec-vision,1,1,0.6898807994281555
/organization/dick-or-bro,0,0,0.23732700349305413
/organization/maintenancenet,1,1,0.5084508301294636
/organization/aductions,1,0,0.2351221041085817
/organization/play-with-pictures,0,0,0.19190593625929325
/organization/mavenir-systems,1,1,0.8422758339211858
/organization/corimmun,1,1,0.5134737373348047
/organization/adap-tv,1,1,0.8251288453115849
/organization/amitive,1,1,0.589331121311886
/organization/bread-labs,1,1,0.7037623972925822
/organization/virtuoso-branding,0,0,0.04785413941397991
/organization/rehab-management-services,1,1,0.7460984698077495
/organization/viridity-software,1,1,0.6700121618352152
/organization/spotie,1,0,0.11712998552991909
/organization/bahu,0,0,0.3818127981549113
/organization/rpo,0,1,0.6825839751010855
/organization/stix,0,0,0.459608096507379
/organization/d-labs-2,0,0,0.3741959734152233
/organization/ultraprise-loan-technologies,0,0,0.37074970884968883
/organization/all-web-leads-inc,1,0,0.3479951232922549
/organization/bemba,0,0,0.2808851589995566
/organization/xtime,1,1,0.8636365908674677
/organization/autoweb-inc,1,1,0.607081558176406
/organization/crowdberry,0,0,0.03157237355423445
/organization/znode,1,0,0.41217812366447015
/organization/aeromot,0,0,0.3207134239025083
/organization/trustedsafe,0,0,0.22182045439428358
/organization/xpeerient,1,0,0.3221272569936061
/organization/streamlyzer-inc,0,0,0.3650805547213871
/organization/melodeo,1,0,0.4792965505047888
/organization/shashi-kumar,0,0,0.14134830287334121
/organization/cometa,0,0,0.09532962422532007
/organization/spectralinear,1,1,0.7561473731689873
/organization/synarc-2,1,1,0.795803155532397
/organization/myla,1,1,0.6400647795974977
/organization/the-home-salon,0,0,0.19207328414119879
/organization/aep-networks,1,1,0.8012389119938796
/organization/real-time-content,1,0,0.49483254351855827
/organization/sothree,1,0,0.23227386334043337
/organization/mentorwave-technologies,1,1,0.6586064440049606
/organization/signav-pty-ltd,0,0,0.48821634953979676
/organization/brands4friends,1,0,0.40790798536515604
/organization/strongmail,1,1,0.800082874082976
/organization/highview,0,0,0.05542814784105084
/organization/babble,1,1,0.6422167448095919
/organization/open-xchange,0,1,0.804226409889002
/organization/am-beo,0,0,0.4696147136226065
/organization/the-lions,0,0,0.25297091222883533
/organization/reliant-technologies,1,1,0.7708445435596044
/organization/noza,1,1,0.6683965038854656
/organization/blueroads,1,1,0.7941523008416731
/organization/kaboodle,1,1,0.7088838054290036
/organization/wavesat,1,1,0.7272492449576472
/organization/saynow,1,1,0.6583382288344971
/organization/union-bay-networks,1,1,0.5504372514290558
/organization/podcast-llc,0,0,0.12127472830304856
/organization/bayshore-networks,0,0,0.029858617776211575
/organization/braintech,0,0,0.4959614980418109
/organization/sepspensor,0,1,0.6896247074571588
/organization/zoot-2,0,0,0.17071084132172104
/organization/divx,1,1,0.8589712546059309
/organization/canesta,1,1,0.8436410419444833
/organization/pintex-pharmaceuticals,1,1,0.7896156248100578
/organization/link-medicine,0,1,0.712780970215282
/organization/qingdao-diancang-technology-infomation-co-ltd,0,0,0.10673960003933818
/organization/dovebid,1,1,0.7606177868316066
/organization/knova-software,1,1,0.6668666772646347
/organization/ruckus,1,1,0.5129435548084601
/organization/skypilot-networks,1,1,0.8692656776242018
/organization/inboxfever,0,0,0.33130069340182655
/organization/netgamix-inc,0,0,0.41726148131694757
/organization/acuity-pharmaceuticals,1,0,0.46945030170196167
/organization/impedans,0,0,0.15702565921161846
/organization/digital-sports,1,0,0.42289429730787853
/organization/kaskado,0,0,0.37705541183465546
/organization/saffron-technology,1,1,0.7404466259680867
/organization/serious-business,1,0,0.4826287282289576
/organization/universitylyfe,0,0,0.2830122209236594
/organization/reble,0,0,0.4156311969359842
/organization/trustradius,0,1,0.5764640989823792
/organization/bufferbox,1,0,0.39827205985989766
/organization/liquidtalk,1,1,0.6062229753417264
/organization/spot-influence,1,1,0.5089830557369401
/organization/littlefeet-inc,0,0,0.24811039418131556
/organization/centerpost-communications,1,0,0.36859440055148945
/organization/lendix,0,0,0.2325426445473243
/organization/showthere,0,0,0.03007453497813646
/organization/cloudkick,1,1,0.6568927507670047
/organization/appoxee,1,1,0.6028656664039316
/organization/sonda41,0,1,0.5591238235694321
/organization/freewheel,1,1,0.827974611766035
/organization/vessix,0,1,0.500502856766445
/organization/yadio,1,0,0.40033621333282077
/organization/x2impact,0,1,0.5704304238099523
/organization/vjive,0,0,0.13172504728921247
/organization/altitun,1,0,0.18916813500301033
/organization/screenhero,1,1,0.5916045178757545
/organization/vidient,0,1,0.747422351149996
/organization/intelliworks,1,1,0.8440449916998584
/organization/flashline,1,0,0.48061950395368563
/organization/snapfinger,1,1,0.6144124864553704
/organization/sychip,1,1,0.7850376013897088
/organization/ziplist,1,1,0.6202118980770382
/organization/kulabyte,1,0,0.3238683571792083
/organization/chasqui-bus,0,0,0.09532962422532007
/organization/seniorsource,0,0,0.09385615193900493
/organization/step-labs,0,0,0.48636121095726215
/organization/celestial-semiconductor,1,1,0.5169723030144945
/organization/uncover-2,1,0,0.16909641942925827
/organization/meetme,0,1,0.6915453829330396
/organization/similarity-systems,1,1,0.7319679684252323
/organization/smarttime-software,0,1,0.755518112033985
/organization/olivetree,0,0,0.04214794772058963
/organization/tutopia-com,0,0,0.1475270943248311
/organization/embedded-internet-solutions,0,0,0.390306090844031
/organization/paymentusa-2,0,0,0.47039973733963913
/organization/sipphone,0,1,0.5620593016147182
/organization/playfirst,1,1,0.8149553167107326
/organization/runa,1,1,0.7996855238841709
/organization/cambridge-devices,0,0,0.3631490978897204
/organization/mobileaccess-networks,1,1,0.6851756198308344
/organization/el-paso-networks,0,0,0.18600440448661426
/organization/dealstreet,0,0,0.3030765438110511
/organization/resonext-communications,0,0,0.41795159496448414
/organization/adaptivio,1,1,0.6007237628157431
/organization/vidschool,0,0,0.16610903384152018
/organization/log607,1,0,0.3946519407501459
/organization/imrsv,1,1,0.7467486057438056
/organization/universal-robots,1,1,0.528469353437874
/organization/energywindow,1,0,0.22857705286512733
/organization/liquefied-natural-gas,0,0,0.39949372594975074
/organization/traversa-therapeutics,0,1,0.5748770821122231
/organization/compellent-technologies,1,1,0.7967280108408744
/organization/zao-com,1,0,0.45635755434909764
/organization/talentspring,1,0,0.4170138182962637
/organization/client24,0,0,0.2260722006182597
/organization/cantex-pharmaceuticals,0,1,0.5667084570521825
/organization/cambridge-technology-enterprises,0,0,0.411980663471581
/organization/tibco-software-inc,1,1,0.7147180089397657
/organization/packetfront,1,1,0.7531618614625621
/organization/apriso,1,1,0.8608963030984724
/organization/stop-chill,0,0,0.06557840954006401
/organization/glassmap,1,0,0.446351859889941
/organization/gizmoz,1,1,0.7509755382422945
/organization/codexa-2,0,0,0.28858604395454107
/organization/soundtracker,1,1,0.5635890666920633
/organization/mad-mimi,1,0,0.18403205954756782
/organization/fly-labs,1,0,0.1792660251020804
/organization/jetaport,0,1,0.6609492506425277
/organization/playdemic,1,1,0.5611647938655533
/organization/spock,1,1,0.646034691384537
/organization/network-chemistry,0,1,0.7908911323380373
/organization/crowdpatent,0,0,0.16174049341240948
/organization/bigband-networks,1,1,0.8376634955891291
/organization/foliodynamix,1,1,0.7316944751193258
/organization/equaleyes,0,0,0.1489253153764726
/organization/horse-creek-entertainment,0,0,0.3951064526370695
/organization/uvize,1,0,0.31107254224074365
/organization/meriton-networks,1,1,0.6471590556518595
/organization/touristway,0,0,0.366912815693974
/organization/made-it,0,0,0.14196097367480065
/organization/soteira,0,1,0.6933809056808435
/organization/troika-networks,1,1,0.8462893271896677
/organization/endaga,1,0,0.4650589224403629
/organization/zyken-nightcove,1,1,0.6401813380217548
/organization/ps-xo,1,0,0.47607870920205897
/organization/thrucomm,0,0,0.34353351475639243
/organization/streamago,0,0,0.04996280370014849
/organization/apiphany,1,1,0.7630460858262582
/organization/kylin-therapeutics,0,1,0.5527726853984235
/organization/information-security-corporation,0,0,0.3336587809863091
/organization/peek-co,0,1,0.7382606355866923
/organization/oculus360,0,1,0.7222139599570321
/organization/krikle,0,0,0.19787272762898384
/organization/digitalpersona,1,1,0.7991494854452467
/organization/bop-fm,0,1,0.5981438205980423
/organization/worldstor,0,0,0.38181338273315696
/organization/unsocial,0,1,0.5164090457716015
/organization/coresonic,1,0,0.4904290177107839
/organization/shopwell,1,1,0.6890793803470058
/organization/sulfercell,0,0,0.13721994354541764
/organization/ivita,0,0,0.3766040152537009
/organization/semplice-energy,0,0,0.3657956324086811
/organization/apsmart,1,0,0.3931526081137447
/organization/content-calendr,0,0,0.025663676876504737
/organization/wer-liefert-was,1,1,0.7190763782491164
/organization/cdc-software-corporation,1,1,0.8283199601911804
/organization/rtn-stealth-software,0,0,0.17121616179038046
/organization/stackblaze,0,0,0.18724652698263708
/organization/edealya,1,1,0.6611216118956214
/organization/socialmatica,0,1,0.7189850360622131
/organization/luminary-micro,1,1,0.7564358897246496
/organization/tatara-systems,1,1,0.8549829734403027
/organization/avito-ru,1,1,0.5072664953704463
/organization/themarkets,1,1,0.6866504570180293
/organization/blekko,1,1,0.7172100052236905
/organization/luxji,0,0,0.10670797070473415
/organization/narrativewave-inc,0,0,0.4179290970124255
/organization/imagiin,0,1,0.5331468352906448
/organization/webevent,1,0,0.3789974197477444
/organization/stream-4,0,0,0.06678552841786031
/organization/hipcricket,1,1,0.8115127583962842
/organization/positron-dynamics,0,0,0.2751893500152392
/organization/tablus,0,1,0.7943847165910607
/organization/ironport,1,1,0.8161982945029151
/organization/villij,1,0,0.35207542976545786
/organization/target-brazil,0,0,0.27043212725121124
/organization/alvesta,1,0,0.4851779227830748
/organization/reverb-technologies,1,1,0.7304841387612433
/organization/6th-sense-analytics,1,1,0.7312126960828321
/organization/browster,0,1,0.7148683729980208
/organization/pushbutton-labs,0,0,0.3834841700265763
/organization/jigsee,1,1,0.5495562018131449
/organization/bao-box,0,0,0.030817598421068026
/organization/yibailin,0,0,0.13451298035363365
/organization/myminilife,1,1,0.5479198039417543
/organization/remotv,0,1,0.6393090916746892
/organization/vizify,1,1,0.6145528100977363
/organization/tastebud,1,1,0.6774760930865124
/organization/meevee,1,1,0.7969643377299153
/organization/dumbstruck,0,0,0.29799320008772656
/organization/broadcast-mobi,0,0,0.12623909533088823
/organization/videoiq,1,1,0.8450109405535794
/organization/trueflow,0,0,0.09523878396943554
/organization/onechip-photonics,0,1,0.580198432069186
/organization/thoughtful-research-inc,0,0,0.1843156978597139
/organization/zengame-禅游科技,0,0,0.28023356073345107
/organization/century-hospice,0,1,0.618128136389506
/organization/nishan-systems,0,1,0.8321329780957116
/organization/gtronix,0,1,0.8135480631769951
/organization/qrgl,0,0,0.12712178967596066
/organization/objectworld-communications,1,1,0.6859566622214165
/organization/gateway-edi,1,0,0.46174824400644143
/organization/enkia,1,1,0.8084280726051023
/organization/kombe-n-sepe-block,0,0,0.47187826255944965
/organization/upviral,0,0,0.03476476032811705
/organization/synapticmash,1,1,0.6023357155722942
/organization/tweettv,1,0,0.3378117004963731
/organization/beamly,1,0,0.42850703862922573
/organization/cerion-technology,0,0,0.16546643973653224
/organization/carticipate,0,0,0.2323603087615527
/organization/hara,1,1,0.7763525189649141
/organization/psicofxp-com,0,0,0.42999105605665827
/organization/elecar,0,0,0.0987770187237228
/organization/moonshoot,0,1,0.6149538133560583
/organization/chongqing-haifu-technology,0,0,0.417668644990238
/organization/tubel-technologies,0,0,0.43495673097567633
/organization/crude-area,1,0,0.2539794449476647
/organization/lysac-technologies,1,1,0.6854503729996669
/organization/mobile-roadie,1,0,0.4976206834537791
/organization/cognitive-security,1,0,0.3577257643673479
/organization/streamline,1,0,0.3315793842970671
/organization/vativ-technologies,1,1,0.8053816568147423
/organization/adviva,1,0,0.4953906592083009
/organization/vyre-limited,1,0,0.41275742197483867
/organization/xelerated,1,1,0.8488064276374542
/organization/butcherbox,0,0,0.03221153724674507
/organization/communify-health,0,0,0.2521235320240864
/organization/kidthing,0,1,0.5617431411126934
/organization/lightningcast,1,1,0.6604539747011313
/organization/greengoose,0,1,0.5510135780173221
/organization/lawpàdí,0,0,0.05829837601512061
/organization/heyspace,0,0,0.44424476346156494
/organization/appthegame,1,1,0.6852109672653256
/organization/progress-financial-corporation,0,0,0.1116338932352063
/organization/bid-nerd,0,0,0.2664595103771097
/organization/alphaserv-com,0,0,0.2342270540395784
/organization/brightside-software,0,0,0.45058067180620137
/organization/nuvosun,1,1,0.6114555796751904
/organization/the-huffington-post-australia,0,0,0.030817598421068026
/organization/kidzui,1,1,0.7088157709939803
/organization/twof,0,1,0.5314372225503111
/organization/trellis-technology,1,0,0.2321004223864945
/organization/pomogatel,0,0,0.1259126240436167
/organization/luminus-devices,1,1,0.7789790333210531
/organization/insiderpages,1,0,0.4941047795487933
/organization/inmoo,1,0,0.30346740465832317
/organization/medipropharma,0,0,0.43002230337453456
/organization/rooms2night-llc,0,0,0.031062792842824535
/organization/redfern-broadband-networks,1,0,0.4808941995789872
/organization/fasmatech-science-and-technology,0,0,0.17609530572295828
/organization/studiotweets,0,0,0.3632800774098703
/organization/engage,0,1,0.5014191982937519
/organization/trust-mico,0,0,0.22155187942026885
/organization/dinglepharb,0,0,0.25064684933229325
/organization/epiphany-digital,0,0,0.268078618285408
/organization/solopower,1,1,0.7144852856260171
/organization/gentris,1,1,0.7558327988982024
/organization/sequoia-media-group,0,0,0.4664648390748243
/organization/centerbeam-inc,1,1,0.5323407002313304
/organization/nubot,0,0,0.15364624200591215
/organization/navimedix-2,0,1,0.5500301116891841
/organization/actional-garners,0,0,0.3774552966535957
/organization/autonavi,1,0,0.4867625917796213
/organization/tasted-menu,0,0,0.42955981967085777
/organization/pleg,0,0,0.47671724812113603
/organization/stonestreet-one,1,1,0.696891639036069
/organization/xanthus-pharmaceuticals,1,1,0.7553274302941049
/organization/spark-flow,1,0,0.14798748120177177
/organization/puentes-company,0,0,0.29756756747710367
/organization/banro-corporation,0,0,0.34520057277587357
/organization/complete-network-technology,1,0,0.4722406138903623
/organization/embrella-cardiovascular,0,1,0.634444245445002
/organization/presidium-learning,1,1,0.6030656449500771
/organization/pr2go-com,0,0,0.15106519530485085
/organization/chatham-therapeutics,1,0,0.29053622780459337
/organization/synovex,0,0,0.44596088146642066
/organization/canpages,1,0,0.45790572041591543
/organization/viigo,1,1,0.6057250696229167
/organization/koality,1,1,0.5634472829346575
/organization/syntaxin,1,1,0.5568990906668845
/organization/microinox,0,0,0.3240707062781834
/organization/kickup,0,0,0.022452997816690527
/organization/goby,1,1,0.5042680489705132
/organization/kublax,0,0,0.43598015321067507
/organization/openfeint,1,1,0.5065800602416591
/organization/cookstr,1,0,0.4307733865074794
/organization/membit-inc,0,0,0.03651834843659965
/organization/aesica-pharmaceuticals,1,0,0.42340786444308665
/organization/navarro-discount-pharmacy,1,0,0.47442058096515266
/organization/nextg-networks,1,1,0.5671437790852398
/organization/village-laundry-service,0,1,0.5336107377718698
/organization/cylene-pharmaceuticals,0,1,0.6170290561877515
/organization/pi-corporation,1,1,0.7648017742850785
/organization/datadog-health,0,0,0.08277766383681325
/organization/berkna-wireless,1,1,0.8689489455146209
/organization/thought-network-s-a-s,0,0,0.09225466000843435
/organization/marvin,0,0,0.23308881924647587
/organization/objective-logistics,1,1,0.8423240847788912
/organization/sundrop-mobile,1,1,0.6306783148638684
/organization/gelato-io,1,0,0.15011626003472034
/organization/renegade-games,0,0,0.3190170370585581
/organization/jinkosolar-holding,0,0,0.4613419010350555
/organization/innocutis,1,1,0.5911038387369362
/organization/whale-communications,1,1,0.8631114158671952
/organization/agilys,1,0,0.30232737673784327
/organization/liligo-com,1,0,0.3956197664790851
/organization/brilliant-inc,0,0,0.13240590390763407
/organization/turbobotz,0,0,0.40266882366117834
/organization/kontera,1,1,0.8086540542574694
/organization/deploy-solution,1,1,0.7957756839619585
/organization/skyeng,0,0,0.06742928818964244
/organization/rainfinity,1,1,0.7795571929060958
/organization/socialbuy,0,0,0.25622969318969413
/organization/xelerated-holdings,0,1,0.5097500377664386
/organization/knock-mart,0,0,0.04999754707624229
/organization/local-motion,1,1,0.6605340062838876
/organization/objectfx,1,1,0.8247827539431414
/organization/shoebuy,1,1,0.8153532667712543
/organization/service-metrics-inc,1,0,0.4861730042259754
/organization/nomermail-ru,0,0,0.03871354037404765
/organization/enable-holdings,1,1,0.7313412283348529
/organization/dealer-com,1,1,0.7372714772120753
/organization/orabrush,1,1,0.7199851945958763
/organization/transdimension,0,1,0.5943808565626233
/organization/quellan,1,1,0.8310415287775157
/organization/luphos-gmbh,1,0,0.12127472830304856
/organization/optimedica,1,1,0.7969917149896812
/organization/ansyn,0,0,0.29514981610530194
/organization/presidio-networked-solutions,1,1,0.5367752361355899
/organization/lonocloud,1,0,0.49799513251128713
/organization/communication-synergy-technologies,0,1,0.8062280907759249
/organization/fansnap,0,1,0.7286024770754119
/organization/appium-technologies,1,1,0.6834833253104169
/organization/tempmine,0,0,0.2028488678666682
/organization/replidyne,1,1,0.528455253125319
/organization/coppergate-communications,1,1,0.617262758060445
/organization/mobsmith,1,1,0.5189422481964548
/organization/treatfeed,0,1,0.5147169746231891
/organization/markafoni,1,0,0.44979660520016795
/organization/netspend,0,1,0.8547216106276463
/organization/crowdsavings,1,1,0.7102501962990844
/organization/decipher,1,0,0.24595404952186273
/organization/ameritv,0,0,0.32812453501762034
/organization/swaptree,0,1,0.671463072445548
/organization/violife,0,1,0.5822088290918171
/organization/entrisphere,1,1,0.8322646658019827
/organization/tempo-ai-sri-spin-off-m,1,1,0.7849924877592162
/organization/concur-technologies,1,1,0.774198327429207
/organization/devilfish-poker-ltd,0,0,0.037520402714546514
/organization/balanced,0,1,0.6857659018632851
/organization/outline-app,0,0,0.1611710629992975
/organization/altruik,1,1,0.7473859394630545
/organization/sezmi,1,1,0.7843256705062609
/organization/orchestra-corporation,1,1,0.8353157215454954
/organization/ontela-2,1,1,0.5969333242442714
/organization/canfield-medical-supply,0,0,0.41025684768581916
/organization/piramed,1,1,0.718192853970753
/organization/plugre-com,0,0,0.07568025156647211
/organization/icredit,0,0,0.2508929736692366
/organization/credant-technologies,1,1,0.8387450849651031
/organization/peerflix,1,1,0.7270669457053112
/organization/bvfon-telecommunication,0,0,0.4175520434196327
/organization/software-com-2,0,0,0.07129117916290084
/organization/akimbi-systems,1,1,0.7888406257928756
/organization/plasmasi,0,1,0.696788062395165
/organization/american-health,0,0,0.03213138431489335
/organization/essential-viewing,1,1,0.6942950056368298
/organization/enigmatic,0,1,0.8590481799518116
/organization/elemental-technologies,1,1,0.7676572866756236
/organization/certify-data-systems,1,1,0.7597465605249133
/organization/stellar-biotechnologies,0,1,0.6208749357257117
/organization/rempex-pharmaceuticals,1,1,0.5871143859997889
/organization/kreatech-diagnostics,1,0,0.4412528648222382
/organization/reddit,1,1,0.7824532009084446
/organization/battlepro,0,0,0.17472046744085057
/organization/consera-software,1,1,0.7961274861843671
/organization/mysql,1,1,0.8724635755317419
/organization/medicard,0,0,0.06263663230639993
/organization/minekey,0,1,0.6054476334786708
/organization/zvents,1,1,0.8395569755640291
/organization/cover-lockscreen,1,0,0.25339278437641743
/organization/snipd,0,0,0.19030185561167046
/organization/ntag,1,1,0.7101077518860933
/organization/adnavance-technologies,0,1,0.6240947216961326
/organization/gazehawk,1,0,0.2363934020347753
/organization/perfect-market,1,1,0.8389252907071135
/organization/wireless-audio-ip-bv,1,0,0.3999468978266214
/organization/adtena-2,0,0,0.026837119926377988
/organization/locasian,0,0,0.17212958313982527
/organization/paddle-mobile-payments,0,0,0.1845716628397193
/organization/sulmaq,0,0,0.3389714032128211
/organization/bellwave-co,1,1,0.5204024216499881
/organization/psiloquest,0,0,0.440093030576501
/organization/sleep-nation,0,1,0.6444144667488456
/organization/lensar,1,1,0.7133391741442315
/organization/freewebs,1,1,0.7717333171906706
/organization/visualnest,0,0,0.2217840594620789
/organization/fintech-asia,0,0,0.030817598421068026
/organization/1bib,0,0,0.42911450112804594
/organization/zmags,1,1,0.7592791446842649
/organization/ls9,1,1,0.746463118954382
/organization/veotag,1,1,0.5554550210578245
/organization/cleanapp,0,0,0.22672711203026236
/organization/priceadvice,0,0,0.2923110505362831
/organization/socialpicks,1,0,0.3263472942025989
/organization/juupstore,0,0,0.13622676471346137
/organization/eusa-pharma,1,1,0.7339171964310911
/organization/golden-gateway-financial-inc,0,0,0.4697654231314214
/organization/iceberg,1,0,0.4415171230808472
/organization/rhythm-newmedia,1,1,0.831602311155312
/organization/kellogg-media-group,0,0,0.4021635742564205
/organization/randv,0,0,0.36186438478598937
/organization/covario,1,1,0.7280468373671499
/organization/infopia,0,1,0.8517136966615679
/organization/lionside,1,0,0.46270791686101403
/organization/verafin,0,1,0.7158513003828654
/organization/causes,1,1,0.7093896448922358
/organization/popset,0,0,0.4856301595750857
/organization/onerecovery,1,1,0.7304712348783922
/organization/rocket-heater-gamera,0,0,0.02412139377927518
/organization/kite,0,1,0.5047629498990673
/organization/claros-diagnostics,1,1,0.6900722494069249
/organization/staq,1,1,0.5775511476306597
/organization/zattoo,1,1,0.5765146721356745
/organization/comcam,0,1,0.5420846522773558
/organization/clean-mobile,1,1,0.5700512131315479
/organization/care-team-connect,1,1,0.6891746718223335
/organization/bizmore,0,0,0.47442058096515266
/organization/oneriot,1,1,0.8094365856215028
/organization/choomogo,0,0,0.19177766916106387
/organization/activecloud,0,0,0.14523127229638252
/organization/phillips---temro-industries,1,0,0.45282341063134984
/organization/lexity,1,1,0.72589443101733
/organization/mediameeting,0,0,0.2165939995322682
/organization/zeevo,1,1,0.5801310421146296
/organization/rapportive,1,0,0.4186394109111044
/organization/inhibitex,1,1,0.7383797079705845
/organization/izze-beverage,0,1,0.7382596622425821
/organization/advanced-mobile-solutions,1,1,0.7082860968751836
/organization/sunovia,0,1,0.6012772767249261
/organization/allpix-innovation,0,0,0.07381864444425108
/organization/enstratus,1,1,0.6308370729202639
/organization/annovation-biopharma,1,1,0.638034808238935
/organization/stitch,1,0,0.47481059353145233
/organization/st-barths-online,0,0,0.22881956660031086
/organization/posterous,1,1,0.7172212173809502
/organization/neolinear,1,0,0.4184895797339486
/organization/common-ground,0,0,0.23742970522317733
/organization/multispectral-imaging,1,0,0.39272265568571
/organization/clear2pay,1,1,0.799091791226847
/organization/panoptic-security,1,0,0.4724554014873909
/organization/i2we,0,0,0.3130918903157903
/organization/skydata-systems,0,0,0.49911109240034107
/organization/setjam,1,0,0.4686419678460302
/organization/awesometouch,1,0,0.37692061418555495
/organization/iclinix,0,1,0.5036627402063214
/organization/bureau-of-trade,1,0,0.41466800245921526
/organization/micromuscle,0,1,0.5495490412817166
/organization/humanoid,1,0,0.4741849965162836
/organization/retrevo,1,1,0.745978109087262
/organization/for-your-imagination,0,0,0.4037533411866725
/organization/eons,0,1,0.7398546020337138
/organization/sport-telegram,0,0,0.14265936142984117
/organization/open-range-communications,0,1,0.5579804473671578
/organization/ubidyne,0,1,0.732728216487101
/organization/maplin-electronics,1,0,0.46586553840710765
/organization/dropcam,1,1,0.7711508638245802
/organization/verse-2,0,0,0.04046757302721028
/organization/clipclock,0,0,0.25887860960401765
/organization/bestboy-keyboard,0,0,0.10994417027603469
/organization/atritech,1,1,0.6823171793676983
/organization/fashism,0,0,0.4196889947814825
/organization/selatra,1,1,0.7149345882833437
/organization/big-bear-entertainment,0,0,0.29674630057481255
/organization/serverengines,1,1,0.639192552825528
/organization/adea,1,1,0.7452683347264688
/organization/txt4,0,1,0.5006047538807609
/organization/3lm,1,0,0.2511356552589342
/organization/znapshop,0,0,0.14052068615877503
/organization/pinpoint-networks,0,0,0.19394317202132863
/organization/nimbus-communications,0,0,0.17611569543752495
/organization/crowdsling,0,0,0.1976089311593636
/organization/emergent-views,0,0,0.3713740944460522
/organization/editgrid,0,0,0.4334751532433744
/organization/realitywave,1,1,0.5754765145936995
/organization/sirific-wireless,1,1,0.8038419448048978
/organization/appthwack,1,0,0.4483361035264812
/organization/locox-com,0,0,0.3350716852840293
/organization/duel,0,0,0.10086695396066324
/organization/iwaboo-inc,0,0,0.09744252391230963
/organization/healthlok,0,1,0.5681216806217378
/organization/ludic-labs,1,0,0.29352777396628094
/organization/photop-technologies,1,1,0.5277238287822884
/organization/zelena-posta-2,0,0,0.15364624200591215
/organization/energy-51,0,0,0.468654959840492
/organization/feedo,1,0,0.06678552841786031
/organization/gonevaca-2,0,0,0.02934679649022815
/organization/archive-2,0,0,0.4500430860504547
/organization/firepower-technology,0,0,0.27995050822293555
/organization/innoprise-software,0,0,0.49488355099162645
/organization/photorocket,0,1,0.6421477305755752
/organization/trust-digital,1,1,0.8252847267448504
/organization/biontis,0,0,0.4216716444639924
/organization/late-nite-labs,1,1,0.5222899659119616
/organization/ceon,1,1,0.7871181461362146
/organization/zyncro,1,1,0.5648638310913153
/organization/openera,1,0,0.3424057495777339
/organization/domzdrowia-pl,0,0,0.17379642265285292
/organization/vyance,0,0,0.16165834261607903
/organization/libox,0,0,0.4713743448804945
/organization/alamak-espana-trade,0,1,0.558067261658788
/organization/brigade-corporation,0,0,0.3639775922908706
/organization/socialsamba,0,0,0.3404964090779895
/organization/mylifebrand,0,0,0.1693211197175791
/organization/ko-brite,0,0,0.40296784670183383
/organization/trademarknow,0,0,0.48195108479639964
/organization/medistream,1,0,0.4650589224403629
/organization/gammasite,0,0,0.28397392881920314
/organization/thrive-6,0,0,0.07129117916290084
/organization/grauna-aerospace,0,0,0.18962626694480253
/organization/imubit,0,0,0.08286720738519816
/organization/grow-mobile,1,0,0.43204159196858294
/organization/satnav-technologies,0,1,0.5162792761281558
/organization/vjsual-yym-media-solutions-gmbh,0,0,0.0866911473642409
/organization/groundedpower,1,0,0.4562955814642652
/organization/inuk-networks,1,1,0.5314064098067038
/organization/producteev,1,1,0.5806662556456965
/organization/innovative-metabolics,0,0,0.11151264237513797
/organization/cleversafe,1,1,0.8400552209032882
/organization/navic-networks,1,1,0.8290587456019972
