startup_id,actual,predicted,score
/organization/us-dry-cleaning-services,0,1,0.5872136303541875
/organization/tweetflow,0,0,-1.0188766049802152
/organization/ntelagent,1,1,0.3735259131886355
/organization/solace-pharmaceuticals,0,0,-1.538055118049061
/organization/charitweet,0,0,-1.412476460868029
/organization/revit-technology-corporation,0,1,0.30878135048587396
/organization/on2,1,1,1.1396972101978016
/organization/retalika,0,0,-1.0684033543031608
/organization/sharecruit,0,0,-1.2072628240266228
/organization/metafor-software,1,0,-0.22422570657028873
/organization/alnara-pharmaceuticals,1,1,1.1741234286770914
/organization/iemo,1,0,-0.8769693678343479
/organization/torbit,1,0,-0.7519949679668618
/organization/popjam,0,0,-0.5831254894845289
/organization/stumbleupon,1,1,1.091511945834965
/organization/seeo,1,1,0.4189663677704407
/organization/game-trading-technologies-inc,0,1,0.5784039817131501
/organization/zlango,0,0,-1.575167033819155
/organization/calcimedica,0,1,1.0466570237036688
/organization/outspark,1,1,1.0303357898101038
/organization/engana-pty,0,1,0.8671091253873411
/organization/team-my-mobile,0,0,-0.4553946532610123
/organization/open-environment-corporation,0,0,-0.2802382627135795
/organization/castiron-systems,1,1,1.0954621419218302
/organization/packethop,0,1,0.6554197092189886
/organization/datalogix,1,1,1.1179497415755058
/organization/trinity-biosystems,0,1,1.057084643370375
/organization/sitestar,0,1,1.3695900179897802
/organization/weezic,1,0,-0.9386722222823858
/organization/mathsoft-engineering-education,1,1,0.9113587218313242
/organization/lamina,0,0,-1.6621977572771673
/organization/freedom2,0,0,-0.39828896696975913
/organization/lorus-therapeutics,0,0,-0.2575266817866947
/organization/xenome,0,0,-0.3245713987931748
/organization/avidia,1,1,1.0363819804044667
/organization/nanox,0,0,-0.7045580115609597
/organization/adaytum,1,0,-0.9373285173815419
/organization/firefly-bioworks,1,1,0.799121370089352
/organization/sigma-networks-2,0,0,-0.11418071563671436
/organization/invivo-therapeutics,0,1,0.16451923162369597
/organization/landis-gyr,1,1,0.6879597076469366
/organization/epresence,1,1,0.6960903391095934
/organization/mojo-labs-co,0,0,-0.4987222690724421
/organization/the-locker-room,0,0,-0.6673331637313844
/organization/sense-networks,1,1,1.1171414543797071
/organization/workwell-systems,1,1,0.0005065188178216135
/organization/spogo-inc,1,0,-0.5530969046328081
/organization/v-secure-technologies,1,1,0.05400110994540948
/organization/cyberdefender,0,1,0.8005371277496187
/organization/secure-data-in-motion,1,1,1.2573921426128345
/organization/oni-systems,1,1,0.9863360007954358
/organization/ibaax,0,0,-2.0517184372766786
/organization/coreexpress,1,0,-0.5098643304830455
/organization/storify,1,1,1.0130603105898692
/organization/truanttoday,0,0,-0.4524512346776528
/organization/wild-east-group,1,0,-1.1202789675509508
/organization/people-over-pixels,0,0,-1.564835196617396
/organization/technimark,0,0,-1.0930036850029061
/organization/wysiwyg,1,0,-1.3776156379873363
/organization/finaho,0,0,-0.4018149194968065
/organization/trepic-inc,0,0,-1.459596622181313
/organization/identyx,1,0,-1.256958615882458
/organization/livekick,0,0,-1.057309797380574
/organization/goco-op,0,1,0.00668684041986474
/organization/tranz-send,0,0,-1.7960077065851294
/organization/tissueinformatics,1,0,-0.37453271198200666
/organization/healthcaremagic,1,0,-0.046287280487495294
/organization/site9,0,1,0.816348430623741
/organization/onstate,1,1,0.06167070682806604
/organization/maps-indeed,0,0,-1.344844444631268
/organization/pressquote,0,0,-0.5912728657036112
/organization/revealr-software-limited,1,0,-0.9801474554054841
/organization/udex,1,1,0.9865761910581528
/organization/wepress-app,0,0,-1.2089776584699776
/organization/super-heat-games,0,0,-0.08313012593649059
/organization/ablation-frontiers,1,1,0.08168063936917204
/organization/prepayme,0,0,-1.0305405219335764
/organization/beeline-technologies,1,1,1.1990874285662318
/organization/launchrock,1,0,-0.20993901063292064
/organization/notifo,0,0,-0.35560675236234857
/organization/hyperquest,1,0,-0.7002487499545356
/organization/hive-media,0,0,-0.02060359785003528
/organization/360commerce,1,1,1.2115215024234676
/organization/solomio,1,1,1.1530520744434456
/organization/hycrete-2,1,1,0.9867810738379892
/organization/squla-2,0,0,-1.0415895904279768
/organization/morta-security,1,0,-0.4980201590362483
/organization/appssavvy,0,1,1.2590789565966332
/organization/ecourier,1,1,1.046366867074505
/organization/chlorogen,0,1,1.0672096915497802
/organization/ground-zero-group-corporation,0,0,-1.2388167791110145
/organization/n2-broadband-2,1,0,-0.18211701062243724
/organization/power-com,0,1,0.010209616275617464
/organization/himily,0,0,-1.084443283360333
/organization/made-in-w-inc,0,0,-0.7613688144700859
/organization/sonitus-medical,0,1,1.0020190764423464
/organization/ccs-environmental,0,0,-0.4702742953831489
/organization/buysimple,0,0,-0.799063931108644
/organization/visumotion,1,0,-0.8182996691846538
/organization/axonx,1,0,-0.7907844545636272
/organization/prediction-dynamics,0,1,0.26026781985900344
/organization/saferent,1,1,0.03324440070586841
/organization/drc-computer,1,0,-0.2634953546267995
/organization/national-transcript-center,1,0,-0.7547155848667356
/organization/lynx-design,1,0,-0.36961459362737964
/organization/nile-guide,1,1,1.0660344229512908
/organization/robodrom,0,0,-1.1726380358971724
/organization/esali-ebusiness-agency,0,0,-1.298361363456764
/organization/lex-machina,1,1,1.385620956733276
/organization/music-nation,0,1,0.31266919563350093
/organization/the-niche-project-inc,1,1,0.2806712194554557
/organization/fyreball,0,0,-0.6186869760843818
/organization/tastynow-com,0,0,-1.9351502935328195
/organization/one-source-networks,1,1,0.14249778384481593
/organization/springleaf-therapeutics,0,1,0.7045233850696055
/organization/boatflex,0,0,-1.855590118015644
/organization/peakstream,1,1,1.0176384100846307
/organization/aires-pharmaceuticals,1,1,0.9813904853682829
/organization/escapia,1,1,0.947275796776895
/organization/vivity-labs,1,0,-0.20460263021463454
/organization/trapster,1,1,0.3084063812273503
/organization/arcplan-information-services-ag,1,1,1.323045250245801
/organization/tricipher,1,1,1.0360000173544246
/organization/prompt-associates,1,1,0.2812039862737652
/organization/comdominio,0,0,-0.714796697376436
/organization/gridpotential,0,0,-1.5405289297449922
/organization/trendslide,1,0,-0.7957711168799676
/organization/city-grade,0,0,-1.3151392134315711
/organization/onemove-technologies,1,0,-0.5519466202964307
/organization/trak,0,0,-1.1034208417040088
/organization/newsvine,1,1,0.3388359642099968
/organization/servo-software,1,1,0.17746869064356885
/organization/thinglabs,1,1,0.6341586478478226
/organization/sharegrove,1,0,-0.8950102723182478
/organization/moverati,0,0,-0.3236667928154351
/organization/alenty,1,0,-1.0328990860279819
/organization/imaste,1,1,0.00020784561336813223
/organization/shopzilla,1,1,0.8461340491314903
/organization/spabooker,1,0,-1.076590870321473
/organization/taglabs,0,0,-0.8664859705512507
/organization/debt-market,1,1,0.5250047457829219
/organization/keyneurotek-pharmaceuticals,0,0,-0.3732787498755632
/organization/myndnet,0,0,-0.5868513736095516
/organization/orphidia-2,0,0,-1.406959391106829
/organization/talima-therapeutics,0,1,0.855294446587963
/organization/gbox,0,1,0.16421280776562563
/organization/commercetools,1,0,-0.09096972312977013
/organization/aeristech-limited,0,0,-1.3424356182867392
/organization/la-roquette,0,0,-1.0684033543031608
/organization/constella-group,1,1,1.062470283894915
/organization/langolab,0,0,-1.457458485492726
/organization/mooville,0,0,-1.064559168824703
/organization/pult,0,0,-0.9808056466960858
/organization/kai-pharmaceuticals,1,1,1.0005376168082767
/organization/loopfuse,1,0,-0.05322015435367332
/organization/narus,1,1,1.2637484401250458
/organization/tripscan,0,0,-0.7974229347586692
/organization/sensible-lender,0,0,-1.5684704726269216
/organization/avaki-now-sybase-sap,1,1,1.2322479069791448
/organization/viralheat,1,1,1.075820865679745
/organization/gigi-hill,0,1,0.4938294648257209
/organization/moonlighting-3,0,0,-1.084443283360333
/organization/lefthand-networks,1,1,1.5524469778668777
/organization/privatecore,1,0,-0.04805789250127389
/organization/sequoia-communications,0,1,1.0272845144193214
/organization/particle-code,1,1,0.28329465688443106
/organization/adjug,1,1,0.5755918699269433
/organization/playdom,1,1,1.3062644149545273
/organization/lincare,0,1,0.006518496687512851
/organization/babyboom-ru,0,0,-1.4296330668988708
/organization/ceptaris-therapeutics,1,1,0.9555723830358989
/organization/cardiac-pathways-corp,1,0,-0.9162915201075559
/organization/edutise,0,0,-1.459596622181313
/organization/netretail-holding,1,1,0.6231395884096012
/organization/vaccsys,0,1,0.056919101406032444
/organization/entrigue-surgical,1,1,0.48929675743609247
/organization/facetags,0,0,-0.8410795421585074
/organization/nodeable,1,1,1.1365738675967045
/organization/paver-downes-associates,0,1,0.7250781390850904
/organization/schoolwires,1,1,1.530121910929898
/organization/monii,0,0,-1.7981293517603645
/organization/nanonexus,0,1,1.0641461723682146
/organization/velio-communications,1,1,1.5649958601846365
/organization/perfect-audience,1,0,-0.4901096153445124
/organization/aggregateknowledge,1,1,1.0935023247598468
/organization/adeptence,0,0,-0.12347302167304579
/organization/linkua,0,0,-0.15054768497892695
/organization/photosecure,1,1,0.15814961698642188
/organization/newworld-communications-2,0,0,-1.3850646563161617
/organization/petvet-technologies-inc,0,0,-1.472499866811336
/organization/soliant-energy,1,0,-0.3521579666939774
/organization/prenova,1,1,0.1396427807890835
/organization/hearsay-it,0,0,-1.1041007871546216
/organization/atipica,0,0,-1.411363764984055
/organization/goblack-2,0,0,-2.167119049946513
/organization/accertify,1,1,1.0464838405783476
/organization/sensa-io,0,0,-1.14520519436708
/organization/mixandmeet,0,0,-0.9916426067958681
/organization/amit-anand,0,0,-2.2369451268260434
/organization/g-banker,0,0,-1.596882000510774
/organization/radiance,1,0,-0.3403888382399657
/organization/broadbus,1,1,1.0567055462249233
/organization/casino-vr,0,0,-1.1020104620469866
/organization/eco-films,0,0,-1.489703468021249
/organization/dara-biosciences,1,1,0.2271162852368528
/organization/adwings,0,0,-1.3902622956992812
/organization/ham-it,0,0,-1.0518249446077097
/organization/fastconnect,1,1,0.22577869544056928
/organization/weshow,0,1,0.2653970272941252
/organization/retail-convergence,1,1,0.69928722006724
/organization/eyeona,0,0,-0.16660848990969335
/organization/vanatec,1,0,-0.475441056995193
/organization/grabcad,1,1,1.035907606424819
/organization/fairshare,0,0,-0.9275481173495523
/organization/jetpac,1,0,-0.7802845695636071
/organization/actsocial,1,1,0.39780297352062866
/organization/valuecrates,0,0,-1.5462539575471297
/organization/rockola-media-group,0,1,0.07866923058218024
/organization/ezlike,1,0,-1.4244180421118988
/organization/mobipocket-com,1,0,-0.3531437659037239
/organization/cytodome-inc,0,0,-0.6020775135025677
/organization/cellmax-2,0,0,-1.8293632368029453
/organization/crowdhall,0,1,0.3185395709093065
/organization/oakleaf-waste-management,1,1,0.03860528942039988
/organization/pyxis-technology,1,1,0.7428868925361742
/organization/time-for-medicine-limited,0,0,-1.21024053815164
/organization/tbi-connect,0,0,-0.07850012912830083
/organization/infrastruct-security,0,1,1.1471546813716509
/organization/nuro-pharma,0,0,-0.22538417194269866
/organization/epy-io,0,0,-0.2378065964846322
/organization/jobscrush,0,0,-0.8933382505886142
/organization/galecto-biotech,1,0,-0.5574175775696333
/organization/cloudscaling,1,1,1.5111705908956972
/organization/zeebo,0,1,0.9937088147374671
/organization/poll-me-ltd,0,0,-1.2474037458182134
/organization/nanostim,0,1,1.03680789056658
/organization/adjacent-applications,0,0,-0.541043203105924
/organization/neovision-hypersystems,1,1,1.269833560791606
/organization/chromance,0,0,-0.001215425113017296
/organization/celequest-corp,1,1,0.9023238103119291
/organization/navman,1,1,0.9274063053026982
/organization/protego-networks,1,1,0.8559495027055506
/organization/meinprospekt,1,0,-0.7799885159268958
/organization/intellione,1,0,-0.05366612883039244
/organization/socialcast,1,1,1.2860042818600528
/organization/parametric-dining,0,1,0.63259147166109
/organization/keepy-robot,0,0,-1.6573237866251955
/organization/dyyno,0,1,1.2234953073366899
/organization/flagr,0,0,-0.17457068740354753
/organization/quanlight,0,0,-0.12963203577739546
/organization/yongopal,0,1,0.1774708184345209
/organization/magma-hq,1,0,-0.4635138703837862
/organization/photon-fluid,0,0,-0.28922074267996906
/organization/pcd-partners,0,0,-0.7817214556031031
/organization/heureka-software-llc,0,1,0.5860168535817821
/organization/allpeers,0,0,-0.4216184984646987
/organization/u-s-fiduciary,0,1,0.3927140208259524
/organization/parlance,0,0,-1.1724266291447467
/organization/pando-networks,1,1,1.0470155999910822
/organization/ask-com,1,1,0.8995837343616193
/organization/klosetshop,0,0,-1.4976282640410843
/organization/sprig-toys,1,0,-1.1574370412509918
/organization/mvalent,1,1,0.013803963561345348
/organization/consortemedia,1,1,0.9611539011314385
/organization/multi-amp-engineering-sdn,0,1,1.1220309803157313
/organization/naurex,1,1,0.9924820258299925
/organization/conservus-international,0,0,-0.4741159802169712
/organization/distil-interactive,1,1,0.7999420355609137
/organization/signicast,0,1,1.1423588128042417
/organization/stupsr,0,0,-1.5415229365736949
/organization/shopss-com,0,0,-1.8454230277558663
/organization/cn-creative,1,0,-0.8544349968974999
/organization/eden-rock-communications,1,0,-0.03447492790030414
/organization/headmix,0,0,-0.39383699545660356
/organization/doubloon,0,0,-0.6791621046861115
/organization/the-carrot-company,1,0,-0.27333133786681524
/organization/metasolv,1,1,1.4553742947523343
/organization/glidepath-power,0,0,-1.084443283360333
/organization/cookdinner,0,0,-0.8012848508098447
/organization/cambridgesoft,1,1,1.001818966338338
/organization/feedmob,0,0,-1.1065714441330021
/organization/gosave,0,0,-0.037936842819168856
/organization/complient,0,0,-1.8265451501743681
/organization/optimenga777,0,0,-1.7534041544157257
/organization/insight-communications,1,1,1.3824217146138453
/organization/nearbuy-systems,1,1,1.6890437681136423
/organization/softwriters-holdings,1,1,1.192848231465706
/organization/interspiresubmit,0,0,-1.399305597182552
/organization/apture,1,1,0.8101382789726894
/organization/global-employment-solutions,1,0,-0.009654271291866343
/organization/callaround,0,0,-1.3450769713526043
/organization/land-systems-corp,0,0,-0.08626752748060006
/organization/foldax,0,0,-0.7805179734657057
/organization/app-in-the-air,0,0,-1.669281414161893
/organization/e-security-inc,1,1,1.2101239406256408
/organization/livio-radio,1,1,1.3811939644676108
/organization/tencho-technology,0,1,0.08368088287687238
/organization/podbridge,0,0,-1.0519296096598636
/organization/messageone,1,1,1.1215368543066675
/organization/bzzagent,1,1,1.1675552507831153
/organization/alantos-pharmaceuticals,1,1,0.9330889468388119
/organization/prochon-biotech,1,0,-0.24846430328620367
/organization/rontal-applications,1,1,0.4842201383412099
/organization/sun-catalytix,1,1,0.6906519427673048
/organization/lovely,1,1,1.1287515782502764
/organization/ridescout,1,1,0.994405050346473
/organization/cascades-development,0,0,-1.4297726694019897
/organization/messagingdirect,0,0,-1.8328143528275307
/organization/icondial,0,0,-1.7422297288726585
/organization/navihealth,1,1,0.9126251512848129
/organization/the-vendare-group,0,0,-0.7905978572504108
/organization/cognea,1,0,-0.5439493042714467
/organization/reactivity,1,1,1.3381472820304405
/organization/eurobox,0,0,-1.2117122775145655
/organization/selstor,1,1,0.13378875692145797
/organization/chirp,1,1,0.055634217209668144
/organization/positivefeedback,1,1,1.3596179758173519
/organization/simplyprose,0,0,-1.0588507583899223
/organization/moy-univer,0,0,-1.5817718954190931
/organization/monis,1,0,-0.3128791657511383
/organization/bioenvision,0,1,0.9522778802281178
/organization/alandia-communication-systems,0,0,-1.0747890955215142
/organization/tipcat-interactive-沙舟信息科技,0,0,-0.6791621046861115
/organization/world-reviewer,0,0,-0.3994705239584301
/organization/roomtag,1,0,-0.6435885536232326
/organization/gamelayers,0,1,0.23309277863398792
/organization/velocix,1,1,1.1627254149594024
/organization/acquaintable,1,0,-1.1773423526775622
/organization/fast-society,0,0,-1.0443702357537687
/organization/lavastorm-analytics,1,1,0.8883240658406668
/organization/tg-publishing,1,1,0.5553003703242922
/organization/bytelight,1,1,0.8393121468465868
/organization/power-analog-microelectronics,0,1,0.5138677680112893
/organization/amerivault,1,0,-0.8959877213019467
/organization/topsy-labs,1,1,0.9973969227257842
/organization/moxie-sports-inc,0,0,-1.7369873318217408
/organization/moment-me,1,1,0.6843553561999483
/organization/wedeliver,1,0,-0.7713591364541899
/organization/habiteo,0,0,-0.9708229270334007
/organization/iviz-security,1,1,0.9651070723746529
/organization/tandem-labs,0,1,0.8570898890770808
/organization/black-is-pink,0,0,-1.170739398219469
/organization/accenx-technologies,1,1,1.0392698197242178
/organization/corechange,1,1,1.0983893913964273
/organization/metamoorephosis-games,1,1,1.1605594687405925
/organization/isites,0,0,-1.2838926528394412
/organization/rerecipe,0,0,-1.4356586886528397
/organization/likebetter-com,0,0,-0.28810788810077137
/organization/piczo,1,1,1.2690109974705162
/organization/icontact,1,1,0.9488655760945666
/organization/the-wet-seal,1,0,-0.28485543780625083
/organization/upnext,1,0,-0.47529215829295157
/organization/done,0,0,-0.5649306382769863
/organization/tinypay-me,0,0,-0.5425637954389742
/organization/formative-labs,0,0,-0.3881999476685094
/organization/slideshare,1,1,0.18738141770250138
/organization/ciphertrust,1,1,1.0485956707134487
/organization/fat-spaniel-technologies,1,1,0.424520195959737
/organization/design-clinicals,1,0,-0.5998902970627029
/organization/lymphosign,1,1,0.9932728857392232
/organization/unavailable-org-gmbh,0,0,-1.04920241741634
/organization/face8,0,0,-1.1724266291447467
/organization/cell-mining,0,0,-1.1724266291447467
/organization/letterme,0,0,-1.472499866811336
/organization/treatful,1,0,-0.9935327558027864
/organization/price-interactive,1,1,0.5011431102891925
/organization/qubell,1,0,-0.09803051259726568
/organization/adecn,1,1,0.545968695344822
/organization/big-fish-games,1,1,1.2719516681204344
/organization/mediamap-inc,1,1,0.24987661579661813
/organization/clickequations,1,1,0.42110228504251523
/organization/unruly,1,1,0.8552886076861752
/organization/kewego,1,1,0.7299335420628896
/organization/mbeat-media,0,0,-0.33812199843418955
/organization/acme-packet,1,1,1.2311178760429768
/organization/cleverset,1,1,0.27941749897037804
/organization/fastnet,0,0,-1.1310533637156719
/organization/syft-2,0,0,-1.5160251669815579
/organization/rewarding-return,0,0,-1.6580946489557764
/organization/meggatel,0,1,0.10913486825963516
/organization/computication,0,1,0.4480844208337573
/organization/limo-taxi,0,0,-1.361303786472183
/organization/monument,0,0,-1.4416542401290915
/organization/libretto,0,0,-1.2217169988245598
/organization/tidalwave-trader,0,0,-0.8400369263166712
/organization/hunch,1,1,0.9306739018117689
/organization/auctionpay,1,1,0.7776167876053715
/organization/the-logic-group,1,1,1.369873216674571
/organization/xpede,1,1,0.5966404992276849
/organization/cardiokine,1,1,0.1577349512447364
/organization/get-in,0,1,0.2679449622302956
/organization/gamee,0,0,-1.357676351811719
/organization/mogotix,0,0,-1.3230293346561723
/organization/query-hunter,0,1,0.2595138042788777
/organization/superderivatives,1,1,1.3603493292057467
/organization/character-booster,0,0,-1.0188766049802152
/organization/tube2tone,0,0,-1.746102753812464
/organization/food-on-the-table,1,0,-0.06506467803433134
/organization/kosei,1,0,-1.0391234205885067
/organization/hemoteq,1,1,1.6045920727359746
/organization/hands-on-mobile,1,1,0.974019078943583
/organization/cuil,0,1,0.76133580779774
/organization/jott,1,1,0.6731876757089221
/organization/brabeion-software,1,1,1.2425496982916138
/organization/coinzone,1,0,-1.0148427436133962
/organization/neovasc,0,1,0.5683258373964072
/organization/voicendo,0,0,-0.49327066732774416
/organization/omthera-pharmaceuticals,1,1,0.5215014973233864
/organization/taidii,0,0,-1.5825480430870802
/organization/print-inc,1,1,1.1746035169802234
/organization/western-window-systems,0,0,-1.1724266291447467
/organization/classiphix,0,0,-1.29511586784077
/organization/mikme,0,0,-2.0023505740405865
/organization/unveil-technologies-2,0,1,0.7983057414645818
/organization/tripeese,1,0,-1.4405164748209376
/organization/o2gen-solutions,0,0,-1.0266809992912496
/organization/neoguide-systems,1,1,1.1232779224650584
/organization/doctor-driven-systems,1,0,-0.4920009648957805
/organization/tradehill,0,0,-0.9848367584284864
/organization/scion-cardio-vascular,0,0,-0.4593356599623482
/organization/executive-channel,0,0,-0.8371366246650631
/organization/imindi,0,0,-0.6199149406821535
/organization/genetic-anomalies,1,0,-1.0113620417642772
/organization/lilluxe,0,0,-0.43418123304004785
/organization/tehnologii-obratnyh-zadach,0,0,-1.4058351911069675
/organization/decisio-health,0,0,-1.3083422058708418
/organization/shopigniter,1,1,1.052694094777501
/organization/clicvu,0,1,0.5553003703242922
/organization/docebo,1,1,0.8207961712254827
/organization/evolution-robotics,1,1,1.1774870123288361
/organization/immune-control,1,1,0.9430954540572274
/organization/proxeon,1,0,-1.0775120749742269
/organization/viewfinity,1,1,1.026568217350263
/organization/ecora,0,0,-0.17665120659988126
/organization/aladdin-media-holdings,0,0,-0.7177203605903272
/organization/echo-automotive,0,0,-1.1987745036066237
/organization/polo-motorrad,0,0,-1.0608920629614693
/organization/fliqz,1,1,1.0176638450783386
/organization/cognection,0,0,-1.6414077515663714
/organization/windensity,0,0,-0.4561635200928592
/organization/buyrentkenya-com,0,0,-0.4729173219415796
/organization/art-loft,0,0,-0.9928157461918545
/organization/legra-systems-inc,1,1,1.0876886089107278
/organization/achievers,1,1,1.1614969805910733
/organization/photobox,1,1,0.884091992796215
/organization/adtuition,1,0,-0.1693379934086633
/organization/marketsnacks,0,0,-1.198605144155326
/organization/catalyst-international,0,1,0.8278229686180223
/organization/tizaro,1,0,-0.8093800637889608
/organization/tale-me-stories,1,0,-1.0413386361934525
/organization/legaljump,0,0,-1.293969882293481
/organization/stamp-it,1,0,-1.256547758840298
/organization/lightera,1,1,1.4088741793903992
/organization/foodlo-com,0,0,-1.3617184008806902
/organization/celltrix,0,0,-0.40138676159043635
/organization/coherex-medical,1,1,0.9655355712560731
/organization/pivotlink-formerly-seatab,1,1,1.1419628604826508
/organization/cdt-systems,0,0,-1.658847063305855
/organization/voyence,1,1,0.6851831562491184
/organization/good-technology,1,1,1.2903749591380576
/organization/ecountrylifestyle,0,1,0.16692487203444956
/organization/pure-klimaschutz,0,0,-1.6756829040119716
/organization/primal-sensors-2,0,0,-2.060080914855293
/organization/plink-search,1,0,-1.4816249742930045
/organization/elobina,0,0,-2.028594165384907
/organization/isis-biopolymer,0,1,0.220258131392155
/organization/pickrset,0,0,-1.33521474254744
/organization/speechvantage,0,0,-0.5858781237183688
/organization/vois,0,1,0.22030910926482328
/organization/4front-security,0,0,-1.0716588763710386
/organization/rf-it-solutions,1,1,0.4040009649992198
/organization/shopcliq,1,0,-1.250027726258197
/organization/compete,1,1,1.1149606603943403
/organization/endosphere,0,1,0.02692934656962971
/organization/mydatingtree,0,0,-1.1739140222704987
/organization/requisite-technology,1,1,0.9421024359502213
/organization/lascaux-co,1,0,-0.3173300295254471
/organization/sandlinks,0,1,0.0734063135778772
/organization/bomgar,0,1,1.1385718274013612
/organization/designart-networks,1,1,0.2594570321309108
/organization/infraredx,1,1,1.1525516287468103
/organization/periscape,0,0,-1.408696664069474
/organization/perspecsys,1,1,1.218179819321348
/organization/farmol,0,0,-0.4320881459841879
/organization/pittsburgh-center-for-kidney-research,0,0,-0.800821339942875
/organization/support-space,0,1,1.1916359731705248
/organization/smash-com,0,0,-1.396157681642133
/organization/firstdibz,0,1,0.5122942808017621
/organization/aeneid-corporation,0,0,-1.0457016814931201
/organization/glp-great-little-place,0,0,-1.493415889775079
/organization/wineta,0,0,-1.2227536954200253
/organization/behind-the-burner,0,0,-0.9015982894008797
/organization/therosteon,0,0,-0.19051290682999922
/organization/metropcs-communications,1,1,0.7280502305134825
/organization/plan-a-drink,0,0,-0.46274164207337143
/organization/sticki,0,0,-1.1126237438265816
/organization/bleu-comme-gris,0,0,-1.6182492329029983
/organization/kinaxo-biotechnologies,1,0,-0.15740075585422197
/organization/worksimple,0,1,0.7532444106785028
/organization/operative-mind,0,0,-1.5339068037401733
/organization/mozaico-2,0,0,-1.4034307170323261
/organization/metratech,1,1,1.155400165116076
/organization/id-analytics,1,1,1.120154716200149
/organization/alterpoint,1,1,1.0474319040865496
/organization/biovitrum,1,1,1.2028299315129767
/organization/minor-studios,0,0,-0.7000845840398998
/organization/gfs-it,0,0,-1.051958215263445
/organization/netrake,1,1,1.1874244189336491
/organization/netgen-2,0,0,-1.037345691443115
/organization/zystor,1,0,-0.18572260977583754
/organization/a-power-energy-generation,0,0,-0.8656865543723176
/organization/poland-com,0,0,-1.000023225045819
/organization/prometei,0,0,-1.3713028660611781
/organization/pinstant-karma,0,0,-0.8089377274354683
/organization/sizz,0,0,-1.3578636330455056
/organization/metaforic,1,1,1.0920730682236437
/organization/orga-zone-ag,0,0,-1.5215842510778441
/organization/gate-technology,0,0,-0.4345552837631471
/organization/vhayu-technologies,1,1,1.3441952452349553
/organization/tipjoy,0,0,-0.4457175232796762
/organization/impact-2,0,0,-1.0830827320906091
/organization/breeze-technology,0,0,-1.5180413909016954
/organization/santarus,1,1,0.08410920144005794
/organization/myalert,1,0,-0.17321843631878314
/organization/business-only-broadband,1,0,-0.17097600658568118
/organization/hopscotch,0,1,0.9377080733273933
/organization/soshi-games-swm-projects-limited,0,0,-1.4018347445606152
/organization/patientkeeper,1,1,1.000502361878213
/organization/pancetera,1,1,0.8388756242589246
/organization/adlib-mediation-llc,0,0,-1.4981471143112959
/organization/mindwork-labs,1,1,0.32119247444049726
/organization/instantq,0,0,-0.5133531900849122
/organization/whipcar,0,0,-0.5691168223197719
/organization/bustos-media,0,0,-0.6635196775628428
/organization/lynoe,0,0,-1.7880337386649754
/organization/kidpad,0,0,-1.0001990251116182
/organization/artofbrands-sa,0,1,0.051682703626565255
/organization/merchantcircle,1,1,0.9018270118415785
/organization/correlix,1,1,1.1228035629810085
/organization/gotvoice,1,1,0.42645524472788177
/organization/mtm-laboratories,1,1,0.9964067354572905
/organization/intersperse-inc,1,1,1.0281793255739675
/organization/summify,1,1,0.6159250365618546
/organization/california-interactive-technologies,0,1,0.19684618797203413
/organization/pmdsoft,0,1,1.159806089039465
/organization/avtozaper,0,0,-0.2635519602650432
/organization/h2i-technologies,0,0,-0.8462359213316168
/organization/moow-life-all-interesting-nearby,0,0,-1.459596622181313
/organization/gazzang,1,1,1.7477461252871769
/organization/allclasses,1,0,-0.17192997569611246
/organization/cartavi,1,0,-0.19767448154187417
/organization/enterprise-data-safe-ltd,1,0,-1.0032506895267752
/organization/kippt,1,0,-0.9995419017648615
/organization/pawisda-systems,1,0,-0.9636721471804719
/organization/1daymakeover,0,0,-1.4465216648111037
/organization/storm-media-innovations-inc,0,0,-0.6161744845329741
/organization/vendly,0,0,-1.5576335985898566
/organization/ucontrol,1,1,1.045910983736754
/organization/cabforce,1,0,-0.39177844775473825
/organization/aptiv-solutions,1,0,-0.021428218870860744
/organization/seamicro,1,1,0.8902710063134294
/organization/orderup,1,1,1.218712567114375
/organization/lssi-data,0,0,-0.902660249489272
/organization/tonx,1,0,-0.6963203501851534
/organization/semtek-innovative-technologies-corporation,1,1,1.1501273398694705
/organization/spoondate,0,0,-0.515840358334654
/organization/vendorsafe-technologies,1,0,-0.17533763341266118
/organization/shopnation,1,0,-0.6771622886233136
/organization/zeus,1,1,1.2874080458454185
/organization/adchemy,1,1,1.1371315710538767
/organization/gleemaster,0,1,0.4595270351444951
/organization/thesweetlink,0,0,-0.7842592676353577
/organization/insiteone,1,1,1.3140068903458675
/organization/spandex,0,0,-1.1255034559106982
/organization/kurani-interactive,0,0,-0.20030466655905
/organization/furiex-pharmaceuticals,1,1,0.5858491264572495
/organization/gonway,0,0,-1.1854491287245739
/organization/netscaler,1,1,0.9343723928569847
/organization/isend-llc,0,0,-1.3567105299693736
/organization/ohloh,1,0,-0.4129760571676581
/organization/jungo-software,1,1,1.0522405717461447
/organization/likez,0,0,-1.6862398902827156
/organization/setem-technologies,0,1,1.1104509363215385
/organization/calleoo,0,0,-1.7216819021530787
/organization/design2launch,1,1,1.181677767334403
/organization/opta-sportsdata,1,1,0.3357259697104153
/organization/bwareit,0,0,-1.5459872183088317
/organization/zentact,0,0,-1.1667127264655948
/organization/cut-a-long-story,0,0,-1.1817586642651672
/organization/argyle,1,1,1.3212807419703403
/organization/apt-pharmaceuticals,0,1,1.0254169915681781
/organization/tensilica,1,1,1.2533715732593502
/organization/mandata-management-data-services,0,0,-1.0089852251354432
/organization/getmerated,0,0,-0.4204448223911116
/organization/tapzen,1,1,0.33074874578890845
/organization/darby-smart,0,0,-0.6653466936502501
/organization/rollad,0,0,-1.4068756954699644
/organization/no-capital-llc,0,0,-0.9008172106529375
/organization/giant-realm,1,1,0.921516507327885
/organization/ikaria,1,1,0.8964085413080771
/organization/tgv-software,1,1,0.7990986476464687
/organization/tools4erp-aps,0,0,-1.7974583970211317
/organization/swarm-mobile,1,1,1.7151333034056284
/organization/dude-2,0,0,-1.140727852274203
/organization/multiwave-photonics,0,0,-0.9929968209822351
/organization/itog-inc,0,0,-0.7333099740879232
/organization/spiral-gateway,0,0,-0.6535418508122496
/organization/helpsquad-llc,0,0,-1.2178568772286948
/organization/wakonda-technologies,0,0,-0.7897712207758718
/organization/sweepery,0,1,0.7576800304899787
/organization/wellnessliving-systems-inc,0,0,-1.0095559759136106
/organization/deal-decor,0,0,-0.41935081633592963
/organization/coldlight-solutions,1,1,1.3258652038566296
/organization/nexgen-energy,0,0,-1.7826850339438964
/organization/tvdeck,0,0,-1.6742095059610722
/organization/doconyou,0,0,-0.9338139883591078
/organization/booktour,0,0,-0.8451680308919949
/organization/klevosti,0,0,-1.5135617234476413
/organization/extreme-startups,0,1,0.6747299525050212
/organization/totsy,0,1,1.28147523993791
/organization/chipsensors,1,1,0.4918492911770216
/organization/love-buddies,0,0,-0.8718419804070137
/organization/bluesprig,1,1,0.8129910469296453
/organization/desura,1,0,-1.5459327865186256
/organization/prose,0,0,-1.7359755940644526
/organization/iscopia-software,0,1,1.056848127214106
/organization/spawn-labs,1,1,0.24206455769891783
/organization/gozaik,1,0,-0.871245218029029
/organization/mavent,1,1,1.2233603991556323
/organization/audiomicro,1,1,0.24419351567092895
/organization/cortex-healthcare,0,0,-1.2943794376457134
/organization/monster-juice,0,0,-0.8423411458524738
/organization/prodess,0,0,-0.646751488031042
/organization/d4p,0,0,-1.0539236550661786
/organization/tarari,1,1,1.115726383895566
/organization/wanova,1,1,0.2848769391360274
/organization/invia-cz,0,1,0.40870361554159174
/organization/positive-networks,1,0,-0.003266646295892364
/organization/smartypants-vitamins,0,1,1.098358430255305
/organization/vrt-insurance-services,0,0,-0.39730857228932887
/organization/m2e-power,0,0,-0.22988179364345285
/organization/ftapi-software,1,1,0.18938193761591038
/organization/sueeasy,1,0,-0.36137880849155507
/organization/balalikea,0,0,-1.881240586997957
/organization/intucell,1,1,0.20687790213123936
/organization/revodeals,0,0,-1.4518419295557488
/organization/play140,1,0,-0.7302816857535053
/organization/headcase-humanufacturing,0,0,-0.18278679306926005
/organization/moprise,0,1,0.8259483636692689
/organization/reveal,1,0,-0.41749689735748535
/organization/brion-technologies,1,1,0.9283806020377243
/organization/gladfly-2,0,0,-1.412476460868029
/organization/aperto-networks,1,1,0.787073546361265
/organization/aster-data-systems,1,1,1.0324299681428395
/organization/fosdev,0,0,-0.9816672703405225
/organization/wijhoudenvanvers,0,0,-0.9527025660898674
/organization/cortex-business-solutions,0,1,1.0965374988003997
/organization/summit-energy,1,1,0.3810064054759097
/organization/shantiniketan-incorporated,0,1,0.4686690724644078
/organization/prematics,1,1,0.13691408960590457
/organization/1bog,0,0,-0.5640966880077465
/organization/vlingo,1,1,1.0241234542614475
/organization/newsle,1,1,1.1968982175621203
/organization/entrec,0,1,0.18230982385450412
/organization/classical-connection,0,0,-0.4057618945474508
/organization/buuteeq,1,1,1.245359627414576
/organization/battellepharma,0,1,1.0385621107513778
/organization/streetfire,1,1,0.909157291143796
/organization/mastersaf,0,0,-0.4361984243048239
/organization/lumenis,1,0,-0.008545110863519834
/organization/blinq-media,0,1,1.1819192157961127
/organization/fusion-networks,0,0,-1.833703936157667
/organization/tiberium,0,0,-1.0705050752852032
/organization/fantrail,0,0,-0.37035563665997184
/organization/gemfire,1,1,0.7123175092940306
/organization/search-and-share,0,0,-1.1724266291447467
/organization/glyco-vaxyn,1,1,0.11689480658232991
/organization/clipcall,0,0,-0.5219376071084066
/organization/tra,1,1,1.053822585001601
/organization/motorola-solutions,1,1,0.7018762873101453
/organization/foresee-results,1,1,1.521958082082031
/organization/nucleator,0,0,-1.1724266291447467
/organization/brightstar,1,1,1.0061744827558634
/organization/rima,0,0,-1.0266809992912496
/organization/sibeam,1,1,1.070267160663402
/organization/cidco,0,1,0.4893416166903597
/organization/clearmatics,0,0,-1.3404746014414606
/organization/astadia,1,1,0.21462625162583737
/organization/mosaic-storage-systems,0,1,0.996192823610734
/organization/scout-media,1,0,-0.8598674002746847
/organization/hippflow,0,0,-1.4241667963154343
/organization/ubersense,1,1,0.6227961006601382
/organization/funky-panda-games,0,0,-1.3149247314520853
/organization/mobui,1,1,0.004144968341586633
/organization/price-legacy-corp,1,0,-0.7308929096265694
/organization/okeo,0,0,-1.2069171483534433
/organization/pick-a-student,0,0,-1.0677539431713425
/organization/aviir,0,1,1.0956446143222947
/organization/spool,1,0,-0.5687040190284075
/organization/pureenergy-solutions,0,1,0.5832738381393874
/organization/programeter,0,0,-0.7199089758531374
/organization/katalyst-media,0,1,1.1818207328581463
/organization/encarnate,0,0,-1.1762323725106316
/organization/tunein-twitter-dashboard,0,0,-1.4078294658491324
/organization/anystream,1,1,1.061672402178469
/organization/rackup,0,1,0.4945476545478118
/organization/mspoke,1,0,-0.4227638954834123
/organization/psychiatric-solutions,1,1,1.1945146238735924
/organization/navegg,1,0,-0.04625381276688663
/organization/red-seraphim,0,0,-1.0656303586547764
/organization/defywire,0,1,1.0644573404189204
/organization/castek,1,1,0.11314433573341882
/organization/corona-labs,1,1,1.1242602005333016
/organization/triggit,1,1,1.0971435264491458
/organization/strakan-group,0,0,-0.877879580631667
/organization/instinctiv,1,1,0.4564224988005653
/organization/repromedix,0,0,-1.084443283360333
/organization/careerimp,0,0,-1.4780034751422493
/organization/health-impact-solutions,0,0,-0.3627393096254902
/organization/bubble-motion,1,1,0.8511507622920156
/organization/smartsignal,1,1,0.16149654120336854
/organization/black-diamond-minerals,0,0,-0.8768948640263192
/organization/mechanology,0,1,0.08496175168884178
/organization/gnowsis,0,0,-1.0870586682942212
/organization/wonderhill,1,1,0.02157365376726099
/organization/avokia,0,1,1.0971781864207855
/organization/cassia-networks,0,0,-1.3778808379654721
/organization/openreach-2,0,0,-0.2035259565881536
/organization/stickybeak,0,0,-1.3407096003231698
/organization/medley-health,0,1,0.8324383233502733
/organization/iweb-technologies,1,1,1.0376253267056912
/organization/free-clear,1,1,0.7622508949857855
/organization/ppt-reasearch,0,0,-1.0860380793982853
/organization/bacchus-vascular,1,1,1.0085297794569543
/organization/packetexchange,1,1,1.0891075094897367
/organization/songza,1,1,0.4594036194450253
/organization/uprace,0,0,-0.7842592676353577
/organization/tissue-regeneration,0,0,-0.9221896847211852
/organization/groovideo,0,0,-0.4061613350015961
/organization/ubizen,1,1,0.3846862892637043
/organization/mobile-accord,1,1,0.6493001469159655
/organization/five-star-technologies,0,1,1.0163953078063854
/organization/devcontact,0,0,-1.2514466576790693
/organization/teextee,0,0,-1.4720483181918635
/organization/aveksa,1,1,1.099313126285927
/organization/mybandstock,0,0,-1.1050812957248093
/organization/airdroids,0,0,-0.8299461221269326
/organization/strangeloop-networks,1,1,1.1557705607785316
/organization/gulu-com,0,0,-1.05592162708732
/organization/cenzic,1,1,1.2700922009537272
/organization/remotemdx,0,1,1.287460999784973
/organization/babbler,0,0,-1.3279538623522784
/organization/peoplestring,1,0,-0.9812424901436728
/organization/north-american-palladium,0,1,0.09023728539923441
/organization/babycenter,1,1,1.438359750613474
/organization/daybreak-intellectual-capital-solutions,0,0,-0.8367549609837432
/organization/commissiontrac,0,0,-1.6459426250311266
/organization/nexus-energyhomes,0,0,-1.1405915458168612
/organization/phu-nhuan-jewelry-joint-stock-company,0,1,0.5258031048596654
/organization/forticom,0,1,1.4309727215137131
/organization/nap-app,0,0,-1.0552557883931706
/organization/netviewer,1,1,1.039018459021626
/organization/alta-devices,1,1,0.8688175865442253
/organization/pitchbrite,1,0,-1.1661474034975692
/organization/rentenna,1,0,-0.9354853230637221
/organization/oxynade,0,1,0.2678980036533404
/organization/six-degrees-games,0,1,1.107766303922895
/organization/sonya-labs,0,0,-1.412048041165141
/organization/zilliontv,0,1,0.9274359700252588
/organization/alphamosaic-ltd,1,0,-0.6336747217614539
/organization/examhack-inc,0,0,-1.1202789675509508
/organization/innovorder,0,0,-1.6795837132191966
/organization/mercado-electrônico,0,0,-1.4495757233919015
/organization/iphighway,0,0,-0.9976304105999497
/organization/trustedplaces,1,0,-0.6836529522132608
/organization/sayswap,0,0,-0.27771082768427885
/organization/kid-care-years,0,0,-1.057309797380574
/organization/intexys,1,1,0.3792068885651555
/organization/daylife,1,1,0.6408501622009208
/organization/prizzm,0,0,-0.7007048185722649
/organization/i-pop-networks,0,0,-1.0448430433820521
/organization/bridgeco,1,1,0.3818608794222199
/organization/venmo,1,1,0.5198264337173474
/organization/ardext-technologies,0,1,0.14858552973737515
/organization/mailgun,1,1,0.40865501456696096
/organization/shopmagazine-solutions,0,0,-1.4788617570530211
/organization/minimonos,0,0,-0.5628581882377125
/organization/digital-fuel,1,1,1.0925848425936833
/organization/reviewspotter,0,0,-1.354285281121893
/organization/bizo,1,1,1.2335152160968414
/organization/clover,1,1,1.1185754376251422
/organization/mezeo-software,1,1,0.879300664156015
/organization/postdeck,0,0,-0.3709646104065266
/organization/dotblu,0,1,0.7458838114227422
/organization/ignitad,0,0,-0.3533948402751995
/organization/ipnetwork,0,0,-1.000023225045819
/organization/winecrasher-com,0,0,-1.472499866811336
/organization/aktino,1,1,1.0783258884275335
/organization/scl,0,0,-0.8554420776377862
/organization/stipple,0,1,1.4126985219087218
/organization/activaero,1,1,0.9120657735959821
/organization/my-top,0,0,-1.3348461461921144
/organization/headplay,0,1,0.9448598496600276
/organization/reddwerks,1,1,0.8177585139645744
/organization/level-four-software,1,1,1.050086037391101
/organization/abios-gaming,0,0,-1.1724266291447467
/organization/newspage,1,0,-0.4426458019156525
/organization/toura,1,1,1.2519334543636644
/organization/alloptic,0,1,0.9529913534935934
/organization/fairfly,0,0,-0.017100702775058138
/organization/ceyx,0,1,0.9709554392223982
/organization/one-season,0,1,0.569457007843013
/organization/clash-media-advertising,0,1,0.9202266355305135
/organization/lost-property-heaven,0,0,-1.201695065376839
/organization/iptune,1,0,-0.1701127429888753
/organization/i-just-shared,0,0,-1.5814950758206616
/organization/sessionbox,1,0,-0.052070659217458334
/organization/ning,1,1,1.0295209137669068
/organization/saplo,1,1,0.42887934425873553
/organization/deltek,1,1,0.6136512291059815
/organization/pro-options-marketing,0,0,-1.4931211611680073
/organization/twones,0,0,-1.414245462574292
/organization/sinimanes,1,0,-0.32634508850444693
/organization/kaos-solutions,0,0,-1.1452163666970194
/organization/helpmerent-com,0,0,-1.2272622120425956
/organization/iunika,0,0,-0.39285660257840405
/organization/mformation-technologies,1,1,1.1272838587780036
/organization/ecobuddies-interactive,0,1,0.11061317786542403
/organization/jurny-the-core-values-matching-platform,0,0,-1.4670724844815402
/organization/dezineforce,0,0,-0.6811972826827369
/organization/mercantila,1,1,1.2249866102183882
/organization/albeo-technologies,1,0,-0.032966413880940196
/organization/asthmatx,1,1,1.035291589212197
/organization/newvem,1,0,-0.5059194653119314
/organization/salira-optical-network-systems,0,0,-0.25409131896312465
/organization/skillsbite-com,0,0,-1.0530066085388992
/organization/sparkbuy,1,0,-0.7088267052253073
/organization/mithridion,0,1,0.12568855566139392
/organization/press-box,0,0,-1.2002329161909775
/organization/siri,1,1,0.7829545914762663
/organization/space-monkey,1,1,1.1172659873827437
/organization/loosehead-software,0,0,-0.5547970423941523
/organization/jumo,0,1,0.73620398360151
/organization/altheos,0,1,0.6349446758904183
/organization/itsdapper,0,0,-1.4007314761761873
/organization/guaranteach,1,1,0.5260749876513359
/organization/aihit,1,1,1.2208055335866044
/organization/hotpathz-inc,0,0,-1.888096718955029
/organization/metanotes,0,0,-0.8862851848787432
/organization/acinion,1,1,1.065540353696969
/organization/dotsyntax,1,0,-0.8819766229871971
/organization/3tier-environmental-forecast-group,1,1,0.19235098815183777
/organization/medmanage-systems,1,1,1.0541415612957548
/organization/netpro,1,0,-0.11672771565344416
/organization/schemalogic,1,1,1.1602712185703956
/organization/cascada-mobile,0,1,0.47551513040681015
/organization/plixi,1,0,-0.22263086242887142
/organization/boomi,1,1,1.1318941242827834
/organization/takkle,1,0,-0.49432802344366233
/organization/aislebuyer,1,1,1.4227477723154953
/organization/nanotecture,0,0,-0.7905275816270144
/organization/schedit,0,0,-1.5145206124969706
/organization/kappa-prime,0,0,-0.5565369745044203
/organization/satiety,0,1,1.00837957738534
/organization/fortiusone-2,0,0,-1.7003473279963766
/organization/runivermag,0,0,-0.9875131813153348
/organization/twijector,0,0,-1.019304556617419
/organization/waddapp-com,0,0,-1.1893464526775355
/organization/netqos,1,1,1.0666831343203087
/organization/variation-biotechnologies,0,0,-1.3943493564245544
/organization/h-art-wpp,1,0,-0.9541120300110351
/organization/arterain-medical,0,0,-1.0684033543031608
/organization/weetabix,1,1,0.27572631135983805
/organization/gecko-audio,0,1,0.3330435184962597
/organization/lucky-pai,1,1,0.17093142317487475
/organization/singlepipe-communications,1,0,-0.5267322493594788
/organization/sierra-monolithics,1,1,0.9930424278113927
/organization/cloudon,1,1,1.2349675475797781
/organization/linux-networx,1,1,1.1382880860477809
/organization/seadragon-software,1,0,-0.10149229080184648
/organization/booklr,1,1,0.5073186981140605
/organization/trony-solar,0,0,-0.10274121445027533
/organization/eclector,0,0,-0.6034353616887884
/organization/art-of-defence,1,1,0.0727043966821637
/organization/lasso-2,0,0,-1.5945003394612063
/organization/ugobe,0,1,1.1426527014209138
/organization/intellirisk-management,0,1,0.2651401951125963
/organization/pictela,1,1,1.0928654297643607
/organization/anomalous-networks,1,0,-0.8410252534291116
/organization/ncircle-network-security,1,1,1.0691449680397862
/organization/whitelight-systems,1,1,1.1569213365851236
/organization/innovectra,1,1,0.815058562163309
/organization/onex-communications,1,1,0.006850579807674659
/organization/wiseri,0,0,-1.2509575237923012
/organization/fits-me,1,1,1.0009677888742208
/organization/linkcloud,0,0,-1.3998992801000365
/organization/broadcastr,0,1,0.5642537687421525
/organization/awesomeness-tv,1,1,0.2933362669930247
/organization/advanced-ophthalmic-pharma,0,0,-0.24537798749013806
/organization/yesmail,1,1,1.1079458673943856
/organization/buzzdash,0,0,-0.5912077806279183
/organization/alsbridge,0,1,0.44459142798805473
/organization/illume-software,0,1,1.1189696391441677
/organization/map2app,1,0,-0.521788988981203
/organization/free-lance-ru,0,0,-0.9623118471871754
/organization/glacier-bay,0,1,0.47330214500326495
/organization/toodalu,1,0,-1.328653562083046
/organization/ubmatrix,1,1,1.0054350056632295
/organization/landingi,0,0,-0.7582113329687735
/organization/chirpme,1,0,-0.7271288200177666
/organization/bigbad,0,1,0.3180056645329298
/organization/mskynet,1,1,0.23714267977482573
/organization/rivet-sway,0,1,0.5104668667321599
/organization/spotivate,1,0,-0.5751452737508241
/organization/redsiren,1,1,0.6420188211222826
/organization/gaiacom-wireless-networks,0,1,0.533334211937721
/organization/newbrandanalytics,1,1,1.619868171941593
/organization/emed-co,1,1,0.9191593938591371
/organization/lifeserve-innovations,0,0,-1.051754845159068
/organization/aveso,0,1,0.9716808402898525
/organization/primaeva-medical,1,1,1.1197927566066883
/organization/fuego-nation,0,0,-0.37380751707695026
/organization/tapdog,1,0,-1.2811191751383917
/organization/vendavo,1,1,1.070194673244422
/organization/simplr-just-for-campus,0,0,-1.5215842510778441
/organization/motionmetrics,0,0,-0.9156574455824315
/organization/virtensys,1,1,0.35895200484686035
/organization/liveops,1,1,0.9023297721100256
/organization/mako-surgical,1,1,1.0461706613801853
/organization/datebox,0,0,-1.5462539575471297
/organization/biowizard,0,0,-0.0593617492888595
/organization/anacatum-design,1,0,-0.9716132254158277
/organization/andigilog,0,1,1.0374968353633482
/organization/crono,0,0,-1.3646889317855928
/organization/softway,0,0,-1.380442419202035
/organization/paisley,1,1,0.17718249271765218
/organization/ecnlive,1,0,-1.24476016560523
/organization/sally,0,0,-1.4383475205351814
/organization/eruces,0,0,-0.04448658779902025
/organization/mylabbox,0,0,-1.2483809678147315
/organization/mobspire,1,0,-0.026639039737902256
/organization/meximerica-media,1,1,0.2243140819087327
/organization/gioia-systems,0,1,0.36634278504247225
/organization/join-the-company,0,0,-0.7554255248468504
/organization/artifact-software,0,1,0.9439147925696587
/organization/shhmooze,0,0,-0.8545888853789649
/organization/netli,1,1,1.1214806391703687
/organization/itzbig,0,1,0.36218548942972
/organization/joylux,0,0,-1.5984931543445537
/organization/wolf-minerals,0,0,-1.691348198062222
/organization/sonoma,0,0,-0.29750444973319573
/organization/starport-systems,0,0,-0.38937953805538356
/organization/laveem,1,0,-0.6079705215458503
/organization/hotswap,0,0,-0.9602552350223776
/organization/apprema,0,0,-0.6548592234909385
/organization/healthcare-partners,1,1,0.5881013130422932
/organization/dynamikode-software-ltd,0,0,-1.4325144765366327
/organization/mgmedia,0,0,-0.4385965602129557
/organization/pipeline-biomedical-holdings,1,0,-0.008783412840117952
/organization/deerpath-energy,1,0,-1.043748685679827
/organization/hyperic,1,1,0.9023012748017125
/organization/yebol,0,0,-1.4614973011433554
/organization/pump-engineering,1,0,-0.7945035416852103
/organization/cardiooptics,0,1,1.3769026726167282
/organization/odeo,1,0,-0.4618545915480846
/organization/exsafe,0,0,-0.22161941894625864
/organization/phd-virtual-technologies,1,1,1.2801443823822392
/organization/chaparral-network-storage,1,1,0.3436852781997547
/organization/psc-info-group,1,0,-0.5858781237183688
/organization/comparedownload-com-2,0,0,-2.259736239427471
/organization/clear-story,1,0,-0.6129272441806739
/organization/liquid-air-lab,1,1,0.8941663628281031
/organization/wi-chi,0,1,0.32778481037660345
/organization/tinkoff-credit-systems,0,0,-0.8947357061401527
/organization/artspace,1,1,0.18676233553017174
/organization/biotrove,1,1,0.9945848998329729
/organization/ztail,0,1,0.28093929367885734
/organization/marketshare,1,1,1.0853334782072612
/organization/emerging-threats-pro,1,1,0.9633005492807205
/organization/presence-networks,0,0,-1.2598982847799318
/organization/macellum,0,0,-1.0354794390768427
/organization/localbonus,0,1,0.6328671413054838
/organization/edventions,0,0,-1.8345820099145218
/organization/qloud,1,0,-0.5900432165431192
/organization/enerscore-inc,0,0,-1.871463081968834
/organization/truespan,0,0,-0.041101579195678015
/organization/adir-technologies,0,0,-0.43729541021202056
/organization/gnubio,1,1,1.095098998267998
/organization/twentyfeet,1,1,0.6344622042112115
/organization/nebel-tv,0,0,-1.3736385504774864
/organization/everlater,1,1,0.3612168700113396
/organization/adstack,1,1,0.3197027290655634
/organization/cashedge,1,1,1.178072527999797
/organization/unity-4-humanity,0,0,-0.8943937397459025
/organization/kainoa,0,0,-1.4168108898330811
/organization/arkli,0,0,-0.54662567406984
/organization/zapitano,0,0,-0.3618590348163212
/organization/trillium-therapeutics,1,0,-1.0846791201932573
/organization/shelby-tv,1,1,1.0879042423048633
/organization/zappchoice,0,0,-1.161608259566406
/organization/pickspal,1,1,1.0222257245671633
/organization/investor-broadcast-network,0,0,-0.018518144928020216
/organization/jazz-blues-television-2,0,0,-1.182237514469279
/organization/elephant-is,0,0,-1.0809263796943127
/organization/lancope,1,1,1.0919155924127866
/organization/stratavia,1,1,0.9697563841074652
/organization/kinduct,0,0,-1.1065714441330021
/organization/employinsight,1,0,-0.42440946348411623
/organization/mashery,1,1,1.002514425554083
/organization/niio,0,0,-0.8077969746270492
/organization/breconridge,1,1,0.3108676676032316
/organization/fuego,0,0,-0.044203400593083766
/organization/lessonlab,1,1,1.4719828397320143
/organization/rockcart,0,0,-1.412476460868029
/organization/thirdlevel,0,0,-1.221630251992365
/organization/imove,1,1,1.002082138389308
/organization/newsbytes,0,0,-1.3939699263871697
/organization/youcastr,0,0,-0.780331054192753
/organization/a-life-medical,1,0,-0.33959799194222684
/organization/foodbynet,0,0,-1.01232174467156
/organization/blip,1,1,0.9964189357975866
/organization/quantivo,1,1,1.591189709827594
/organization/sidetour,1,1,1.1072569366368712
/organization/luminetx,1,1,0.42266420341161903
/organization/hemosphere,1,1,0.4220560224319918
/organization/lala,1,1,0.9359777918473635
/organization/fx-aligned,0,0,-0.5497373156179033
/organization/bigfix,1,1,1.133236424916305
/organization/global-commerce-systems,0,0,-0.37066951606601306
/organization/silicon-hive,0,1,0.8662053697399394
/organization/wikets,0,0,-0.9023330071889807
/organization/flud,0,1,1.0889622409077275
/organization/sport-convo,0,0,-1.1006464647836975
/organization/ubitexx,1,1,0.6325453419517613
/organization/unity-semiconductor,1,0,-0.04238985545117842
/organization/ididwork,0,0,-0.6902806834722078
/organization/hungry-promotions-ltd,1,0,-1.2767547770791272
/organization/selenokhod,0,0,-1.0467049921650378
/organization/stylezen,0,0,-1.4313169346590606
/organization/babyoye,1,1,0.0018411664044196835
/organization/livevol,1,1,0.4936609414738595
/organization/nbi-development,0,0,-1.2387290804002642
/organization/eucodis-bioscience,0,0,-0.6207903146876159
/organization/hoyos-corporation,0,1,1.4024562866064358
/organization/sentence-lab,0,0,-0.7995271463564027
/organization/goowy,1,0,-0.3869014254935752
/organization/180solutions,0,1,0.5382118421564255
/organization/vtago,0,0,-1.4073180450712064
/organization/cardiomind,0,1,1.0966611604310672
/organization/eeden,0,0,-1.156937579753024
/organization/zenph-sound-innovations,0,1,0.7341311441476093
/organization/inevention-technology-inc,1,0,-0.13952706581003094
/organization/mhelpdesk,1,0,-0.6930377304674552
/organization/opentable,1,1,1.0544593191239218
/organization/jodel,0,0,-1.2072628240266228
/organization/syncui,0,0,-1.459596622181313
/organization/scout-com,1,1,0.9893339382117148
/organization/sape,0,0,-0.9539987120303646
/organization/tipcity,0,0,-0.8091793710568702
/organization/bluepulse,0,1,1.2660459908687298
/organization/blueprint-registry,0,0,-1.3083422058708418
/organization/quantisense,1,0,-0.29826182515524235
/organization/caliper-life-sciences,1,1,0.7909012287999238
/organization/peerme,0,1,0.6215632244661122
/organization/learnvest,1,1,1.008538197953205
/organization/layar,1,1,0.5357442292535814
/organization/detectent,1,0,-0.4970077789605777
/organization/navx,0,1,0.14871086845960307
/organization/hitpost,1,1,0.9016603094122821
/organization/gaboom,0,0,-1.2986341513025006
/organization/basis-science,1,1,1.3193522784295377
/organization/just-dial,0,1,0.8143382294953041
/organization/nadamobile,0,0,-0.5874012485961412
/organization/protection-one,1,1,0.7491876862574052
/organization/fusion-mobile,0,0,-1.348961539219131
/organization/tiaxa,0,0,-0.6318835580401618
/organization/carepoint-partners,1,1,0.9994794483511833
/organization/eachnet,1,1,1.2059102390836114
/organization/compendium-blogware,1,1,1.0525220692853083
/organization/accelone,0,0,-0.9900756224528688
/organization/scioderm,1,1,1.1281026497682305
/organization/glycosan,1,0,-0.12451173321801166
/organization/muziwave-com,0,0,-0.7731010991298968
/organization/bipar-sciences,1,1,0.9917402036075789
/organization/cibecs,1,0,-0.7556168611392832
/organization/nr-energy,0,0,-0.9707972319729351
/organization/arrowpoint-communications,1,1,0.8932102033460598
/organization/tumblr,1,1,0.9410555587101821
/organization/mobiledevhq,1,1,1.1423511471910128
/organization/loc-aid,1,1,1.0584797202220493
/organization/inktank,1,1,1.4795404274169615
/organization/pivot-medical,1,1,0.7290745958981879
/organization/slipstream,0,0,-1.4263146618026565
/organization/helicomm,0,1,0.2397823986072129
/organization/phasebridge,0,0,-0.8820144825727748
/organization/supercell,1,1,0.8560330989372305
/organization/sirigen,1,0,-1.1028607871335587
/organization/pay-with-cover,1,0,-0.07522128145816397
/organization/bocadio,0,0,-1.91100079616098
/organization/veeda,0,0,-0.44612027358750367
/organization/culhanimal-productions,0,0,-1.9147825900550552
/organization/travelmenu,0,0,-0.13190326165706806
/organization/my-apps,0,0,-0.583270094543742
/organization/vamp-communications,0,1,0.6288406215122248
/organization/oxford-semiconductor,1,1,1.1740154137390468
/organization/daptiv,1,1,1.1077731944454003
/organization/eliason-media,0,0,-0.6646992760549922
/organization/admeta,1,1,0.32860230693738834
/organization/opstechnology,1,1,1.066990280240203
/organization/last-mile-connections,0,0,-0.011368392953155573
/organization/optier,1,1,1.106323373101748
/organization/hubkick,0,0,-1.3739272536012455
/organization/tadcast,0,0,-0.5133531900849122
/organization/vivu,1,1,0.81684959464233
/organization/atempo,1,1,1.1170010750796056
/organization/martingale-internet-technologies,0,0,-0.7395934268404453
/organization/telisma,1,1,0.6602206379045569
/organization/cognovant,0,0,-0.6762354185426446
/organization/milyoni,1,1,1.2205746535912683
/organization/sense-home,0,0,-1.084443283360333
/organization/nehp,1,0,-0.2333468089734657
/organization/clean-harbors,0,0,-0.042961812057710214
/organization/abeome-corporation,0,0,-0.9553515967779608
/organization/waywire,1,1,0.026596000155720403
/organization/hotpotato,1,0,-0.5395430290911318
/organization/bird-design-limited,0,0,-1.534473346626975
/organization/arysta-lifesciences,1,1,0.8135378811610074
/organization/bihu-com,0,0,-0.7588943520517297
/organization/modernadvisor,0,0,-0.8828365425312941
/organization/linkura,0,0,-1.835304930780346
/organization/foodcrave-inc,0,0,-1.1638224860370543
/organization/bpl-global,1,1,1.07388316355798
/organization/physicians-formula,1,1,0.6053999555164177
/organization/meteor-entertainment,0,1,1.389624220271903
/organization/memorang,0,0,-1.871515572639313
/organization/healthcaresource,1,1,1.2417113237294601
/organization/arvirago,0,0,-1.0300936521082953
/organization/cryptoseal,1,0,-0.7337961189892044
/organization/beetv,0,1,0.5402071830997917
/organization/touchstone-health,0,1,1.0176277849380382
/organization/zoomsafer,1,1,1.0356943049193197
/organization/asset4,1,1,0.6680971857765239
/organization/eliyon-technologies,0,0,-0.9751832229608526
/organization/red-blue-voice,0,0,-1.3761048371373423
/organization/flickim,0,1,0.09479894193629392
/organization/nanogram,1,1,1.1504739134881459
/organization/consmr,1,0,-0.7275855414577014
/organization/musclepharm,0,1,1.3016210953437422
/organization/fish-ball-technology,0,0,-1.34949303650153
/organization/fastlease,0,0,-1.6059660186768956
/organization/verid,1,0,-0.32775451284177415
/organization/assemblage,1,0,-0.6869914682442455
/organization/minerva-worldwide,0,0,-0.3400213577313721
/organization/1010data,1,1,1.3279028849607792
/organization/think-big-analytics,1,1,1.7533013781091504
/organization/square-two-financial,1,1,0.17683775703713878
/organization/phanfare,0,1,0.5462600258947352
/organization/carzen,1,0,-1.220708429684402
/organization/signnow,1,1,0.5167747048281988
/organization/koala-databank,0,0,-1.2165071830350678
/organization/appiterate-com,1,0,-0.3512732258502733
/organization/synerit,0,0,-1.4641588814822666
/organization/irl,0,0,-1.2818980778225884
/organization/geneweave-biosciences,1,1,1.1316908033115025
/organization/jooce,0,0,-0.9078289189469113
/organization/united-travel-technologies,0,0,-0.524475167468494
/organization/outside-in,1,1,0.9617221467350083
/organization/celleration,1,1,0.9489397776695201
/organization/evolver,1,0,-0.1696054648445291
/organization/impact-products,0,1,1.035091428529301
/organization/pluq,0,0,-1.5096840979895285
/organization/clean-runner,0,0,-0.7611710387924348
/organization/blackaeon-international,0,0,-0.01575768564065802
/organization/heritage-pharmaceuticals,0,1,0.7181581048947976
/organization/sumpto,0,0,-0.3196470222552702
/organization/tak-asic,0,0,-0.09513396636106859
/organization/clarityray,1,0,-0.7824867580695837
/organization/stickybits,0,1,0.14894689839007036
/organization/tutum,1,1,1.205312103983332
/organization/shopo,1,0,-0.9048180049975774
/organization/itracs,1,1,1.2135295707650509
/organization/belair-networks,1,1,1.0267602427085967
/organization/hotalot,0,0,-1.314796226114796
/organization/troux-technologies,1,1,1.1914454834370911
/organization/spectrum-networks,1,1,0.5713046376739891
/organization/my-best-interest,0,0,-0.6199643860370087
/organization/roamz,0,0,-0.8358330044761423
/organization/stonybrook-purification,0,0,-1.0289454826536075
/organization/viki,1,1,1.1396505325433135
/organization/liversvp,0,1,0.160125075077311
/organization/viewahead-technology,0,0,-1.1947440934468911
/organization/million,1,0,-0.04191225895107416
/organization/koda,0,1,0.4652354600313544
/organization/listo-financial,0,0,-1.569814026186977
/organization/yuntaa,0,0,-0.10284420034612128
/organization/meta-smarter-search,0,0,-1.0304168846286839
/organization/ayeah-games,0,0,-0.15453449804404407
/organization/flickme,0,0,-1.2146102378585466
/organization/venetica,1,0,-0.05841764428377873
/organization/corkshare,0,0,-0.8964575079708357
/organization/syniverse-technologies,1,1,0.5407236915636668
/organization/iconclude,1,1,1.122307498796522
/organization/bbn-technologies,1,1,0.47684115126874804
/organization/air-semiconductor,0,0,-0.6728659657387621
/organization/free-discount-coupons-in-india,0,0,-1.7651258935279601
/organization/enikos,0,0,-0.5297267677046938
/organization/the-foire-sas,0,0,-0.9342337800971158
/organization/videonline-communications,0,0,-0.06634853186109481
/organization/bonmignon,0,0,-1.5215842510778441
/organization/itmedia-kk,0,1,1.0241744603794884
/organization/datapop,1,1,1.376533693400808
/organization/anodyne-health,1,1,0.7057305267548468
/organization/undertone,1,1,1.1901146927947992
/organization/compliance,1,1,1.0000298959643992
/organization/vamo,0,0,-0.35620824931379835
/organization/xmpie,1,1,1.2019564724956568
/organization/mob-ly,1,0,-0.413908560292915
/organization/revol-technologies,0,0,-1.0840593626929178
/organization/secure-islands-technologies,1,1,1.1387928863933596
/organization/anagran-inc,0,1,1.0689813027253579
/organization/champion-medical-technologies,0,0,-1.0302363541274997
/organization/expressor-software,1,1,1.1503137321476702
/organization/socialnature,0,0,-1.084443283360333
/organization/mapiliary,0,0,-1.5419859665099456
/organization/eyesquad,1,1,0.11162754447087582
/organization/federated-media-publishing,0,1,0.40234379424305877
/organization/virgent-realty,0,0,-1.1880145695624622
/organization/personalized-media,0,0,-0.6778966859133527
/organization/wannafun,0,0,-1.8404193890146603
/organization/iam-robotics,0,0,-1.3245454307144469
/organization/mill-group-residential-limited,0,0,-1.8299785019629817
/organization/saperion,1,1,0.6993366139643824
/organization/pathbrite,1,1,1.3548116035829694
/organization/inquira,1,1,0.9244063121854897
/organization/arieso,1,1,1.036156484286588
/organization/coreoptics,1,1,1.3066665326388316
/organization/four-k-entertainment,0,0,-0.5637682292192346
/organization/biosocia,0,0,-0.7474871342778204
/organization/zapgocharger-ltd,0,0,-1.7018024999464585
/organization/razor-insights,1,0,-0.7687151697117731
/organization/redeemr-inc,0,0,-0.32141096888963716
/organization/geodelic-systems,0,1,1.032142081830843
/organization/pulsant,1,0,-0.9964051415898858
/organization/redbus-in,1,1,0.6737401005828362
/organization/via-optronics,0,0,-0.6762681064242488
/organization/maui-imaging,0,1,0.639954953728181
/organization/logical-choice-technologies,0,1,0.9212400321553211
/organization/photobucket,1,1,1.1085049575853054
/organization/eprise,0,0,-0.9874503913326861
/organization/appiny,0,0,-1.413978723327134
/organization/ceros,1,0,-0.2471077902373785
/organization/revistronic,0,0,-1.1120794779153618
/organization/bubblegab,0,0,-1.8220963755392465
/organization/encelle,0,0,-1.1920529891770029
/organization/leadhit,0,0,-1.0352674468358773
/organization/symcircle,0,0,-1.3758634367350417
/organization/aragon-pharmaceuticals,1,1,1.0893010750608112
/organization/pawaa-software,1,0,-0.7988584457611654
/organization/spatial-photonics,1,1,0.9566959257063916
/organization/consert,1,1,0.6353788776108438
/organization/axiom-microdevices,1,1,1.1607865046858146
/organization/topicmarks,1,0,-0.6662853328434483
/organization/lensx-lasers,1,1,0.7683873058968079
/organization/celona-technologies,0,1,1.0405623618230893
/organization/fry-multimedia,1,1,1.4546823633534824
/organization/creekpath-system,1,0,-0.2533345730600985
/organization/spaceclaim,1,1,1.0224550838078466
/organization/world-wide-packets,1,1,1.069706120984974
/organization/heroku,1,1,1.2701072510279676
/organization/vestiage,0,0,-0.3020534187749203
/organization/artifact-uprising,1,0,-1.608358294299467
/organization/medivantix-technologies,0,0,-1.3963246852023397
/organization/biggerboat,0,0,-0.4319466351265455
/organization/repka-com,0,0,-1.724850679155002
/organization/savvion,1,1,1.2399406269350943
/organization/eps,1,0,-0.5959450231042546
/organization/upside,1,0,-0.003209857577481476
/organization/blendspace,1,0,-0.6157470114175703
/organization/gear-energy,0,0,-1.7974193816497084
/organization/gifi,0,0,-0.3448135871938822
/organization/cognitens,1,1,1.2401848206950334
/organization/zipcodemailer-com,0,0,-1.1359432319688525
/organization/soompi,1,0,-0.00020216186531034352
/organization/brilliency,0,0,-1.0128676596829835
/organization/spree-3,0,0,-1.1230237897869875
/organization/kayak,1,1,0.7805568589067424
/organization/pollex-mobile-holdings,0,0,-1.0716588763710386
/organization/viva-vision,0,1,0.7930732048098238
/organization/klinche-inc,0,0,-0.681280348691297
/organization/kitlocate,1,1,0.47218645182992736
/organization/mixamo,1,1,1.1604823923022838
/organization/rockford-foresters-baseball-team,0,0,-0.8598803794558989
/organization/carmenta-bioscience,1,0,-0.20498960566082125
/organization/offeriq,1,0,-0.3790839182384719
/organization/correctnet,1,1,1.1326007651214725
/organization/okcupid,1,1,0.22670564135552235
/organization/user1st,0,0,-0.6220328714598596
/organization/trend-ly,0,0,-1.1309423426072567
/organization/visiogen,1,1,1.1664445774535253
/organization/from-scratch,0,0,-1.4707232531090206
/organization/jacent-technologies,0,1,1.1457999836430752
/organization/umeng,1,1,0.8413829575679926
/organization/ironcurtain-entertainment,0,0,-1.8050929394476507
/organization/berggi,0,1,0.9533937835014876
/organization/salient-surgical-technologies,1,1,0.9922132456773693
/organization/primesense,1,1,1.2339363519110138
/organization/taggle-4,0,0,-1.5382459078542574
/organization/continuous-computing,1,1,1.1310220269921913
/organization/traffix-systems,1,1,0.24235998232243017
/organization/balance-financial,1,1,0.8547384949936939
/organization/clickshift,1,1,0.6708825927988284
/organization/tessella,1,0,-0.3160972397585703
/organization/plug-dj,0,0,-0.22216927218059979
/organization/a-bit-lucky,0,1,1.0230001485871716
/organization/trutap,0,1,1.213833746209365
/organization/pin-or-peg,0,0,-1.076834786787389
/organization/the-football-social-club,0,0,-0.2500212346600845
/organization/pokemall,0,0,-1.244520457192714
/organization/radar-networks,1,1,1.1617602295222074
/organization/futubra,0,0,-1.4472115370210168
/organization/ascenergy,0,0,-0.7723440197954409
/organization/tenaxis-medical,1,1,0.9813371755306006
/organization/community-bound,0,0,-1.500425647303586
/organization/iquum,1,0,-0.7516706602458194
/organization/moppi-com,0,0,-0.73665339634771
/organization/iz3d,0,1,0.19119986927871346
/organization/guardent,1,1,0.5952061015724663
/organization/carbon-black,1,0,-0.18416125310121362
/organization/zeer,0,0,-0.4779613708718268
/organization/go007-com,0,0,-1.8114152230686151
/organization/samy-salon,0,1,0.004035912907663627
/organization/siterra,1,1,1.0661503241932087
/organization/cloudary,1,1,0.34702295205656053
/organization/buddie,0,0,-1.4744940827440507
/organization/california-linear-devices,1,0,-0.5921131080937537
/organization/autovirt,0,1,0.8110142410895584
/organization/starboard-storage-systems,0,1,1.1076350182559764
/organization/peopleeasy-com-2,0,0,-1.5215842510778441
/organization/spotcast-communications,1,1,1.2532418567872499
/organization/motion-pt-holdings,0,0,-0.2969261573232297
/organization/koukoi-games,0,0,-2.1785117340528615
/organization/ivendor-2,0,0,-0.6396682646490633
/organization/spectra-analysis-instruments,1,1,1.0536432874495931
/organization/visible-world,1,1,1.1246531310080057
/organization/novioponics,0,0,-1.5752523936212746
/organization/groupme,1,1,1.093866975749705
/organization/makara,1,0,-0.31830949834748945
/organization/moglue,0,1,0.9072086692472972
/organization/p-cube,1,1,1.3709898098276223
/organization/global-locate,1,1,1.1166507594993897
/organization/textic,1,0,-0.9953433367182467
/organization/intellitactics,1,1,1.3560062576812213
/organization/royaltyshare,0,1,1.0033249688090338
/organization/branchout,1,1,1.2051894423372662
/organization/creativemarket,1,1,0.4897626473719501
/organization/kolis-scientific,0,0,-0.8930122799640497
/organization/antcor,1,0,-0.8519470042342938
/organization/kindermint,1,0,-1.3955502662185912
/organization/clairmail,1,1,1.0668678797417614
/organization/nxvision,0,1,0.7060058557495433
/organization/enigma-software-productions,0,1,0.2787965927168256
/organization/bottle-rocket,0,0,-1.2779638518669607
/organization/yobeeda,0,0,-1.6589846822259795
/organization/askmygift,0,0,-1.4059196485126142
/organization/socializr,0,0,-0.032637476437731835
/organization/accordent-technologies,1,1,0.025790438641544164
/organization/let-it-wave,1,1,0.38303187572466346
/organization/lkc,0,0,-1.084443283360333
/organization/engrade,1,1,1.3355019909601578
/organization/tacit-software,1,1,1.2330437263392748
/organization/volantis,1,1,1.1131463021962675
/organization/trigo-technologies,1,1,1.0963655609578824
/organization/limerick-biopharma,0,1,0.8936712503167732
/organization/aperio-technologies,1,1,1.022695946187691
/organization/healthyout,1,0,-0.43257168303676913
/organization/ringcube-technologies,1,1,0.9906076247535596
/organization/incentone,1,1,1.175262982950353
/organization/curatedby,0,0,-0.8234162813417828
/organization/my-perfect-gig,0,1,0.5080776280029601
/organization/charitic,0,0,-1.084443283360333
/organization/schematic-labs,1,1,1.2143761508888273
/organization/nettle,0,0,-0.37035563665997184
/organization/illuminate-labs,0,0,-1.0112886271593406
/organization/maya-medical,1,1,0.9748860165995681
/organization/kulina,0,0,-1.0301729953857532
/organization/ivera-medical,1,0,-0.1707271448901016
/organization/hiptype,0,0,-0.3606230721996313
/organization/crossweave,1,1,0.12729171641024972
/organization/inlet-technologies,1,1,1.0947816223142723
/organization/odinotvet,0,0,-1.2423849588585256
/organization/dot-legend,0,0,-1.06617328126163
/organization/marport-deep-sea-technologies,1,0,-0.9972061500610951
/organization/daksh-infosoft,1,0,-0.14573571375951644
/organization/itarget-com,0,0,-1.000023225045819
/organization/dark-cubed,0,0,-1.871315920628652
/organization/jobzle,0,0,-1.1195459542241823
/organization/minerp,0,0,-1.0001990251116182
/organization/silicon-navigator-corporation,0,1,0.18190072907632404
/organization/istreamplanet,1,1,1.0856405051451659
/organization/1000-markets,1,0,-0.9279723578288984
/organization/netscreen-technologies,1,1,1.111837114803953
/organization/cooptions-technologies,0,1,0.8594820571688182
/organization/cisimple,1,0,-0.5736534262091174
/organization/clacendix,1,1,0.6892574215001286
/organization/videscreen-networks,0,0,-1.2172478614179167
/organization/infoflow,0,0,-0.46020544470827257
/organization/werkadoo,0,0,-1.6383443416835899
/organization/academy123,1,1,0.7139013353934456
/organization/consul-risk-management-international,1,1,0.8165521247353112
/organization/cellix-limited,0,0,-0.9537931640410767
/organization/tryad-games,0,0,-1.3855438526307426
/organization/lmki,0,0,-1.0246731902895205
/organization/neterion,1,1,1.0023740523669786
/organization/cellerix,0,1,1.181191153625698
/organization/astute,0,0,-1.0520710398550186
/organization/metamatrix-red-hat,1,0,-1.262679010046714
/organization/goko,0,0,-0.10136586913445349
/organization/insectigen,0,0,-1.3035334275571648
/organization/tapioca-mobile,0,1,0.5795525956433512
/organization/pinkdingo,0,0,-0.31363576129589377
/organization/i-am-smart-technology,0,0,-0.09813524910198167
/organization/venuzle-com,0,0,-0.9352136695067372
/organization/ocelus,0,0,-0.7173125898814007
/organization/bilna-pte,0,0,-1.1724266291447467
/organization/applimation,1,1,1.2226952520761307
/organization/omrix-biopharmaceuticals,1,1,0.7885768131497313
/organization/talkbin,0,0,-0.7182026196487439
/organization/recargax,0,0,-1.0001990251116182
/organization/system-detection,0,0,-1.1119640352933584
/organization/luminate,1,1,1.3800189783575885
/organization/wireless-fitness,0,0,-1.26475788051149
/organization/modulus,1,0,-0.9153743609726859
/organization/mixwit,0,0,-1.000241621265039
/organization/impactmedia,0,0,-0.8504133921161413
/organization/russian-logistic-service,0,0,-0.5702995672321958
/organization/justspotted,1,0,-0.911961544056615
/organization/snipi,0,1,1.0477097946421121
/organization/zeifie,0,0,-1.441781097242281
/organization/raser-technologies,0,0,-0.13978948738905378
/organization/akimbo,0,1,0.4859405076149971
/organization/wappa,0,0,-1.2759100170259579
/organization/mfoundry,1,1,0.9983426463052987
/organization/aventa-technologies,0,0,-0.7391566806058063
/organization/xkoto,0,1,1.0253266866021806
/organization/scansafe,1,1,0.977094113861783
/organization/smartdocs-teknowmics,0,0,-0.8716557484929413
/organization/way-systems,1,1,0.9949861828040583
/organization/membr-inc,0,0,-1.1724266291447467
/organization/showme-tv,0,0,-0.7968692022982998
/organization/gtess-corp,1,1,1.1593156000917257
/organization/tech-urself,0,0,-0.7346261324495399
/organization/blowtorch,0,1,0.6377786590180969
/organization/snaptell,1,1,0.3659431161941064
/organization/magnifinance,0,0,-1.6305191834204764
/organization/r3dway,0,0,-1.3423067307277918
/organization/whereoscope,0,0,-0.8321750742689142
/organization/kanisa-inc,1,1,0.38743095488322155
/organization/popcap-games,1,1,1.05078118697394
/organization/aplica-tecnologas-de-nueva-generacin,1,0,-1.3723902598236868
/organization/zume-life,0,1,0.5067546878993882
/organization/netcom-systems,1,1,0.9089936104202372
/organization/duqi-com,0,0,-1.6065942883480868
/organization/veraz-networks,1,1,0.26196273913333495
/organization/microsulis,0,1,0.12894711880344661
/organization/eiger-biopharmaceuticals,1,1,0.9453176318179697
/organization/brijot-imaging-systems,1,1,1.0997416699533764
/organization/adpeps,0,0,-1.577556815474749
/organization/spumetech,0,0,-1.5215842510778441
/organization/ivideosongs,1,0,-1.1056990556553432
/organization/prairielaw-com,0,0,-1.7257800282446685
/organization/crocodoc,1,0,-1.1579953951151143
/organization/lecere,0,1,0.6325259177976857
/organization/gini,1,1,0.7039130354609839
/organization/travelline,0,0,-2.2383041593416495
/organization/shortlist,0,0,-1.0314611908354265
/organization/boxee,1,1,1.1435657199895197
/organization/alloy-digital,1,1,1.320950159852825
/organization/needish,1,0,-1.0066144565040385
/organization/the-point,0,1,0.3591969532945844
/organization/baobab-planet,0,1,0.0691134764508773
/organization/genieo,1,0,-0.10056734046466663
/organization/youtube,1,1,0.9885480829718796
/organization/bmeye,1,1,0.5722720540107243
/organization/toona,0,0,-1.6199601841154716
/organization/thecomplete-me,0,1,0.38205869735721654
/organization/voxel-dot-net,1,1,1.072677394891562
/organization/infoactive,1,0,-1.2787155492784417
/organization/ecoast-sales-solutions,0,1,0.8132298136818853
/organization/vertical-wind-energy,0,0,-1.5118477989578074
/organization/csg-solar,0,1,0.6894377830270328
/organization/enforta,0,1,0.12487643497270319
/organization/intelligent-bio-systems,1,0,-0.8927545206487385
/organization/merge-labs,0,0,-1.1761528092456002
/organization/litchfield-financial-corporation,0,0,-0.15396591125312373
/organization/vá-de-táxi,0,0,-1.2001350277112617
/organization/zakazaka,0,0,-1.0047737178184146
/organization/athigo,0,0,-0.8969566044809288
/organization/adxpose,1,1,1.1942403813089584
/organization/netezza,1,1,1.0966838719313583
/organization/aldexa-therapeutics,0,1,0.2769901023563891
/organization/blingo,0,0,-1.0520710398550186
/organization/sprocket-inc,0,0,-1.8162822971925707
/organization/d-lisi-food-systems,0,0,-0.5132069446296128
/organization/yadata,1,1,0.409879467744811
/organization/luxticket-sg,0,0,-0.9924552780831326
/organization/solarc,1,1,1.4312684161038185
/organization/mtem-limited,1,0,-0.6252698415363362
/organization/hitwise,1,1,0.7934590963998791
/organization/mspot,1,0,-0.0022503407310629914
/organization/zadby,0,0,-0.0690711096661994
/organization/global-axcess,0,1,0.15554645640152853
/organization/pixim,1,1,0.6442903523132427
/organization/senior-home-care,1,1,1.5165833315310682
/organization/quewey,0,0,-0.9821183933778579
/organization/zensoon,1,0,-0.79674222089516
/organization/povo,0,0,-0.3980515654165266
/organization/tripconnect,0,0,-0.3942887392391871
/organization/indextank,1,1,0.4900346258957671
/organization/sharetivity,0,0,-0.667562148483035
/organization/fluxome,1,1,0.7231443018584384
/organization/ezway,0,0,-1.1407824188424052
/organization/npulse-software,0,0,-0.8904602424866153
/organization/placevine,1,0,-0.6148346057969221
/organization/oceana-therapeutics,1,0,-0.33959799194222684
/organization/scramblermail,0,0,-0.5868513736095516
/organization/backupify,1,1,1.1200936971015247
/organization/peoplefilter,1,1,0.9974759068551571
/organization/sorrento-therapeutics,0,1,0.92417203552249
/organization/silico-corp,0,0,-1.0255833619172083
/organization/swivel,0,1,0.13095954501846235
/organization/andersonbrecon,1,1,0.9894005434057274
/organization/agility-communications,1,1,0.935759821089885
/organization/25eight,0,0,-1.1072055182343552
/organization/union-spring-pharmaceuticals,0,0,-0.14497303026250008
/organization/wifi-online,0,0,-0.8551266995038092
/organization/mcafee,1,1,0.5390658354403982
/organization/medius,0,0,-0.8564575509101293
/organization/arcwave,0,1,1.128732659603992
/organization/s-a-c,0,0,-1.3260908695965543
/organization/agnion-energy,1,0,-0.3436252231977635
/organization/gingersoft-media,0,0,-0.7158953284174212
/organization/medecoach,0,0,-1.339634135291576
/organization/liveramp,1,1,1.2696374122319867
/organization/fmi-international,0,1,0.11348855879930912
/organization/nexus-biosystems,1,0,-0.14497303026250008
/organization/admob,1,1,1.043767129353752
/organization/mailana,0,0,-1.0307004689821326
/organization/localbacon,0,0,-0.7102480443999254
/organization/apposphere,0,0,-0.8227020567619392
/organization/begun,0,0,-0.4451947796205956
/organization/kleer,1,1,0.9356672903126506
/organization/scalent-systems,1,1,1.2899890667414922
/organization/sportfort,0,0,-1.19249273588767
/organization/ilumin-software,1,1,1.2455862818638241
/organization/protoexchange,0,0,-0.7857294731926382
/organization/bookkeepity,0,0,-2.1848291169702447
/organization/memamp,0,0,-0.3122397213616545
/organization/public-post,0,0,-1.0684033543031608
/organization/lemonquest,0,1,0.14276689182739266
/organization/gecad-technologies,1,1,0.8266485166538746
/organization/omniture,1,1,0.9632126682334832
/organization/linguagen,0,1,0.6351895697974347
/organization/launchgram,1,0,-0.7600013865410269
/organization/cloud-com,1,1,1.2377619713041284
/organization/precise-software,1,0,-0.11516171190573327
/organization/mixertech,0,0,-0.956964720374042
/organization/zkey-com,0,0,-1.835700615937164
/organization/athenix,1,1,0.08434274333921003
/organization/rees46,0,0,-1.4568002961626834
/organization/booshaka,1,1,1.0571075832850192
/organization/add-life-medical-institute,0,0,-0.2744653688482199
/organization/sensory-networks,1,1,0.8923834807523754
/organization/gamecrush,0,0,-0.054649145355823533
/organization/advanced-leds,0,0,-1.6426425894897334
/organization/loyalize,0,0,-0.0041842399359837
/organization/slideslive,0,0,-1.1441265668437997
/organization/nuventix,1,1,1.1177244199951746
/organization/buzzient,0,1,1.3030520054024972
/organization/clearswift,1,1,0.13656438824171752
/organization/santaris-pharma,1,1,0.8449324551860478
/organization/adeyoh,0,0,-1.3138933477773262
/organization/insightrx,0,0,-1.2534477527491203
/organization/blue-ocean-software,1,1,0.8296668345746712
/organization/azingo,0,1,0.9053849083713708
/organization/ivivity,1,1,0.726756997828177
/organization/tagrule,0,0,-0.9955235129191998
/organization/sprint-nextel,1,1,0.8484585503099878
/organization/salesforce-japan,1,1,1.0584745946767125
/organization/beach-solutions,1,1,0.6374065221540923
/organization/ny-slice,0,0,-1.12464836836593
/organization/memento,1,1,1.0479271894576183
/organization/plehn-analytics,0,0,-0.5848400234327307
/organization/storeage-networking-technologies,0,0,-1.7740263990855045
/organization/broadhop,1,1,0.9975458762228784
/organization/xbyme,0,0,-1.8998512236344598
/organization/alike,1,0,-1.0360226538404096
/organization/geni,1,1,0.8765005168842883
/organization/il-bisonte,0,1,0.16289254871250924
/organization/thefanleague,1,0,-1.4582657596454167
/organization/novusedge,0,1,0.389275663930855
/organization/payvment,1,1,1.0735295810101766
/organization/valley-proteins,0,0,-0.23446530589689896
/organization/vibrow,0,0,-1.8910538415604319
/organization/tracelytics,1,1,1.2423866428321766
/organization/transpera,1,1,1.0278479135015273
/organization/fangdd-2,0,0,-1.2994900580864446
/organization/crowd-sourced-story,0,0,-1.1566423984171643
/organization/travelmob,1,0,-0.6764402839580235
/organization/buildforge,1,1,1.0360373094885238
/organization/youtego,0,1,0.4852958953005929
/organization/foldrx-pharmaceuticals,1,1,1.0889384988966497
/organization/american-apperal,0,1,0.7616040821876222
/organization/posterbee,0,0,-1.3408860229621486
/organization/spockly,0,0,-1.2957717080044389
/organization/capcom-groupe,0,0,-1.521874835997176
/organization/dot-hill-systems,1,1,0.20947108520366492
/organization/shenzhenware,0,0,-1.1724266291447467
/organization/lugiron-software,0,0,-0.1422466197171799
/organization/orange-line-media,0,0,-1.215276333139499
/organization/senit,0,0,-1.858942170800183
/organization/fraud-protection-network,0,0,-1.3038889942720566
/organization/vyant-technologies,0,0,-0.9589666575697833
/organization/subtledata,0,0,-0.9009606017735731
/organization/cya-technologies,1,1,1.1076002487823327
/organization/recobell,1,0,-0.3920779124953526
/organization/nextpoint-networks,1,1,1.1509013488342614
/organization/antarex-group,0,0,-1.0854274147436527
/organization/foglaljorvost,0,0,-1.1724266291447467
/organization/fineex,0,0,-1.9154620424944748
/organization/yomoni,0,0,-0.8080179226217857
/organization/spot-tech,0,0,-1.865509995218024
/organization/openfinance,1,0,-0.46638770529851603
/organization/altoweb,0,1,1.2110326321727198
/organization/viralytics,0,0,-1.3366825445746477
/organization/revalesio,0,1,0.7160637222915571
/organization/yobongo,1,0,-0.3778355021600057
/organization/mozy,1,1,0.11535296594814672
/organization/renaissance-learning,1,1,0.9001013660990045
/organization/walldress,0,0,-1.3396101413267447
/organization/wolverine-advanced-materials,1,0,-0.995840702962002
/organization/bookitnow,1,0,-1.1940554711224878
/organization/invarium,1,1,0.6915857300625505
/organization/nalace-corporation,0,0,-1.6381548918432327
/organization/comply7,0,0,-0.8077044954274807
/organization/openpeople,0,0,-1.4027196814349898
/organization/onsite-access,1,1,0.6924977322887883
/organization/midawi-holdings,0,1,0.9506749461456478
/organization/insightfulinc,0,0,-0.9084847152681972
/organization/impressive-creative,0,0,-1.4528218162134467
/organization/hubgets,0,1,0.5093055850583814
/organization/brightware-2,0,0,-0.9918397962042389
/organization/logentries,1,1,1.2999835678530463
/organization/viamericas,0,1,0.5705190689194559
/organization/backup,0,0,-1.8447623140528384
/organization/incline-therapeutics,1,1,1.225866102939751
/organization/profitpoint,1,0,-0.4293438398353096
/organization/etre-gourmand,0,0,-1.6439219329627255
/organization/aviary,1,1,1.3126308514254341
/organization/netcordia,1,1,1.1151847963453914
/organization/outsmart,1,1,0.35666594959716186
/organization/saber-software-corporation,0,1,0.1275857277691766
/organization/neomend,1,1,0.8677290742206699
/organization/aeroscout,1,1,1.0136685333261792
/organization/kingmaker,1,0,-0.9706706062770575
/organization/tellwiki,0,0,-0.6902806834722078
/organization/autoquake,1,1,1.1155804571060208
/organization/secondmarket,1,1,1.0932107557942459
/organization/canatu,0,1,1.1338677614720654
/organization/insightera,1,1,0.20577194101585794
/organization/ikano-communications,1,1,1.0211004905060637
/organization/multifonds,1,1,1.916801981170054
/organization/yakify,0,0,-1.3669059361583735
/organization/onesmile-holdco,0,0,-0.6414839431209446
/organization/liquavista,1,1,0.7499058592404093
/organization/gonogging,0,0,-1.6473998703736288
/organization/wellocities,0,0,-1.129595514128141
/organization/surepeak,0,0,-0.6222269837623625
/organization/bundle-it,0,0,-0.3399183078610488
/organization/balconytv,1,1,0.2747900703904613
/organization/istafind-ltd,0,0,-0.8582267176959076
/organization/jolie-2,0,0,-1.411363764984055
/organization/soluto,1,1,1.0599343492974536
/organization/for-arts-sake-media,0,0,-1.5104536134154083
/organization/oliver-co-designs-inc,0,0,-1.0001990251116182
/organization/knome,1,1,0.9775480975852207
/organization/cloudvertical,1,1,0.12099596017868582
/organization/talenz,0,0,-1.2493705453618613
/organization/assuramed,1,1,0.8457217724108521
/organization/commsignia,0,0,-1.2718981235115117
/organization/salestools-io,0,0,-1.5976695477797587
/organization/seewhy,1,1,0.9392005741175635
/organization/smartturn,0,1,0.6842877526686213
/organization/adquota,1,0,-1.0985239287750816
/organization/daixe,0,0,-1.5371435878556852
/organization/nukona,1,0,-0.2494687872100912
/organization/prolexic,1,1,1.2927297969923015
/organization/cytheris,0,1,0.7690296621668362
/organization/earthmine,1,0,-0.4553518577977195
/organization/sparkroom,1,1,1.1710833328169312
/organization/berkeley-design-automation,1,1,1.0662118594000578
/organization/signal-point-holdings,0,1,0.29262111779610656
/organization/centrafuse,0,0,-0.5695474896289097
/organization/mooscool,0,0,-1.926941300615431
/organization/navajo-systems,0,0,-0.16285862669318207
/organization/goods-platform,0,0,-1.0846778361123197
/organization/prosight,1,1,0.19811662651351974
/organization/pole-star,0,0,-0.5480092068485781
/organization/ksr,1,1,1.0817275741904424
/organization/pageonce,1,1,1.0580911644035402
/organization/kismet,0,0,-0.1734849423589766
/organization/second-brain,0,0,-0.6445192185536723
/organization/june-blackbox,0,1,0.15243014445326963
/organization/roxro-pharma,0,1,1.162780585949387
/organization/adexact-corp,0,0,-0.9931737631161608
/organization/rad-power-bikes,0,0,-1.6444479790969428
/organization/new-media-gateway,1,1,0.4207002390136634
/organization/freebike-project,0,0,-0.9424261816045343
/organization/clarus-systems,1,1,1.1061702131990485
/organization/witsbits,1,0,-0.054801928100885564
/organization/vidable,0,0,-0.5120110967605098
/organization/dolphinsearch,0,0,-0.23446530589689896
/organization/savage-beast-technologies,0,1,0.7475406733100389
/organization/hyper-games,0,0,-1.6751014263825525
/organization/level-5-networks,1,1,0.9648368191198025
/organization/mir-vracha,0,0,-1.487410616682869
/organization/flocations,1,1,0.3430784909867106
/organization/lightside-labs,1,0,-1.0351258725148744
/organization/adsage,1,1,1.2854850468339503
/organization/asian-food-channel,1,0,-0.6966105283694753
/organization/colibria,1,1,0.5586948882614842
/organization/entertainment-cruises,0,1,0.4133858298984162
/organization/somatix,0,0,-0.27039911606029676
/organization/jobs-made-easy,0,0,-1.5678583755043496
/organization/sha-sha,1,0,-0.8484808726520872
/organization/oasys-mobile,0,1,1.164460988069394
/organization/groupoff,0,0,-0.9437044288944806
/organization/profind,1,1,0.5021189100258242
/organization/sdh-group,0,0,-0.9182463137611763
/organization/suso,1,0,-0.8299709066379544
/organization/trulia,1,1,1.0375668664588356
/organization/glam-2,0,1,0.145100138328337
/organization/medd,0,0,-0.9598240068771375
/organization/datria-systems,1,1,1.7282429223326918
/organization/wehostels,1,1,0.6333773847511269
/organization/penistone-road,0,0,-1.0540142305604598
/organization/profibrix,1,1,0.9272262317313646
/organization/etelos,0,1,1.085141894306446
/organization/logiclibrary,1,1,0.8876531283858937
/organization/elixir-pharmaceuticals,0,1,1.0722755030504039
/organization/mytoons,0,1,0.18460637833330795
/organization/sierra-logic,1,1,1.0367084395260509
/organization/integralreach,1,0,-1.3560101755537897
/organization/dabble,0,0,-0.9270557434636718
/organization/trestletree,1,1,0.8806099641279708
/organization/mitu-2,0,0,-1.1724266291447467
/organization/gt-nexus,1,1,1.1597938440892634
/organization/mybenefitsource,0,0,-0.8170668542121408
/organization/care-current,0,0,-1.600664297676003
/organization/dailydeal,1,0,-0.10911705041518659
/organization/zirtual,1,1,1.2616154245192885
/organization/ippies,0,0,-0.7299912753926439
/organization/intruvert,1,1,1.0354987550591732
/organization/stockcastr,0,0,-1.2869953592973584
/organization/swoodoo,1,0,-0.3094575356729778
/organization/markettools,1,1,1.1669031714930063
/organization/refer-ly,0,1,0.32181794911751904
/organization/newmarket-international,1,1,1.5919806982440927
/organization/reelation,0,0,-1.0613013713463704
/organization/lawpath,0,0,-0.20866966227750983
/organization/sochat,0,0,-1.7842024679213564
/organization/drivemecrazy,0,0,-1.004579364404059
/organization/fanappz,0,0,-1.7252771467724397
/organization/novasys,0,1,0.5637268033760829
/organization/redvax,1,0,-1.0448430433820521
/organization/realine-technology,0,0,-0.595518150054177
/organization/crossing-automation,1,1,1.14820039113968
/organization/legolas-media,1,1,1.3434503021708233
/organization/collaborate-com,1,1,1.1236229552876584
/organization/diversified-natural-products,0,0,-0.01845010200611044
/organization/gliatech,0,1,1.128807928887108
/organization/n-able-technologies,1,1,0.8869483242155312
/organization/ludi-labs,0,0,-0.6865016178094899
/organization/m-factor,1,1,1.153617919653149
/organization/tradecard,1,1,0.9821335744036699
/organization/weiboagent,0,0,-1.0001990251116182
/organization/adnexus,1,1,1.0612870286644096
/organization/zeroplus-com,0,0,-1.064154022665758
/organization/quik-io,1,1,0.4061562701588468
/organization/dansk-bredband,0,0,-0.1463134576030209
/organization/packetmotion-inc,1,1,1.0822157249117292
/organization/spree-commerce,1,1,0.9085706406379408
/organization/polyvore,1,1,1.0269513855534305
/organization/jotvine-com,0,0,-1.3946594921884183
/organization/wily-technology,1,1,1.3441704260543073
/organization/savored,1,1,0.04750901466699599
/organization/xyst,0,0,-1.5215842510778441
/organization/fablistic,0,0,-0.7401746435167363
/organization/wavetec-vision,1,1,1.050347832263585
/organization/dick-or-bro,0,0,-0.9935327558027864
/organization/maintenancenet,1,1,0.21124389751772915
/organization/aductions,1,0,-1.2949387236441423
/organization/play-with-pictures,0,0,-1.1909219324872937
/organization/mavenir-systems,1,1,1.089957635127391
/organization/corimmun,1,0,-0.1326760932026521
/organization/adap-tv,1,1,1.0582516863005753
/organization/amitive,1,1,0.9468215738450281
/organization/bread-labs,1,1,1.0941514411598103
/organization/virtuoso-branding,0,0,-1.4823932370484079
/organization/rehab-management-services,1,1,0.905780455352222
/organization/viridity-software,1,1,1.0064263807490832
/organization/spotie,1,0,-1.4248892267913826
/organization/bahu,0,0,-0.678507575240055
/organization/rpo,0,1,0.934144070755061
/organization/stix,0,0,-0.6527037767536716
/organization/d-labs-2,0,0,-0.7193384827787129
/organization/ultraprise-loan-technologies,0,0,-0.6878045791865576
/organization/all-web-leads-inc,1,0,-0.455615770237921
/organization/bemba,0,0,-0.892106131925254
/organization/xtime,1,1,1.0492854229835589
/organization/autoweb-inc,1,1,0.43205185183088146
/organization/crowdberry,0,0,-1.939908836378441
/organization/znode,1,0,-0.39354095456645305
/organization/aeromot,0,0,-0.8331176060901117
/organization/trustedsafe,0,0,-0.9761572962124825
/organization/xpeerient,1,0,-0.4807361919804273
/organization/streamlyzer-inc,0,0,-0.03214701420734982
/organization/melodeo,1,0,-0.14753062550023377
/organization/shashi-kumar,0,0,-1.3734066422202176
/organization/cometa,0,0,-1.0802857167910527
/organization/spectralinear,1,1,0.9237116544011035
/organization/synarc-2,1,1,1.2660822611913738
/organization/myla,1,1,0.8404355712061841
/organization/the-home-salon,0,0,-0.6017638838502106
/organization/aep-networks,1,1,1.1815466032004174
/organization/real-time-content,1,0,-0.2180175792473334
/organization/sothree,1,0,-1.194847311856371
/organization/mentorwave-technologies,1,1,0.7059032173758952
/organization/signav-pty-ltd,0,0,-0.3941800782079705
/organization/brands4friends,1,0,-0.7888317146652066
/organization/strongmail,1,1,1.0332497009179575
/organization/highview,0,0,-1.6354091915154285
/organization/babble,1,1,0.8989854923133418
/organization/open-xchange,0,1,1.2918983210400454
/organization/am-beo,0,0,-0.1012398189711226
/organization/the-lions,0,0,-0.9143056168591379
/organization/reliant-technologies,1,1,0.9852073196479894
/organization/noza,1,1,0.6524477771228899
/organization/blueroads,1,1,1.0343112776352024
/organization/kaboodle,1,1,0.9484501747183942
/organization/wavesat,1,1,0.8699750871138069
/organization/saynow,1,1,1.0032521917314758
/organization/union-bay-networks,1,0,-0.3024390838720694
/organization/podcast-llc,0,0,-1.0684033543031608
/organization/bayshore-networks,0,0,-1.3015547139341488
/organization/braintech,0,0,-0.13551535991679386
/organization/sepspensor,0,1,0.4887057414100624
/organization/zoot-2,0,0,-0.7186433656706143
/organization/divx,1,1,1.124304993901312
/organization/canesta,1,1,1.0621817980072819
/organization/pintex-pharmaceuticals,1,1,1.0850936421355521
/organization/link-medicine,0,1,1.0107028946195422
/organization/qingdao-diancang-technology-infomation-co-ltd,0,0,-1.030506020923593
/organization/dovebid,1,1,0.28398929800736594
/organization/knova-software,1,1,1.335778437769461
/organization/ruckus,1,1,0.1526773690699209
/organization/skypilot-networks,1,1,1.2045721358450254
/organization/inboxfever,0,0,-0.9145756926646296
/organization/netgamix-inc,0,0,-0.21815681138430065
/organization/acuity-pharmaceuticals,1,1,0.46986362240524104
/organization/impedans,0,0,-0.8517362797198166
/organization/digital-sports,1,0,-0.4765933207861391
/organization/kaskado,0,0,-0.6190125248536451
/organization/saffron-technology,1,1,1.048213428041909
/organization/serious-business,1,1,0.29254951601277024
/organization/universitylyfe,0,0,-0.9015982894008797
/organization/reble,0,0,-0.7554158223208259
/organization/trustradius,0,1,0.20350040216528897
/organization/bufferbox,1,0,-0.5941748589971488
/organization/liquidtalk,1,1,0.37208097777851973
/organization/spot-influence,1,1,0.6972517362151168
/organization/littlefeet-inc,0,0,-1.4242633002498992
/organization/centerpost-communications,1,0,-1.5086784441816492
/organization/lendix,0,0,-0.9038165493594242
/organization/showthere,0,0,-1.5215842510778441
/organization/cloudkick,1,1,0.860440911876763
/organization/appoxee,1,1,0.4649133997583874
/organization/sonda41,0,0,-0.21333375032697943
/organization/freewheel,1,1,1.1640975126504647
/organization/vessix,0,1,0.2590149428194445
/organization/yadio,1,0,-0.0596661796427131
/organization/x2impact,0,1,0.21095262713606633
/organization/vjive,0,0,-1.4695918812672812
/organization/altitun,1,0,-1.000023225045819
/organization/screenhero,1,1,0.43676477212315445
/organization/vidient,0,1,1.252180972996695
/organization/intelliworks,1,1,1.0137117619424572
/organization/flashline,1,0,-0.005588026375270047
/organization/snapfinger,1,1,0.5229421328671056
/organization/sychip,1,1,1.3978551786680349
/organization/ziplist,1,1,1.0196624132137977
/organization/kulabyte,1,0,-1.1497865750340488
/organization/chasqui-bus,0,0,-1.0802857167910527
/organization/seniorsource,0,0,-1.4130365553673716
/organization/step-labs,0,1,0.12520707126359598
/organization/celestial-semiconductor,1,1,0.23554572382932576
/organization/uncover-2,1,0,-1.1972921446131257
/organization/meetme,0,1,0.7654703162415721
/organization/similarity-systems,1,1,0.8408848594892069
/organization/smarttime-software,0,1,1.5697078650905754
/organization/olivetree,0,0,-1.1514752032294397
/organization/tutopia-com,0,0,-1.853518156987295
/organization/embedded-internet-solutions,0,0,-0.4282304931419091
/organization/paymentusa-2,0,1,0.5728913433956033
/organization/sipphone,0,1,0.03403115023561652
/organization/playfirst,1,1,1.0055303284584087
/organization/runa,1,1,1.3712503333913506
/organization/cambridge-devices,0,0,-1.3495884727923173
/organization/mobileaccess-networks,1,1,0.7493538313285532
/organization/el-paso-networks,0,0,-1.760457790542226
/organization/dealstreet,0,0,-0.7297625904992563
/organization/resonext-communications,0,0,-0.3828592377844808
/organization/adaptivio,1,1,0.8602993450254877
/organization/vidschool,0,0,-1.097697747593776
/organization/log607,1,0,-0.4406116620378264
/organization/imrsv,1,1,0.58451511586881
/organization/universal-robots,1,1,0.1396087771986092
/organization/energywindow,1,0,-1.5686465512012138
/organization/liquefied-natural-gas,0,0,-1.6186671173641647
/organization/traversa-therapeutics,0,1,0.37863068575957554
/organization/compellent-technologies,1,1,1.038595154225937
/organization/zao-com,1,0,-0.5159899380289441
/organization/talentspring,1,0,-0.17487023266189927
/organization/client24,0,0,-1.1090199526754205
/organization/cantex-pharmaceuticals,0,1,0.4743147097249445
/organization/cambridge-technology-enterprises,0,0,-0.6350545346391173
/organization/tibco-software-inc,1,1,0.7575672009040709
/organization/packetfront,1,1,0.9510061160338252
/organization/apriso,1,1,1.2945195758793413
/organization/stop-chill,0,0,-1.4399596090802373
/organization/glassmap,1,0,-0.4524512346776528
/organization/gizmoz,1,1,1.1240007476342373
/organization/codexa-2,0,0,-1.057385421343567
/organization/soundtracker,1,0,-0.006932320274762413
/organization/mad-mimi,1,0,-1.2504941161143657
/organization/fly-labs,1,0,-1.0617226818058356
/organization/jetaport,0,1,0.9843300495220277
/organization/playdemic,1,1,0.35899330119894507
/organization/spock,1,1,0.3288132395354475
/organization/network-chemistry,0,1,0.9567495867484435
/organization/crowdpatent,0,0,-1.1011296711275294
/organization/bigband-networks,1,1,1.0753315298482988
/organization/foliodynamix,1,1,0.9503719098969075
/organization/equaleyes,0,0,-0.970256908835265
/organization/horse-creek-entertainment,0,1,0.0512026046344153
/organization/uvize,1,0,-0.959996115302777
/organization/meriton-networks,1,1,0.9233618876915923
/organization/touristway,0,0,-0.653250573281487
/organization/made-it,0,0,-1.114087180663374
/organization/soteira,0,1,0.8664567438206797
/organization/troika-networks,1,1,1.2096900567554008
/organization/endaga,1,0,-0.5439493042714467
/organization/zyken-nightcove,1,1,0.6367845055179501
/organization/ps-xo,1,0,-0.7123664334664395
/organization/thrucomm,0,0,-0.9181242214941314
/organization/streamago,0,0,-1.5597510081798502
/organization/apiphany,1,1,1.0359014955811714
/organization/kylin-therapeutics,0,0,-0.21563432143899847
/organization/information-security-corporation,0,1,0.347600294408043
/organization/peek-co,0,1,1.3139834089582652
/organization/oculus360,0,1,0.9712404946004345
/organization/krikle,0,0,-1.177978114844044
/organization/digitalpersona,1,1,1.3293562880770677
/organization/bop-fm,0,0,-0.06066589580100844
/organization/worldstor,0,0,-0.9114122933045276
/organization/unsocial,0,1,0.5461749797429568
/organization/coresonic,1,0,-0.48487596593186266
/organization/shopwell,1,1,1.0091519794446315
/organization/sulfercell,0,0,-1.1523134864244924
/organization/ivita,0,0,-0.9356497305502826
/organization/semplice-energy,0,0,-1.1576169557474882
/organization/apsmart,1,0,-0.9230755077991536
/organization/content-calendr,0,0,-2.2358880614452543
/organization/wer-liefert-was,1,1,0.33826520119320974
/organization/cdc-software-corporation,1,1,1.2779049371712243
/organization/rtn-stealth-software,0,0,-1.1859719016943129
/organization/stackblaze,0,0,-1.1004433195014418
/organization/edealya,1,1,0.9564875827303543
/organization/socialmatica,0,1,0.9595672518663476
/organization/luminary-micro,1,1,1.0306311620356448
/organization/tatara-systems,1,1,1.1186730908989098
/organization/avito-ru,1,1,0.5127146251685554
/organization/themarkets,1,1,0.7234984123350685
/organization/blekko,1,1,0.7498140900572285
/organization/luxji,0,0,-1.4951979069288173
/organization/narrativewave-inc,0,1,0.8682533754822378
/organization/imagiin,0,0,-0.2056850597123706
/organization/webevent,1,0,-0.6940377328123161
/organization/stream-4,0,0,-1.084443283360333
/organization/hipcricket,1,1,1.215419218096382
/organization/positron-dynamics,0,0,-0.8756968576663973
/organization/tablus,0,1,1.101164493019866
/organization/ironport,1,1,1.1232649199964748
/organization/villij,1,0,-0.8003545793278561
/organization/target-brazil,0,0,-0.8033014407940686
/organization/alvesta,1,0,-0.17915000693068225
/organization/reverb-technologies,1,1,1.1111786345828443
/organization/6th-sense-analytics,1,1,0.9497366172828277
/organization/browster,0,1,0.7489706742870477
/organization/pushbutton-labs,0,0,-0.8630872735077701
/organization/jigsee,1,1,0.45080067497239806
/organization/bao-box,0,0,-1.1724266291447467
/organization/yibailin,0,0,-1.4101730605088456
/organization/myminilife,1,1,0.12436737507659186
/organization/remotv,0,1,0.5954907606143902
/organization/vizify,1,1,0.9820231326416466
/organization/tastebud,1,1,0.35689209039363456
/organization/meevee,1,1,1.021229152269679
/organization/dumbstruck,0,0,-1.075665868961716
/organization/broadcast-mobi,0,0,-1.6452098658503
/organization/videoiq,1,1,1.0312626486758087
/organization/trueflow,0,0,-1.430931957148861
/organization/onechip-photonics,0,1,0.32069485657772684
/organization/thoughtful-research-inc,0,0,-1.067627176264737
/organization/zengame-禅游科技,0,0,-1.0560406174698784
/organization/century-hospice,0,1,0.6581205367655156
/organization/nishan-systems,0,1,0.7067540966817232
/organization/gtronix,0,1,0.9295886814427159
/organization/qrgl,0,0,-1.4025594337512834
/organization/objectworld-communications,1,1,1.2010914715534342
/organization/gateway-edi,1,0,-0.49090394766751666
/organization/enkia,1,1,1.2211002747080584
/organization/kombe-n-sepe-block,0,1,0.4162213073200408
/organization/upviral,0,0,-1.9014170543124695
/organization/synapticmash,1,1,0.28008740037959884
/organization/tweettv,1,0,-0.8388072059013374
/organization/beamly,1,0,-0.8867929805477381
/organization/cerion-technology,0,0,-1.7748745253959644
/organization/carticipate,0,0,-1.5717150860753029
/organization/hara,1,1,1.2936152725266705
/organization/psicofxp-com,0,0,-0.3916627342859753
/organization/elecar,0,0,-1.606827007904775
/organization/moonshoot,0,1,0.840054917399705
/organization/chongqing-haifu-technology,0,0,-0.29628980602561167
/organization/tubel-technologies,0,0,-0.15850296481403053
/organization/crude-area,1,0,-0.9876159220113869
/organization/lysac-technologies,1,1,1.1235913332213538
/organization/mobile-roadie,1,1,0.27139391447425765
/organization/cognitive-security,1,0,-0.9711616861663068
/organization/streamline,1,0,-0.5133782162003597
/organization/vativ-technologies,1,1,1.0503201376156133
/organization/adviva,1,1,0.13750779653584977
/organization/vyre-limited,1,0,-0.698881121153205
/organization/xelerated,1,1,1.1190517199803
/organization/butcherbox,0,0,-1.9661733689585836
/organization/communify-health,0,0,-0.8658799567025783
/organization/kidthing,0,1,0.2017890740457438
/organization/lightningcast,1,1,1.1529623663635786
/organization/greengoose,0,1,0.002512065335919425
/organization/lawpàdí,0,0,-1.0931993128866992
/organization/heyspace,0,1,0.07992818075946391
/organization/appthegame,1,1,0.7140056999404266
/organization/progress-financial-corporation,0,0,-1.7312907638438768
/organization/bid-nerd,0,0,-1.1819658983531944
/organization/alphaserv-com,0,0,-1.0246731902895205
/organization/brightside-software,0,0,-0.23636481118732455
/organization/nuvosun,1,1,0.12603195026324854
/organization/the-huffington-post-australia,0,0,-1.1724266291447467
/organization/kidzui,1,1,0.9463856426330604
/organization/twof,0,1,0.03279634787846804
/organization/trellis-technology,1,0,-1.3115233443411916
/organization/pomogatel,0,0,-1.6098279953320822
/organization/luminus-devices,1,1,0.8364306601094573
/organization/insiderpages,1,0,-0.20935129495481358
/organization/inmoo,1,0,-0.8636902065559199
/organization/medipropharma,0,0,-0.31472497728492355
/organization/rooms2night-llc,0,0,-1.459596622181313
/organization/redfern-broadband-networks,1,0,-0.5690640056908898
/organization/fasmatech-science-and-technology,0,0,-1.344160408984544
/organization/studiotweets,0,0,-0.9147969251382031
/organization/engage,0,0,-0.44933578680252556
/organization/trust-mico,0,0,-0.9796471412327161
/organization/dinglepharb,0,0,-1.209996110101349
/organization/epiphany-digital,0,0,-0.27025826157310123
/organization/solopower,1,1,0.9992221561692551
/organization/gentris,1,1,0.7899609388402636
/organization/sequoia-media-group,0,0,-0.1683677444193178
/organization/centerbeam-inc,1,1,0.5087112473651831
/organization/nubot,0,0,-1.34949303650153
/organization/navimedix-2,0,1,0.8516419501855402
/organization/actional-garners,0,0,-1.3752484876750115
/organization/autonavi,1,0,-0.49600332789479706
/organization/tasted-menu,0,0,-0.49495849877766684
/organization/pleg,0,0,-0.2640699973301132
/organization/stonestreet-one,1,1,0.8066938914950947
/organization/xanthus-pharmaceuticals,1,1,1.131015025621171
/organization/spark-flow,1,0,-1.2951871451152428
/organization/puentes-company,0,0,-1.0760905103032252
/organization/banro-corporation,0,0,-0.39171594333516524
/organization/complete-network-technology,1,1,0.1339108781498527
/organization/embrella-cardiovascular,0,1,0.6311684554449292
/organization/presidium-learning,1,1,0.5396830843956
/organization/pr2go-com,0,0,-1.0427269237154693
/organization/chatham-therapeutics,1,0,-1.2904359550154865
/organization/synovex,0,0,-0.4814036137290607
/organization/canpages,1,0,-0.13743784233998174
/organization/viigo,1,1,0.9264402418743851
/organization/koality,1,0,-0.24837211402718007
/organization/syntaxin,1,1,0.3831718808808464
/organization/microinox,0,0,-0.796196183441692
/organization/kickup,0,0,-1.079817621158852
/organization/goby,1,0,-0.2629168314525804
/organization/kublax,0,0,-0.3997317410318455
/organization/openfeint,1,1,0.21831268482124666
/organization/cookstr,1,0,-0.4283702320596534
/organization/membit-inc,0,0,-1.4378784702072083
/organization/aesica-pharmaceuticals,1,0,-0.7148259745387462
/organization/navarro-discount-pharmacy,1,0,-0.21423294594908765
/organization/nextg-networks,1,1,1.141370265783904
/organization/village-laundry-service,0,1,0.25683841648496836
/organization/cylene-pharmaceuticals,0,1,0.446367711700121
/organization/pi-corporation,1,1,1.0396490735334645
/organization/datadog-health,0,0,-1.7133872358502829
/organization/berkna-wireless,1,1,1.141579538101992
/organization/thought-network-s-a-s,0,0,-1.0574516152311622
/organization/marvin,0,0,-1.0253268908306945
/organization/objective-logistics,1,1,1.5009764517247604
/organization/sundrop-mobile,1,1,0.5440893010664007
/organization/gelato-io,1,0,-1.2072628240266228
/organization/renegade-games,0,0,-1.1386944846885998
/organization/jinkosolar-holding,0,0,-0.5862931641596362
/organization/innocutis,1,1,0.5855899230081654
/organization/whale-communications,1,1,1.0715642212066676
/organization/agilys,1,0,-0.7687873066194231
/organization/liligo-com,1,0,-0.5227495475622673
/organization/brilliant-inc,0,0,-1.0266809992912496
/organization/turbobotz,0,0,-0.6339078293473915
/organization/kontera,1,1,1.0459053151503364
/organization/deploy-solution,1,1,1.3066839793923282
/organization/skyeng,0,0,-1.6270120352841673
/organization/rainfinity,1,1,1.0513788619698285
/organization/socialbuy,0,0,-0.6832175186377267
/organization/xelerated-holdings,0,0,-0.10209115260042079
/organization/knock-mart,0,0,-1.309713649238902
/organization/local-motion,1,1,0.8659490026241051
/organization/objectfx,1,1,1.148617691188207
/organization/shoebuy,1,1,1.200005505841348
/organization/service-metrics-inc,1,1,0.9217877054552006
/organization/nomermail-ru,0,0,-1.3403989004604304
/organization/enable-holdings,1,1,1.175485002464066
/organization/dealer-com,1,1,1.1214355019340627
/organization/orabrush,1,1,1.2234259437101322
/organization/transdimension,0,1,0.0974014428785228
/organization/quellan,1,1,0.625389958978066
/organization/luphos-gmbh,1,0,-1.0684033543031608
/organization/optimedica,1,1,0.9514016382698915
/organization/ansyn,0,0,-0.8725901269114877
/organization/presidio-networked-solutions,1,0,-0.21220877134398586
/organization/lonocloud,1,1,0.25219925506190366
/organization/communication-synergy-technologies,0,1,1.038891021597171
/organization/fansnap,0,1,1.0985849927785905
/organization/appium-technologies,1,1,0.9889945721829938
/organization/tempmine,0,0,-1.4514186513963199
/organization/replidyne,1,1,0.5866713288586218
/organization/coppergate-communications,1,1,0.8839817694375833
/organization/mobsmith,1,0,-0.3320217142123058
/organization/treatfeed,0,0,-0.3012650209235334
/organization/markafoni,1,0,-0.34386289118512925
/organization/netspend,0,1,1.2349448376121956
/organization/crowdsavings,1,1,1.1449092144918138
/organization/decipher,1,0,-1.0000959407178396
/organization/ameritv,0,0,-0.6132430608758668
/organization/swaptree,0,1,0.792536969636831
/organization/violife,0,1,0.5538420237528525
/organization/entrisphere,1,1,0.9219836177646965
/organization/tempo-ai-sri-spin-off-m,1,1,1.4648142590087665
/organization/concur-technologies,1,1,1.2022036516591141
/organization/devilfish-poker-ltd,0,0,-1.8600153430265656
/organization/balanced,0,1,1.1785068067909434
/organization/outline-app,0,0,-1.1873004527119497
/organization/altruik,1,1,0.5819588148266533
/organization/sezmi,1,1,0.9359254643291643
/organization/orchestra-corporation,1,1,0.8644398705039766
/organization/ontela-2,1,1,0.6970482798994784
/organization/canfield-medical-supply,0,0,-0.9750675399775313
/organization/piramed,1,1,0.6648988197042708
/organization/plugre-com,0,0,-1.8606481374285535
/organization/icredit,0,0,-1.036828835880801
/organization/credant-technologies,1,1,1.1689350738946862
/organization/peerflix,1,1,0.8840097210317694
/organization/bvfon-telecommunication,0,0,-0.7390330691144011
/organization/software-com-2,0,0,-1.412476460868029
/organization/akimbi-systems,1,1,1.0041416542870638
/organization/plasmasi,0,1,0.8451166214356269
/organization/american-health,0,0,-1.910873090883234
/organization/essential-viewing,1,1,0.7363603967657222
/organization/enigmatic,0,1,1.2810621026194238
/organization/elemental-technologies,1,1,1.0979782608446622
/organization/certify-data-systems,1,1,1.1596172180814293
/organization/stellar-biotechnologies,0,1,0.6191981968897955
/organization/rempex-pharmaceuticals,1,1,0.44870471365057263
/organization/kreatech-diagnostics,1,0,-0.39246368331059606
/organization/reddit,1,1,1.1168314155585615
/organization/battlepro,0,0,-1.4175458646062717
/organization/consera-software,1,1,1.093614969253947
/organization/mysql,1,1,1.1144768082469956
/organization/medicard,0,0,-1.4233839773371608
/organization/minekey,0,1,0.34280031602848654
/organization/zvents,1,1,1.0455706440051373
/organization/cover-lockscreen,1,0,-0.8353345273504903
/organization/snipd,0,0,-1.3944174346078562
/organization/ntag,1,1,1.228678060490896
/organization/adnavance-technologies,0,1,0.5958685600778538
/organization/gazehawk,1,0,-1.5393720172223295
/organization/perfect-market,1,1,1.2665299635463558
/organization/wireless-audio-ip-bv,1,0,-0.5984183168095257
/organization/adtena-2,0,0,-2.092691350914798
/organization/locasian,0,0,-1.2386765112752585
/organization/paddle-mobile-payments,0,0,-1.2714172448173335
/organization/sulmaq,0,0,-1.0154381846685594
/organization/bellwave-co,1,1,0.017211674779547395
/organization/psiloquest,0,0,-0.34599747048662194
/organization/sleep-nation,0,1,0.531614596917434
/organization/lensar,1,1,1.1116148273845694
/organization/freewebs,1,1,1.3308677267220952
/organization/visualnest,0,0,-1.3537561590363911
/organization/fintech-asia,0,0,-1.1724266291447467
/organization/1bib,0,0,-0.2865488231984924
/organization/zmags,1,1,1.075477458349232
/organization/ls9,1,1,1.0102197947045932
/organization/veotag,1,0,-0.07207591797827538
/organization/cleanapp,0,0,-1.1783437551151048
/organization/priceadvice,0,0,-0.9570190573005863
/organization/socialpicks,1,0,-0.957928446238852
/organization/juupstore,0,0,-1.0001990251116182
/organization/eusa-pharma,1,1,1.1397196025217209
/organization/golden-gateway-financial-inc,0,0,-0.31664221274624604
/organization/iceberg,1,1,0.20905123945107995
/organization/rhythm-newmedia,1,1,1.2558263021232527
/organization/kellogg-media-group,0,0,-1.0462838898892668
/organization/randv,0,0,-0.5700899096183388
/organization/covario,1,1,1.049307131215825
/organization/infopia,0,1,1.0332448795798241
/organization/lionside,1,0,-0.14125227549615982
/organization/verafin,0,1,0.9092455679695197
/organization/causes,1,1,0.9191217804967702
/organization/popset,0,0,-0.42627356196433874
/organization/onerecovery,1,1,1.231021168511851
/organization/rocket-heater-gamera,0,0,-1.4193258308376357
/organization/kite,0,0,-0.6157470114175703
/organization/claros-diagnostics,1,1,1.017459900623771
/organization/staq,1,1,0.16950107679150817
/organization/zattoo,1,1,0.6160629931339299
/organization/comcam,0,1,0.05603377442884501
/organization/clean-mobile,1,0,-0.19719732791918554
/organization/care-team-connect,1,1,1.1677725561785137
/organization/bizmore,0,0,-0.21423294594908765
/organization/oneriot,1,1,1.1066916098531174
/organization/choomogo,0,0,-1.5007968963666392
/organization/activecloud,0,0,-1.6556367777468166
/organization/phillips---temro-industries,1,0,-0.7535262404768921
/organization/lexity,1,1,1.1541145954261756
/organization/mediameeting,0,0,-1.190078170353718
/organization/zeevo,1,1,0.5512323551347896
/organization/rapportive,1,0,-0.16435303373637866
/organization/inhibitex,1,1,0.9311691878853035
/organization/izze-beverage,0,1,0.3754006574308385
/organization/advanced-mobile-solutions,1,1,1.1050465002219185
/organization/sunovia,0,0,-0.07105566845273385
/organization/allpix-innovation,0,0,-1.1669356774385973
/organization/enstratus,1,1,0.8530348792267843
/organization/annovation-biopharma,1,1,1.0632601799765995
/organization/stitch,1,1,0.12116572684238604
/organization/st-barths-online,0,0,-1.3967917919961517
/organization/posterous,1,1,0.9825557006392138
/organization/neolinear,1,1,0.514968274359207
/organization/common-ground,0,0,-0.8269452417797996
/organization/multispectral-imaging,1,0,-1.2781573519518943
/organization/clear2pay,1,1,1.1860742505528223
/organization/panoptic-security,1,0,-0.7508032893176121
/organization/i2we,0,0,-0.767222736735374
/organization/skydata-systems,0,1,0.5062881166473379
/organization/setjam,1,1,0.20786443269164523
/organization/awesometouch,1,0,-0.15319491356513304
/organization/iclinix,0,1,0.09850183816840731
/organization/bureau-of-trade,1,0,-0.5188349187869746
/organization/micromuscle,0,1,0.804372044805982
/organization/humanoid,1,0,-0.017552988167716096
/organization/retrevo,1,1,1.092901012667831
/organization/for-your-imagination,0,0,-0.20856005716410697
/organization/eons,0,1,0.9565564792756867
/organization/sport-telegram,0,0,-1.3126990624841386
/organization/open-range-communications,0,1,0.3889642031343431
/organization/ubidyne,0,1,0.8673036042233049
/organization/maplin-electronics,1,1,0.17043345899677292
/organization/dropcam,1,1,1.2523010478225358
/organization/verse-2,0,0,-1.8196650572192659
/organization/clipclock,0,0,-1.0268619992070747
/organization/bestboy-keyboard,0,0,-0.9359480571265362
/organization/atritech,1,1,1.0111231432715182
/organization/fashism,0,0,-0.4854465035969522
/organization/selatra,1,1,0.8092349388476742
/organization/big-bear-entertainment,0,0,-0.9662660850513466
/organization/serverengines,1,1,1.0483048597813478
/organization/adea,1,1,1.165616240312725
/organization/txt4,0,0,-0.5382086952991161
/organization/3lm,1,0,-0.794620746433392
/organization/znapshop,0,0,-1.0885769447448743
/organization/pinpoint-networks,0,0,-1.0113572495757501
/organization/nimbus-communications,0,0,-0.7519189203514935
/organization/crowdsling,0,0,-1.2232118041518028
/organization/emergent-views,0,0,-0.7657454240289919
/organization/editgrid,0,1,0.16725338956843
/organization/realitywave,1,0,-0.29188277300969245
/organization/sirific-wireless,1,1,1.1024306689248524
/organization/appthwack,1,1,0.24773349247331888
/organization/locox-com,0,0,-0.8286826853611764
/organization/duel,0,0,-1.4967714736038633
/organization/iwaboo-inc,0,0,-2.0475965311793276
/organization/healthlok,0,1,0.31055994378702056
/organization/ludic-labs,1,0,-0.8021028684642408
/organization/photop-technologies,1,1,0.2602130868610405
/organization/zelena-posta-2,0,0,-1.34949303650153
/organization/energy-51,0,0,-0.5301649438816227
/organization/feedo,1,0,-1.084443283360333
/organization/gonevaca-2,0,0,-1.9983991894986717
/organization/archive-2,0,1,0.1636503241900562
/organization/firepower-technology,0,0,-1.2498764693585787
/organization/innoprise-software,0,0,-0.13312887195727685
/organization/photorocket,0,1,0.7226235759212141
/organization/trust-digital,1,1,1.02828873405721
/organization/biontis,0,0,-0.14546628331407035
/organization/late-nite-labs,1,1,0.3619874868186036
/organization/ceon,1,1,0.8827516096097268
/organization/zyncro,1,1,0.5646858191370613
/organization/openera,1,0,-0.330728176936781
/organization/domzdrowia-pl,0,0,-1.0830827320906091
/organization/vyance,0,0,-0.8388109797006622
/organization/libox,0,0,-0.09348919958454081
/organization/alamak-espana-trade,0,0,-0.3418636730419713
/organization/brigade-corporation,0,0,-0.645258184026428
/organization/socialsamba,0,0,-1.1450687230005006
/organization/mylifebrand,0,0,-1.37793031180175
/organization/ko-brite,0,0,-0.8987838112615925
/organization/trademarknow,0,1,0.18226771037767375
/organization/medistream,1,0,-0.5439493042714467
/organization/gammasite,0,0,-0.8864613575085083
/organization/thrive-6,0,0,-1.412476460868029
/organization/grauna-aerospace,0,0,-1.3588286436016035
/organization/imubit,0,0,-1.047632642743759
/organization/grow-mobile,1,0,-0.5265869430430894
/organization/satnav-technologies,0,1,0.2740857851375324
/organization/vjsual-yym-media-solutions-gmbh,0,0,-1.4218095810735702
/organization/groundedpower,1,0,-0.6348125277599354
/organization/inuk-networks,1,1,0.006717992302127898
/organization/producteev,1,1,0.8678411913342838
/organization/innovative-metabolics,0,0,-1.698989794664612
/organization/cleversafe,1,1,0.9978017914915112
/organization/navic-networks,1,1,1.170040852172049
